dataset,category,method,llm_model,prompt_variant,temperature,top_p,instance_id,pairwise_jaccard_within_instance,pairwise_jaccard_between_instance,instance_idf_specificity,separability_gap
openstack,FP,llm_counterfactual,qwen36_27b_local,full,0.2,,4b53e4edf9f7f8c794316d3a0920d727723d1bab,0.8,0.46807017543859647,0.08883440674738245,0.3319298245614036
openstack,FP,llm_counterfactual,qwen36_27b_local,full,0.2,,2530ccff8f0a0105d1626c65616080b27682e129,0.6023809523809524,0.4139933166248956,0.11288588954425258,0.18838763575605677
openstack,FP,llm_counterfactual,qwen36_27b_local,full,0.2,,e847eed4a5600b6812338bb4903a0cffcde7f1f3,0.638095238095238,0.4255488721804511,0.25940591638759336,0.21254636591478693
openstack,FP,llm_counterfactual,qwen36_27b_local,full,0.2,,034db863a02ce38a520e4b8aa3a65e1ccdb37f30,0.7666666666666666,0.4572263993316625,0.18923694480234277,0.3094402673350041
openstack,FP,llm_counterfactual,qwen36_27b_local,full,0.2,,bfcd4b2f1be3ab37ae0801dd523ce952577cda14,0.5919047619047619,0.5004519632414369,0.14180816618922246,0.09145279866332501
openstack,FP,llm_counterfactual,qwen36_27b_local,full,0.2,,410a83c89de9912207574999b3736a550ed253ba,0.8666666666666666,0.3184252297410192,0.144807145289922,0.5482414369256474
openstack,FP,llm_counterfactual,qwen36_27b_local,full,0.2,,4e2919e6b208a2e95d75782f9cad0a6f0892d983,0.6785714285714286,0.45583208020050126,0.09315249453622745,0.22273934837092735
openstack,FP,llm_counterfactual,qwen36_27b_local,full,0.2,,558f7b00f56f37adaa68239c9ce95d25b2d65f56,0.7714285714285715,0.4025730994152047,0.11529378305379813,0.36885547201336677
openstack,FP,llm_counterfactual,qwen36_27b_local,full,0.2,,296da649452f66dd15a15ee4274ab0f8609250e2,0.6952380952380952,0.47232915622389304,0.12398813031399271,0.22290893901420217
openstack,FP,llm_counterfactual,qwen36_27b_local,full,0.2,,280cc7c5ae4b07a9a1e23b8f9cc925be9872c8e1,0.7,0.48650793650793644,0.06752674764640511,0.2134920634920635
openstack,FP,llm_counterfactual,qwen36_27b_local,full,0.2,,6aecf475dbff9c7d477378c021749b987d47deae,0.8,0.45,0.08883440674738245,0.35000000000000003
openstack,FP,llm_counterfactual,qwen36_27b_local,full,0.2,,baa52224dc73e8ca3bdcbdaa5d62bc26fb38052f,0.6095238095238095,0.5022472848788638,0.07159873155083776,0.10727652464494564
openstack,FP,llm_counterfactual,qwen36_27b_local,full,0.2,,70de423255fd01822188bb9082a0c0cc1c8ec2d0,0.638095238095238,0.40215538847117793,0.11529378305379813,0.23593984962406012
openstack,FP,llm_counterfactual,qwen36_27b_local,full,0.2,,2bb9e5563c69f79d5da23668b08dd9c88f9d4348,0.6714285714285715,0.5039214703425229,0.10645379441061512,0.1675071010860486
openstack,FP,llm_counterfactual,qwen36_27b_local,full,0.2,,41d6b479fe8baf66578044b8773c3b892d64a2c4,0.6523809523809524,0.49107769423558895,0.07159873155083776,0.16130325814536345
openstack,FP,llm_counterfactual,qwen36_27b_local,full,0.2,,e4ea54104ec38f5fe4c792d4d3d1865de34bb4c3,0.8666666666666666,0.43449122807017543,0.1585314988159132,0.43217543859649116
openstack,FP,llm_counterfactual,qwen36_27b_local,full,0.2,,a985e34cdeef777fe7ff943e363a5f1be6d991b7,0.7428571428571428,0.5224110275689223,0.09315249453622745,0.22044611528822045
openstack,FP,llm_counterfactual,qwen36_27b_local,full,0.2,,ce12d7a1e53fffce57baab18de2ab885ba1df8ee,1.0,0.5569172932330827,0.03651344121104764,0.4430827067669173
openstack,FP,llm_counterfactual,qwen36_27b_local,full,0.2,,3eea37b85b1abc72786a2b24baf01141b4d95f08,0.6952380952380952,0.45459983291562234,0.12398813031399271,0.24063826232247287
openstack,FP,llm_counterfactual,qwen36_27b_local,full,0.2,,750e065d6d137715dd03d5c90623145177f64cbb,1.0,0.33017961570593146,0.21062557837150642,0.6698203842940685
openstack,TN,llm_counterfactual,qwen36_27b_local,full,0.2,,467b4e4d419f0ca5db8468516d64ffec5cedc67e,0.7428571428571428,0.57093567251462,0.09734568515320159,0.1719214703425228
openstack,TN,llm_counterfactual,qwen36_27b_local,full,0.2,,936f765b855d7af14ae557383f0dcc6fd9e8655c,0.6952380952380952,0.5980735171261488,0.04495628639004663,0.09716457811194645
openstack,TN,llm_counterfactual,qwen36_27b_local,full,0.2,,8b44c9df29572efca928c1d36fa3e7a90e94caa0,0.8,0.5088020050125314,0.036443894958815455,0.2911979949874687
openstack,TN,llm_counterfactual,qwen36_27b_local,full,0.2,,4d75cbf3c35a8aa917d3970beac99d612f13eed3,0.6952380952380952,0.5536842105263158,0.12170536834440117,0.14155388471177943
openstack,TN,llm_counterfactual,qwen36_27b_local,full,0.2,,2ecaad46a737c24965ae81fc19947db9264de684,0.5285714285714286,0.5240601503759398,0.14607711163670295,0.004511278195488799
openstack,TN,llm_counterfactual,qwen36_27b_local,full,0.2,,bfb9d3f179607c25f91d77585f97df6d0704c253,1.0,0.6086633249791144,0.036698633119364235,0.39133667502088565
openstack,TN,llm_counterfactual,qwen36_27b_local,full,0.2,,1a3f2e8f44f0138d0328312e07b1341970c7903a,0.5238095238095238,0.44167418546365916,0.17569360244957302,0.08213533834586467
openstack,TN,llm_counterfactual,qwen36_27b_local,full,0.2,,70fad48add19cc565726f098e1e7a2165b24cc77,0.7428571428571428,0.5737861319966583,0.11668105346496237,0.16907101086048448
openstack,TN,llm_counterfactual,qwen36_27b_local,full,0.2,,79a1a113775df87d420b242cea4bbf953df3779c,0.8,0.593734335839599,0.036443894958815455,0.20626566416040104
openstack,TN,llm_counterfactual,qwen36_27b_local,full,0.2,,dd444d84759d7b3c17e7c3e97f9565546f9d3df2,0.7333333333333333,0.5335588972431078,0.04495628639004663,0.1997744360902255
openstack,TN,llm_counterfactual,qwen36_27b_local,full,0.2,,747373f4bdfe4814000a88e4443b56545d5d55bd,0.5476190476190477,0.5193266499582289,0.14607711163670295,0.028292397660818813
openstack,TN,llm_counterfactual,qwen36_27b_local,full,0.2,,978066fe31a5331f143a05e1fd753c729b2dcf09,0.6285714285714286,0.5451127819548871,0.04495628639004663,0.08345864661654145
openstack,TN,llm_counterfactual,qwen36_27b_local,full,0.2,,545925c66cb3ee005aa7e497ad4b3c97eb2f410b,0.8666666666666666,0.3490643274853801,0.21040027971116843,0.5176023391812865
openstack,TN,llm_counterfactual,qwen36_27b_local,full,0.2,,d2e40a3e49819dace92975de3e3d7ba3a3fac79d,0.6857142857142857,0.6018111946532999,0.04495628639004663,0.08390309106098581
openstack,TN,llm_counterfactual,qwen36_27b_local,full,0.2,,57566f4c8d2929c25e76564883369a7c6eda720a,0.5297619047619048,0.5098746867167919,0.2101774745090514,0.019887218045112842
openstack,TN,llm_counterfactual,qwen36_27b_local,full,0.2,,87be408b126e81ded85b03896f9c85f8a8d4ac90,0.8666666666666666,0.6251913116123642,0.036443894958815455,0.2414753550543024
openstack,TN,llm_counterfactual,qwen36_27b_local,full,0.2,,dd13c2784b5aec539197d1b76fafc6a6b38a33e8,0.8666666666666666,0.5719047619047618,0.04658730009570914,0.2947619047619048
openstack,TN,llm_counterfactual,qwen36_27b_local,full,0.2,,1e6538d43e76b867776cf226e1d6d6c900412f99,0.5869047619047618,0.46321637426900586,0.22709592178184207,0.12368838763575596
openstack,TN,llm_counterfactual,qwen36_27b_local,full,0.2,,348b7a9f7d64094d60ece0460aed02b66c52f1b1,0.7428571428571428,0.5285296574770258,0.13039971560459576,0.21432748538011692
openstack,TN,llm_counterfactual,qwen36_27b_local,full,0.2,,5cc9d999352c21d3f4b5c39d3ea9d4378ca86544,0.8666666666666666,0.5972848788638262,0.12598449057222907,0.2693817878028404
openstack,TP,llm_counterfactual,qwen36_27b_local,full,0.2,,eaf6340847c35ace3b4b681a95b8a79a7a3f2491,1.0,0.5397243107769423,0.03709019811361788,0.4602756892230577
openstack,TP,llm_counterfactual,qwen36_27b_local,full,0.2,,fd351903a1759109f66d0c66d42cd3a1b7f23861,1.0,0.47422723475355055,0.053868361536263044,0.5257727652464494
openstack,TP,llm_counterfactual,qwen36_27b_local,full,0.2,,83a5f90f82b40be4c74685f557d6af0f8a3b1a30,0.6523809523809524,0.3884628237259816,0.13414172483470346,0.2639181286549708
openstack,TP,llm_counterfactual,qwen36_27b_local,full,0.2,,6f1a1f5e8ead9ceb145e13927cd9ae7fdca9add4,0.6523809523809524,0.5371562238930659,0.07058710592204234,0.11522472848788645
openstack,TP,llm_counterfactual,qwen36_27b_local,full,0.2,,e7bdd19f0ed7d4c61d195735ee43a11da78f97d6,0.5297619047619048,0.5396624895572264,0.07376754705396626,-0.009900584795321632
openstack,TP,llm_counterfactual,qwen36_27b_local,full,0.2,,7cfdf4aa811fb708d9fed4e36aec79c26d19cfee,0.8666666666666666,0.4711027568922306,0.08345333680684573,0.395563909774436
openstack,TP,llm_counterfactual,qwen36_27b_local,full,0.2,,e55a5f412bf6bc343eb8bb11348afe57c2012066,0.4821428571428571,0.4497794486215539,0.20519964218760373,0.032363408521303205
openstack,TP,llm_counterfactual,qwen36_27b_local,full,0.2,,c08f99c7e072e349632684d565bcac357ce93b6d,0.6047619047619047,0.5631428571428572,0.05125173761028156,0.041619047619047556
openstack,TP,llm_counterfactual,qwen36_27b_local,full,0.2,,45662d77a2da77714f8e792e86ebd64a52270ef5,0.41865079365079366,0.41756056808688385,0.23939323674280427,0.001090225563909808
openstack,TP,llm_counterfactual,qwen36_27b_local,full,0.2,,6f31523b314e7ac4ad83d13842cf2fa1014c39b2,0.5809523809523809,0.5006365914786967,0.06729705073749039,0.08031578947368423
openstack,TP,llm_counterfactual,qwen36_27b_local,full,0.2,,76d3c644f3f5866a5c07f80b66132d81b8b57e78,0.6714285714285715,0.5572681704260651,0.05125173761028156,0.11416040100250635
openstack,TP,llm_counterfactual,qwen36_27b_local,full,0.2,,88c62c1ca290c1d2a33ff192a302e492a4b11cb3,0.7,0.466375939849624,0.18828119491481304,0.23362406015037596
openstack,TP,llm_counterfactual,qwen36_27b_local,full,0.2,,379cf65d82b11f5e6f8732a585d5373beda85046,0.4599206349206349,0.44690893901420214,0.1252648833458013,0.013011695906432752
openstack,TP,llm_counterfactual,qwen36_27b_local,full,0.2,,03db94ebaa3fc2c76694fd566e2c9eefbf851a7f,0.6523809523809524,0.4976608187134503,0.0765557464281637,0.1547201336675021
openstack,TP,llm_counterfactual,qwen36_27b_local,full,0.2,,22c9cf3d95c3d14351045bac2920b4e0994ec42f,0.7,0.4991645781119465,0.07330993166995205,0.20083542188805348
openstack,TP,llm_counterfactual,qwen36_27b_local,full,0.2,,092820939d53268152893a15fdaf5129554fbcb3,1.0,0.5819799498746867,0.02873410140504796,0.4180200501253133
openstack,TP,llm_counterfactual,qwen36_27b_local,full,0.2,,40eaa89a9001edda3e1146831b26aaf7ded64c4a,0.8,0.5788120300751879,0.043788588049089534,0.22118796992481216
openstack,TP,llm_counterfactual,qwen36_27b_local,full,0.2,,56324c12aa58ff9cf46582611b071f3abb743ddf,0.63,0.4659598997493734,0.17627736554263382,0.1640401002506266
openstack,TP,llm_counterfactual,qwen36_27b_local,full,0.2,,5f2b88b1aafb9a35638e54f796685f633428b6a5,0.5297619047619048,0.5146165413533834,0.1252648833458013,0.01514536340852135
openstack,TP,llm_counterfactual,qwen36_27b_local,full,0.2,,3b28cb2a10f7746a32cb7f7b62b6fc92ebcfb1e5,0.6238095238095238,0.5064461152882205,0.07058710592204234,0.11736340852130334
openstack,FN,llm_counterfactual,qwen36_27b_local,full,0.2,,1476b030bd53deddd85468c0d8b545d8f8f30f19,0.7666666666666666,0.5677218045112782,0.12170536834440117,0.19894486215538842
openstack,FN,llm_counterfactual,qwen36_27b_local,full,0.2,,ab1cb6378f136ae8adcb0027385b43763e402cca,0.7,0.4443191311612364,0.19724886093280353,0.25568086883876356
openstack,FN,llm_counterfactual,qwen36_27b_local,full,0.2,,2b60912d5667350eae7ecbc67d4dba3658518d10,0.8666666666666666,0.604922305764411,0.036443894958815455,0.2617443609022556
openstack,FN,llm_counterfactual,qwen36_27b_local,full,0.2,,763fd62464e9a0753e061171cc1fd826055bbc01,0.5357142857142857,0.45362406015037593,0.2504259526565516,0.08209022556390977
openstack,FN,llm_counterfactual,qwen36_27b_local,full,0.2,,267eea50fd9e9c74faa96d529a7ec2fd8aa8d51f,0.6857142857142857,0.5733032581453633,0.06429165470180742,0.1124110275689224
openstack,FN,llm_counterfactual,qwen36_27b_local,full,0.2,,bc6ca87a6a01ecbda926a78d07cadbd4e3ab97e0,0.6285714285714286,0.5736624895572263,0.11409975115402128,0.05490893901420224
openstack,FN,llm_counterfactual,qwen36_27b_local,full,0.2,,703ba3c4e3d0b442c3097b6c844a59e560c09fe8,0.8,0.6127318295739348,0.036443894958815455,0.18726817042606525
openstack,FN,llm_counterfactual,qwen36_27b_local,full,0.2,,e3df049cad2b7a264acbad4d6baecbc813546e5d,0.72,0.5744761904761905,0.036443894958815455,0.1455238095238095
openstack,FN,llm_counterfactual,qwen36_27b_local,full,0.2,,d1b3adfbe471ad99ddf0dd2b483b77435c157aea,0.7714285714285715,0.602922305764411,0.06429165470180742,0.1685062656641605
openstack,FN,llm_counterfactual,qwen36_27b_local,full,0.2,,848664f646bf087df59778434daa6feae1e71c74,0.7666666666666666,0.4782456140350877,0.10770826531938991,0.2884210526315789
openstack,FN,llm_counterfactual,qwen36_27b_local,full,0.2,,91a8cd2952a25b340f5778cace95910e43cbcbb6,0.7666666666666666,0.41234753550543024,0.12537540072515696,0.35431913116123637
openstack,FN,llm_counterfactual,qwen36_27b_local,full,0.2,,d402747547e1a356c6c2c20b57f52af39b63e831,0.6761904761904762,0.5923567251461987,0.06429165470180742,0.08383375104427748
openstack,FN,llm_counterfactual,qwen36_27b_local,full,0.2,,017dd6b4bcf92c14d49421268cb571c00879f3cc,0.4502380952380952,0.415015873015873,0.17364764401141122,0.03522222222222221
openstack,FN,llm_counterfactual,qwen36_27b_local,full,0.2,,913a99c79456abbfef1642e6dc70e6a4ff4e25db,0.6523809523809524,0.4487677527151211,0.1523329212191116,0.2036131996658313
openstack,FN,llm_counterfactual,qwen36_27b_local,full,0.2,,1c6b2fce289b68af92afeddf8d30efcda1903f06,0.6571428571428571,0.4693299916457811,0.16540041984736154,0.18781286549707604
openstack,FN,llm_counterfactual,qwen36_27b_local,full,0.2,,8ccdc4ac5053c6e39660044a9f8c1f695370e9a7,0.6952380952380952,0.4211111111111111,0.27887356463386603,0.2741269841269841
openstack,FN,llm_counterfactual,qwen36_27b_local,full,0.2,,c2c37272bf788aac63399127cddd487dc0f15c38,0.7714285714285715,0.602922305764411,0.06429165470180742,0.1685062656641605
openstack,FN,llm_counterfactual,qwen36_27b_local,full,0.2,,37510ac03478704bafba89e8c4f4e0e9041d661d,0.7666666666666666,0.4434920634920635,0.11668105346496237,0.3231746031746031
openstack,FN,llm_counterfactual,qwen36_27b_local,full,0.2,,221f386029faf499c5a445374685cba5b67df31e,0.8,0.6226365914786967,0.036443894958815455,0.1773634085213034
openstack,FN,llm_counterfactual,qwen36_27b_local,full,0.2,,589c495c1ae62129e20ab5e2641e330541eee01f,1.0,0.5040392648287385,0.11365340775754662,0.4959607351712615
openstack,FP,llm_kernelshap,qwen36_27b_local,full,0.2,,4b53e4edf9f7f8c794316d3a0920d727723d1bab,0.8666666666666666,0.555655806182122,0.09108840516724728,0.3110108604845446
openstack,FP,llm_kernelshap,qwen36_27b_local,full,0.2,,2530ccff8f0a0105d1626c65616080b27682e129,0.5273809523809524,0.39030910609857977,0.19010502554227415,0.13707184628237262
openstack,FP,llm_kernelshap,qwen36_27b_local,full,0.2,,e847eed4a5600b6812338bb4903a0cffcde7f1f3,0.6857142857142857,0.48105263157894734,0.28067328334495256,0.20466165413533838
openstack,FP,llm_kernelshap,qwen36_27b_local,full,0.2,,034db863a02ce38a520e4b8aa3a65e1ccdb37f30,0.8,0.5221052631578947,0.23378859348206207,0.2778947368421053
openstack,FP,llm_kernelshap,qwen36_27b_local,full,0.2,,bfcd4b2f1be3ab37ae0801dd523ce952577cda14,0.8666666666666666,0.5783709273182958,0.14206596525403437,0.2882957393483708
openstack,FP,llm_kernelshap,qwen36_27b_local,full,0.2,,410a83c89de9912207574999b3736a550ed253ba,1.0,0.369047619047619,0.22001211231939868,0.6309523809523809
openstack,FP,llm_kernelshap,qwen36_27b_local,full,0.2,,4e2919e6b208a2e95d75782f9cad0a6f0892d983,1.0,0.5469089390142021,0.08549388194683727,0.4530910609857979
openstack,FP,llm_kernelshap,qwen36_27b_local,full,0.2,,558f7b00f56f37adaa68239c9ce95d25b2d65f56,0.8666666666666666,0.3322890559732665,0.2096633854929641,0.5343776106934001
openstack,FP,llm_kernelshap,qwen36_27b_local,full,0.2,,296da649452f66dd15a15ee4274ab0f8609250e2,0.8,0.43012531328320797,0.14507397889550558,0.3698746867167921
openstack,FP,llm_kernelshap,qwen36_27b_local,full,0.2,,280cc7c5ae4b07a9a1e23b8f9cc925be9872c8e1,0.8666666666666666,0.5032664995822891,0.11154666303470054,0.3634001670843775
openstack,FP,llm_kernelshap,qwen36_27b_local,full,0.2,,6aecf475dbff9c7d477378c021749b987d47deae,1.0,0.5710526315789474,0.0805463121784745,0.42894736842105263
openstack,FP,llm_kernelshap,qwen36_27b_local,full,0.2,,baa52224dc73e8ca3bdcbdaa5d62bc26fb38052f,0.7333333333333333,0.5428654970760234,0.19290320314282802,0.1904678362573099
openstack,FP,llm_kernelshap,qwen36_27b_local,full,0.2,,70de423255fd01822188bb9082a0c0cc1c8ec2d0,1.0,0.5511278195488721,0.09544374165066716,0.44887218045112787
openstack,FP,llm_kernelshap,qwen36_27b_local,full,0.2,,2bb9e5563c69f79d5da23668b08dd9c88f9d4348,0.6714285714285715,0.4975438596491228,0.1217708273606009,0.1738847117794487
openstack,FP,llm_kernelshap,qwen36_27b_local,full,0.2,,41d6b479fe8baf66578044b8773c3b892d64a2c4,0.5333333333333333,0.5064661654135338,0.13986802610500462,0.026867167919799484
openstack,FP,llm_kernelshap,qwen36_27b_local,full,0.2,,e4ea54104ec38f5fe4c792d4d3d1865de34bb4c3,0.8666666666666666,0.47853801169590643,0.2503260928491916,0.38812865497076016
openstack,FP,llm_kernelshap,qwen36_27b_local,full,0.2,,a985e34cdeef777fe7ff943e363a5f1be6d991b7,1.0,0.41583124477861316,0.1317695245787891,0.5841687552213868
openstack,FP,llm_kernelshap,qwen36_27b_local,full,0.2,,ce12d7a1e53fffce57baab18de2ab885ba1df8ee,0.8666666666666666,0.5819047619047618,0.09695010585992588,0.28476190476190477
openstack,FP,llm_kernelshap,qwen36_27b_local,full,0.2,,3eea37b85b1abc72786a2b24baf01141b4d95f08,1.0,0.5511278195488721,0.09544374165066716,0.44887218045112787
openstack,FP,llm_kernelshap,qwen36_27b_local,full,0.2,,750e065d6d137715dd03d5c90623145177f64cbb,0.7666666666666666,0.4938429406850459,0.17236050741266928,0.2728237259816207
openstack,TN,llm_kernelshap,qwen36_27b_local,full,0.2,,467b4e4d419f0ca5db8468516d64ffec5cedc67e,0.7666666666666666,0.4645279866332498,0.11431517015447179,0.3021386800334168
openstack,TN,llm_kernelshap,qwen36_27b_local,full,0.2,,936f765b855d7af14ae557383f0dcc6fd9e8655c,0.619047619047619,0.5635588972431078,0.08762883597569678,0.05548872180451114
openstack,TN,llm_kernelshap,qwen36_27b_local,full,0.2,,8b44c9df29572efca928c1d36fa3e7a90e94caa0,0.5333333333333333,0.4687886382623225,0.11982301944443646,0.06454469507101085
openstack,TN,llm_kernelshap,qwen36_27b_local,full,0.2,,4d75cbf3c35a8aa917d3970beac99d612f13eed3,0.8666666666666666,0.586265664160401,0.05780890575234112,0.28040100250626554
openstack,TN,llm_kernelshap,qwen36_27b_local,full,0.2,,2ecaad46a737c24965ae81fc19947db9264de684,1.0,0.49661654135338346,0.07505596185825653,0.5033834586466166
openstack,TN,llm_kernelshap,qwen36_27b_local,full,0.2,,bfb9d3f179607c25f91d77585f97df6d0704c253,0.7428571428571428,0.5194653299916457,0.12068286642709095,0.22339181286549703
openstack,TN,llm_kernelshap,qwen36_27b_local,full,0.2,,1a3f2e8f44f0138d0328312e07b1341970c7903a,0.7428571428571428,0.49221386800334166,0.1867909273298793,0.2506432748538011
openstack,TN,llm_kernelshap,qwen36_27b_local,full,0.2,,70fad48add19cc565726f098e1e7a2165b24cc77,0.5714285714285714,0.49948203842940686,0.13891606028818343,0.07194653299916454
openstack,TN,llm_kernelshap,qwen36_27b_local,full,0.2,,79a1a113775df87d420b242cea4bbf953df3779c,0.5119047619047619,0.5099582289055973,0.13612584143014694,0.0019465329991645852
openstack,TN,llm_kernelshap,qwen36_27b_local,full,0.2,,dd444d84759d7b3c17e7c3e97f9565546f9d3df2,0.8666666666666666,0.5113533834586466,0.11352419496866753,0.35531328320802
openstack,TN,llm_kernelshap,qwen36_27b_local,full,0.2,,747373f4bdfe4814000a88e4443b56545d5d55bd,0.5238095238095238,0.449515455304929,0.184756784205944,0.07429406850459486
openstack,TN,llm_kernelshap,qwen36_27b_local,full,0.2,,978066fe31a5331f143a05e1fd753c729b2dcf09,0.7333333333333333,0.3624895572263993,0.22340652478264386,0.370843776106934
openstack,TN,llm_kernelshap,qwen36_27b_local,full,0.2,,545925c66cb3ee005aa7e497ad4b3c97eb2f410b,0.8,0.48859649122807014,0.11352419496866753,0.3114035087719299
openstack,TN,llm_kernelshap,qwen36_27b_local,full,0.2,,d2e40a3e49819dace92975de3e3d7ba3a3fac79d,0.7666666666666666,0.486766917293233,0.12887787000619366,0.2798997493734336
openstack,TN,llm_kernelshap,qwen36_27b_local,full,0.2,,57566f4c8d2929c25e76564883369a7c6eda720a,0.6761904761904762,0.5106766917293233,0.16108786274549936,0.16551378446115295
openstack,TN,llm_kernelshap,qwen36_27b_local,full,0.2,,87be408b126e81ded85b03896f9c85f8a8d4ac90,0.7428571428571428,0.5673433583959899,0.09324554214782417,0.17551378446115284
openstack,TN,llm_kernelshap,qwen36_27b_local,full,0.2,,dd13c2784b5aec539197d1b76fafc6a6b38a33e8,0.8,0.41635756056808687,0.08894296229424531,0.3836424394319132
openstack,TN,llm_kernelshap,qwen36_27b_local,full,0.2,,1e6538d43e76b867776cf226e1d6d6c900412f99,0.7666666666666666,0.5706015037593984,0.08762883597569678,0.19606516290726816
openstack,TN,llm_kernelshap,qwen36_27b_local,full,0.2,,348b7a9f7d64094d60ece0460aed02b66c52f1b1,0.6047619047619047,0.4274519632414369,0.18042323105726016,0.1773099415204678
openstack,TN,llm_kernelshap,qwen36_27b_local,full,0.2,,5cc9d999352c21d3f4b5c39d3ea9d4378ca86544,0.488095238095238,0.43523809523809526,0.13612584143014694,0.05285714285714277
openstack,TP,llm_kernelshap,qwen36_27b_local,full,0.2,,eaf6340847c35ace3b4b681a95b8a79a7a3f2491,1.0,0.46984126984126984,0.10247778248188147,0.5301587301587302
openstack,TP,llm_kernelshap,qwen36_27b_local,full,0.2,,fd351903a1759109f66d0c66d42cd3a1b7f23861,0.8,0.5069340016708438,0.10726495859048545,0.29306599832915625
openstack,TP,llm_kernelshap,qwen36_27b_local,full,0.2,,83a5f90f82b40be4c74685f557d6af0f8a3b1a30,1.0,0.530952380952381,0.052154740664653795,0.46904761904761905
openstack,TP,llm_kernelshap,qwen36_27b_local,full,0.2,,6f1a1f5e8ead9ceb145e13927cd9ae7fdca9add4,0.5476190476190477,0.4681954887218045,0.10530812088319835,0.07942355889724317
openstack,TP,llm_kernelshap,qwen36_27b_local,full,0.2,,e7bdd19f0ed7d4c61d195735ee43a11da78f97d6,0.5630952380952381,0.4718796992481203,0.13103489217581915,0.0912155388471178
openstack,TP,llm_kernelshap,qwen36_27b_local,full,0.2,,7cfdf4aa811fb708d9fed4e36aec79c26d19cfee,0.7,0.3720802005012531,0.13103489217581915,0.32791979949874683
openstack,TP,llm_kernelshap,qwen36_27b_local,full,0.2,,e55a5f412bf6bc343eb8bb11348afe57c2012066,0.5571428571428572,0.332890559732665,0.25807071178994767,0.22425229741019215
openstack,TP,llm_kernelshap,qwen36_27b_local,full,0.2,,c08f99c7e072e349632684d565bcac357ce93b6d,0.5869047619047618,0.4896741854636591,0.12546315793727741,0.09723057644110272
openstack,TP,llm_kernelshap,qwen36_27b_local,full,0.2,,45662d77a2da77714f8e792e86ebd64a52270ef5,0.5952380952380951,0.41493734335839594,0.2869929884349176,0.18030075187969918
openstack,TP,llm_kernelshap,qwen36_27b_local,full,0.2,,6f31523b314e7ac4ad83d13842cf2fa1014c39b2,0.5809523809523809,0.4614786967418546,0.21071251063916113,0.11947368421052629
openstack,TP,llm_kernelshap,qwen36_27b_local,full,0.2,,76d3c644f3f5866a5c07f80b66132d81b8b57e78,1.0,0.45538847117794484,0.10872173551042555,0.5446115288220552
openstack,TP,llm_kernelshap,qwen36_27b_local,full,0.2,,88c62c1ca290c1d2a33ff192a302e492a4b11cb3,0.8666666666666666,0.423015873015873,0.2455119948674193,0.4436507936507936
openstack,TP,llm_kernelshap,qwen36_27b_local,full,0.2,,379cf65d82b11f5e6f8732a585d5373beda85046,0.8666666666666666,0.46756056808688384,0.07188191427694433,0.39910609857978274
openstack,TP,llm_kernelshap,qwen36_27b_local,full,0.2,,03db94ebaa3fc2c76694fd566e2c9eefbf851a7f,1.0,0.4124895572263993,0.11233135188019101,0.5875104427736006
openstack,TP,llm_kernelshap,qwen36_27b_local,full,0.2,,22c9cf3d95c3d14351045bac2920b4e0994ec42f,0.7666666666666666,0.43107769423558895,0.13836215133459254,0.33558897243107766
openstack,TP,llm_kernelshap,qwen36_27b_local,full,0.2,,092820939d53268152893a15fdaf5129554fbcb3,0.6952380952380952,0.47141186299081034,0.09969141471107096,0.22382623224728487
openstack,TP,llm_kernelshap,qwen36_27b_local,full,0.2,,40eaa89a9001edda3e1146831b26aaf7ded64c4a,0.7333333333333333,0.38873851294903927,0.1714161817859867,0.344594820384294
openstack,TP,llm_kernelshap,qwen36_27b_local,full,0.2,,56324c12aa58ff9cf46582611b071f3abb743ddf,0.7333333333333333,0.43950710108604846,0.22380558054914165,0.2938262322472848
openstack,TP,llm_kernelshap,qwen36_27b_local,full,0.2,,5f2b88b1aafb9a35638e54f796685f633428b6a5,1.0,0.530952380952381,0.052154740664653795,0.46904761904761905
openstack,TP,llm_kernelshap,qwen36_27b_local,full,0.2,,3b28cb2a10f7746a32cb7f7b62b6fc92ebcfb1e5,1.0,0.3548454469507101,0.17177554156502256,0.6451545530492899
openstack,FN,llm_kernelshap,qwen36_27b_local,full,0.2,,1476b030bd53deddd85468c0d8b545d8f8f30f19,0.5059523809523809,0.47963241436925647,0.2375822739209953,0.026319966583124466
openstack,FN,llm_kernelshap,qwen36_27b_local,full,0.2,,ab1cb6378f136ae8adcb0027385b43763e402cca,0.6714285714285715,0.4872598162071846,0.13677579499977788,0.18416875522138687
openstack,FN,llm_kernelshap,qwen36_27b_local,full,0.2,,2b60912d5667350eae7ecbc67d4dba3658518d10,0.8666666666666666,0.5282706766917293,0.20108725864811416,0.33839598997493725
openstack,FN,llm_kernelshap,qwen36_27b_local,full,0.2,,763fd62464e9a0753e061171cc1fd826055bbc01,0.5714285714285714,0.42067669172932326,0.17213016677838525,0.15075187969924814
openstack,FN,llm_kernelshap,qwen36_27b_local,full,0.2,,267eea50fd9e9c74faa96d529a7ec2fd8aa8d51f,0.8666666666666666,0.5605764411027568,0.07298362750807401,0.30609022556390975
openstack,FN,llm_kernelshap,qwen36_27b_local,full,0.2,,bc6ca87a6a01ecbda926a78d07cadbd4e3ab97e0,1.0,0.4074770258980785,0.18799502691457085,0.5925229741019216
openstack,FN,llm_kernelshap,qwen36_27b_local,full,0.2,,703ba3c4e3d0b442c3097b6c844a59e560c09fe8,0.7428571428571428,0.4752882205513784,0.1342821620818363,0.26756892230576435
openstack,FN,llm_kernelshap,qwen36_27b_local,full,0.2,,e3df049cad2b7a264acbad4d6baecbc813546e5d,1.0,0.4609440267335004,0.0805463121784745,0.5390559732664997
openstack,FN,llm_kernelshap,qwen36_27b_local,full,0.2,,d1b3adfbe471ad99ddf0dd2b483b77435c157aea,0.5714285714285714,0.48507936507936505,0.1946203482897177,0.08634920634920634
openstack,FN,llm_kernelshap,qwen36_27b_local,full,0.2,,848664f646bf087df59778434daa6feae1e71c74,0.8,0.5642105263157895,0.10411768404997819,0.23578947368421055
openstack,FN,llm_kernelshap,qwen36_27b_local,full,0.2,,91a8cd2952a25b340f5778cace95910e43cbcbb6,1.0,0.4657477025898078,0.10661936692633231,0.5342522974101922
openstack,FN,llm_kernelshap,qwen36_27b_local,full,0.2,,d402747547e1a356c6c2c20b57f52af39b63e831,0.5952380952380951,0.5477944862155388,0.13677579499977788,0.04744360902255629
openstack,FN,llm_kernelshap,qwen36_27b_local,full,0.2,,017dd6b4bcf92c14d49421268cb571c00879f3cc,0.8666666666666666,0.5682038429406849,0.07298362750807401,0.29846282372598165
openstack,FN,llm_kernelshap,qwen36_27b_local,full,0.2,,913a99c79456abbfef1642e6dc70e6a4ff4e25db,0.6952380952380952,0.4141938178780284,0.16366616015247468,0.2810442773600668
openstack,FN,llm_kernelshap,qwen36_27b_local,full,0.2,,1c6b2fce289b68af92afeddf8d30efcda1903f06,0.8,0.5471345029239766,0.07298362750807401,0.25286549707602346
openstack,FN,llm_kernelshap,qwen36_27b_local,full,0.2,,8ccdc4ac5053c6e39660044a9f8c1f695370e9a7,1.0,0.5175438596491228,0.1712168634919257,0.48245614035087725
openstack,FN,llm_kernelshap,qwen36_27b_local,full,0.2,,c2c37272bf788aac63399127cddd487dc0f15c38,0.6285714285714286,0.5436591478696742,0.11262014278250009,0.08491228070175438
openstack,FN,llm_kernelshap,qwen36_27b_local,full,0.2,,37510ac03478704bafba89e8c4f4e0e9041d661d,0.5809523809523809,0.5471679197994986,0.14728717479533138,0.03378446115288225
openstack,FN,llm_kernelshap,qwen36_27b_local,full,0.2,,221f386029faf499c5a445374685cba5b67df31e,0.7333333333333333,0.5340267335004177,0.09170315948981764,0.19930659983291554
openstack,FN,llm_kernelshap,qwen36_27b_local,full,0.2,,589c495c1ae62129e20ab5e2641e330541eee01f,0.8666666666666666,0.3410693400167084,0.18508215281854187,0.5255973266499582
openstack,FP,llm_lime,qwen36_27b_local,full,0.2,,4b53e4edf9f7f8c794316d3a0920d727723d1bab,0.8666666666666666,0.5267919799498746,0.10899981140716111,0.339874686716792
openstack,FP,llm_lime,qwen36_27b_local,full,0.2,,2530ccff8f0a0105d1626c65616080b27682e129,1.0,0.4223057644110275,0.11110633328756303,0.5776942355889725
openstack,FP,llm_lime,qwen36_27b_local,full,0.2,,e847eed4a5600b6812338bb4903a0cffcde7f1f3,0.5571428571428572,0.4919632414369256,0.25241603493172,0.06517961570593156
openstack,FP,llm_lime,qwen36_27b_local,full,0.2,,034db863a02ce38a520e4b8aa3a65e1ccdb37f30,0.8666666666666666,0.5188972431077694,0.22655394290568792,0.3477694235588972
openstack,FP,llm_lime,qwen36_27b_local,full,0.2,,bfcd4b2f1be3ab37ae0801dd523ce952577cda14,1.0,0.6028822055137844,0.06071192680278202,0.39711779448621565
openstack,FP,llm_lime,qwen36_27b_local,full,0.2,,410a83c89de9912207574999b3736a550ed253ba,0.8666666666666666,0.2770258980785297,0.23879701987218263,0.5896407685881369
openstack,FP,llm_lime,qwen36_27b_local,full,0.2,,4e2919e6b208a2e95d75782f9cad0a6f0892d983,0.7428571428571428,0.5017961570593149,0.12648244022896082,0.24106098579782786
openstack,FP,llm_lime,qwen36_27b_local,full,0.2,,558f7b00f56f37adaa68239c9ce95d25b2d65f56,1.0,0.4609022556390977,0.10729034383186054,0.5390977443609023
openstack,FP,llm_lime,qwen36_27b_local,full,0.2,,296da649452f66dd15a15ee4274ab0f8609250e2,0.638095238095238,0.41795321637426897,0.20698176801580784,0.22014202172096908
openstack,FP,llm_lime,qwen36_27b_local,full,0.2,,280cc7c5ae4b07a9a1e23b8f9cc925be9872c8e1,0.7333333333333333,0.47294903926482873,0.18799090737906143,0.26038429406850455
openstack,FP,llm_lime,qwen36_27b_local,full,0.2,,6aecf475dbff9c7d477378c021749b987d47deae,1.0,0.5229323308270677,0.12376573285737902,0.4770676691729323
openstack,FP,llm_lime,qwen36_27b_local,full,0.2,,baa52224dc73e8ca3bdcbdaa5d62bc26fb38052f,0.6523809523809524,0.5394486215538847,0.10492867724357115,0.11293233082706766
openstack,FP,llm_lime,qwen36_27b_local,full,0.2,,70de423255fd01822188bb9082a0c0cc1c8ec2d0,0.7428571428571428,0.5056390977443609,0.1344487292889919,0.23721804511278188
openstack,FP,llm_lime,qwen36_27b_local,full,0.2,,2bb9e5563c69f79d5da23668b08dd9c88f9d4348,0.8666666666666666,0.5140100250626566,0.20868381215746842,0.35265664160401
openstack,FP,llm_lime,qwen36_27b_local,full,0.2,,41d6b479fe8baf66578044b8773c3b892d64a2c4,0.6285714285714286,0.4745614035087719,0.18789031594315486,0.15401002506265665
openstack,FP,llm_lime,qwen36_27b_local,full,0.2,,e4ea54104ec38f5fe4c792d4d3d1865de34bb4c3,0.8666666666666666,0.5697827903091061,0.15613897377863759,0.2968838763575605
openstack,FP,llm_lime,qwen36_27b_local,full,0.2,,a985e34cdeef777fe7ff943e363a5f1be6d991b7,0.8666666666666666,0.46958228905597327,0.10899981140716111,0.3970843776106933
openstack,FP,llm_lime,qwen36_27b_local,full,0.2,,ce12d7a1e53fffce57baab18de2ab885ba1df8ee,1.0,0.6028822055137844,0.06071192680278202,0.39711779448621565
openstack,FP,llm_lime,qwen36_27b_local,full,0.2,,3eea37b85b1abc72786a2b24baf01141b4d95f08,1.0,0.4609022556390977,0.10729034383186054,0.5390977443609023
openstack,FP,llm_lime,qwen36_27b_local,full,0.2,,750e065d6d137715dd03d5c90623145177f64cbb,1.0,0.34774436090225563,0.22166080056673984,0.6522556390977443
openstack,TN,llm_lime,qwen36_27b_local,full,0.2,,467b4e4d419f0ca5db8468516d64ffec5cedc67e,0.8,0.5394135338345863,0.03744625660426907,0.2605864661654137
openstack,TN,llm_lime,qwen36_27b_local,full,0.2,,936f765b855d7af14ae557383f0dcc6fd9e8655c,0.6435714285714286,0.5052715121136174,0.2109292457431416,0.13829991645781115
openstack,TN,llm_lime,qwen36_27b_local,full,0.2,,8b44c9df29572efca928c1d36fa3e7a90e94caa0,0.540952380952381,0.4634720133667502,0.1415746679576915,0.07748036758563076
openstack,TN,llm_lime,qwen36_27b_local,full,0.2,,4d75cbf3c35a8aa917d3970beac99d612f13eed3,0.6952380952380952,0.5539482038429406,0.04910550869927312,0.14128989139515458
openstack,TN,llm_lime,qwen36_27b_local,full,0.2,,2ecaad46a737c24965ae81fc19947db9264de684,0.7666666666666666,0.48037426900584795,0.054436073097944584,0.28629239766081865
openstack,TN,llm_lime,qwen36_27b_local,full,0.2,,bfb9d3f179607c25f91d77585f97df6d0704c253,0.6238095238095238,0.5271938178780283,0.08120049017695428,0.09661570593149549
openstack,TN,llm_lime,qwen36_27b_local,full,0.2,,1a3f2e8f44f0138d0328312e07b1341970c7903a,0.638095238095238,0.44085714285714284,0.0982048522778761,0.1972380952380952
openstack,TN,llm_lime,qwen36_27b_local,full,0.2,,70fad48add19cc565726f098e1e7a2165b24cc77,0.5095238095238095,0.5254118629908103,0.12359559419279474,-0.01588805346700084
openstack,TN,llm_lime,qwen36_27b_local,full,0.2,,79a1a113775df87d420b242cea4bbf953df3779c,0.7666666666666666,0.4988370927318296,0.04910550869927312,0.26782957393483703
openstack,TN,llm_lime,qwen36_27b_local,full,0.2,,dd444d84759d7b3c17e7c3e97f9565546f9d3df2,0.7,0.3676315789473684,0.2992949695712244,0.33236842105263154
openstack,TN,llm_lime,qwen36_27b_local,full,0.2,,747373f4bdfe4814000a88e4443b56545d5d55bd,0.7666666666666666,0.4758771929824561,0.15850956533852403,0.2907894736842105
openstack,TN,llm_lime,qwen36_27b_local,full,0.2,,978066fe31a5331f143a05e1fd753c729b2dcf09,0.4103174603174603,0.437016708437761,0.168250704803701,-0.026699248120300723
openstack,TN,llm_lime,qwen36_27b_local,full,0.2,,545925c66cb3ee005aa7e497ad4b3c97eb2f410b,0.5869047619047618,0.47990559732664995,0.12416241580823191,0.10699916457811187
openstack,TN,llm_lime,qwen36_27b_local,full,0.2,,d2e40a3e49819dace92975de3e3d7ba3a3fac79d,0.5238095238095238,0.4874285714285714,0.13187194389956844,0.03638095238095246
openstack,TN,llm_lime,qwen36_27b_local,full,0.2,,57566f4c8d2929c25e76564883369a7c6eda720a,0.6285714285714286,0.482063492063492,0.12256453546907568,0.14650793650793653
openstack,TN,llm_lime,qwen36_27b_local,full,0.2,,87be408b126e81ded85b03896f9c85f8a8d4ac90,0.8666666666666666,0.5465446950710109,0.048248068243387954,0.3201219715956557
openstack,TN,llm_lime,qwen36_27b_local,full,0.2,,dd13c2784b5aec539197d1b76fafc6a6b38a33e8,1.0,0.5155806182121971,0.04151108346367403,0.48441938178780286
openstack,TN,llm_lime,qwen36_27b_local,full,0.2,,1e6538d43e76b867776cf226e1d6d6c900412f99,1.0,0.5370300751879699,0.021123303671263402,0.46296992481203014
openstack,TN,llm_lime,qwen36_27b_local,full,0.2,,348b7a9f7d64094d60ece0460aed02b66c52f1b1,0.6047619047619047,0.39172514619883037,0.17495393423223063,0.21303675856307436
openstack,TN,llm_lime,qwen36_27b_local,full,0.2,,5cc9d999352c21d3f4b5c39d3ea9d4378ca86544,0.45999999999999996,0.42620133667502086,0.08120049017695428,0.033798663324979106
openstack,TP,llm_lime,qwen36_27b_local,full,0.2,,eaf6340847c35ace3b4b681a95b8a79a7a3f2491,1.0,0.5271929824561403,0.06445709348516163,0.4728070175438597
openstack,TP,llm_lime,qwen36_27b_local,full,0.2,,fd351903a1759109f66d0c66d42cd3a1b7f23861,0.8666666666666666,0.4350877192982456,0.11898493848533405,0.431578947368421
openstack,TP,llm_lime,qwen36_27b_local,full,0.2,,83a5f90f82b40be4c74685f557d6af0f8a3b1a30,0.7333333333333333,0.4054051796157059,0.14385949102183188,0.3279281537176274
openstack,TP,llm_lime,qwen36_27b_local,full,0.2,,6f1a1f5e8ead9ceb145e13927cd9ae7fdca9add4,0.5952380952380951,0.5104177109440267,0.10786049070424136,0.08482038429406846
openstack,TP,llm_lime,qwen36_27b_local,full,0.2,,e7bdd19f0ed7d4c61d195735ee43a11da78f97d6,0.7333333333333333,0.41503759398496237,0.14857314105130084,0.3182957393483709
openstack,TP,llm_lime,qwen36_27b_local,full,0.2,,7cfdf4aa811fb708d9fed4e36aec79c26d19cfee,0.8666666666666666,0.40421888053467003,0.12891059500721253,0.46244778613199655
openstack,TP,llm_lime,qwen36_27b_local,full,0.2,,e55a5f412bf6bc343eb8bb11348afe57c2012066,0.6952380952380952,0.32393483709273185,0.2983019805572235,0.37130325814536336
openstack,TP,llm_lime,qwen36_27b_local,full,0.2,,c08f99c7e072e349632684d565bcac357ce93b6d,0.8666666666666666,0.5446365914786968,0.06612876913112857,0.3220300751879698
openstack,TP,llm_lime,qwen36_27b_local,full,0.2,,45662d77a2da77714f8e792e86ebd64a52270ef5,0.8,0.4091729323308271,0.12341133663949873,0.39082706766917297
openstack,TP,llm_lime,qwen36_27b_local,full,0.2,,6f31523b314e7ac4ad83d13842cf2fa1014c39b2,0.5952380952380951,0.33111946532999165,0.27832700751426814,0.2641186299081035
openstack,TP,llm_lime,qwen36_27b_local,full,0.2,,76d3c644f3f5866a5c07f80b66132d81b8b57e78,0.6571428571428571,0.5043859649122807,0.08519078690258573,0.15275689223057642
openstack,TP,llm_lime,qwen36_27b_local,full,0.2,,88c62c1ca290c1d2a33ff192a302e492a4b11cb3,0.6047619047619047,0.3765413533834587,0.291803160661252,0.22822055137844605
openstack,TP,llm_lime,qwen36_27b_local,full,0.2,,379cf65d82b11f5e6f8732a585d5373beda85046,0.6857142857142857,0.4119131161236424,0.11262811118185251,0.2738011695906433
openstack,TP,llm_lime,qwen36_27b_local,full,0.2,,03db94ebaa3fc2c76694fd566e2c9eefbf851a7f,0.5571428571428572,0.41564745196324143,0.11277510860485283,0.14149540517961573
openstack,TP,llm_lime,qwen36_27b_local,full,0.2,,22c9cf3d95c3d14351045bac2920b4e0994ec42f,0.6952380952380952,0.4222807017543859,0.1182448173539799,0.2729573934837093
openstack,TP,llm_lime,qwen36_27b_local,full,0.2,,092820939d53268152893a15fdaf5129554fbcb3,0.8666666666666666,0.5299582289055973,0.08697472682618948,0.3367084377610693
openstack,TP,llm_lime,qwen36_27b_local,full,0.2,,40eaa89a9001edda3e1146831b26aaf7ded64c4a,0.7333333333333333,0.49974101921470343,0.1182448173539799,0.23359231411862985
openstack,TP,llm_lime,qwen36_27b_local,full,0.2,,56324c12aa58ff9cf46582611b071f3abb743ddf,0.6535714285714286,0.45710108604845445,0.18542494750149283,0.19647034252297413
openstack,TP,llm_lime,qwen36_27b_local,full,0.2,,5f2b88b1aafb9a35638e54f796685f633428b6a5,0.6285714285714286,0.49492063492063487,0.16207440509506468,0.1336507936507937
openstack,TP,llm_lime,qwen36_27b_local,full,0.2,,3b28cb2a10f7746a32cb7f7b62b6fc92ebcfb1e5,0.6857142857142857,0.48644945697577274,0.1182448173539799,0.19926482873851298
openstack,FN,llm_lime,qwen36_27b_local,full,0.2,,1476b030bd53deddd85468c0d8b545d8f8f30f19,0.5702380952380952,0.386953216374269,0.1977195517443778,0.18328487886382622
openstack,FN,llm_lime,qwen36_27b_local,full,0.2,,ab1cb6378f136ae8adcb0027385b43763e402cca,0.8800000000000001,0.47469841269841273,0.0694046632535244,0.4053015873015874
openstack,FN,llm_lime,qwen36_27b_local,full,0.2,,2b60912d5667350eae7ecbc67d4dba3658518d10,0.8666666666666666,0.48486215538847116,0.08733716915115426,0.3818045112781954
openstack,FN,llm_lime,qwen36_27b_local,full,0.2,,763fd62464e9a0753e061171cc1fd826055bbc01,0.5214285714285715,0.4287518796992481,0.1696075146370212,0.09267669172932336
openstack,FN,llm_lime,qwen36_27b_local,full,0.2,,267eea50fd9e9c74faa96d529a7ec2fd8aa8d51f,0.7428571428571428,0.39611528822055136,0.24695461654848558,0.3467418546365914
openstack,FN,llm_lime,qwen36_27b_local,full,0.2,,bc6ca87a6a01ecbda926a78d07cadbd4e3ab97e0,0.7328571428571429,0.44692731829573934,0.16855148835098088,0.28592982456140353
openstack,FN,llm_lime,qwen36_27b_local,full,0.2,,703ba3c4e3d0b442c3097b6c844a59e560c09fe8,0.5392857142857143,0.392406015037594,0.15695675718849006,0.14687969924812028
openstack,FN,llm_lime,qwen36_27b_local,full,0.2,,e3df049cad2b7a264acbad4d6baecbc813546e5d,0.7533333333333333,0.4759097744360902,0.10226195559724212,0.27742355889724307
openstack,FN,llm_lime,qwen36_27b_local,full,0.2,,d1b3adfbe471ad99ddf0dd2b483b77435c157aea,0.8666666666666666,0.45040100250626564,0.1315904577767935,0.41626566416040095
openstack,FN,llm_lime,qwen36_27b_local,full,0.2,,848664f646bf087df59778434daa6feae1e71c74,0.7,0.4574644945697577,0.08772486897876192,0.24253550543024227
openstack,FN,llm_lime,qwen36_27b_local,full,0.2,,91a8cd2952a25b340f5778cace95910e43cbcbb6,1.0,0.5037593984962406,0.06535726406824856,0.49624060150375937
openstack,FN,llm_lime,qwen36_27b_local,full,0.2,,d402747547e1a356c6c2c20b57f52af39b63e831,0.5869047619047618,0.5010768588137009,0.13294909844413164,0.08582790309106092
openstack,FN,llm_lime,qwen36_27b_local,full,0.2,,017dd6b4bcf92c14d49421268cb571c00879f3cc,0.5933333333333334,0.4101111111111111,0.1696075146370212,0.1832222222222223
openstack,FN,llm_lime,qwen36_27b_local,full,0.2,,913a99c79456abbfef1642e6dc70e6a4ff4e25db,1.0,0.4620509607351712,0.08055746793756789,0.5379490392648287
openstack,FN,llm_lime,qwen36_27b_local,full,0.2,,1c6b2fce289b68af92afeddf8d30efcda1903f06,0.8666666666666666,0.46959565580618207,0.08733716915115426,0.3970710108604845
openstack,FN,llm_lime,qwen36_27b_local,full,0.2,,8ccdc4ac5053c6e39660044a9f8c1f695370e9a7,0.6761904761904762,0.3086633249791145,0.36365235750334235,0.36752715121136176
openstack,FN,llm_lime,qwen36_27b_local,full,0.2,,c2c37272bf788aac63399127cddd487dc0f15c38,0.5869047619047618,0.4938153717627402,0.13294909844413164,0.09308939014202161
openstack,FN,llm_lime,qwen36_27b_local,full,0.2,,37510ac03478704bafba89e8c4f4e0e9041d661d,0.6047619047619047,0.475126148705096,0.08583376589050497,0.12963575605680872
openstack,FN,llm_lime,qwen36_27b_local,full,0.2,,221f386029faf499c5a445374685cba5b67df31e,0.6952380952380952,0.4024310776942356,0.15087016628237027,0.2928070175438596
openstack,FN,llm_lime,qwen36_27b_local,full,0.2,,589c495c1ae62129e20ab5e2641e330541eee01f,0.8666666666666666,0.4427318295739348,0.17267692472429247,0.4239348370927318
openstack,FP,llm_lofo,qwen36_27b_local,full,0.2,,4b53e4edf9f7f8c794316d3a0920d727723d1bab,1.0,0.5342940685045948,0.08789902492805719,0.4657059314954052
openstack,FP,llm_lofo,qwen36_27b_local,full,0.2,,2530ccff8f0a0105d1626c65616080b27682e129,0.55,0.24689223057644108,0.3198195182386979,0.303107769423559
openstack,FP,llm_lofo,qwen36_27b_local,full,0.2,,e847eed4a5600b6812338bb4903a0cffcde7f1f3,0.8666666666666666,0.4470342522974102,0.2650619109230023,0.4196324143692564
openstack,FP,llm_lofo,qwen36_27b_local,full,0.2,,034db863a02ce38a520e4b8aa3a65e1ccdb37f30,0.8,0.5073266499582288,0.13165572651155708,0.2926733500417712
openstack,FP,llm_lofo,qwen36_27b_local,full,0.2,,bfcd4b2f1be3ab37ae0801dd523ce952577cda14,0.6285714285714286,0.5013617376775271,0.13720744877253424,0.12720969089390144
openstack,FP,llm_lofo,qwen36_27b_local,full,0.2,,410a83c89de9912207574999b3736a550ed253ba,0.6857142857142857,0.35447786131996656,0.25975061041859,0.33123642439431916
openstack,FP,llm_lofo,qwen36_27b_local,full,0.2,,4e2919e6b208a2e95d75782f9cad0a6f0892d983,0.8666666666666666,0.5481537176274017,0.09309269098493056,0.31851294903926486
openstack,FP,llm_lofo,qwen36_27b_local,full,0.2,,558f7b00f56f37adaa68239c9ce95d25b2d65f56,0.7666666666666666,0.2912280701754386,0.21115061052107886,0.475438596491228
openstack,FP,llm_lofo,qwen36_27b_local,full,0.2,,296da649452f66dd15a15ee4274ab0f8609250e2,1.0,0.27848788638262323,0.28515238943684723,0.7215121136173768
openstack,FP,llm_lofo,qwen36_27b_local,full,0.2,,280cc7c5ae4b07a9a1e23b8f9cc925be9872c8e1,0.8,0.4246867167919799,0.16537791017269501,0.37531328320802015
openstack,FP,llm_lofo,qwen36_27b_local,full,0.2,,6aecf475dbff9c7d477378c021749b987d47deae,0.8,0.5162238930659983,0.09309269098493056,0.2837761069340018
openstack,FP,llm_lofo,qwen36_27b_local,full,0.2,,baa52224dc73e8ca3bdcbdaa5d62bc26fb38052f,1.0,0.450125313283208,0.14514380874406785,0.5498746867167921
openstack,FP,llm_lofo,qwen36_27b_local,full,0.2,,70de423255fd01822188bb9082a0c0cc1c8ec2d0,0.7,0.4501002506265664,0.14023185335640703,0.24989974937343357
openstack,FP,llm_lofo,qwen36_27b_local,full,0.2,,2bb9e5563c69f79d5da23668b08dd9c88f9d4348,0.6952380952380952,0.49611528822055134,0.15654281708429502,0.19912280701754387
openstack,FP,llm_lofo,qwen36_27b_local,full,0.2,,41d6b479fe8baf66578044b8773c3b892d64a2c4,0.7428571428571428,0.5052464494569757,0.13720744877253424,0.23761069340016705
openstack,FP,llm_lofo,qwen36_27b_local,full,0.2,,e4ea54104ec38f5fe4c792d4d3d1865de34bb4c3,1.0,0.47355889724310773,0.11807429310760277,0.5264411027568923
openstack,FP,llm_lofo,qwen36_27b_local,full,0.2,,a985e34cdeef777fe7ff943e363a5f1be6d991b7,0.8666666666666666,0.5271428571428571,0.11823874780121853,0.33952380952380945
openstack,FP,llm_lofo,qwen36_27b_local,full,0.2,,ce12d7a1e53fffce57baab18de2ab885ba1df8ee,1.0,0.5348370927318296,0.07760767271423727,0.46516290726817044
openstack,FP,llm_lofo,qwen36_27b_local,full,0.2,,3eea37b85b1abc72786a2b24baf01141b4d95f08,0.8666666666666666,0.3486215538847118,0.1842005648903879,0.5180451127819548
openstack,FP,llm_lofo,qwen36_27b_local,full,0.2,,750e065d6d137715dd03d5c90623145177f64cbb,0.7666666666666666,0.4487468671679198,0.31129597146965643,0.3179197994987468
openstack,TN,llm_lofo,qwen36_27b_local,full,0.2,,467b4e4d419f0ca5db8468516d64ffec5cedc67e,0.8666666666666666,0.4074561403508772,0.14904070200277555,0.4592105263157894
openstack,TN,llm_lofo,qwen36_27b_local,full,0.2,,936f765b855d7af14ae557383f0dcc6fd9e8655c,0.8,0.5454870509607351,0.035840463461178036,0.2545129490392649
openstack,TN,llm_lofo,qwen36_27b_local,full,0.2,,8b44c9df29572efca928c1d36fa3e7a90e94caa0,0.5476190476190477,0.3997827903091061,0.1819084191324004,0.1478362573099416
openstack,TN,llm_lofo,qwen36_27b_local,full,0.2,,4d75cbf3c35a8aa917d3970beac99d612f13eed3,0.7,0.3685864661654135,0.03591762675630995,0.33141353383458644
openstack,TN,llm_lofo,qwen36_27b_local,full,0.2,,2ecaad46a737c24965ae81fc19947db9264de684,0.8666666666666666,0.4173099415204678,0.06536180708204055,0.4493567251461988
openstack,TN,llm_lofo,qwen36_27b_local,full,0.2,,bfb9d3f179607c25f91d77585f97df6d0704c253,0.7428571428571428,0.5325279866332497,0.07441544875539867,0.21032915622389303
openstack,TN,llm_lofo,qwen36_27b_local,full,0.2,,1a3f2e8f44f0138d0328312e07b1341970c7903a,0.6714285714285715,0.4116374269005848,0.1658275184760692,0.2597911445279867
openstack,TN,llm_lofo,qwen36_27b_local,full,0.2,,70fad48add19cc565726f098e1e7a2165b24cc77,0.6857142857142857,0.4607451963241437,0.08813411089503206,0.22496908939014204
openstack,TN,llm_lofo,qwen36_27b_local,full,0.2,,79a1a113775df87d420b242cea4bbf953df3779c,0.7333333333333333,0.43873851294903926,0.15713317121587458,0.294594820384294
openstack,TN,llm_lofo,qwen36_27b_local,full,0.2,,dd444d84759d7b3c17e7c3e97f9565546f9d3df2,0.8,0.44389473684210523,0.06536180708204055,0.3561052631578948
openstack,TN,llm_lofo,qwen36_27b_local,full,0.2,,747373f4bdfe4814000a88e4443b56545d5d55bd,0.34523809523809523,0.42442606516290726,0.22364070095149352,-0.07918796992481203
openstack,TN,llm_lofo,qwen36_27b_local,full,0.2,,978066fe31a5331f143a05e1fd753c729b2dcf09,0.8666666666666666,0.5379114452798663,0.035840463461178036,0.32875522138680024
openstack,TN,llm_lofo,qwen36_27b_local,full,0.2,,545925c66cb3ee005aa7e497ad4b3c97eb2f410b,0.8666666666666666,0.5274101921470342,0.0777763316422011,0.33925647451963237
openstack,TN,llm_lofo,qwen36_27b_local,full,0.2,,d2e40a3e49819dace92975de3e3d7ba3a3fac79d,0.6857142857142857,0.4760685045948203,0.08813411089503206,0.2096457811194654
openstack,TN,llm_lofo,qwen36_27b_local,full,0.2,,57566f4c8d2929c25e76564883369a7c6eda720a,0.6444444444444445,0.26594820384294066,0.19469848382750557,0.37849624060150383
openstack,TN,llm_lofo,qwen36_27b_local,full,0.2,,87be408b126e81ded85b03896f9c85f8a8d4ac90,0.7,0.49970760233918127,0.09403579430594373,0.2002923976608187
openstack,TN,llm_lofo,qwen36_27b_local,full,0.2,,dd13c2784b5aec539197d1b76fafc6a6b38a33e8,0.8,0.3040434419381788,0.16145522656293612,0.49595655806182126
openstack,TN,llm_lofo,qwen36_27b_local,full,0.2,,1e6538d43e76b867776cf226e1d6d6c900412f99,0.5388888888888889,0.4601888053467001,0.12824248332730068,0.07870008354218877
openstack,TN,llm_lofo,qwen36_27b_local,full,0.2,,348b7a9f7d64094d60ece0460aed02b66c52f1b1,0.38035714285714284,0.3475062656641604,0.20297483353427925,0.032850877192982464
openstack,TN,llm_lofo,qwen36_27b_local,full,0.2,,5cc9d999352c21d3f4b5c39d3ea9d4378ca86544,0.7,0.4497861319966583,0.12295807095091364,0.25021386800334167
openstack,TP,llm_lofo,qwen36_27b_local,full,0.2,,eaf6340847c35ace3b4b681a95b8a79a7a3f2491,0.8666666666666666,0.473032581453634,0.1362364512559856,0.39363408521303256
openstack,TP,llm_lofo,qwen36_27b_local,full,0.2,,fd351903a1759109f66d0c66d42cd3a1b7f23861,0.8666666666666666,0.5075605680868839,0.10781682086625276,0.3591060985797827
openstack,TP,llm_lofo,qwen36_27b_local,full,0.2,,83a5f90f82b40be4c74685f557d6af0f8a3b1a30,0.7333333333333333,0.4871261487050961,0.15397743312694348,0.2462071846282372
openstack,TP,llm_lofo,qwen36_27b_local,full,0.2,,6f1a1f5e8ead9ceb145e13927cd9ae7fdca9add4,0.5214285714285715,0.45711361737677525,0.14961288164473774,0.06431495405179621
openstack,TP,llm_lofo,qwen36_27b_local,full,0.2,,e7bdd19f0ed7d4c61d195735ee43a11da78f97d6,0.7333333333333333,0.508563074352548,0.10251426759484768,0.2247702589807853
openstack,TP,llm_lofo,qwen36_27b_local,full,0.2,,7cfdf4aa811fb708d9fed4e36aec79c26d19cfee,0.8,0.3555012531328321,0.17465479307266252,0.44449874686716795
openstack,TP,llm_lofo,qwen36_27b_local,full,0.2,,e55a5f412bf6bc343eb8bb11348afe57c2012066,0.8666666666666666,0.20188805346700084,0.3800291889759054,0.6647786131996658
openstack,TP,llm_lofo,qwen36_27b_local,full,0.2,,c08f99c7e072e349632684d565bcac357ce93b6d,0.5869047619047618,0.3920392648287385,0.18784605170982804,0.1948654970760233
openstack,TP,llm_lofo,qwen36_27b_local,full,0.2,,45662d77a2da77714f8e792e86ebd64a52270ef5,0.8666666666666666,0.42791144527986635,0.21336252230923866,0.43875522138680023
openstack,TP,llm_lofo,qwen36_27b_local,full,0.2,,6f31523b314e7ac4ad83d13842cf2fa1014c39b2,1.0,0.45906432748538006,0.1293801850395033,0.5409356725146199
openstack,TP,llm_lofo,qwen36_27b_local,full,0.2,,76d3c644f3f5866a5c07f80b66132d81b8b57e78,1.0,0.4482706766917293,0.144277614511696,0.5517293233082707
openstack,TP,llm_lofo,qwen36_27b_local,full,0.2,,88c62c1ca290c1d2a33ff192a302e492a4b11cb3,0.6523809523809524,0.4194152046783625,0.2926852743850961,0.23296574770258988
openstack,TP,llm_lofo,qwen36_27b_local,full,0.2,,379cf65d82b11f5e6f8732a585d5373beda85046,1.0,0.49954051796157056,0.08891356464613781,0.5004594820384294
openstack,TP,llm_lofo,qwen36_27b_local,full,0.2,,03db94ebaa3fc2c76694fd566e2c9eefbf851a7f,0.6535714285714286,0.35211779448621555,0.14961288164473774,0.30145363408521303
openstack,TP,llm_lofo,qwen36_27b_local,full,0.2,,22c9cf3d95c3d14351045bac2920b4e0994ec42f,0.8666666666666666,0.33791144527986633,0.1710642118032508,0.5287552213868003
openstack,TP,llm_lofo,qwen36_27b_local,full,0.2,,092820939d53268152893a15fdaf5129554fbcb3,0.8666666666666666,0.40382623224728487,0.12866277856131367,0.4628404344193817
openstack,TP,llm_lofo,qwen36_27b_local,full,0.2,,40eaa89a9001edda3e1146831b26aaf7ded64c4a,0.6047619047619047,0.35791144527986635,0.19053898766188684,0.24685045948203838
openstack,TP,llm_lofo,qwen36_27b_local,full,0.2,,56324c12aa58ff9cf46582611b071f3abb743ddf,0.9199999999999999,0.3959824561403509,0.19055325714364782,0.524017543859649
openstack,TP,llm_lofo,qwen36_27b_local,full,0.2,,5f2b88b1aafb9a35638e54f796685f633428b6a5,1.0,0.49954051796157056,0.08891356464613781,0.5004594820384294
openstack,TP,llm_lofo,qwen36_27b_local,full,0.2,,3b28cb2a10f7746a32cb7f7b62b6fc92ebcfb1e5,1.0,0.35570175438596485,0.1696731729809293,0.6442982456140351
openstack,FN,llm_lofo,qwen36_27b_local,full,0.2,,1476b030bd53deddd85468c0d8b545d8f8f30f19,0.6799999999999999,0.47296992481203004,0.0788453282007526,0.2070300751879699
openstack,FN,llm_lofo,qwen36_27b_local,full,0.2,,ab1cb6378f136ae8adcb0027385b43763e402cca,0.8666666666666666,0.5122339181286549,0.10624410976329546,0.35443274853801165
openstack,FN,llm_lofo,qwen36_27b_local,full,0.2,,2b60912d5667350eae7ecbc67d4dba3658518d10,0.6714285714285715,0.5290242272347535,0.1278842621456126,0.14240434419381798
openstack,FN,llm_lofo,qwen36_27b_local,full,0.2,,763fd62464e9a0753e061171cc1fd826055bbc01,0.8666666666666666,0.5967451963241437,0.12982288828753968,0.2699214703425229
openstack,FN,llm_lofo,qwen36_27b_local,full,0.2,,267eea50fd9e9c74faa96d529a7ec2fd8aa8d51f,0.8666666666666666,0.3679156223893066,0.204360832221559,0.49875104427736
openstack,FN,llm_lofo,qwen36_27b_local,full,0.2,,bc6ca87a6a01ecbda926a78d07cadbd4e3ab97e0,0.5444444444444445,0.300375939849624,0.4061772303954097,0.2440685045948205
openstack,FN,llm_lofo,qwen36_27b_local,full,0.2,,703ba3c4e3d0b442c3097b6c844a59e560c09fe8,0.7333333333333333,0.4572280701754386,0.14112912757268992,0.2761052631578947
openstack,FN,llm_lofo,qwen36_27b_local,full,0.2,,e3df049cad2b7a264acbad4d6baecbc813546e5d,0.8,0.5703876357560568,0.07354277492934753,0.22961236424394327
openstack,FN,llm_lofo,qwen36_27b_local,full,0.2,,d1b3adfbe471ad99ddf0dd2b483b77435c157aea,0.8,0.5587234753550543,0.0986888317456355,0.24127652464494576
openstack,FN,llm_lofo,qwen36_27b_local,full,0.2,,848664f646bf087df59778434daa6feae1e71c74,0.7666666666666666,0.4429741019214703,0.19854284121528365,0.3236925647451963
openstack,FN,llm_lofo,qwen36_27b_local,full,0.2,,91a8cd2952a25b340f5778cace95910e43cbcbb6,0.6714285714285715,0.399406850459482,0.22396198550064272,0.2720217209690895
openstack,FN,llm_lofo,qwen36_27b_local,full,0.2,,d402747547e1a356c6c2c20b57f52af39b63e831,0.5190476190476191,0.48416374269005846,0.1278842621456126,0.03488387635756063
openstack,FN,llm_lofo,qwen36_27b_local,full,0.2,,017dd6b4bcf92c14d49421268cb571c00879f3cc,0.8800000000000001,0.49968504594820384,0.12529352584713369,0.3803149540517963
openstack,FN,llm_lofo,qwen36_27b_local,full,0.2,,913a99c79456abbfef1642e6dc70e6a4ff4e25db,0.3829365079365079,0.31667167919799494,0.2663231192983582,0.06626482873851297
openstack,FN,llm_lofo,qwen36_27b_local,full,0.2,,1c6b2fce289b68af92afeddf8d30efcda1903f06,1.0,0.6164828738512949,0.04833875120895129,0.38351712614870515
openstack,FN,llm_lofo,qwen36_27b_local,full,0.2,,8ccdc4ac5053c6e39660044a9f8c1f695370e9a7,1.0,0.5029239766081871,0.13197526169118814,0.4970760233918129
openstack,FN,llm_lofo,qwen36_27b_local,full,0.2,,c2c37272bf788aac63399127cddd487dc0f15c38,0.7333333333333333,0.5186549707602338,0.15804945398034728,0.21467836257309947
openstack,FN,llm_lofo,qwen36_27b_local,full,0.2,,37510ac03478704bafba89e8c4f4e0e9041d661d,0.7,0.5093742690058479,0.0960906946765492,0.19062573099415203
openstack,FN,llm_lofo,qwen36_27b_local,full,0.2,,221f386029faf499c5a445374685cba5b67df31e,1.0,0.6164828738512949,0.04833875120895129,0.38351712614870515
openstack,FN,llm_lofo,qwen36_27b_local,full,0.2,,589c495c1ae62129e20ab5e2641e330541eee01f,0.5809523809523809,0.37786299081035923,0.215511452975618,0.20308939014202165
qt,FP,llm_counterfactual,qwen36_27b_local,full,0.2,,3d3ce2afe1937531f5fdc2af56697e93133e6d98,0.7666666666666666,0.5781737677527151,0.0620274892786913,0.1884928989139515
qt,FP,llm_counterfactual,qwen36_27b_local,full,0.2,,8835c0376befd009702b9a17c506639e31c842b9,1.0,0.6807268170426065,0.02815734450247772,0.3192731829573935
qt,FP,llm_counterfactual,qwen36_27b_local,full,0.2,,093064fdeb6e777d2dc88dbb4f4adb8fddac3aa5,1.0,0.6807268170426065,0.02815734450247772,0.3192731829573935
qt,FP,llm_counterfactual,qwen36_27b_local,full,0.2,,08cfd02312d21391c956b8bf50ab7d6caa0d8082,0.7333333333333333,0.5777460317460318,0.12901015519505066,0.1555873015873015
qt,FP,llm_counterfactual,qwen36_27b_local,full,0.2,,a02b371eb2f34bf198c95cf0caa1fbad639f96bb,0.7666666666666666,0.48479197994987466,0.1436341634757233,0.28187468671679194
qt,FP,llm_counterfactual,qwen36_27b_local,full,0.2,,86d91d2bf8e7ac7a75f88f0e4886140abc06fd4c,0.7333333333333333,0.5499465329991645,0.16064288079990865,0.18338680033416876
qt,FP,llm_counterfactual,qwen36_27b_local,full,0.2,,41ae544c40e0568bd627a992a23b8c8f8f5cc27d,1.0,0.5370927318295738,0.06739894630321525,0.46290726817042616
qt,FP,llm_counterfactual,qwen36_27b_local,full,0.2,,237c867a002c8035aac7ff8a870da717eb7b0878,0.8666666666666666,0.644531328320802,0.0818709928235742,0.22213533834586463
qt,FP,llm_counterfactual,qwen36_27b_local,full,0.2,,571b11d41c9dadd5ef11e4e954c16c5ca39d718e,0.8666666666666666,0.4313333333333333,0.1425263929863409,0.4353333333333333
qt,FP,llm_counterfactual,qwen36_27b_local,full,0.2,,02b7ec05d5713aec67577cebc18e5906b5a98598,0.8666666666666666,0.38772765246449453,0.23268688025093243,0.47893901420217205
qt,FP,llm_counterfactual,qwen36_27b_local,full,0.2,,1af927976ac953f922e35d71a16a32d328bb2efd,0.7,0.5483792815371763,0.2506798930412579,0.15162071846282366
qt,FP,llm_counterfactual,qwen36_27b_local,full,0.2,,eb93d7b51773b43e6a3e41961898a6033bcd9479,0.6761904761904762,0.46547201336675015,0.17495393423223063,0.21071846282372608
qt,FP,llm_counterfactual,qwen36_27b_local,full,0.2,,e58fdbaeb033a801ac7b5dd1f63657b36d6e1305,0.7714285714285715,0.49588972431077694,0.1275888503485145,0.2755388471177945
qt,FP,llm_counterfactual,qwen36_27b_local,full,0.2,,ddb4fb4c60987ce6e0b9e50de9a5f3a7ff0e8757,0.7333333333333333,0.4311161236424394,0.21263322379656582,0.3022172096908939
qt,FP,llm_counterfactual,qwen36_27b_local,full,0.2,,36997810d9fec492635152be89efaa55208e224a,0.5809523809523809,0.4535380116959064,0.1787956907650104,0.12741436925647448
qt,FP,llm_counterfactual,qwen36_27b_local,full,0.2,,6a91dcba2e4fa85dc345c2d403c757ab7676e28c,0.8666666666666666,0.6533032581453633,0.0620274892786913,0.2133634085213033
qt,FP,llm_counterfactual,qwen36_27b_local,full,0.2,,1c6d5b0696f324495e95a12f7718ae7593c9b58a,0.6952380952380952,0.5958295739348372,0.1542751845272895,0.09940852130325806
qt,FP,llm_counterfactual,qwen36_27b_local,full,0.2,,cd542a82b0c2d5c9a4ea167a84e5ea8a25c5d969,0.7666666666666666,0.44249791144527983,0.1848831975062202,0.3241687552213868
qt,FP,llm_counterfactual,qwen36_27b_local,full,0.2,,3981a1f440914e8108af3d854a1b01dd596a8a0e,0.6457142857142857,0.4811670843776107,0.21263322379656582,0.164547201336675
qt,FP,llm_counterfactual,qwen36_27b_local,full,0.2,,753c744b23abfecad6463890dfdf6e97c7eeaa5c,0.7428571428571428,0.5337560568086883,0.1275888503485145,0.20910108604845445
qt,TN,llm_counterfactual,qwen36_27b_local,full,0.2,,eb5994df1307b2e17e729374e1f7ab1c8fe82750,0.8666666666666666,0.6912982456140351,0.01775707964965,0.1753684210526315
qt,TN,llm_counterfactual,qwen36_27b_local,full,0.2,,5cb54cb5ebae99fab121061e25e26eec3056203a,1.0,0.5622807017543859,0.07351227134726017,0.43771929824561406
qt,TN,llm_counterfactual,qwen36_27b_local,full,0.2,,9a50333dd03969abb3f09c0f90dcb4afd048e47a,0.6714285714285715,0.6357443609022556,0.1056880980794022,0.035684210526315874
qt,TN,llm_counterfactual,qwen36_27b_local,full,0.2,,bd79c331f14e6cfab9e0b5815404c8194526e8f1,0.638095238095238,0.4664628237259816,0.1056880980794022,0.17163241436925647
qt,TN,llm_counterfactual,qwen36_27b_local,full,0.2,,67ee72f3145fd14b36af408918ed3420504d3035,0.7333333333333333,0.6731929824561403,0.01775707964965,0.06014035087719294
qt,TN,llm_counterfactual,qwen36_27b_local,full,0.2,,121cdbdd30de1bee58e349859409dd08865c17f5,0.5809523809523809,0.5558646616541353,0.15842299783875588,0.025087719298245603
qt,TN,llm_counterfactual,qwen36_27b_local,full,0.2,,fc2f0fb39008f95133f6fd24662fe92195431808,0.6285714285714286,0.5909824561403508,0.1073597134781391,0.03758897243107773
qt,TN,llm_counterfactual,qwen36_27b_local,full,0.2,,9b3d91237bf38492fd97457624d4cb5cd486bd56,0.7666666666666666,0.6717593984962406,0.01775707964965,0.09490726817042605
qt,TN,llm_counterfactual,qwen36_27b_local,full,0.2,,2831fa76655c614ed3df0816401514950e79b5e6,0.5823809523809523,0.5816390977443608,0.1073597134781391,0.000741854636591488
qt,TN,llm_counterfactual,qwen36_27b_local,full,0.2,,f3ca13f3d12f52c60f4cd41d0b336c24a8d3359d,0.7666666666666666,0.624735171261487,0.08902145001022446,0.14193149540517958
qt,TN,llm_counterfactual,qwen36_27b_local,full,0.2,,e3b7957d6552e88aa23bd0ecc474db5f14981707,0.6047619047619047,0.613062656641604,0.18855480917450704,-0.008300751879699253
qt,TN,llm_counterfactual,qwen36_27b_local,full,0.2,,88a8deea86fe69448ca1586c2ee567a53dee1008,0.8666666666666666,0.6734636591478697,0.01775707964965,0.19320300751879693
qt,TN,llm_counterfactual,qwen36_27b_local,full,0.2,,bcf1167ccb52341d72e6e2921077d2244803ee8d,0.6857142857142857,0.6512130325814536,0.08132841488820262,0.034501253132832144
qt,TN,llm_counterfactual,qwen36_27b_local,full,0.2,,3e379bcc799edb6a78bc8cea093a278dbe32f33c,0.7666666666666666,0.6698395989974937,0.01775707964965,0.09682706766917293
qt,TN,llm_counterfactual,qwen36_27b_local,full,0.2,,4ebc2cf74e557b65a8ce1dc518ca92f399ce89e8,0.46428571428571425,0.4118796992481203,0.2519315536344497,0.052406015037593956
qt,TN,llm_counterfactual,qwen36_27b_local,full,0.2,,0234e5c96417f451f8de279b8ff92734836badd4,0.6761904761904762,0.6556441102756891,0.06528310176099379,0.02054636591478709
qt,TN,llm_counterfactual,qwen36_27b_local,full,0.2,,4f4ad7c262ce4723417efa14c4d3fdb875be53d0,0.7,0.6351177944862155,0.01775707964965,0.06488220551378443
qt,TN,llm_counterfactual,qwen36_27b_local,full,0.2,,e38a98ad4453974b2848eeed02d81e0c408ce0c6,0.6178571428571429,0.4664210526315789,0.1073597134781391,0.15143609022556398
qt,TN,llm_counterfactual,qwen36_27b_local,full,0.2,,9b54447e453e2cb7b7375e2c6104b2595ab1594e,0.8666666666666666,0.6853834586466164,0.01775707964965,0.18128320802005016
qt,TN,llm_counterfactual,qwen36_27b_local,full,0.2,,4331ccd4b735d9d721a384193a3d42ee2ce6c805,0.7714285714285715,0.5804260651629073,0.16935014150972708,0.19100250626566417
qt,FN,llm_counterfactual,qwen36_27b_local,full,0.2,,2ad213cc02094e003802530757fa4010720a22e6,0.619047619047619,0.5029039264828739,0.05740080019296993,0.1161436925647451
qt,FN,llm_counterfactual,qwen36_27b_local,full,0.2,,3786411f7f8770f28ba2a97cb646a0eb7a5eaa99,1.0,0.4870927318295739,0.11429756365899406,0.5129072681704261
qt,FN,llm_counterfactual,qwen36_27b_local,full,0.2,,9e99dba4a22bbf212b3e6d1e2607a16dbbd04d90,0.8666666666666666,0.5536591478696742,0.04712409668024868,0.3130075187969924
qt,FN,llm_counterfactual,qwen36_27b_local,full,0.2,,f506e01665c9bf689887ccf057a03588829efeea,0.6523809523809524,0.5820025062656641,0.05740080019296993,0.07037844611528832
qt,FN,llm_counterfactual,qwen36_27b_local,full,0.2,,18f7e6dc9f59159b70cb7e6a8745738f42d4f46f,0.7714285714285715,0.5911787802840434,0.05740080019296993,0.1802497911445281
qt,FN,llm_counterfactual,qwen36_27b_local,full,0.2,,67ced4791ddabebfa19a2f101aa292b5eba60b90,0.7233333333333334,0.5706240601503759,0.028404564698505053,0.15270927318295746
qt,FN,llm_counterfactual,qwen36_27b_local,full,0.2,,ac48071b185d17022d48c6379a2549ac2736cb8c,0.8666666666666666,0.6549924812030075,0.028404564698505053,0.21167418546365913
qt,FN,llm_counterfactual,qwen36_27b_local,full,0.2,,895cb4681ee78caaf9b99c88390a74ff1d79ae61,0.7666666666666666,0.5359908103592315,0.0641139131739242,0.23067585630743515
qt,FN,llm_counterfactual,qwen36_27b_local,full,0.2,,d8782b0cc680f09d605133bd37a44d290894c01e,0.8,0.6512882205513784,0.028404564698505053,0.14871177944862168
qt,FN,llm_counterfactual,qwen36_27b_local,full,0.2,,8cf186cc7c56144b02d5b40d8f4832ff3021e68a,0.6857142857142857,0.5853684210526316,0.10109585169593029,0.10034586466165407
qt,FN,llm_counterfactual,qwen36_27b_local,full,0.2,,eaa54a8f9884652513c7c3ab489f31ff1e5d712c,0.6714285714285715,0.4351111111111111,0.23680941264036715,0.23631746031746037
qt,FN,llm_counterfactual,qwen36_27b_local,full,0.2,,4e3917587b11432d2d892f5146b367de2a3e4864,0.7333333333333333,0.6348972431077694,0.028404564698505053,0.09843609022556388
qt,FN,llm_counterfactual,qwen36_27b_local,full,0.2,,7e298e2f2ceeee1a2d1a81238ca019d9a0c9519f,0.8666666666666666,0.6204260651629073,0.13666469229366232,0.24624060150375926
qt,FN,llm_counterfactual,qwen36_27b_local,full,0.2,,93dabeba9dc5f6cbab60e65b3cc8df5fe48745a9,0.5904761904761904,0.5027067669172932,0.11714116482313912,0.08776942355889716
qt,FN,llm_counterfactual,qwen36_27b_local,full,0.2,,e6d17c8691bfafa033b82a4d81a9caf4a2fd1b85,0.5714285714285714,0.5802606516290726,0.05740080019296993,-0.008832080200501191
qt,FN,llm_counterfactual,qwen36_27b_local,full,0.2,,5303225aef739c534714c1ac1d4dd096f0cc38d0,0.7428571428571428,0.6181854636591478,0.05740080019296993,0.12467167919799493
qt,FN,llm_counterfactual,qwen36_27b_local,full,0.2,,a69edf01cb0a2a06282dc7b89724ffa542f6546d,0.6785714285714286,0.5803508771929824,0.1672039125987186,0.09822055137844621
qt,FN,llm_counterfactual,qwen36_27b_local,full,0.2,,6486a4bd196ca2bf0047ae80e78eee06e5e18e18,0.7,0.5498045112781954,0.1173811468789089,0.15019548872180455
qt,FN,llm_counterfactual,qwen36_27b_local,full,0.2,,5629823b05ca7d24924ac879b5a0469a3cb03e78,0.5619047619047619,0.44339849624060146,0.29589967644035314,0.11850626566416045
qt,FN,llm_counterfactual,qwen36_27b_local,full,0.2,,cdbc4b83d59e08189d6ece9ccd88a646be155c08,0.8666666666666666,0.6053634085213032,0.0641139131739242,0.26130325814536337
qt,TP,llm_counterfactual,qwen36_27b_local,full,0.2,,256bbc4f139036a780a63b80af8bb461a77d333a,1.0,0.6862155388471178,0.04301833124934622,0.31378446115288217
qt,TP,llm_counterfactual,qwen36_27b_local,full,0.2,,ae292be8690109940fdd9862321b2389a0957404,0.7666666666666666,0.5002255639097744,0.17125787133338616,0.26644110275689226
qt,TP,llm_counterfactual,qwen36_27b_local,full,0.2,,fa7626713b3a943609453459190e16c49d61dfd3,1.0,0.6568922305764411,0.04301833124934622,0.3431077694235589
qt,TP,llm_counterfactual,qwen36_27b_local,full,0.2,,da8ace713a19d2a8c9831ddf50d17607bc4856cc,1.0,0.680952380952381,0.03841225399097348,0.319047619047619
qt,TP,llm_counterfactual,qwen36_27b_local,full,0.2,,d31304eab9e7424edc20fb83a8a19cd979458029,0.7666666666666666,0.6387468671679197,0.05185371520402746,0.12791979949874688
qt,TP,llm_counterfactual,qwen36_27b_local,full,0.2,,9bd30943bae136d28d42b9a9188a8586c963d461,0.8,0.5917042606516291,0.09425514844596461,0.20829573934837098
qt,TP,llm_counterfactual,qwen36_27b_local,full,0.2,,dfda6f14b3e210a33b71ef1c6fa3c75a9c866cce,0.8,0.6030075187969925,0.10913628271239763,0.1969924812030075
qt,TP,llm_counterfactual,qwen36_27b_local,full,0.2,,5dd76ba31c3c7cb9c0d9d97cd62f0d2f535a23f7,0.7666666666666666,0.6348621553884711,0.2236472700965411,0.13180451127819548
qt,TP,llm_counterfactual,qwen36_27b_local,full,0.2,,267edbec198a0cedbf7bed4c3c5fa93c1dbc86bd,0.7333333333333333,0.6653132832080201,0.11055410250624045,0.0680200501253132
qt,TP,llm_counterfactual,qwen36_27b_local,full,0.2,,9d23aebb271ea534a66cb3aceb2e63d9a1c870d6,0.5869047619047618,0.5739849624060149,0.17877291406168277,0.012919799498746887
qt,TP,llm_counterfactual,qwen36_27b_local,full,0.2,,d3393ce25833c0afd7f0fa6b85fd6f3bd7ad520a,0.6714285714285715,0.5154135338345864,0.25353591462441327,0.15601503759398505
qt,TP,llm_counterfactual,qwen36_27b_local,full,0.2,,03a1675eac4baf8c7a6e0602102bbafa3176771c,1.0,0.5513784461152882,0.14586096872706983,0.4486215538847118
qt,TP,llm_counterfactual,qwen36_27b_local,full,0.2,,a50911bc0bfca1185e99ce6638fbf03cf592789d,0.8666666666666666,0.6409273182957393,0.10913628271239763,0.22573934837092724
qt,TP,llm_counterfactual,qwen36_27b_local,full,0.2,,bb199cc8ad4111808260f6255312b08c7d81dcbc,0.8666666666666666,0.5609189640768588,0.14139431081744108,0.30574770258980777
qt,TP,llm_counterfactual,qwen36_27b_local,full,0.2,,b254b03dc3b1cfcfc5f17158d2470e0a9a946a0e,0.638095238095238,0.5622055137844612,0.19059323964514693,0.0758897243107769
qt,TP,llm_counterfactual,qwen36_27b_local,full,0.2,,1a7bc520c5df4da80b7e65acbec1f546f9c87870,0.8,0.623141186299081,0.10913628271239763,0.17685881370091905
qt,TP,llm_counterfactual,qwen36_27b_local,full,0.2,,afbb57ae84ecbee5fab9eb6e58356b19d7995ea5,0.8666666666666666,0.6504010025062656,0.09425514844596461,0.21626566416040094
qt,TP,llm_counterfactual,qwen36_27b_local,full,0.2,,17513266b81e88b84fda250734f07c94a198fabc,0.8666666666666666,0.6683709273182957,0.05185371520402746,0.19829573934837086
qt,TP,llm_counterfactual,qwen36_27b_local,full,0.2,,a4f8b9ae6dfacf9ad5c190cde6098ebf13102f41,0.8,0.6383959899749373,0.05185371520402746,0.16160401002506275
qt,TP,llm_counterfactual,qwen36_27b_local,full,0.2,,fca89004d75412dd378cc44ad79ed3c1e05c765b,1.0,0.680952380952381,0.03841225399097348,0.319047619047619
qt,FP,llm_kernelshap,qwen36_27b_local,full,0.2,,3d3ce2afe1937531f5fdc2af56697e93133e6d98,0.6952380952380952,0.4000751879699248,0.20354422419439422,0.2951629072681704
qt,FP,llm_kernelshap,qwen36_27b_local,full,0.2,,8835c0376befd009702b9a17c506639e31c842b9,0.8666666666666666,0.49431077694235587,0.08478339774566421,0.3723558897243107
qt,FP,llm_kernelshap,qwen36_27b_local,full,0.2,,093064fdeb6e777d2dc88dbb4f4adb8fddac3aa5,0.6238095238095238,0.4163659147869674,0.16695621533702665,0.20744360902255643
qt,FP,llm_kernelshap,qwen36_27b_local,full,0.2,,08cfd02312d21391c956b8bf50ab7d6caa0d8082,0.8666666666666666,0.4545363408521303,0.13935153910186304,0.4121303258145363
qt,FP,llm_kernelshap,qwen36_27b_local,full,0.2,,a02b371eb2f34bf198c95cf0caa1fbad639f96bb,0.8,0.3994152046783625,0.13192256011714068,0.40058479532163754
qt,FP,llm_kernelshap,qwen36_27b_local,full,0.2,,86d91d2bf8e7ac7a75f88f0e4886140abc06fd4c,0.8666666666666666,0.48799498746867165,0.13192256011714068,0.37867167919799494
qt,FP,llm_kernelshap,qwen36_27b_local,full,0.2,,41ae544c40e0568bd627a992a23b8c8f8f5cc27d,0.8,0.47390977443609017,0.12334643327229074,0.3260902255639099
qt,FP,llm_kernelshap,qwen36_27b_local,full,0.2,,237c867a002c8035aac7ff8a870da717eb7b0878,0.8,0.5249373433583959,0.11922345846532176,0.2750626566416041
qt,FP,llm_kernelshap,qwen36_27b_local,full,0.2,,571b11d41c9dadd5ef11e4e954c16c5ca39d718e,0.7333333333333333,0.3393567251461988,0.24394922051280263,0.3939766081871345
qt,FP,llm_kernelshap,qwen36_27b_local,full,0.2,,02b7ec05d5713aec67577cebc18e5906b5a98598,0.7,0.35852965747702586,0.22747783471226876,0.3414703425229741
qt,FP,llm_kernelshap,qwen36_27b_local,full,0.2,,1af927976ac953f922e35d71a16a32d328bb2efd,0.7,0.4168337510442774,0.23160656086744796,0.28316624895572257
qt,FP,llm_kernelshap,qwen36_27b_local,full,0.2,,eb93d7b51773b43e6a3e41961898a6033bcd9479,0.8666666666666666,0.3711361737677527,0.17791457462848956,0.4955304928989139
qt,FP,llm_kernelshap,qwen36_27b_local,full,0.2,,e58fdbaeb033a801ac7b5dd1f63657b36d6e1305,0.6952380952380952,0.3451127819548872,0.21552862663914077,0.350125313283208
qt,FP,llm_kernelshap,qwen36_27b_local,full,0.2,,ddb4fb4c60987ce6e0b9e50de9a5f3a7ff0e8757,1.0,0.3350877192982456,0.25277771538848076,0.6649122807017545
qt,FP,llm_kernelshap,qwen36_27b_local,full,0.2,,36997810d9fec492635152be89efaa55208e224a,0.6761904761904762,0.3454887218045113,0.23306427623981496,0.33070175438596494
qt,FP,llm_kernelshap,qwen36_27b_local,full,0.2,,6a91dcba2e4fa85dc345c2d403c757ab7676e28c,1.0,0.5622807017543859,0.0729803032725748,0.43771929824561406
qt,FP,llm_kernelshap,qwen36_27b_local,full,0.2,,1c6d5b0696f324495e95a12f7718ae7593c9b58a,0.6285714285714286,0.47704260651629066,0.1631392278759858,0.1515288220551379
qt,FP,llm_kernelshap,qwen36_27b_local,full,0.2,,cd542a82b0c2d5c9a4ea167a84e5ea8a25c5d969,1.0,0.42293233082706766,0.14632546154099174,0.5770676691729324
qt,FP,llm_kernelshap,qwen36_27b_local,full,0.2,,3981a1f440914e8108af3d854a1b01dd596a8a0e,0.8666666666666666,0.46979114452798665,0.13192256011714068,0.39687552213867994
qt,FP,llm_kernelshap,qwen36_27b_local,full,0.2,,753c744b23abfecad6463890dfdf6e97c7eeaa5c,0.6952380952380952,0.44385964912280695,0.20637794206103996,0.25137844611528826
qt,TN,llm_kernelshap,qwen36_27b_local,full,0.2,,eb5994df1307b2e17e729374e1f7ab1c8fe82750,0.6523809523809524,0.5295739348370927,0.056782090026990015,0.1228070175438597
qt,TN,llm_kernelshap,qwen36_27b_local,full,0.2,,5cb54cb5ebae99fab121061e25e26eec3056203a,0.8,0.5295321637426901,0.11436964473373472,0.27046783625730997
qt,TN,llm_kernelshap,qwen36_27b_local,full,0.2,,9a50333dd03969abb3f09c0f90dcb4afd048e47a,0.7428571428571428,0.5799248120300752,0.08421941430625679,0.1629323308270676
qt,TN,llm_kernelshap,qwen36_27b_local,full,0.2,,bd79c331f14e6cfab9e0b5815404c8194526e8f1,0.638095238095238,0.45335004177109434,0.12392898695524422,0.1847451963241437
qt,TN,llm_kernelshap,qwen36_27b_local,full,0.2,,67ee72f3145fd14b36af408918ed3420504d3035,0.5134920634920634,0.5446115288220552,0.14851268881861868,-0.03111946532999177
qt,TN,llm_kernelshap,qwen36_27b_local,full,0.2,,121cdbdd30de1bee58e349859409dd08865c17f5,0.6714285714285715,0.5288721804511278,0.16216215702033454,0.14255639097744366
qt,TN,llm_kernelshap,qwen36_27b_local,full,0.2,,fc2f0fb39008f95133f6fd24662fe92195431808,0.7333333333333333,0.6038345864661654,0.06180640490642881,0.1294987468671679
qt,TN,llm_kernelshap,qwen36_27b_local,full,0.2,,9b3d91237bf38492fd97457624d4cb5cd486bd56,0.5714285714285714,0.5488972431077694,0.0830028809380951,0.022531328320801958
qt,TN,llm_kernelshap,qwen36_27b_local,full,0.2,,2831fa76655c614ed3df0816401514950e79b5e6,0.7333333333333333,0.6318045112781955,0.027682736171528485,0.1015288220551378
qt,TN,llm_kernelshap,qwen36_27b_local,full,0.2,,f3ca13f3d12f52c60f4cd41d0b336c24a8d3359d,0.5571428571428572,0.5617293233082706,0.11843544922254634,-0.004586466165413472
qt,TN,llm_kernelshap,qwen36_27b_local,full,0.2,,e3b7957d6552e88aa23bd0ecc474db5f14981707,0.5095238095238095,0.5089974937343358,0.22954656033365745,0.000526315789473708
qt,TN,llm_kernelshap,qwen36_27b_local,full,0.2,,88a8deea86fe69448ca1586c2ee567a53dee1008,0.8666666666666666,0.6105513784461153,0.027682736171528485,0.2561152882205513
qt,TN,llm_kernelshap,qwen36_27b_local,full,0.2,,bcf1167ccb52341d72e6e2921077d2244803ee8d,0.7333333333333333,0.6097493734335839,0.027682736171528485,0.12358395989974935
qt,TN,llm_kernelshap,qwen36_27b_local,full,0.2,,3e379bcc799edb6a78bc8cea093a278dbe32f33c,0.8,0.6328070175438596,0.027682736171528485,0.16719298245614045
qt,TN,llm_kernelshap,qwen36_27b_local,full,0.2,,4ebc2cf74e557b65a8ce1dc518ca92f399ce89e8,0.8666666666666666,0.5195238095238095,0.14696242402081983,0.3471428571428571
qt,TN,llm_kernelshap,qwen36_27b_local,full,0.2,,0234e5c96417f451f8de279b8ff92734836badd4,0.6285714285714286,0.5934670008354218,0.056782090026990015,0.03510442773600675
qt,TN,llm_kernelshap,qwen36_27b_local,full,0.2,,4f4ad7c262ce4723417efa14c4d3fdb875be53d0,0.6047619047619047,0.5247117794486216,0.10355478261801758,0.08005012531328315
qt,TN,llm_kernelshap,qwen36_27b_local,full,0.2,,e38a98ad4453974b2848eeed02d81e0c408ce0c6,0.5904761904761904,0.4528070175438596,0.12123605100318542,0.13766917293233077
qt,TN,llm_kernelshap,qwen36_27b_local,full,0.2,,9b54447e453e2cb7b7375e2c6104b2595ab1594e,0.7428571428571428,0.4670760233918128,0.06180640490642881,0.27578111946532996
qt,TN,llm_kernelshap,qwen36_27b_local,full,0.2,,4331ccd4b735d9d721a384193a3d42ee2ce6c805,0.7666666666666666,0.4176190476190476,0.18338150566043931,0.349047619047619
qt,FN,llm_kernelshap,qwen36_27b_local,full,0.2,,2ad213cc02094e003802530757fa4010720a22e6,0.8,0.3532163742690058,0.17034633474473118,0.4467836257309942
qt,FN,llm_kernelshap,qwen36_27b_local,full,0.2,,3786411f7f8770f28ba2a97cb646a0eb7a5eaa99,0.8,0.6049122807017544,0.05809348284399948,0.19508771929824564
qt,FN,llm_kernelshap,qwen36_27b_local,full,0.2,,9e99dba4a22bbf212b3e6d1e2607a16dbbd04d90,0.7666666666666666,0.61,0.1771331758727082,0.15666666666666662
qt,FN,llm_kernelshap,qwen36_27b_local,full,0.2,,f506e01665c9bf689887ccf057a03588829efeea,0.8666666666666666,0.6021303258145363,0.1396727059351335,0.2645363408521303
qt,FN,llm_kernelshap,qwen36_27b_local,full,0.2,,18f7e6dc9f59159b70cb7e6a8745738f42d4f46f,0.7666666666666666,0.6128571428571428,0.09348946536924563,0.15380952380952384
qt,FN,llm_kernelshap,qwen36_27b_local,full,0.2,,67ced4791ddabebfa19a2f101aa292b5eba60b90,0.5214285714285715,0.5040183792815371,0.1469856300443007,0.01741019214703432
qt,FN,llm_kernelshap,qwen36_27b_local,full,0.2,,ac48071b185d17022d48c6379a2549ac2736cb8c,0.6285714285714286,0.5979281537176274,0.11512183436256876,0.03064327485380114
qt,FN,llm_kernelshap,qwen36_27b_local,full,0.2,,895cb4681ee78caaf9b99c88390a74ff1d79ae61,0.619047619047619,0.4913700918964077,0.1209267896485124,0.12767752715121128
qt,FN,llm_kernelshap,qwen36_27b_local,full,0.2,,d8782b0cc680f09d605133bd37a44d290894c01e,0.5809523809523809,0.45777777777777773,0.1376120158739012,0.12317460317460316
qt,FN,llm_kernelshap,qwen36_27b_local,full,0.2,,8cf186cc7c56144b02d5b40d8f4832ff3021e68a,0.6285714285714286,0.4961487050960735,0.125608186501722,0.13242272347535505
qt,FN,llm_kernelshap,qwen36_27b_local,full,0.2,,eaa54a8f9884652513c7c3ab489f31ff1e5d712c,0.8666666666666666,0.6067251461988304,0.09253354356365703,0.25994152046783614
qt,FN,llm_kernelshap,qwen36_27b_local,full,0.2,,4e3917587b11432d2d892f5146b367de2a3e4864,0.5714285714285714,0.5650208855472013,0.125608186501722,0.006407685881370084
qt,FN,llm_kernelshap,qwen36_27b_local,full,0.2,,7e298e2f2ceeee1a2d1a81238ca019d9a0c9519f,0.8666666666666666,0.6068086883876358,0.10110967040850698,0.2598579782790308
qt,FN,llm_kernelshap,qwen36_27b_local,full,0.2,,93dabeba9dc5f6cbab60e65b3cc8df5fe48745a9,0.8666666666666666,0.6119047619047618,0.07855174071145272,0.25476190476190474
qt,FN,llm_kernelshap,qwen36_27b_local,full,0.2,,e6d17c8691bfafa033b82a4d81a9caf4a2fd1b85,1.0,0.6565162907268169,0.035608622945119975,0.34348370927318306
qt,FN,llm_kernelshap,qwen36_27b_local,full,0.2,,5303225aef739c534714c1ac1d4dd096f0cc38d0,0.6761904761904762,0.586516290726817,0.11357582378149816,0.08967418546365924
qt,FN,llm_kernelshap,qwen36_27b_local,full,0.2,,a69edf01cb0a2a06282dc7b89724ffa542f6546d,0.7333333333333333,0.6051629072681705,0.07409858867357176,0.12817042606516282
qt,FN,llm_kernelshap,qwen36_27b_local,full,0.2,,6486a4bd196ca2bf0047ae80e78eee06e5e18e18,0.8666666666666666,0.6231161236424394,0.08808039152577607,0.24355054302422718
qt,FN,llm_kernelshap,qwen36_27b_local,full,0.2,,5629823b05ca7d24924ac879b5a0469a3cb03e78,0.7,0.5149039264828739,0.10853864939322931,0.1850960735171261
qt,FN,llm_kernelshap,qwen36_27b_local,full,0.2,,cdbc4b83d59e08189d6ece9ccd88a646be155c08,0.4821428571428571,0.40155388471177944,0.20522852832588917,0.08058897243107765
qt,TP,llm_kernelshap,qwen36_27b_local,full,0.2,,256bbc4f139036a780a63b80af8bb461a77d333a,0.8,0.5781203007518797,0.1362042645613558,0.22187969924812034
qt,TP,llm_kernelshap,qwen36_27b_local,full,0.2,,ae292be8690109940fdd9862321b2389a0957404,1.0,0.5219298245614035,0.12473548374757479,0.47807017543859653
qt,TP,llm_kernelshap,qwen36_27b_local,full,0.2,,fa7626713b3a943609453459190e16c49d61dfd3,0.6714285714285715,0.5530242272347535,0.17416022612375584,0.11840434419381796
qt,TP,llm_kernelshap,qwen36_27b_local,full,0.2,,da8ace713a19d2a8c9831ddf50d17607bc4856cc,0.7428571428571428,0.5985714285714285,0.1304651746207955,0.14428571428571424
qt,TP,llm_kernelshap,qwen36_27b_local,full,0.2,,d31304eab9e7424edc20fb83a8a19cd979458029,0.6761904761904762,0.6056140350877193,0.14110619567236168,0.07057644110275696
qt,TP,llm_kernelshap,qwen36_27b_local,full,0.2,,9bd30943bae136d28d42b9a9188a8586c963d461,0.7428571428571428,0.5079030910609857,0.2669546212053192,0.23495405179615703
qt,TP,llm_kernelshap,qwen36_27b_local,full,0.2,,dfda6f14b3e210a33b71ef1c6fa3c75a9c866cce,1.0,0.47117794486215536,0.1280036076073502,0.5288220551378446
qt,TP,llm_kernelshap,qwen36_27b_local,full,0.2,,5dd76ba31c3c7cb9c0d9d97cd62f0d2f535a23f7,1.0,0.625062656641604,0.06134018518298775,0.374937343358396
qt,TP,llm_kernelshap,qwen36_27b_local,full,0.2,,267edbec198a0cedbf7bed4c3c5fa93c1dbc86bd,0.8,0.5442857142857143,0.10952336005733256,0.2557142857142858
qt,TP,llm_kernelshap,qwen36_27b_local,full,0.2,,9d23aebb271ea534a66cb3aceb2e63d9a1c870d6,0.8666666666666666,0.6167669172932331,0.17476730008798233,0.2498997493734335
qt,TP,llm_kernelshap,qwen36_27b_local,full,0.2,,d3393ce25833c0afd7f0fa6b85fd6f3bd7ad520a,0.6857142857142857,0.5128654970760234,0.2159086038353446,0.17284878863826236
qt,TP,llm_kernelshap,qwen36_27b_local,full,0.2,,03a1675eac4baf8c7a6e0602102bbafa3176771c,0.8,0.4891228070175438,0.12824289203907618,0.31087719298245625
qt,TP,llm_kernelshap,qwen36_27b_local,full,0.2,,a50911bc0bfca1185e99ce6638fbf03cf592789d,0.7666666666666666,0.5482456140350876,0.17064432528101334,0.21842105263157896
qt,TP,llm_kernelshap,qwen36_27b_local,full,0.2,,bb199cc8ad4111808260f6255312b08c7d81dcbc,0.8666666666666666,0.5196491228070175,0.13236586684604515,0.3470175438596491
qt,TP,llm_kernelshap,qwen36_27b_local,full,0.2,,b254b03dc3b1cfcfc5f17158d2470e0a9a946a0e,0.8666666666666666,0.6480701754385965,0.075083299337675,0.21859649122807012
qt,TP,llm_kernelshap,qwen36_27b_local,full,0.2,,1a7bc520c5df4da80b7e65acbec1f546f9c87870,0.8,0.418796992481203,0.17922045212586327,0.38120300751879704
qt,TP,llm_kernelshap,qwen36_27b_local,full,0.2,,afbb57ae84ecbee5fab9eb6e58356b19d7995ea5,1.0,0.6570175438596491,0.05599640273753059,0.34298245614035094
qt,TP,llm_kernelshap,qwen36_27b_local,full,0.2,,17513266b81e88b84fda250734f07c94a198fabc,0.8,0.5614536340852131,0.14478039140620572,0.23854636591478695
qt,TP,llm_kernelshap,qwen36_27b_local,full,0.2,,a4f8b9ae6dfacf9ad5c190cde6098ebf13102f41,0.8666666666666666,0.6488471177944862,0.10507020801945159,0.21781954887218036
qt,TP,llm_kernelshap,qwen36_27b_local,full,0.2,,fca89004d75412dd378cc44ad79ed3c1e05c765b,0.8666666666666666,0.5550626566416039,0.17064432528101334,0.31160401002506266
qt,FP,llm_lime,qwen36_27b_local,full,0.2,,3d3ce2afe1937531f5fdc2af56697e93133e6d98,0.7428571428571428,0.4673182957393483,0.10639985585697882,0.27553884711779447
qt,FP,llm_lime,qwen36_27b_local,full,0.2,,8835c0376befd009702b9a17c506639e31c842b9,1.0,0.6375939849624059,0.032596308682007205,0.36240601503759406
qt,FP,llm_lime,qwen36_27b_local,full,0.2,,093064fdeb6e777d2dc88dbb4f4adb8fddac3aa5,0.5071428571428571,0.5073684210526316,0.19777435501721372,-0.00022556390977446217
qt,FP,llm_lime,qwen36_27b_local,full,0.2,,08cfd02312d21391c956b8bf50ab7d6caa0d8082,0.7428571428571428,0.5795655806182122,0.1711645353665868,0.1632915622389306
qt,FP,llm_lime,qwen36_27b_local,full,0.2,,a02b371eb2f34bf198c95cf0caa1fbad639f96bb,0.6761904761904762,0.5056892230576441,0.09770550859678424,0.17050125313283215
qt,FP,llm_lime,qwen36_27b_local,full,0.2,,86d91d2bf8e7ac7a75f88f0e4886140abc06fd4c,0.5809523809523809,0.5149958228905598,0.16025532058491668,0.0659565580618211
qt,FP,llm_lime,qwen36_27b_local,full,0.2,,41ae544c40e0568bd627a992a23b8c8f8f5cc27d,1.0,0.5957393483709273,0.04151108346367403,0.40426065162907265
qt,FP,llm_lime,qwen36_27b_local,full,0.2,,237c867a002c8035aac7ff8a870da717eb7b0878,0.7333333333333333,0.5685463659147869,0.1307595390481784,0.16478696741854637
qt,FP,llm_lime,qwen36_27b_local,full,0.2,,571b11d41c9dadd5ef11e4e954c16c5ca39d718e,0.5428571428571429,0.436750208855472,0.17539891617782133,0.10610693400167093
qt,FP,llm_lime,qwen36_27b_local,full,0.2,,02b7ec05d5713aec67577cebc18e5906b5a98598,0.5869047619047618,0.48531328320802003,0.25345424565346386,0.10159147869674179
qt,FP,llm_lime,qwen36_27b_local,full,0.2,,1af927976ac953f922e35d71a16a32d328bb2efd,0.8666666666666666,0.47872180451127816,0.1906502660219206,0.3879448621553884
qt,FP,llm_lime,qwen36_27b_local,full,0.2,,eb93d7b51773b43e6a3e41961898a6033bcd9479,0.8666666666666666,0.46549707602339174,0.19742083850441774,0.40116959064327484
qt,FP,llm_lime,qwen36_27b_local,full,0.2,,e58fdbaeb033a801ac7b5dd1f63657b36d6e1305,0.8,0.5304928989139515,0.10157523546942106,0.2695071010860486
qt,FP,llm_lime,qwen36_27b_local,full,0.2,,ddb4fb4c60987ce6e0b9e50de9a5f3a7ff0e8757,0.5547619047619048,0.4929156223893066,0.16025532058491668,0.061846282372598205
qt,FP,llm_lime,qwen36_27b_local,full,0.2,,36997810d9fec492635152be89efaa55208e224a,0.5952380952380951,0.3856641604010025,0.20556194721116136,0.20957393483709263
qt,FP,llm_lime,qwen36_27b_local,full,0.2,,6a91dcba2e4fa85dc345c2d403c757ab7676e28c,1.0,0.5630325814536341,0.05298408847441782,0.4369674185463659
qt,FP,llm_lime,qwen36_27b_local,full,0.2,,1c6d5b0696f324495e95a12f7718ae7593c9b58a,0.6952380952380952,0.5909189640768588,0.10639985585697882,0.10431913116123637
qt,FP,llm_lime,qwen36_27b_local,full,0.2,,cd542a82b0c2d5c9a4ea167a84e5ea8a25c5d969,0.6857142857142857,0.37685881370091895,0.1613675520271091,0.30885547201336677
qt,FP,llm_lime,qwen36_27b_local,full,0.2,,3981a1f440914e8108af3d854a1b01dd596a8a0e,0.8666666666666666,0.5670258980785297,0.12750599782087182,0.29964076858813693
qt,FP,llm_lime,qwen36_27b_local,full,0.2,,753c744b23abfecad6463890dfdf6e97c7eeaa5c,1.0,0.6375939849624059,0.032596308682007205,0.36240601503759406
qt,TN,llm_lime,qwen36_27b_local,full,0.2,,eb5994df1307b2e17e729374e1f7ab1c8fe82750,0.5297619047619048,0.5814536340852131,0.13176666737566547,-0.051691729323308344
qt,TN,llm_lime,qwen36_27b_local,full,0.2,,5cb54cb5ebae99fab121061e25e26eec3056203a,0.6714285714285715,0.5957393483709273,0.11071241295884099,0.07568922305764414
qt,TN,llm_lime,qwen36_27b_local,full,0.2,,9a50333dd03969abb3f09c0f90dcb4afd048e47a,0.6857142857142857,0.6512280701754386,0.04078736459501183,0.03448621553884712
qt,TN,llm_lime,qwen36_27b_local,full,0.2,,bd79c331f14e6cfab9e0b5815404c8194526e8f1,0.5511904761904762,0.39151211361737676,0.1874897275181377,0.15967836257309947
qt,TN,llm_lime,qwen36_27b_local,full,0.2,,67ee72f3145fd14b36af408918ed3420504d3035,1.0,0.6708020050125313,0.02130849557958,0.3291979949874687
qt,TN,llm_lime,qwen36_27b_local,full,0.2,,121cdbdd30de1bee58e349859409dd08865c17f5,0.8,0.4689473684210526,0.13822756753872376,0.33105263157894743
qt,TN,llm_lime,qwen36_27b_local,full,0.2,,fc2f0fb39008f95133f6fd24662fe92195431808,0.7333333333333333,0.6491729323308271,0.04078736459501183,0.08416040100250621
qt,TN,llm_lime,qwen36_27b_local,full,0.2,,9b3d91237bf38492fd97457624d4cb5cd486bd56,0.6952380952380952,0.6099749373433584,0.04078736459501183,0.08526315789473682
qt,TN,llm_lime,qwen36_27b_local,full,0.2,,2831fa76655c614ed3df0816401514950e79b5e6,0.569047619047619,0.5557727652464495,0.23545194458336582,0.01327485380116955
qt,TN,llm_lime,qwen36_27b_local,full,0.2,,f3ca13f3d12f52c60f4cd41d0b336c24a8d3359d,0.5952380952380951,0.5983458646616542,0.11484822010287478,-0.003107769423559059
qt,TN,llm_lime,qwen36_27b_local,full,0.2,,e3b7957d6552e88aa23bd0ecc474db5f14981707,0.6857142857142857,0.6461152882205513,0.09699375081920761,0.03959899749373441
qt,TN,llm_lime,qwen36_27b_local,full,0.2,,88a8deea86fe69448ca1586c2ee567a53dee1008,0.6952380952380952,0.6461904761904762,0.09699375081920761,0.04904761904761901
qt,TN,llm_lime,qwen36_27b_local,full,0.2,,bcf1167ccb52341d72e6e2921077d2244803ee8d,0.6761904761904762,0.6359147869674185,0.04078736459501183,0.04027568922305769
qt,TN,llm_lime,qwen36_27b_local,full,0.2,,3e379bcc799edb6a78bc8cea093a278dbe32f33c,1.0,0.6684210526315789,0.017492506123877493,0.3315789473684211
qt,TN,llm_lime,qwen36_27b_local,full,0.2,,4ebc2cf74e557b65a8ce1dc518ca92f399ce89e8,0.7714285714285715,0.5163659147869674,0.10978642491585434,0.2550626566416041
qt,TN,llm_lime,qwen36_27b_local,full,0.2,,0234e5c96417f451f8de279b8ff92734836badd4,0.7428571428571428,0.6510275689223057,0.04078736459501183,0.09182957393483704
qt,TN,llm_lime,qwen36_27b_local,full,0.2,,4f4ad7c262ce4723417efa14c4d3fdb875be53d0,0.6047619047619047,0.5534085213032581,0.16402880804904607,0.051353383458646595
qt,TN,llm_lime,qwen36_27b_local,full,0.2,,e38a98ad4453974b2848eeed02d81e0c408ce0c6,1.0,0.42355889724310775,0.04664384514035339,0.5764411027568923
qt,TN,llm_lime,qwen36_27b_local,full,0.2,,9b54447e453e2cb7b7375e2c6104b2595ab1594e,0.6761904761904762,0.5890225563909774,0.04078736459501183,0.08716791979949878
qt,TN,llm_lime,qwen36_27b_local,full,0.2,,4331ccd4b735d9d721a384193a3d42ee2ce6c805,0.8,0.6777944862155388,0.023618780342328595,0.1222055137844612
qt,FN,llm_lime,qwen36_27b_local,full,0.2,,2ad213cc02094e003802530757fa4010720a22e6,0.7428571428571428,0.4751002506265664,0.09630152587873778,0.26775689223057636
qt,FN,llm_lime,qwen36_27b_local,full,0.2,,3786411f7f8770f28ba2a97cb646a0eb7a5eaa99,0.8666666666666666,0.5088721804511278,0.08219729698545222,0.3577944862155388
qt,FN,llm_lime,qwen36_27b_local,full,0.2,,9e99dba4a22bbf212b3e6d1e2607a16dbbd04d90,0.45,0.4067084377610693,0.2008333815958024,0.043291562238930714
qt,FN,llm_lime,qwen36_27b_local,full,0.2,,f506e01665c9bf689887ccf057a03588829efeea,0.6523809523809524,0.5894235588972431,0.1186098439394509,0.06295739348370932
qt,FN,llm_lime,qwen36_27b_local,full,0.2,,18f7e6dc9f59159b70cb7e6a8745738f42d4f46f,0.6357142857142857,0.5513408521303258,0.1186098439394509,0.08437343358395988
qt,FN,llm_lime,qwen36_27b_local,full,0.2,,67ced4791ddabebfa19a2f101aa292b5eba60b90,0.7428571428571428,0.570952380952381,0.0782048476210425,0.17190476190476178
qt,FN,llm_lime,qwen36_27b_local,full,0.2,,ac48071b185d17022d48c6379a2549ac2736cb8c,0.8666666666666666,0.6333583959899749,0.03283244981970682,0.2333082706766917
qt,FN,llm_lime,qwen36_27b_local,full,0.2,,895cb4681ee78caaf9b99c88390a74ff1d79ae61,0.6047619047619047,0.5005931495405179,0.1229878600575128,0.1041687552213868
qt,FN,llm_lime,qwen36_27b_local,full,0.2,,d8782b0cc680f09d605133bd37a44d290894c01e,0.6952380952380952,0.5957894736842105,0.04868479557562174,0.09944862155388468
qt,FN,llm_lime,qwen36_27b_local,full,0.2,,8cf186cc7c56144b02d5b40d8f4832ff3021e68a,0.8666666666666666,0.6296491228070175,0.03283244981970682,0.23701754385964913
qt,FN,llm_lime,qwen36_27b_local,full,0.2,,eaa54a8f9884652513c7c3ab489f31ff1e5d712c,0.6714285714285715,0.4108771929824561,0.1757005548580082,0.26055137844611537
qt,FN,llm_lime,qwen36_27b_local,full,0.2,,4e3917587b11432d2d892f5146b367de2a3e4864,0.7714285714285715,0.5829824561403508,0.04868479557562174,0.18844611528822064
qt,FN,llm_lime,qwen36_27b_local,full,0.2,,7e298e2f2ceeee1a2d1a81238ca019d9a0c9519f,0.5059523809523809,0.5319465329991645,0.19363217383638984,-0.02599415204678357
qt,FN,llm_lime,qwen36_27b_local,full,0.2,,93dabeba9dc5f6cbab60e65b3cc8df5fe48745a9,1.0,0.5208020050125314,0.08778672609562585,0.4791979949874686
qt,FN,llm_lime,qwen36_27b_local,full,0.2,,e6d17c8691bfafa033b82a4d81a9caf4a2fd1b85,0.7333333333333333,0.5933082706766917,0.04868479557562174,0.1400250626566416
qt,FN,llm_lime,qwen36_27b_local,full,0.2,,5303225aef739c534714c1ac1d4dd096f0cc38d0,0.6285714285714286,0.5603425229741018,0.04868479557562174,0.06822890559732675
qt,FN,llm_lime,qwen36_27b_local,full,0.2,,a69edf01cb0a2a06282dc7b89724ffa542f6546d,0.6285714285714286,0.5806766917293232,0.04868479557562174,0.04789473684210532
qt,FN,llm_lime,qwen36_27b_local,full,0.2,,6486a4bd196ca2bf0047ae80e78eee06e5e18e18,0.6714285714285715,0.5543107769423559,0.12175847221090845,0.11711779448621562
qt,FN,llm_lime,qwen36_27b_local,full,0.2,,5629823b05ca7d24924ac879b5a0469a3cb03e78,0.7714285714285715,0.3657268170426065,0.24271430449900763,0.40570175438596495
qt,FN,llm_lime,qwen36_27b_local,full,0.2,,cdbc4b83d59e08189d6ece9ccd88a646be155c08,0.6047619047619047,0.4465705931495405,0.11768385589646425,0.15819131161236422
qt,TP,llm_lime,qwen36_27b_local,full,0.2,,256bbc4f139036a780a63b80af8bb461a77d333a,0.6523809523809524,0.504578111946533,0.13644517049923235,0.14780284043441938
qt,TP,llm_lime,qwen36_27b_local,full,0.2,,ae292be8690109940fdd9862321b2389a0957404,0.8666666666666666,0.511704260651629,0.11921444806768026,0.3549624060150376
qt,TP,llm_lime,qwen36_27b_local,full,0.2,,fa7626713b3a943609453459190e16c49d61dfd3,1.0,0.6357142857142857,0.035608622945119975,0.3642857142857143
qt,TP,llm_lime,qwen36_27b_local,full,0.2,,da8ace713a19d2a8c9831ddf50d17607bc4856cc,1.0,0.6357142857142857,0.035608622945119975,0.3642857142857143
qt,TP,llm_lime,qwen36_27b_local,full,0.2,,d31304eab9e7424edc20fb83a8a19cd979458029,0.8666666666666666,0.49235588972431077,0.11776930967127051,0.3743107769423558
qt,TP,llm_lime,qwen36_27b_local,full,0.2,,9bd30943bae136d28d42b9a9188a8586c963d461,0.7666666666666666,0.5716708437761069,0.17331618841166735,0.19499582289055972
qt,TP,llm_lime,qwen36_27b_local,full,0.2,,dfda6f14b3e210a33b71ef1c6fa3c75a9c866cce,0.8,0.5851378446115288,0.08808039152577607,0.2148621553884712
qt,TP,llm_lime,qwen36_27b_local,full,0.2,,5dd76ba31c3c7cb9c0d9d97cd62f0d2f535a23f7,0.7666666666666666,0.5310025062656641,0.24380226543251757,0.23566416040100246
qt,TP,llm_lime,qwen36_27b_local,full,0.2,,267edbec198a0cedbf7bed4c3c5fa93c1dbc86bd,0.8666666666666666,0.6094486215538847,0.08808039152577607,0.2572180451127819
qt,TP,llm_lime,qwen36_27b_local,full,0.2,,9d23aebb271ea534a66cb3aceb2e63d9a1c870d6,0.6238095238095238,0.3949122807017543,0.29023024810458886,0.2288972431077695
qt,TP,llm_lime,qwen36_27b_local,full,0.2,,d3393ce25833c0afd7f0fa6b85fd6f3bd7ad520a,0.6523809523809524,0.49090225563909773,0.13291119209325894,0.16147869674185467
qt,TP,llm_lime,qwen36_27b_local,full,0.2,,03a1675eac4baf8c7a6e0602102bbafa3176771c,0.8,0.462406015037594,0.11921444806768026,0.33759398496240606
qt,TP,llm_lime,qwen36_27b_local,full,0.2,,a50911bc0bfca1185e99ce6638fbf03cf592789d,0.6857142857142857,0.49448621553884714,0.13291119209325894,0.19122807017543858
qt,TP,llm_lime,qwen36_27b_local,full,0.2,,bb199cc8ad4111808260f6255312b08c7d81dcbc,1.0,0.5263157894736842,0.11429756365899406,0.4736842105263158
qt,TP,llm_lime,qwen36_27b_local,full,0.2,,b254b03dc3b1cfcfc5f17158d2470e0a9a946a0e,0.5952380952380951,0.5560568086883876,0.18654497089688854,0.03918128654970754
qt,TP,llm_lime,qwen36_27b_local,full,0.2,,1a7bc520c5df4da80b7e65acbec1f546f9c87870,0.7333333333333333,0.5749122807017544,0.08808039152577607,0.1584210526315789
qt,TP,llm_lime,qwen36_27b_local,full,0.2,,afbb57ae84ecbee5fab9eb6e58356b19d7995ea5,0.8666666666666666,0.5738345864661654,0.05364033080611852,0.2928320802005012
qt,TP,llm_lime,qwen36_27b_local,full,0.2,,17513266b81e88b84fda250734f07c94a198fabc,1.0,0.6357142857142857,0.035608622945119975,0.3642857142857143
qt,TP,llm_lime,qwen36_27b_local,full,0.2,,a4f8b9ae6dfacf9ad5c190cde6098ebf13102f41,0.5904761904761904,0.4968170426065163,0.1342721518454905,0.09365914786967405
qt,TP,llm_lime,qwen36_27b_local,full,0.2,,fca89004d75412dd378cc44ad79ed3c1e05c765b,0.8,0.556265664160401,0.08808039152577607,0.24373433583959903
qt,FP,llm_lofo,qwen36_27b_local,full,0.2,,3d3ce2afe1937531f5fdc2af56697e93133e6d98,0.8666666666666666,0.3667919799498747,0.11144740395374886,0.49987468671679186
qt,FP,llm_lofo,qwen36_27b_local,full,0.2,,8835c0376befd009702b9a17c506639e31c842b9,0.7333333333333333,0.4851378446115288,0.12805344442097574,0.24819548872180447
qt,FP,llm_lofo,qwen36_27b_local,full,0.2,,093064fdeb6e777d2dc88dbb4f4adb8fddac3aa5,0.6714285714285715,0.4167084377610693,0.14740113564696114,0.2547201336675022
qt,FP,llm_lofo,qwen36_27b_local,full,0.2,,08cfd02312d21391c956b8bf50ab7d6caa0d8082,0.6761904761904762,0.4230618212197159,0.17407514691151155,0.2531286549707603
qt,FP,llm_lofo,qwen36_27b_local,full,0.2,,a02b371eb2f34bf198c95cf0caa1fbad639f96bb,0.8666666666666666,0.375125313283208,0.10558570326107027,0.4915413533834586
qt,FP,llm_lofo,qwen36_27b_local,full,0.2,,86d91d2bf8e7ac7a75f88f0e4886140abc06fd4c,0.5904761904761904,0.3973266499582289,0.15748510554986855,0.19314954051796146
qt,FP,llm_lofo,qwen36_27b_local,full,0.2,,41ae544c40e0568bd627a992a23b8c8f8f5cc27d,0.6047619047619047,0.43166248955722636,0.2370974907855255,0.17309941520467836
qt,FP,llm_lofo,qwen36_27b_local,full,0.2,,237c867a002c8035aac7ff8a870da717eb7b0878,0.8,0.4560609857978279,0.13869313259963784,0.34393901420217216
qt,FP,llm_lofo,qwen36_27b_local,full,0.2,,571b11d41c9dadd5ef11e4e954c16c5ca39d718e,0.7,0.29352130325814535,0.16274482904755108,0.4064786967418546
qt,FP,llm_lofo,qwen36_27b_local,full,0.2,,02b7ec05d5713aec67577cebc18e5906b5a98598,0.7333333333333333,0.37751879699248114,0.21998859308810081,0.35581453634085214
qt,FP,llm_lofo,qwen36_27b_local,full,0.2,,1af927976ac953f922e35d71a16a32d328bb2efd,0.6535714285714286,0.3725104427736006,0.20858555296531167,0.28106098579782796
qt,FP,llm_lofo,qwen36_27b_local,full,0.2,,eb93d7b51773b43e6a3e41961898a6033bcd9479,0.6857142857142857,0.3897076023391813,0.16573273398531094,0.29600668337510444
qt,FP,llm_lofo,qwen36_27b_local,full,0.2,,e58fdbaeb033a801ac7b5dd1f63657b36d6e1305,0.39107142857142857,0.35492063492063486,0.1699609244005273,0.03615079365079371
qt,FP,llm_lofo,qwen36_27b_local,full,0.2,,ddb4fb4c60987ce6e0b9e50de9a5f3a7ff0e8757,0.8666666666666666,0.34043441938178776,0.14516958761488677,0.5262322472848788
qt,FP,llm_lofo,qwen36_27b_local,full,0.2,,36997810d9fec492635152be89efaa55208e224a,0.7714285714285715,0.3169507101086048,0.22595723359422218,0.45447786131996665
qt,FP,llm_lofo,qwen36_27b_local,full,0.2,,6a91dcba2e4fa85dc345c2d403c757ab7676e28c,0.8666666666666666,0.49959482038429404,0.10215340005037928,0.36707184628237255
qt,FP,llm_lofo,qwen36_27b_local,full,0.2,,1c6d5b0696f324495e95a12f7718ae7593c9b58a,1.0,0.1592982456140351,0.3265881134500269,0.840701754385965
qt,FP,llm_lofo,qwen36_27b_local,full,0.2,,cd542a82b0c2d5c9a4ea167a84e5ea8a25c5d969,0.8666666666666666,0.3827485380116959,0.15741266458138145,0.4839181286549707
qt,FP,llm_lofo,qwen36_27b_local,full,0.2,,3981a1f440914e8108af3d854a1b01dd596a8a0e,0.6523809523809524,0.41418964076858816,0.1529400598886642,0.23819131161236423
qt,FP,llm_lofo,qwen36_27b_local,full,0.2,,753c744b23abfecad6463890dfdf6e97c7eeaa5c,1.0,0.46798245614035083,0.09634391223375409,0.5320175438596492
qt,TN,llm_lofo,qwen36_27b_local,full,0.2,,eb5994df1307b2e17e729374e1f7ab1c8fe82750,1.0,0.5324979114452798,0.07713778523826734,0.4675020885547202
qt,TN,llm_lofo,qwen36_27b_local,full,0.2,,5cb54cb5ebae99fab121061e25e26eec3056203a,0.638095238095238,0.3351044277360067,0.2711554901576587,0.30299081035923137
qt,TN,llm_lofo,qwen36_27b_local,full,0.2,,9a50333dd03969abb3f09c0f90dcb4afd048e47a,0.5852380952380952,0.42681537176274015,0.0872081228520454,0.15842272347535508
qt,TN,llm_lofo,qwen36_27b_local,full,0.2,,bd79c331f14e6cfab9e0b5815404c8194526e8f1,0.76,0.41162907268170423,0.08248156768372449,0.3483709273182958
qt,TN,llm_lofo,qwen36_27b_local,full,0.2,,67ee72f3145fd14b36af408918ed3420504d3035,1.0,0.39711779448621554,0.09737899715591716,0.6028822055137845
qt,TN,llm_lofo,qwen36_27b_local,full,0.2,,121cdbdd30de1bee58e349859409dd08865c17f5,0.7333333333333333,0.382172096908939,0.09378143747177338,0.3511612364243943
qt,TN,llm_lofo,qwen36_27b_local,full,0.2,,fc2f0fb39008f95133f6fd24662fe92195431808,1.0,0.5324979114452798,0.07713778523826734,0.4675020885547202
qt,TN,llm_lofo,qwen36_27b_local,full,0.2,,9b3d91237bf38492fd97457624d4cb5cd486bd56,0.7714285714285715,0.5028588137009189,0.0872081228520454,0.26856975772765257
qt,TN,llm_lofo,qwen36_27b_local,full,0.2,,2831fa76655c614ed3df0816401514950e79b5e6,0.6571428571428571,0.4804010025062656,0.15331618375483375,0.17674185463659153
qt,TN,llm_lofo,qwen36_27b_local,full,0.2,,f3ca13f3d12f52c60f4cd41d0b336c24a8d3359d,0.5273809523809524,0.3987101086048454,0.2085561419200165,0.128670843776107
qt,TN,llm_lofo,qwen36_27b_local,full,0.2,,e3b7957d6552e88aa23bd0ecc474db5f14981707,0.5297619047619048,0.45997076023391814,0.09762183028783936,0.06979114452798663
qt,TN,llm_lofo,qwen36_27b_local,full,0.2,,88a8deea86fe69448ca1586c2ee567a53dee1008,0.6047619047619047,0.5065513784461153,0.09762183028783936,0.09821052631578941
qt,TN,llm_lofo,qwen36_27b_local,full,0.2,,bcf1167ccb52341d72e6e2921077d2244803ee8d,0.8666666666666666,0.5206934001670843,0.07332317960432012,0.34597326649958227
qt,TN,llm_lofo,qwen36_27b_local,full,0.2,,3e379bcc799edb6a78bc8cea093a278dbe32f33c,0.7714285714285715,0.5056223893065999,0.09784914390361159,0.2658061821219716
qt,TN,llm_lofo,qwen36_27b_local,full,0.2,,4ebc2cf74e557b65a8ce1dc518ca92f399ce89e8,0.6714285714285715,0.28904344193817877,0.22865463026830887,0.3823851294903927
qt,TN,llm_lofo,qwen36_27b_local,full,0.2,,0234e5c96417f451f8de279b8ff92734836badd4,0.8666666666666666,0.46643274853801164,0.09019085620236166,0.40023391812865494
qt,TN,llm_lofo,qwen36_27b_local,full,0.2,,4f4ad7c262ce4723417efa14c4d3fdb875be53d0,0.8,0.25139598997493734,0.313160699689955,0.5486040100250626
qt,TN,llm_lofo,qwen36_27b_local,full,0.2,,e38a98ad4453974b2848eeed02d81e0c408ce0c6,0.7333333333333333,0.4487752715121136,0.0872081228520454,0.2845580618212197
qt,TN,llm_lofo,qwen36_27b_local,full,0.2,,9b54447e453e2cb7b7375e2c6104b2595ab1594e,0.6523809523809524,0.3501211361737677,0.17767586694603332,0.3022598162071847
qt,TN,llm_lofo,qwen36_27b_local,full,0.2,,4331ccd4b735d9d721a384193a3d42ee2ce6c805,1.0,0.44770258980785294,0.08248156768372449,0.5522974101921471
qt,FN,llm_lofo,qwen36_27b_local,full,0.2,,2ad213cc02094e003802530757fa4010720a22e6,0.5714285714285714,0.3810025062656642,0.17236050741266926,0.19042606516290722
qt,FN,llm_lofo,qwen36_27b_local,full,0.2,,3786411f7f8770f28ba2a97cb646a0eb7a5eaa99,0.6285714285714286,0.46977944862155385,0.1226450079537492,0.1587919799498747
qt,FN,llm_lofo,qwen36_27b_local,full,0.2,,9e99dba4a22bbf212b3e6d1e2607a16dbbd04d90,0.6933333333333334,0.42439014202172093,0.21081882993970608,0.26894319131161243
qt,FN,llm_lofo,qwen36_27b_local,full,0.2,,f506e01665c9bf689887ccf057a03588829efeea,0.4833333333333333,0.46703091060985796,0.12224678721103234,0.01630242272347532
qt,FN,llm_lofo,qwen36_27b_local,full,0.2,,18f7e6dc9f59159b70cb7e6a8745738f42d4f46f,0.8,0.5041604010025063,0.07782447937356261,0.2958395989974938
qt,FN,llm_lofo,qwen36_27b_local,full,0.2,,67ced4791ddabebfa19a2f101aa292b5eba60b90,0.8666666666666666,0.510125313283208,0.07782447937356261,0.3565413533834586
qt,FN,llm_lofo,qwen36_27b_local,full,0.2,,ac48071b185d17022d48c6379a2549ac2736cb8c,0.6142857142857142,0.456593984962406,0.09929446554732108,0.15769172932330822
qt,FN,llm_lofo,qwen36_27b_local,full,0.2,,895cb4681ee78caaf9b99c88390a74ff1d79ae61,0.7666666666666666,0.3930242272347535,0.09554155720512825,0.3736424394319131
qt,FN,llm_lofo,qwen36_27b_local,full,0.2,,d8782b0cc680f09d605133bd37a44d290894c01e,0.7428571428571428,0.4087468671679198,0.11909609536906576,0.33411027568922297
qt,FN,llm_lofo,qwen36_27b_local,full,0.2,,8cf186cc7c56144b02d5b40d8f4832ff3021e68a,0.7428571428571428,0.40655806182121973,0.14578242954784076,0.33629908103592304
qt,FN,llm_lofo,qwen36_27b_local,full,0.2,,eaa54a8f9884652513c7c3ab489f31ff1e5d712c,0.7666666666666666,0.4282372598162072,0.12644706123608,0.3384294068504594
qt,FN,llm_lofo,qwen36_27b_local,full,0.2,,4e3917587b11432d2d892f5146b367de2a3e4864,0.7333333333333333,0.3776733500417711,0.11279693363077742,0.3556599832915622
qt,FN,llm_lofo,qwen36_27b_local,full,0.2,,7e298e2f2ceeee1a2d1a81238ca019d9a0c9519f,0.6714285714285715,0.4692882205513785,0.11165673858552357,0.202140350877193
qt,FN,llm_lofo,qwen36_27b_local,full,0.2,,93dabeba9dc5f6cbab60e65b3cc8df5fe48745a9,0.6395238095238095,0.44690810359231414,0.11165673858552357,0.19261570593149535
qt,FN,llm_lofo,qwen36_27b_local,full,0.2,,e6d17c8691bfafa033b82a4d81a9caf4a2fd1b85,0.6714285714285715,0.3729030910609858,0.17236050741266926,0.2985254803675857
qt,FN,llm_lofo,qwen36_27b_local,full,0.2,,5303225aef739c534714c1ac1d4dd096f0cc38d0,0.7714285714285715,0.48196157059314954,0.08497040440674855,0.28946700083542193
qt,FN,llm_lofo,qwen36_27b_local,full,0.2,,a69edf01cb0a2a06282dc7b89724ffa542f6546d,0.569047619047619,0.44574770258980784,0.10860535896744149,0.12329991645781119
qt,FN,llm_lofo,qwen36_27b_local,full,0.2,,6486a4bd196ca2bf0047ae80e78eee06e5e18e18,0.7,0.37367752715121133,0.14867517869768007,0.3263224728487886
qt,FN,llm_lofo,qwen36_27b_local,full,0.2,,5629823b05ca7d24924ac879b5a0469a3cb03e78,0.6714285714285715,0.35622807017543856,0.11494679377007552,0.3152005012531329
qt,FN,llm_lofo,qwen36_27b_local,full,0.2,,cdbc4b83d59e08189d6ece9ccd88a646be155c08,0.6857142857142857,0.4196658312447786,0.15717444069989872,0.26604845446950715
qt,TP,llm_lofo,qwen36_27b_local,full,0.2,,256bbc4f139036a780a63b80af8bb461a77d333a,0.8,0.5213157894736842,0.08439632040072928,0.27868421052631587
qt,TP,llm_lofo,qwen36_27b_local,full,0.2,,ae292be8690109940fdd9862321b2389a0957404,1.0,0.46054720133667504,0.09958532609511798,0.539452798663325
qt,TP,llm_lofo,qwen36_27b_local,full,0.2,,fa7626713b3a943609453459190e16c49d61dfd3,0.5194444444444445,0.42540601503759395,0.2610540951783978,0.09403842940685053
qt,TP,llm_lofo,qwen36_27b_local,full,0.2,,da8ace713a19d2a8c9831ddf50d17607bc4856cc,0.7428571428571428,0.4682832080200501,0.10539373365201928,0.2745739348370927
qt,TP,llm_lofo,qwen36_27b_local,full,0.2,,d31304eab9e7424edc20fb83a8a19cd979458029,0.8666666666666666,0.4312489557226399,0.12951217979483776,0.4354177109440267
qt,TP,llm_lofo,qwen36_27b_local,full,0.2,,9bd30943bae136d28d42b9a9188a8586c963d461,0.48392857142857143,0.41205179615705934,0.19760813372066738,0.0718767752715121
qt,TP,llm_lofo,qwen36_27b_local,full,0.2,,dfda6f14b3e210a33b71ef1c6fa3c75a9c866cce,0.5714285714285714,0.4325438596491228,0.13045268701060717,0.1388847117794486
qt,TP,llm_lofo,qwen36_27b_local,full,0.2,,5dd76ba31c3c7cb9c0d9d97cd62f0d2f535a23f7,0.7,0.4624644945697577,0.22653041036563729,0.23753550543024227
qt,TP,llm_lofo,qwen36_27b_local,full,0.2,,267edbec198a0cedbf7bed4c3c5fa93c1dbc86bd,0.6666666666666666,0.5003968253968254,0.2610540951783978,0.16626984126984123
qt,TP,llm_lofo,qwen36_27b_local,full,0.2,,9d23aebb271ea534a66cb3aceb2e63d9a1c870d6,0.5702380952380952,0.37110275689223055,0.2374778282467183,0.19913533834586467
qt,TP,llm_lofo,qwen36_27b_local,full,0.2,,d3393ce25833c0afd7f0fa6b85fd6f3bd7ad520a,0.8,0.4317460317460317,0.13396533183271875,0.36825396825396833
qt,TP,llm_lofo,qwen36_27b_local,full,0.2,,03a1675eac4baf8c7a6e0602102bbafa3176771c,0.5809523809523809,0.4097410192147034,0.18829724030054698,0.17121136173767748
qt,TP,llm_lofo,qwen36_27b_local,full,0.2,,a50911bc0bfca1185e99ce6638fbf03cf592789d,1.0,0.42305764411027563,0.12665484173158306,0.5769423558897244
qt,TP,llm_lofo,qwen36_27b_local,full,0.2,,bb199cc8ad4111808260f6255312b08c7d81dcbc,1.0,0.45190058479532164,0.08206945748538841,0.5480994152046783
qt,TP,llm_lofo,qwen36_27b_local,full,0.2,,b254b03dc3b1cfcfc5f17158d2470e0a9a946a0e,0.5869047619047618,0.47624477861319964,0.20855555160174838,0.11065998329156218
qt,TP,llm_lofo,qwen36_27b_local,full,0.2,,1a7bc520c5df4da80b7e65acbec1f546f9c87870,0.8666666666666666,0.34615288220551377,0.11936877465794409,0.5205137844611528
qt,TP,llm_lofo,qwen36_27b_local,full,0.2,,afbb57ae84ecbee5fab9eb6e58356b19d7995ea5,0.7333333333333333,0.4968671679197995,0.10539373365201928,0.23646616541353377
qt,TP,llm_lofo,qwen36_27b_local,full,0.2,,17513266b81e88b84fda250734f07c94a198fabc,0.8,0.463078529657477,0.12155080727255818,0.33692147034252307
qt,TP,llm_lofo,qwen36_27b_local,full,0.2,,a4f8b9ae6dfacf9ad5c190cde6098ebf13102f41,0.638095238095238,0.49104010025062655,0.12854608942482088,0.1470551378446115
qt,TP,llm_lofo,qwen36_27b_local,full,0.2,,fca89004d75412dd378cc44ad79ed3c1e05c765b,0.7666666666666666,0.5036006683375104,0.09681084496088983,0.2630659983291562
