dataset,category,instance_id,method,llm_model,prompt_variant,temperature,top_p,run_id,direction_consistency_rate,meaningful_effect_rate,mean_delta_probability,mean_absolute_delta_probability,valid_interventions,invalid_interventions
openstack,FP,4b53e4edf9f7f8c794316d3a0920d727723d1bab,counterfactual,,,,,1,1.0,1.0,-0.28,0.28,5,0
openstack,FP,4b53e4edf9f7f8c794316d3a0920d727723d1bab,counterfactual,,,,,2,1.0,1.0,-0.28,0.28,5,0
openstack,FP,4b53e4edf9f7f8c794316d3a0920d727723d1bab,counterfactual,,,,,3,1.0,1.0,-0.28,0.28,5,0
openstack,FP,4b53e4edf9f7f8c794316d3a0920d727723d1bab,counterfactual,,,,,4,1.0,1.0,-0.28,0.28,5,0
openstack,FP,4b53e4edf9f7f8c794316d3a0920d727723d1bab,counterfactual,,,,,5,1.0,1.0,-0.28,0.28,5,0
openstack,TN,467b4e4d419f0ca5db8468516d64ffec5cedc67e,counterfactual,,,,,1,1.0,1.0,-0.14040000000000005,0.14040000000000005,5,0
openstack,TN,467b4e4d419f0ca5db8468516d64ffec5cedc67e,counterfactual,,,,,2,1.0,1.0,-0.14040000000000005,0.14040000000000005,5,0
openstack,TN,467b4e4d419f0ca5db8468516d64ffec5cedc67e,counterfactual,,,,,3,1.0,1.0,-0.14040000000000005,0.14040000000000005,5,0
openstack,TN,467b4e4d419f0ca5db8468516d64ffec5cedc67e,counterfactual,,,,,4,1.0,1.0,-0.14040000000000005,0.14040000000000005,5,0
openstack,TN,467b4e4d419f0ca5db8468516d64ffec5cedc67e,counterfactual,,,,,5,1.0,1.0,-0.14040000000000005,0.14040000000000005,5,0
openstack,TP,eaf6340847c35ace3b4b681a95b8a79a7a3f2491,counterfactual,,,,,1,1.0,1.0,-0.192,0.192,5,0
openstack,TP,eaf6340847c35ace3b4b681a95b8a79a7a3f2491,counterfactual,,,,,2,1.0,1.0,-0.192,0.192,5,0
openstack,TP,eaf6340847c35ace3b4b681a95b8a79a7a3f2491,counterfactual,,,,,3,1.0,1.0,-0.192,0.192,5,0
openstack,TP,eaf6340847c35ace3b4b681a95b8a79a7a3f2491,counterfactual,,,,,4,1.0,1.0,-0.192,0.192,5,0
openstack,TP,eaf6340847c35ace3b4b681a95b8a79a7a3f2491,counterfactual,,,,,5,1.0,1.0,-0.192,0.192,5,0
openstack,TP,fd351903a1759109f66d0c66d42cd3a1b7f23861,counterfactual,,,,,1,0.8,0.8,-0.16480000000000003,0.16640000000000005,5,0
openstack,TP,fd351903a1759109f66d0c66d42cd3a1b7f23861,counterfactual,,,,,2,0.8,0.8,-0.16480000000000003,0.16640000000000005,5,0
openstack,TP,fd351903a1759109f66d0c66d42cd3a1b7f23861,counterfactual,,,,,3,0.8,0.8,-0.16480000000000003,0.16640000000000005,5,0
openstack,TP,fd351903a1759109f66d0c66d42cd3a1b7f23861,counterfactual,,,,,4,0.8,0.8,-0.16480000000000003,0.16640000000000005,5,0
openstack,TP,fd351903a1759109f66d0c66d42cd3a1b7f23861,counterfactual,,,,,5,0.8,0.8,-0.16480000000000003,0.16640000000000005,5,0
openstack,FP,2530ccff8f0a0105d1626c65616080b27682e129,counterfactual,,,,,1,0.8,1.0,-0.17999999999999997,0.19599999999999998,5,0
openstack,FP,2530ccff8f0a0105d1626c65616080b27682e129,counterfactual,,,,,2,0.8,1.0,-0.17999999999999997,0.19599999999999998,5,0
openstack,FP,2530ccff8f0a0105d1626c65616080b27682e129,counterfactual,,,,,3,0.8,1.0,-0.17999999999999997,0.19599999999999998,5,0
openstack,FP,2530ccff8f0a0105d1626c65616080b27682e129,counterfactual,,,,,4,0.8,1.0,-0.17999999999999997,0.19599999999999998,5,0
openstack,FP,2530ccff8f0a0105d1626c65616080b27682e129,counterfactual,,,,,5,0.8,1.0,-0.17999999999999997,0.19599999999999998,5,0
openstack,FN,1476b030bd53deddd85468c0d8b545d8f8f30f19,counterfactual,,,,,1,1.0,1.0,-0.07279999999999995,0.07279999999999995,5,0
openstack,FN,1476b030bd53deddd85468c0d8b545d8f8f30f19,counterfactual,,,,,2,1.0,1.0,-0.07279999999999995,0.07279999999999995,5,0
openstack,FN,1476b030bd53deddd85468c0d8b545d8f8f30f19,counterfactual,,,,,3,1.0,1.0,-0.07279999999999995,0.07279999999999995,5,0
openstack,FN,1476b030bd53deddd85468c0d8b545d8f8f30f19,counterfactual,,,,,4,1.0,1.0,-0.07279999999999995,0.07279999999999995,5,0
openstack,FN,1476b030bd53deddd85468c0d8b545d8f8f30f19,counterfactual,,,,,5,1.0,1.0,-0.07279999999999995,0.07279999999999995,5,0
openstack,TP,83a5f90f82b40be4c74685f557d6af0f8a3b1a30,counterfactual,,,,,1,1.0,1.0,-0.2524,0.2524,5,0
openstack,TP,83a5f90f82b40be4c74685f557d6af0f8a3b1a30,counterfactual,,,,,2,1.0,1.0,-0.2524,0.2524,5,0
openstack,TP,83a5f90f82b40be4c74685f557d6af0f8a3b1a30,counterfactual,,,,,3,1.0,1.0,-0.2524,0.2524,5,0
openstack,TP,83a5f90f82b40be4c74685f557d6af0f8a3b1a30,counterfactual,,,,,4,1.0,1.0,-0.2524,0.2524,5,0
openstack,TP,83a5f90f82b40be4c74685f557d6af0f8a3b1a30,counterfactual,,,,,5,1.0,1.0,-0.2524,0.2524,5,0
openstack,TP,6f1a1f5e8ead9ceb145e13927cd9ae7fdca9add4,counterfactual,,,,,1,0.6,0.6,-0.1684,0.1796,5,0
openstack,TP,6f1a1f5e8ead9ceb145e13927cd9ae7fdca9add4,counterfactual,,,,,2,0.6,0.6,-0.1684,0.1796,5,0
openstack,TP,6f1a1f5e8ead9ceb145e13927cd9ae7fdca9add4,counterfactual,,,,,3,0.6,0.6,-0.1684,0.1796,5,0
openstack,TP,6f1a1f5e8ead9ceb145e13927cd9ae7fdca9add4,counterfactual,,,,,4,0.6,0.6,-0.1684,0.1796,5,0
openstack,TP,6f1a1f5e8ead9ceb145e13927cd9ae7fdca9add4,counterfactual,,,,,5,0.6,0.6,-0.1684,0.1796,5,0
openstack,FP,e847eed4a5600b6812338bb4903a0cffcde7f1f3,counterfactual,,,,,1,1.0,1.0,-0.24560000000000004,0.24560000000000004,5,0
openstack,FP,e847eed4a5600b6812338bb4903a0cffcde7f1f3,counterfactual,,,,,2,1.0,1.0,-0.24560000000000004,0.24560000000000004,5,0
openstack,FP,e847eed4a5600b6812338bb4903a0cffcde7f1f3,counterfactual,,,,,3,1.0,1.0,-0.24560000000000004,0.24560000000000004,5,0
openstack,FP,e847eed4a5600b6812338bb4903a0cffcde7f1f3,counterfactual,,,,,4,1.0,1.0,-0.24560000000000004,0.24560000000000004,5,0
openstack,FP,e847eed4a5600b6812338bb4903a0cffcde7f1f3,counterfactual,,,,,5,1.0,1.0,-0.24560000000000004,0.24560000000000004,5,0
openstack,TP,e7bdd19f0ed7d4c61d195735ee43a11da78f97d6,counterfactual,,,,,1,0.8,0.8,-0.318,0.3196,5,0
openstack,TP,e7bdd19f0ed7d4c61d195735ee43a11da78f97d6,counterfactual,,,,,2,0.8,0.8,-0.318,0.3196,5,0
openstack,TP,e7bdd19f0ed7d4c61d195735ee43a11da78f97d6,counterfactual,,,,,3,0.8,0.8,-0.318,0.3196,5,0
openstack,TP,e7bdd19f0ed7d4c61d195735ee43a11da78f97d6,counterfactual,,,,,4,0.8,0.8,-0.318,0.3196,5,0
openstack,TP,e7bdd19f0ed7d4c61d195735ee43a11da78f97d6,counterfactual,,,,,5,0.8,0.8,-0.318,0.3196,5,0
openstack,TN,936f765b855d7af14ae557383f0dcc6fd9e8655c,counterfactual,,,,,1,1.0,1.0,-0.07239999999999995,0.07239999999999995,5,0
openstack,TN,936f765b855d7af14ae557383f0dcc6fd9e8655c,counterfactual,,,,,2,1.0,1.0,-0.07239999999999995,0.07239999999999995,5,0
openstack,TN,936f765b855d7af14ae557383f0dcc6fd9e8655c,counterfactual,,,,,3,1.0,1.0,-0.07239999999999995,0.07239999999999995,5,0
openstack,TN,936f765b855d7af14ae557383f0dcc6fd9e8655c,counterfactual,,,,,4,1.0,1.0,-0.07239999999999995,0.07239999999999995,5,0
openstack,TN,936f765b855d7af14ae557383f0dcc6fd9e8655c,counterfactual,,,,,5,1.0,1.0,-0.07239999999999995,0.07239999999999995,5,0
openstack,FP,034db863a02ce38a520e4b8aa3a65e1ccdb37f30,counterfactual,,,,,1,0.8,1.0,-0.20800000000000005,0.23040000000000002,5,0
openstack,FP,034db863a02ce38a520e4b8aa3a65e1ccdb37f30,counterfactual,,,,,2,0.8,1.0,-0.20800000000000005,0.23040000000000002,5,0
openstack,FP,034db863a02ce38a520e4b8aa3a65e1ccdb37f30,counterfactual,,,,,3,0.8,1.0,-0.20800000000000005,0.23040000000000002,5,0
openstack,FP,034db863a02ce38a520e4b8aa3a65e1ccdb37f30,counterfactual,,,,,4,0.8,1.0,-0.20800000000000005,0.23040000000000002,5,0
openstack,FP,034db863a02ce38a520e4b8aa3a65e1ccdb37f30,counterfactual,,,,,5,0.8,1.0,-0.20800000000000005,0.23040000000000002,5,0
openstack,FN,ab1cb6378f136ae8adcb0027385b43763e402cca,counterfactual,,,,,1,1.0,0.8,0.054000000000000006,0.07800000000000003,5,0
openstack,FN,ab1cb6378f136ae8adcb0027385b43763e402cca,counterfactual,,,,,2,1.0,0.8,0.054000000000000006,0.07800000000000003,5,0
openstack,FN,ab1cb6378f136ae8adcb0027385b43763e402cca,counterfactual,,,,,3,1.0,0.8,0.054000000000000006,0.07800000000000003,5,0
openstack,FN,ab1cb6378f136ae8adcb0027385b43763e402cca,counterfactual,,,,,4,1.0,0.8,0.054000000000000006,0.07800000000000003,5,0
openstack,FN,ab1cb6378f136ae8adcb0027385b43763e402cca,counterfactual,,,,,5,1.0,0.8,0.054000000000000006,0.07800000000000003,5,0
openstack,TP,7cfdf4aa811fb708d9fed4e36aec79c26d19cfee,counterfactual,,,,,1,1.0,1.0,-0.2608,0.2608,5,0
openstack,TP,7cfdf4aa811fb708d9fed4e36aec79c26d19cfee,counterfactual,,,,,2,1.0,1.0,-0.2608,0.2608,5,0
openstack,TP,7cfdf4aa811fb708d9fed4e36aec79c26d19cfee,counterfactual,,,,,3,1.0,1.0,-0.2608,0.2608,5,0
openstack,TP,7cfdf4aa811fb708d9fed4e36aec79c26d19cfee,counterfactual,,,,,4,1.0,1.0,-0.2608,0.2608,5,0
openstack,TP,7cfdf4aa811fb708d9fed4e36aec79c26d19cfee,counterfactual,,,,,5,1.0,1.0,-0.2608,0.2608,5,0
openstack,TP,e55a5f412bf6bc343eb8bb11348afe57c2012066,counterfactual,,,,,1,1.0,1.0,-0.30519999999999997,0.30519999999999997,5,0
openstack,TP,e55a5f412bf6bc343eb8bb11348afe57c2012066,counterfactual,,,,,2,1.0,1.0,-0.30519999999999997,0.30519999999999997,5,0
openstack,TP,e55a5f412bf6bc343eb8bb11348afe57c2012066,counterfactual,,,,,3,1.0,1.0,-0.30519999999999997,0.30519999999999997,5,0
openstack,TP,e55a5f412bf6bc343eb8bb11348afe57c2012066,counterfactual,,,,,4,1.0,1.0,-0.30519999999999997,0.30519999999999997,5,0
openstack,TP,e55a5f412bf6bc343eb8bb11348afe57c2012066,counterfactual,,,,,5,1.0,1.0,-0.30519999999999997,0.30519999999999997,5,0
openstack,TN,8b44c9df29572efca928c1d36fa3e7a90e94caa0,counterfactual,,,,,1,0.8,0.4,-0.06160000000000001,0.06400000000000002,5,0
openstack,TN,8b44c9df29572efca928c1d36fa3e7a90e94caa0,counterfactual,,,,,2,0.8,0.4,-0.06160000000000001,0.06400000000000002,5,0
openstack,TN,8b44c9df29572efca928c1d36fa3e7a90e94caa0,counterfactual,,,,,3,0.8,0.4,-0.06160000000000001,0.06400000000000002,5,0
openstack,TN,8b44c9df29572efca928c1d36fa3e7a90e94caa0,counterfactual,,,,,4,0.8,0.4,-0.06160000000000001,0.06400000000000002,5,0
openstack,TN,8b44c9df29572efca928c1d36fa3e7a90e94caa0,counterfactual,,,,,5,0.8,0.4,-0.06160000000000001,0.06400000000000002,5,0
openstack,TN,4d75cbf3c35a8aa917d3970beac99d612f13eed3,counterfactual,,,,,1,1.0,0.8,-0.027199999999999957,0.0864,5,0
openstack,TN,4d75cbf3c35a8aa917d3970beac99d612f13eed3,counterfactual,,,,,2,1.0,0.8,-0.027199999999999957,0.0864,5,0
openstack,TN,4d75cbf3c35a8aa917d3970beac99d612f13eed3,counterfactual,,,,,3,1.0,0.8,-0.027199999999999957,0.0864,5,0
openstack,TN,4d75cbf3c35a8aa917d3970beac99d612f13eed3,counterfactual,,,,,4,1.0,0.8,-0.027199999999999957,0.0864,5,0
openstack,TN,4d75cbf3c35a8aa917d3970beac99d612f13eed3,counterfactual,,,,,5,1.0,0.8,-0.027199999999999957,0.0864,5,0
openstack,TN,2ecaad46a737c24965ae81fc19947db9264de684,counterfactual,,,,,1,0.8,0.6,-0.02040000000000004,0.04280000000000002,5,0
openstack,TN,2ecaad46a737c24965ae81fc19947db9264de684,counterfactual,,,,,2,0.8,0.6,-0.02040000000000004,0.04280000000000002,5,0
openstack,TN,2ecaad46a737c24965ae81fc19947db9264de684,counterfactual,,,,,3,0.8,0.6,-0.02040000000000004,0.04280000000000002,5,0
openstack,TN,2ecaad46a737c24965ae81fc19947db9264de684,counterfactual,,,,,4,0.8,0.6,-0.02040000000000004,0.04280000000000002,5,0
openstack,TN,2ecaad46a737c24965ae81fc19947db9264de684,counterfactual,,,,,5,0.8,0.6,-0.02040000000000004,0.04280000000000002,5,0
openstack,TN,bfb9d3f179607c25f91d77585f97df6d0704c253,counterfactual,,,,,1,1.0,1.0,-0.08640000000000003,0.08640000000000003,5,0
openstack,TN,bfb9d3f179607c25f91d77585f97df6d0704c253,counterfactual,,,,,2,1.0,1.0,-0.08640000000000003,0.08640000000000003,5,0
openstack,TN,bfb9d3f179607c25f91d77585f97df6d0704c253,counterfactual,,,,,3,1.0,1.0,-0.08640000000000003,0.08640000000000003,5,0
openstack,TN,bfb9d3f179607c25f91d77585f97df6d0704c253,counterfactual,,,,,4,1.0,1.0,-0.08640000000000003,0.08640000000000003,5,0
openstack,TN,bfb9d3f179607c25f91d77585f97df6d0704c253,counterfactual,,,,,5,1.0,1.0,-0.08640000000000003,0.08640000000000003,5,0
openstack,FP,bfcd4b2f1be3ab37ae0801dd523ce952577cda14,counterfactual,,,,,1,1.0,1.0,-0.22960000000000003,0.22960000000000003,5,0
openstack,FP,bfcd4b2f1be3ab37ae0801dd523ce952577cda14,counterfactual,,,,,2,1.0,1.0,-0.22960000000000003,0.22960000000000003,5,0
openstack,FP,bfcd4b2f1be3ab37ae0801dd523ce952577cda14,counterfactual,,,,,3,1.0,1.0,-0.22960000000000003,0.22960000000000003,5,0
openstack,FP,bfcd4b2f1be3ab37ae0801dd523ce952577cda14,counterfactual,,,,,4,1.0,1.0,-0.22960000000000003,0.22960000000000003,5,0
openstack,FP,bfcd4b2f1be3ab37ae0801dd523ce952577cda14,counterfactual,,,,,5,1.0,1.0,-0.22960000000000003,0.22960000000000003,5,0
openstack,TP,c08f99c7e072e349632684d565bcac357ce93b6d,counterfactual,,,,,1,1.0,0.8,-0.14360000000000003,0.23320000000000002,5,0
openstack,TP,c08f99c7e072e349632684d565bcac357ce93b6d,counterfactual,,,,,2,1.0,0.8,-0.14360000000000003,0.23320000000000002,5,0
openstack,TP,c08f99c7e072e349632684d565bcac357ce93b6d,counterfactual,,,,,3,1.0,0.8,-0.14360000000000003,0.23320000000000002,5,0
openstack,TP,c08f99c7e072e349632684d565bcac357ce93b6d,counterfactual,,,,,4,1.0,0.8,-0.14360000000000003,0.23320000000000002,5,0
openstack,TP,c08f99c7e072e349632684d565bcac357ce93b6d,counterfactual,,,,,5,1.0,0.8,-0.14360000000000003,0.23320000000000002,5,0
openstack,TN,1a3f2e8f44f0138d0328312e07b1341970c7903a,counterfactual,,,,,1,1.0,0.8,-0.1036,0.1036,5,0
openstack,TN,1a3f2e8f44f0138d0328312e07b1341970c7903a,counterfactual,,,,,2,1.0,0.8,-0.1036,0.1036,5,0
openstack,TN,1a3f2e8f44f0138d0328312e07b1341970c7903a,counterfactual,,,,,3,1.0,0.8,-0.1036,0.1036,5,0
openstack,TN,1a3f2e8f44f0138d0328312e07b1341970c7903a,counterfactual,,,,,4,1.0,0.8,-0.1036,0.1036,5,0
openstack,TN,1a3f2e8f44f0138d0328312e07b1341970c7903a,counterfactual,,,,,5,1.0,0.8,-0.1036,0.1036,5,0
openstack,TP,45662d77a2da77714f8e792e86ebd64a52270ef5,counterfactual,,,,,1,1.0,1.0,-0.2572,0.2572,5,0
openstack,TP,45662d77a2da77714f8e792e86ebd64a52270ef5,counterfactual,,,,,2,1.0,1.0,-0.2572,0.2572,5,0
openstack,TP,45662d77a2da77714f8e792e86ebd64a52270ef5,counterfactual,,,,,3,1.0,1.0,-0.2572,0.2572,5,0
openstack,TP,45662d77a2da77714f8e792e86ebd64a52270ef5,counterfactual,,,,,4,1.0,1.0,-0.2572,0.2572,5,0
openstack,TP,45662d77a2da77714f8e792e86ebd64a52270ef5,counterfactual,,,,,5,1.0,1.0,-0.2572,0.2572,5,0
openstack,TP,6f31523b314e7ac4ad83d13842cf2fa1014c39b2,counterfactual,,,,,1,1.0,1.0,-0.23679999999999995,0.23679999999999995,5,0
openstack,TP,6f31523b314e7ac4ad83d13842cf2fa1014c39b2,counterfactual,,,,,2,1.0,1.0,-0.23679999999999995,0.23679999999999995,5,0
openstack,TP,6f31523b314e7ac4ad83d13842cf2fa1014c39b2,counterfactual,,,,,3,1.0,1.0,-0.23679999999999995,0.23679999999999995,5,0
openstack,TP,6f31523b314e7ac4ad83d13842cf2fa1014c39b2,counterfactual,,,,,4,1.0,1.0,-0.23679999999999995,0.23679999999999995,5,0
openstack,TP,6f31523b314e7ac4ad83d13842cf2fa1014c39b2,counterfactual,,,,,5,1.0,1.0,-0.23679999999999995,0.23679999999999995,5,0
openstack,FP,410a83c89de9912207574999b3736a550ed253ba,counterfactual,,,,,1,0.8,0.8,-0.21360000000000004,0.21600000000000003,5,0
openstack,FP,410a83c89de9912207574999b3736a550ed253ba,counterfactual,,,,,2,0.8,0.8,-0.21360000000000004,0.21600000000000003,5,0
openstack,FP,410a83c89de9912207574999b3736a550ed253ba,counterfactual,,,,,3,0.8,0.8,-0.21360000000000004,0.21600000000000003,5,0
openstack,FP,410a83c89de9912207574999b3736a550ed253ba,counterfactual,,,,,4,0.8,0.8,-0.21360000000000004,0.21600000000000003,5,0
openstack,FP,410a83c89de9912207574999b3736a550ed253ba,counterfactual,,,,,5,0.8,0.8,-0.21360000000000004,0.21600000000000003,5,0
openstack,FP,4e2919e6b208a2e95d75782f9cad0a6f0892d983,counterfactual,,,,,1,0.8,0.8,-0.15680000000000008,0.15760000000000002,5,0
openstack,FP,4e2919e6b208a2e95d75782f9cad0a6f0892d983,counterfactual,,,,,2,0.8,0.8,-0.15680000000000008,0.15760000000000002,5,0
openstack,FP,4e2919e6b208a2e95d75782f9cad0a6f0892d983,counterfactual,,,,,3,0.8,0.8,-0.15680000000000008,0.15760000000000002,5,0
openstack,FP,4e2919e6b208a2e95d75782f9cad0a6f0892d983,counterfactual,,,,,4,0.8,0.8,-0.15680000000000008,0.15760000000000002,5,0
openstack,FP,4e2919e6b208a2e95d75782f9cad0a6f0892d983,counterfactual,,,,,5,0.8,0.8,-0.15680000000000008,0.15760000000000002,5,0
openstack,FP,558f7b00f56f37adaa68239c9ce95d25b2d65f56,counterfactual,,,,,1,0.8,1.0,-0.18080000000000002,0.19280000000000003,5,0
openstack,FP,558f7b00f56f37adaa68239c9ce95d25b2d65f56,counterfactual,,,,,2,0.8,1.0,-0.18080000000000002,0.19280000000000003,5,0
openstack,FP,558f7b00f56f37adaa68239c9ce95d25b2d65f56,counterfactual,,,,,3,0.8,1.0,-0.18080000000000002,0.19280000000000003,5,0
openstack,FP,558f7b00f56f37adaa68239c9ce95d25b2d65f56,counterfactual,,,,,4,0.8,1.0,-0.18080000000000002,0.19280000000000003,5,0
openstack,FP,558f7b00f56f37adaa68239c9ce95d25b2d65f56,counterfactual,,,,,5,0.8,1.0,-0.18080000000000002,0.19280000000000003,5,0
openstack,TN,70fad48add19cc565726f098e1e7a2165b24cc77,counterfactual,,,,,1,1.0,0.8,-0.07560000000000004,0.07560000000000004,5,0
openstack,TN,70fad48add19cc565726f098e1e7a2165b24cc77,counterfactual,,,,,2,1.0,0.8,-0.07560000000000004,0.07560000000000004,5,0
openstack,TN,70fad48add19cc565726f098e1e7a2165b24cc77,counterfactual,,,,,3,1.0,0.8,-0.07560000000000004,0.07560000000000004,5,0
openstack,TN,70fad48add19cc565726f098e1e7a2165b24cc77,counterfactual,,,,,4,1.0,0.8,-0.07560000000000004,0.07560000000000004,5,0
openstack,TN,70fad48add19cc565726f098e1e7a2165b24cc77,counterfactual,,,,,5,1.0,0.8,-0.07560000000000004,0.07560000000000004,5,0
openstack,TP,76d3c644f3f5866a5c07f80b66132d81b8b57e78,counterfactual,,,,,1,1.0,1.0,-0.3336,0.3336,5,0
openstack,TP,76d3c644f3f5866a5c07f80b66132d81b8b57e78,counterfactual,,,,,2,1.0,1.0,-0.3336,0.3336,5,0
openstack,TP,76d3c644f3f5866a5c07f80b66132d81b8b57e78,counterfactual,,,,,3,1.0,1.0,-0.3336,0.3336,5,0
openstack,TP,76d3c644f3f5866a5c07f80b66132d81b8b57e78,counterfactual,,,,,4,1.0,1.0,-0.3336,0.3336,5,0
openstack,TP,76d3c644f3f5866a5c07f80b66132d81b8b57e78,counterfactual,,,,,5,1.0,1.0,-0.3336,0.3336,5,0
openstack,FN,2b60912d5667350eae7ecbc67d4dba3658518d10,counterfactual,,,,,1,1.0,0.8,-0.09360000000000002,0.15519999999999998,5,0
openstack,FN,2b60912d5667350eae7ecbc67d4dba3658518d10,counterfactual,,,,,2,1.0,0.8,-0.09360000000000002,0.15519999999999998,5,0
openstack,FN,2b60912d5667350eae7ecbc67d4dba3658518d10,counterfactual,,,,,3,1.0,0.8,-0.09360000000000002,0.15519999999999998,5,0
openstack,FN,2b60912d5667350eae7ecbc67d4dba3658518d10,counterfactual,,,,,4,1.0,0.8,-0.09360000000000002,0.15519999999999998,5,0
openstack,FN,2b60912d5667350eae7ecbc67d4dba3658518d10,counterfactual,,,,,5,1.0,0.8,-0.09360000000000002,0.15519999999999998,5,0
openstack,TP,88c62c1ca290c1d2a33ff192a302e492a4b11cb3,counterfactual,,,,,1,0.8,0.8,-0.09280000000000004,0.12480000000000002,5,0
openstack,TP,88c62c1ca290c1d2a33ff192a302e492a4b11cb3,counterfactual,,,,,2,0.8,0.8,-0.09280000000000004,0.12480000000000002,5,0
openstack,TP,88c62c1ca290c1d2a33ff192a302e492a4b11cb3,counterfactual,,,,,3,0.8,0.8,-0.09280000000000004,0.12480000000000002,5,0
openstack,TP,88c62c1ca290c1d2a33ff192a302e492a4b11cb3,counterfactual,,,,,4,0.8,0.8,-0.09280000000000004,0.12480000000000002,5,0
openstack,TP,88c62c1ca290c1d2a33ff192a302e492a4b11cb3,counterfactual,,,,,5,0.8,0.8,-0.09280000000000004,0.12480000000000002,5,0
openstack,FP,296da649452f66dd15a15ee4274ab0f8609250e2,counterfactual,,,,,1,0.8,1.0,-0.16040000000000001,0.2292,5,0
openstack,FP,296da649452f66dd15a15ee4274ab0f8609250e2,counterfactual,,,,,2,0.8,1.0,-0.16040000000000001,0.2292,5,0
openstack,FP,296da649452f66dd15a15ee4274ab0f8609250e2,counterfactual,,,,,3,0.8,1.0,-0.16040000000000001,0.2292,5,0
openstack,FP,296da649452f66dd15a15ee4274ab0f8609250e2,counterfactual,,,,,4,0.8,1.0,-0.16040000000000001,0.2292,5,0
openstack,FP,296da649452f66dd15a15ee4274ab0f8609250e2,counterfactual,,,,,5,0.8,1.0,-0.16040000000000001,0.2292,5,0
openstack,TP,379cf65d82b11f5e6f8732a585d5373beda85046,counterfactual,,,,,1,1.0,1.0,-0.17999999999999994,0.17999999999999994,5,0
openstack,TP,379cf65d82b11f5e6f8732a585d5373beda85046,counterfactual,,,,,2,1.0,1.0,-0.17999999999999994,0.17999999999999994,5,0
openstack,TP,379cf65d82b11f5e6f8732a585d5373beda85046,counterfactual,,,,,3,1.0,1.0,-0.17999999999999994,0.17999999999999994,5,0
openstack,TP,379cf65d82b11f5e6f8732a585d5373beda85046,counterfactual,,,,,4,1.0,1.0,-0.17999999999999994,0.17999999999999994,5,0
openstack,TP,379cf65d82b11f5e6f8732a585d5373beda85046,counterfactual,,,,,5,1.0,1.0,-0.17999999999999994,0.17999999999999994,5,0
openstack,TN,79a1a113775df87d420b242cea4bbf953df3779c,counterfactual,,,,,1,0.8,0.6,-0.07240000000000002,0.08040000000000003,5,0
openstack,TN,79a1a113775df87d420b242cea4bbf953df3779c,counterfactual,,,,,2,0.8,0.6,-0.07240000000000002,0.08040000000000003,5,0
openstack,TN,79a1a113775df87d420b242cea4bbf953df3779c,counterfactual,,,,,3,0.8,0.6,-0.07240000000000002,0.08040000000000003,5,0
openstack,TN,79a1a113775df87d420b242cea4bbf953df3779c,counterfactual,,,,,4,0.8,0.6,-0.07240000000000002,0.08040000000000003,5,0
openstack,TN,79a1a113775df87d420b242cea4bbf953df3779c,counterfactual,,,,,5,0.8,0.6,-0.07240000000000002,0.08040000000000003,5,0
openstack,TN,dd444d84759d7b3c17e7c3e97f9565546f9d3df2,counterfactual,,,,,1,1.0,1.0,-0.10200000000000001,0.10200000000000001,5,0
openstack,TN,dd444d84759d7b3c17e7c3e97f9565546f9d3df2,counterfactual,,,,,2,1.0,1.0,-0.10200000000000001,0.10200000000000001,5,0
openstack,TN,dd444d84759d7b3c17e7c3e97f9565546f9d3df2,counterfactual,,,,,3,1.0,1.0,-0.10200000000000001,0.10200000000000001,5,0
openstack,TN,dd444d84759d7b3c17e7c3e97f9565546f9d3df2,counterfactual,,,,,4,1.0,1.0,-0.10200000000000001,0.10200000000000001,5,0
openstack,TN,dd444d84759d7b3c17e7c3e97f9565546f9d3df2,counterfactual,,,,,5,1.0,1.0,-0.10200000000000001,0.10200000000000001,5,0
openstack,TN,747373f4bdfe4814000a88e4443b56545d5d55bd,counterfactual,,,,,1,0.8,0.8,-0.03519999999999999,0.04239999999999999,5,0
openstack,TN,747373f4bdfe4814000a88e4443b56545d5d55bd,counterfactual,,,,,2,0.8,0.8,-0.03519999999999999,0.04239999999999999,5,0
openstack,TN,747373f4bdfe4814000a88e4443b56545d5d55bd,counterfactual,,,,,3,0.8,0.8,-0.03519999999999999,0.04239999999999999,5,0
openstack,TN,747373f4bdfe4814000a88e4443b56545d5d55bd,counterfactual,,,,,4,0.8,0.8,-0.03519999999999999,0.04239999999999999,5,0
openstack,TN,747373f4bdfe4814000a88e4443b56545d5d55bd,counterfactual,,,,,5,0.8,0.8,-0.03519999999999999,0.04239999999999999,5,0
openstack,FN,763fd62464e9a0753e061171cc1fd826055bbc01,counterfactual,,,,,1,0.8,0.6,0.07359999999999997,0.07679999999999998,5,0
openstack,FN,763fd62464e9a0753e061171cc1fd826055bbc01,counterfactual,,,,,2,0.8,0.6,0.07359999999999997,0.07679999999999998,5,0
openstack,FN,763fd62464e9a0753e061171cc1fd826055bbc01,counterfactual,,,,,3,0.8,0.6,0.07359999999999997,0.07679999999999998,5,0
openstack,FN,763fd62464e9a0753e061171cc1fd826055bbc01,counterfactual,,,,,4,0.8,0.6,0.07359999999999997,0.07679999999999998,5,0
openstack,FN,763fd62464e9a0753e061171cc1fd826055bbc01,counterfactual,,,,,5,0.8,0.6,0.07359999999999997,0.07679999999999998,5,0
openstack,FN,267eea50fd9e9c74faa96d529a7ec2fd8aa8d51f,counterfactual,,,,,1,0.8,1.0,-0.05599999999999997,0.11759999999999998,5,0
openstack,FN,267eea50fd9e9c74faa96d529a7ec2fd8aa8d51f,counterfactual,,,,,2,0.8,1.0,-0.05599999999999997,0.11759999999999998,5,0
openstack,FN,267eea50fd9e9c74faa96d529a7ec2fd8aa8d51f,counterfactual,,,,,3,0.8,1.0,-0.05599999999999997,0.11759999999999998,5,0
openstack,FN,267eea50fd9e9c74faa96d529a7ec2fd8aa8d51f,counterfactual,,,,,4,0.8,1.0,-0.05599999999999997,0.11759999999999998,5,0
openstack,FN,267eea50fd9e9c74faa96d529a7ec2fd8aa8d51f,counterfactual,,,,,5,0.8,1.0,-0.05599999999999997,0.11759999999999998,5,0
openstack,TN,978066fe31a5331f143a05e1fd753c729b2dcf09,counterfactual,,,,,1,0.8,0.6,-0.016799999999999947,0.04239999999999997,5,0
openstack,TN,978066fe31a5331f143a05e1fd753c729b2dcf09,counterfactual,,,,,2,0.8,0.6,-0.016799999999999947,0.04239999999999997,5,0
openstack,TN,978066fe31a5331f143a05e1fd753c729b2dcf09,counterfactual,,,,,3,0.8,0.6,-0.016799999999999947,0.04239999999999997,5,0
openstack,TN,978066fe31a5331f143a05e1fd753c729b2dcf09,counterfactual,,,,,4,0.8,0.6,-0.016799999999999947,0.04239999999999997,5,0
openstack,TN,978066fe31a5331f143a05e1fd753c729b2dcf09,counterfactual,,,,,5,0.8,0.6,-0.016799999999999947,0.04239999999999997,5,0
openstack,TN,545925c66cb3ee005aa7e497ad4b3c97eb2f410b,counterfactual,,,,,1,1.0,0.8,-0.062000000000000034,0.062000000000000034,5,0
openstack,TN,545925c66cb3ee005aa7e497ad4b3c97eb2f410b,counterfactual,,,,,2,1.0,0.8,-0.062000000000000034,0.062000000000000034,5,0
openstack,TN,545925c66cb3ee005aa7e497ad4b3c97eb2f410b,counterfactual,,,,,3,1.0,0.8,-0.062000000000000034,0.062000000000000034,5,0
openstack,TN,545925c66cb3ee005aa7e497ad4b3c97eb2f410b,counterfactual,,,,,4,1.0,0.8,-0.062000000000000034,0.062000000000000034,5,0
openstack,TN,545925c66cb3ee005aa7e497ad4b3c97eb2f410b,counterfactual,,,,,5,1.0,0.8,-0.062000000000000034,0.062000000000000034,5,0
openstack,FN,bc6ca87a6a01ecbda926a78d07cadbd4e3ab97e0,counterfactual,,,,,1,1.0,1.0,0.09079999999999996,0.09079999999999996,5,0
openstack,FN,bc6ca87a6a01ecbda926a78d07cadbd4e3ab97e0,counterfactual,,,,,2,1.0,1.0,0.09079999999999996,0.09079999999999996,5,0
openstack,FN,bc6ca87a6a01ecbda926a78d07cadbd4e3ab97e0,counterfactual,,,,,3,1.0,1.0,0.09079999999999996,0.09079999999999996,5,0
openstack,FN,bc6ca87a6a01ecbda926a78d07cadbd4e3ab97e0,counterfactual,,,,,4,1.0,1.0,0.09079999999999996,0.09079999999999996,5,0
openstack,FN,bc6ca87a6a01ecbda926a78d07cadbd4e3ab97e0,counterfactual,,,,,5,1.0,1.0,0.09079999999999996,0.09079999999999996,5,0
openstack,FP,280cc7c5ae4b07a9a1e23b8f9cc925be9872c8e1,counterfactual,,,,,1,1.0,1.0,-0.23079999999999998,0.23079999999999998,5,0
openstack,FP,280cc7c5ae4b07a9a1e23b8f9cc925be9872c8e1,counterfactual,,,,,2,1.0,1.0,-0.23079999999999998,0.23079999999999998,5,0
openstack,FP,280cc7c5ae4b07a9a1e23b8f9cc925be9872c8e1,counterfactual,,,,,3,1.0,1.0,-0.23079999999999998,0.23079999999999998,5,0
openstack,FP,280cc7c5ae4b07a9a1e23b8f9cc925be9872c8e1,counterfactual,,,,,4,1.0,1.0,-0.23079999999999998,0.23079999999999998,5,0
openstack,FP,280cc7c5ae4b07a9a1e23b8f9cc925be9872c8e1,counterfactual,,,,,5,1.0,1.0,-0.23079999999999998,0.23079999999999998,5,0
openstack,FP,6aecf475dbff9c7d477378c021749b987d47deae,counterfactual,,,,,1,1.0,0.8,-0.2376,0.2376,5,0
openstack,FP,6aecf475dbff9c7d477378c021749b987d47deae,counterfactual,,,,,2,1.0,0.8,-0.2376,0.2376,5,0
openstack,FP,6aecf475dbff9c7d477378c021749b987d47deae,counterfactual,,,,,3,1.0,0.8,-0.2376,0.2376,5,0
openstack,FP,6aecf475dbff9c7d477378c021749b987d47deae,counterfactual,,,,,4,1.0,0.8,-0.2376,0.2376,5,0
openstack,FP,6aecf475dbff9c7d477378c021749b987d47deae,counterfactual,,,,,5,1.0,0.8,-0.2376,0.2376,5,0
openstack,FP,baa52224dc73e8ca3bdcbdaa5d62bc26fb38052f,counterfactual,,,,,1,0.8,0.8,-0.14839999999999998,0.19879999999999998,5,0
openstack,FP,baa52224dc73e8ca3bdcbdaa5d62bc26fb38052f,counterfactual,,,,,2,0.8,0.8,-0.14839999999999998,0.19879999999999998,5,0
openstack,FP,baa52224dc73e8ca3bdcbdaa5d62bc26fb38052f,counterfactual,,,,,3,0.8,0.8,-0.14839999999999998,0.19879999999999998,5,0
openstack,FP,baa52224dc73e8ca3bdcbdaa5d62bc26fb38052f,counterfactual,,,,,4,0.8,0.8,-0.14839999999999998,0.19879999999999998,5,0
openstack,FP,baa52224dc73e8ca3bdcbdaa5d62bc26fb38052f,counterfactual,,,,,5,0.8,0.8,-0.14839999999999998,0.19879999999999998,5,0
openstack,TN,d2e40a3e49819dace92975de3e3d7ba3a3fac79d,counterfactual,,,,,1,1.0,0.2,-0.06360000000000002,0.07080000000000002,5,0
openstack,TN,d2e40a3e49819dace92975de3e3d7ba3a3fac79d,counterfactual,,,,,2,1.0,0.2,-0.06360000000000002,0.07080000000000002,5,0
openstack,TN,d2e40a3e49819dace92975de3e3d7ba3a3fac79d,counterfactual,,,,,3,1.0,0.2,-0.06360000000000002,0.07080000000000002,5,0
openstack,TN,d2e40a3e49819dace92975de3e3d7ba3a3fac79d,counterfactual,,,,,4,1.0,0.2,-0.06360000000000002,0.07080000000000002,5,0
openstack,TN,d2e40a3e49819dace92975de3e3d7ba3a3fac79d,counterfactual,,,,,5,1.0,0.2,-0.06360000000000002,0.07080000000000002,5,0
openstack,TN,57566f4c8d2929c25e76564883369a7c6eda720a,counterfactual,,,,,1,0.8,1.0,-0.04199999999999995,0.05479999999999996,5,0
openstack,TN,57566f4c8d2929c25e76564883369a7c6eda720a,counterfactual,,,,,2,0.8,1.0,-0.04199999999999995,0.05479999999999996,5,0
openstack,TN,57566f4c8d2929c25e76564883369a7c6eda720a,counterfactual,,,,,3,0.8,1.0,-0.04199999999999995,0.05479999999999996,5,0
openstack,TN,57566f4c8d2929c25e76564883369a7c6eda720a,counterfactual,,,,,4,0.8,1.0,-0.04199999999999995,0.05479999999999996,5,0
openstack,TN,57566f4c8d2929c25e76564883369a7c6eda720a,counterfactual,,,,,5,0.8,1.0,-0.04199999999999995,0.05479999999999996,5,0
openstack,TP,03db94ebaa3fc2c76694fd566e2c9eefbf851a7f,counterfactual,,,,,1,1.0,0.8,-0.2528,0.2528,5,0
openstack,TP,03db94ebaa3fc2c76694fd566e2c9eefbf851a7f,counterfactual,,,,,2,1.0,0.8,-0.2528,0.2528,5,0
openstack,TP,03db94ebaa3fc2c76694fd566e2c9eefbf851a7f,counterfactual,,,,,3,1.0,0.8,-0.2528,0.2528,5,0
openstack,TP,03db94ebaa3fc2c76694fd566e2c9eefbf851a7f,counterfactual,,,,,4,1.0,0.8,-0.2528,0.2528,5,0
openstack,TP,03db94ebaa3fc2c76694fd566e2c9eefbf851a7f,counterfactual,,,,,5,1.0,0.8,-0.2528,0.2528,5,0
openstack,FN,703ba3c4e3d0b442c3097b6c844a59e560c09fe8,counterfactual,,,,,1,0.8,0.6,-0.024800000000000044,0.03680000000000001,5,0
openstack,FN,703ba3c4e3d0b442c3097b6c844a59e560c09fe8,counterfactual,,,,,2,0.8,0.6,-0.024800000000000044,0.03680000000000001,5,0
openstack,FN,703ba3c4e3d0b442c3097b6c844a59e560c09fe8,counterfactual,,,,,3,0.8,0.6,-0.024800000000000044,0.03680000000000001,5,0
openstack,FN,703ba3c4e3d0b442c3097b6c844a59e560c09fe8,counterfactual,,,,,4,0.8,0.6,-0.024800000000000044,0.03680000000000001,5,0
openstack,FN,703ba3c4e3d0b442c3097b6c844a59e560c09fe8,counterfactual,,,,,5,0.8,0.6,-0.024800000000000044,0.03680000000000001,5,0
openstack,FN,e3df049cad2b7a264acbad4d6baecbc813546e5d,counterfactual,,,,,1,1.0,1.0,-0.039599999999999955,0.12199999999999998,5,0
openstack,FN,e3df049cad2b7a264acbad4d6baecbc813546e5d,counterfactual,,,,,2,1.0,1.0,-0.039599999999999955,0.12199999999999998,5,0
openstack,FN,e3df049cad2b7a264acbad4d6baecbc813546e5d,counterfactual,,,,,3,1.0,1.0,-0.039599999999999955,0.12199999999999998,5,0
openstack,FN,e3df049cad2b7a264acbad4d6baecbc813546e5d,counterfactual,,,,,4,1.0,1.0,-0.039599999999999955,0.12199999999999998,5,0
openstack,FN,e3df049cad2b7a264acbad4d6baecbc813546e5d,counterfactual,,,,,5,1.0,1.0,-0.039599999999999955,0.12199999999999998,5,0
openstack,FN,d1b3adfbe471ad99ddf0dd2b483b77435c157aea,counterfactual,,,,,1,0.8,1.0,0.07640000000000005,0.10760000000000003,5,0
openstack,FN,d1b3adfbe471ad99ddf0dd2b483b77435c157aea,counterfactual,,,,,2,0.8,1.0,0.07640000000000005,0.10760000000000003,5,0
openstack,FN,d1b3adfbe471ad99ddf0dd2b483b77435c157aea,counterfactual,,,,,3,0.8,1.0,0.07640000000000005,0.10760000000000003,5,0
openstack,FN,d1b3adfbe471ad99ddf0dd2b483b77435c157aea,counterfactual,,,,,4,0.8,1.0,0.07640000000000005,0.10760000000000003,5,0
openstack,FN,d1b3adfbe471ad99ddf0dd2b483b77435c157aea,counterfactual,,,,,5,0.8,1.0,0.07640000000000005,0.10760000000000003,5,0
openstack,TN,87be408b126e81ded85b03896f9c85f8a8d4ac90,counterfactual,,,,,1,1.0,0.6,-0.06840000000000002,0.06840000000000002,5,0
openstack,TN,87be408b126e81ded85b03896f9c85f8a8d4ac90,counterfactual,,,,,2,1.0,0.6,-0.06840000000000002,0.06840000000000002,5,0
openstack,TN,87be408b126e81ded85b03896f9c85f8a8d4ac90,counterfactual,,,,,3,1.0,0.6,-0.06840000000000002,0.06840000000000002,5,0
openstack,TN,87be408b126e81ded85b03896f9c85f8a8d4ac90,counterfactual,,,,,4,1.0,0.6,-0.06840000000000002,0.06840000000000002,5,0
openstack,TN,87be408b126e81ded85b03896f9c85f8a8d4ac90,counterfactual,,,,,5,1.0,0.6,-0.06840000000000002,0.06840000000000002,5,0
openstack,TP,22c9cf3d95c3d14351045bac2920b4e0994ec42f,counterfactual,,,,,1,0.8,1.0,-0.27719999999999995,0.2924,5,0
openstack,TP,22c9cf3d95c3d14351045bac2920b4e0994ec42f,counterfactual,,,,,2,0.8,1.0,-0.27719999999999995,0.2924,5,0
openstack,TP,22c9cf3d95c3d14351045bac2920b4e0994ec42f,counterfactual,,,,,3,0.8,1.0,-0.27719999999999995,0.2924,5,0
openstack,TP,22c9cf3d95c3d14351045bac2920b4e0994ec42f,counterfactual,,,,,4,0.8,1.0,-0.27719999999999995,0.2924,5,0
openstack,TP,22c9cf3d95c3d14351045bac2920b4e0994ec42f,counterfactual,,,,,5,0.8,1.0,-0.27719999999999995,0.2924,5,0
openstack,TP,092820939d53268152893a15fdaf5129554fbcb3,counterfactual,,,,,1,0.8,1.0,-0.22600000000000003,0.27240000000000003,5,0
openstack,TP,092820939d53268152893a15fdaf5129554fbcb3,counterfactual,,,,,2,0.8,1.0,-0.22600000000000003,0.27240000000000003,5,0
openstack,TP,092820939d53268152893a15fdaf5129554fbcb3,counterfactual,,,,,3,0.8,1.0,-0.22600000000000003,0.27240000000000003,5,0
openstack,TP,092820939d53268152893a15fdaf5129554fbcb3,counterfactual,,,,,4,0.8,1.0,-0.22600000000000003,0.27240000000000003,5,0
openstack,TP,092820939d53268152893a15fdaf5129554fbcb3,counterfactual,,,,,5,0.8,1.0,-0.22600000000000003,0.27240000000000003,5,0
openstack,TN,dd13c2784b5aec539197d1b76fafc6a6b38a33e8,counterfactual,,,,,1,0.6,0.6,0.034399999999999965,0.06639999999999999,5,0
openstack,TN,dd13c2784b5aec539197d1b76fafc6a6b38a33e8,counterfactual,,,,,2,0.6,0.6,0.034399999999999965,0.06639999999999999,5,0
openstack,TN,dd13c2784b5aec539197d1b76fafc6a6b38a33e8,counterfactual,,,,,3,0.6,0.6,0.034399999999999965,0.06639999999999999,5,0
openstack,TN,dd13c2784b5aec539197d1b76fafc6a6b38a33e8,counterfactual,,,,,4,0.6,0.6,0.034399999999999965,0.06639999999999999,5,0
openstack,TN,dd13c2784b5aec539197d1b76fafc6a6b38a33e8,counterfactual,,,,,5,0.6,0.6,0.034399999999999965,0.06639999999999999,5,0
openstack,TP,40eaa89a9001edda3e1146831b26aaf7ded64c4a,counterfactual,,,,,1,1.0,1.0,-0.1368,0.21839999999999998,5,0
openstack,TP,40eaa89a9001edda3e1146831b26aaf7ded64c4a,counterfactual,,,,,2,1.0,1.0,-0.1368,0.21839999999999998,5,0
openstack,TP,40eaa89a9001edda3e1146831b26aaf7ded64c4a,counterfactual,,,,,3,1.0,1.0,-0.1368,0.21839999999999998,5,0
openstack,TP,40eaa89a9001edda3e1146831b26aaf7ded64c4a,counterfactual,,,,,4,1.0,1.0,-0.1368,0.21839999999999998,5,0
openstack,TP,40eaa89a9001edda3e1146831b26aaf7ded64c4a,counterfactual,,,,,5,1.0,1.0,-0.1368,0.21839999999999998,5,0
openstack,TN,1e6538d43e76b867776cf226e1d6d6c900412f99,counterfactual,,,,,1,1.0,1.0,-0.0824,0.0824,5,0
openstack,TN,1e6538d43e76b867776cf226e1d6d6c900412f99,counterfactual,,,,,2,1.0,1.0,-0.0824,0.0824,5,0
openstack,TN,1e6538d43e76b867776cf226e1d6d6c900412f99,counterfactual,,,,,3,1.0,1.0,-0.0824,0.0824,5,0
openstack,TN,1e6538d43e76b867776cf226e1d6d6c900412f99,counterfactual,,,,,4,1.0,1.0,-0.0824,0.0824,5,0
openstack,TN,1e6538d43e76b867776cf226e1d6d6c900412f99,counterfactual,,,,,5,1.0,1.0,-0.0824,0.0824,5,0
openstack,FP,70de423255fd01822188bb9082a0c0cc1c8ec2d0,counterfactual,,,,,1,1.0,1.0,-0.33000000000000007,0.33000000000000007,5,0
openstack,FP,70de423255fd01822188bb9082a0c0cc1c8ec2d0,counterfactual,,,,,2,1.0,1.0,-0.33000000000000007,0.33000000000000007,5,0
openstack,FP,70de423255fd01822188bb9082a0c0cc1c8ec2d0,counterfactual,,,,,3,1.0,1.0,-0.33000000000000007,0.33000000000000007,5,0
openstack,FP,70de423255fd01822188bb9082a0c0cc1c8ec2d0,counterfactual,,,,,4,1.0,1.0,-0.33000000000000007,0.33000000000000007,5,0
openstack,FP,70de423255fd01822188bb9082a0c0cc1c8ec2d0,counterfactual,,,,,5,1.0,1.0,-0.33000000000000007,0.33000000000000007,5,0
openstack,TP,56324c12aa58ff9cf46582611b071f3abb743ddf,counterfactual,,,,,1,1.0,0.8,-0.17960000000000004,0.17960000000000004,5,0
openstack,TP,56324c12aa58ff9cf46582611b071f3abb743ddf,counterfactual,,,,,2,1.0,0.8,-0.17960000000000004,0.17960000000000004,5,0
openstack,TP,56324c12aa58ff9cf46582611b071f3abb743ddf,counterfactual,,,,,3,1.0,0.8,-0.17960000000000004,0.17960000000000004,5,0
openstack,TP,56324c12aa58ff9cf46582611b071f3abb743ddf,counterfactual,,,,,4,1.0,0.8,-0.17960000000000004,0.17960000000000004,5,0
openstack,TP,56324c12aa58ff9cf46582611b071f3abb743ddf,counterfactual,,,,,5,1.0,0.8,-0.17960000000000004,0.17960000000000004,5,0
openstack,FN,848664f646bf087df59778434daa6feae1e71c74,counterfactual,,,,,1,1.0,1.0,-0.10999999999999996,0.10999999999999996,5,0
openstack,FN,848664f646bf087df59778434daa6feae1e71c74,counterfactual,,,,,2,1.0,1.0,-0.10999999999999996,0.10999999999999996,5,0
openstack,FN,848664f646bf087df59778434daa6feae1e71c74,counterfactual,,,,,3,1.0,1.0,-0.10999999999999996,0.10999999999999996,5,0
openstack,FN,848664f646bf087df59778434daa6feae1e71c74,counterfactual,,,,,4,1.0,1.0,-0.10999999999999996,0.10999999999999996,5,0
openstack,FN,848664f646bf087df59778434daa6feae1e71c74,counterfactual,,,,,5,1.0,1.0,-0.10999999999999996,0.10999999999999996,5,0
openstack,FN,91a8cd2952a25b340f5778cace95910e43cbcbb6,counterfactual,,,,,1,0.8,1.0,-0.028000000000000046,0.084,5,0
openstack,FN,91a8cd2952a25b340f5778cace95910e43cbcbb6,counterfactual,,,,,2,0.8,1.0,-0.028000000000000046,0.084,5,0
openstack,FN,91a8cd2952a25b340f5778cace95910e43cbcbb6,counterfactual,,,,,3,0.8,1.0,-0.028000000000000046,0.084,5,0
openstack,FN,91a8cd2952a25b340f5778cace95910e43cbcbb6,counterfactual,,,,,4,0.8,1.0,-0.028000000000000046,0.084,5,0
openstack,FN,91a8cd2952a25b340f5778cace95910e43cbcbb6,counterfactual,,,,,5,0.8,1.0,-0.028000000000000046,0.084,5,0
openstack,FN,d402747547e1a356c6c2c20b57f52af39b63e831,counterfactual,,,,,1,0.6,1.0,-0.06439999999999997,0.0988,5,0
openstack,FN,d402747547e1a356c6c2c20b57f52af39b63e831,counterfactual,,,,,2,0.6,1.0,-0.06439999999999997,0.0988,5,0
openstack,FN,d402747547e1a356c6c2c20b57f52af39b63e831,counterfactual,,,,,3,0.6,1.0,-0.06439999999999997,0.0988,5,0
openstack,FN,d402747547e1a356c6c2c20b57f52af39b63e831,counterfactual,,,,,4,0.6,1.0,-0.06439999999999997,0.0988,5,0
openstack,FN,d402747547e1a356c6c2c20b57f52af39b63e831,counterfactual,,,,,5,0.6,1.0,-0.06439999999999997,0.0988,5,0
openstack,TN,348b7a9f7d64094d60ece0460aed02b66c52f1b1,counterfactual,,,,,1,0.6,0.2,-0.09119999999999999,0.1048,5,0
openstack,TN,348b7a9f7d64094d60ece0460aed02b66c52f1b1,counterfactual,,,,,2,0.6,0.2,-0.09119999999999999,0.1048,5,0
openstack,TN,348b7a9f7d64094d60ece0460aed02b66c52f1b1,counterfactual,,,,,3,0.6,0.2,-0.09119999999999999,0.1048,5,0
openstack,TN,348b7a9f7d64094d60ece0460aed02b66c52f1b1,counterfactual,,,,,4,0.6,0.2,-0.09119999999999999,0.1048,5,0
openstack,TN,348b7a9f7d64094d60ece0460aed02b66c52f1b1,counterfactual,,,,,5,0.6,0.2,-0.09119999999999999,0.1048,5,0
openstack,FP,2bb9e5563c69f79d5da23668b08dd9c88f9d4348,counterfactual,,,,,1,1.0,1.0,-0.18359999999999999,0.18359999999999999,5,0
openstack,FP,2bb9e5563c69f79d5da23668b08dd9c88f9d4348,counterfactual,,,,,2,1.0,1.0,-0.18359999999999999,0.18359999999999999,5,0
openstack,FP,2bb9e5563c69f79d5da23668b08dd9c88f9d4348,counterfactual,,,,,3,1.0,1.0,-0.18359999999999999,0.18359999999999999,5,0
openstack,FP,2bb9e5563c69f79d5da23668b08dd9c88f9d4348,counterfactual,,,,,4,1.0,1.0,-0.18359999999999999,0.18359999999999999,5,0
openstack,FP,2bb9e5563c69f79d5da23668b08dd9c88f9d4348,counterfactual,,,,,5,1.0,1.0,-0.18359999999999999,0.18359999999999999,5,0
openstack,TP,5f2b88b1aafb9a35638e54f796685f633428b6a5,counterfactual,,,,,1,1.0,1.0,-0.19679999999999997,0.19679999999999997,5,0
openstack,TP,5f2b88b1aafb9a35638e54f796685f633428b6a5,counterfactual,,,,,2,1.0,1.0,-0.19679999999999997,0.19679999999999997,5,0
openstack,TP,5f2b88b1aafb9a35638e54f796685f633428b6a5,counterfactual,,,,,3,1.0,1.0,-0.19679999999999997,0.19679999999999997,5,0
openstack,TP,5f2b88b1aafb9a35638e54f796685f633428b6a5,counterfactual,,,,,4,1.0,1.0,-0.19679999999999997,0.19679999999999997,5,0
openstack,TP,5f2b88b1aafb9a35638e54f796685f633428b6a5,counterfactual,,,,,5,1.0,1.0,-0.19679999999999997,0.19679999999999997,5,0
openstack,FN,017dd6b4bcf92c14d49421268cb571c00879f3cc,counterfactual,,,,,1,0.8,0.8,0.03640000000000003,0.11480000000000001,5,0
openstack,FN,017dd6b4bcf92c14d49421268cb571c00879f3cc,counterfactual,,,,,2,0.8,0.8,0.03640000000000003,0.11480000000000001,5,0
openstack,FN,017dd6b4bcf92c14d49421268cb571c00879f3cc,counterfactual,,,,,3,0.8,0.8,0.03640000000000003,0.11480000000000001,5,0
openstack,FN,017dd6b4bcf92c14d49421268cb571c00879f3cc,counterfactual,,,,,4,0.8,0.8,0.03640000000000003,0.11480000000000001,5,0
openstack,FN,017dd6b4bcf92c14d49421268cb571c00879f3cc,counterfactual,,,,,5,0.8,0.8,0.03640000000000003,0.11480000000000001,5,0
openstack,FP,41d6b479fe8baf66578044b8773c3b892d64a2c4,counterfactual,,,,,1,1.0,1.0,-0.17799999999999994,0.17799999999999994,5,0
openstack,FP,41d6b479fe8baf66578044b8773c3b892d64a2c4,counterfactual,,,,,2,1.0,1.0,-0.17799999999999994,0.17799999999999994,5,0
openstack,FP,41d6b479fe8baf66578044b8773c3b892d64a2c4,counterfactual,,,,,3,1.0,1.0,-0.17799999999999994,0.17799999999999994,5,0
openstack,FP,41d6b479fe8baf66578044b8773c3b892d64a2c4,counterfactual,,,,,4,1.0,1.0,-0.17799999999999994,0.17799999999999994,5,0
openstack,FP,41d6b479fe8baf66578044b8773c3b892d64a2c4,counterfactual,,,,,5,1.0,1.0,-0.17799999999999994,0.17799999999999994,5,0
openstack,FN,913a99c79456abbfef1642e6dc70e6a4ff4e25db,counterfactual,,,,,1,0.8,1.0,0.10480000000000005,0.14720000000000005,5,0
openstack,FN,913a99c79456abbfef1642e6dc70e6a4ff4e25db,counterfactual,,,,,2,0.8,1.0,0.10480000000000005,0.14720000000000005,5,0
openstack,FN,913a99c79456abbfef1642e6dc70e6a4ff4e25db,counterfactual,,,,,3,0.8,1.0,0.10480000000000005,0.14720000000000005,5,0
openstack,FN,913a99c79456abbfef1642e6dc70e6a4ff4e25db,counterfactual,,,,,4,0.8,1.0,0.10480000000000005,0.14720000000000005,5,0
openstack,FN,913a99c79456abbfef1642e6dc70e6a4ff4e25db,counterfactual,,,,,5,0.8,1.0,0.10480000000000005,0.14720000000000005,5,0
openstack,FP,e4ea54104ec38f5fe4c792d4d3d1865de34bb4c3,counterfactual,,,,,1,1.0,1.0,-0.20399999999999996,0.20399999999999996,5,0
openstack,FP,e4ea54104ec38f5fe4c792d4d3d1865de34bb4c3,counterfactual,,,,,2,1.0,1.0,-0.20399999999999996,0.20399999999999996,5,0
openstack,FP,e4ea54104ec38f5fe4c792d4d3d1865de34bb4c3,counterfactual,,,,,3,1.0,1.0,-0.20399999999999996,0.20399999999999996,5,0
openstack,FP,e4ea54104ec38f5fe4c792d4d3d1865de34bb4c3,counterfactual,,,,,4,1.0,1.0,-0.20399999999999996,0.20399999999999996,5,0
openstack,FP,e4ea54104ec38f5fe4c792d4d3d1865de34bb4c3,counterfactual,,,,,5,1.0,1.0,-0.20399999999999996,0.20399999999999996,5,0
openstack,FN,1c6b2fce289b68af92afeddf8d30efcda1903f06,counterfactual,,,,,1,0.8,0.8,-0.053599999999999946,0.10079999999999999,5,0
openstack,FN,1c6b2fce289b68af92afeddf8d30efcda1903f06,counterfactual,,,,,2,0.8,0.8,-0.053599999999999946,0.10079999999999999,5,0
openstack,FN,1c6b2fce289b68af92afeddf8d30efcda1903f06,counterfactual,,,,,3,0.8,0.8,-0.053599999999999946,0.10079999999999999,5,0
openstack,FN,1c6b2fce289b68af92afeddf8d30efcda1903f06,counterfactual,,,,,4,0.8,0.8,-0.053599999999999946,0.10079999999999999,5,0
openstack,FN,1c6b2fce289b68af92afeddf8d30efcda1903f06,counterfactual,,,,,5,0.8,0.8,-0.053599999999999946,0.10079999999999999,5,0
openstack,FN,8ccdc4ac5053c6e39660044a9f8c1f695370e9a7,counterfactual,,,,,1,1.0,1.0,0.04479999999999999,0.1008,5,0
openstack,FN,8ccdc4ac5053c6e39660044a9f8c1f695370e9a7,counterfactual,,,,,2,1.0,1.0,0.04479999999999999,0.1008,5,0
openstack,FN,8ccdc4ac5053c6e39660044a9f8c1f695370e9a7,counterfactual,,,,,3,1.0,1.0,0.04479999999999999,0.1008,5,0
openstack,FN,8ccdc4ac5053c6e39660044a9f8c1f695370e9a7,counterfactual,,,,,4,1.0,1.0,0.04479999999999999,0.1008,5,0
openstack,FN,8ccdc4ac5053c6e39660044a9f8c1f695370e9a7,counterfactual,,,,,5,1.0,1.0,0.04479999999999999,0.1008,5,0
openstack,FP,a985e34cdeef777fe7ff943e363a5f1be6d991b7,counterfactual,,,,,1,1.0,1.0,-0.1464,0.1464,5,0
openstack,FP,a985e34cdeef777fe7ff943e363a5f1be6d991b7,counterfactual,,,,,2,1.0,1.0,-0.1464,0.1464,5,0
openstack,FP,a985e34cdeef777fe7ff943e363a5f1be6d991b7,counterfactual,,,,,3,1.0,1.0,-0.1464,0.1464,5,0
openstack,FP,a985e34cdeef777fe7ff943e363a5f1be6d991b7,counterfactual,,,,,4,1.0,1.0,-0.1464,0.1464,5,0
openstack,FP,a985e34cdeef777fe7ff943e363a5f1be6d991b7,counterfactual,,,,,5,1.0,1.0,-0.1464,0.1464,5,0
openstack,TP,3b28cb2a10f7746a32cb7f7b62b6fc92ebcfb1e5,counterfactual,,,,,1,0.8,0.8,-0.2328,0.2376,5,0
openstack,TP,3b28cb2a10f7746a32cb7f7b62b6fc92ebcfb1e5,counterfactual,,,,,2,0.8,0.8,-0.2328,0.2376,5,0
openstack,TP,3b28cb2a10f7746a32cb7f7b62b6fc92ebcfb1e5,counterfactual,,,,,3,0.8,0.8,-0.2328,0.2376,5,0
openstack,TP,3b28cb2a10f7746a32cb7f7b62b6fc92ebcfb1e5,counterfactual,,,,,4,0.8,0.8,-0.2328,0.2376,5,0
openstack,TP,3b28cb2a10f7746a32cb7f7b62b6fc92ebcfb1e5,counterfactual,,,,,5,0.8,0.8,-0.2328,0.2376,5,0
openstack,FN,c2c37272bf788aac63399127cddd487dc0f15c38,counterfactual,,,,,1,0.4,0.4,-0.020000000000000018,0.030400000000000028,5,0
openstack,FN,c2c37272bf788aac63399127cddd487dc0f15c38,counterfactual,,,,,2,0.4,0.4,-0.020000000000000018,0.030400000000000028,5,0
openstack,FN,c2c37272bf788aac63399127cddd487dc0f15c38,counterfactual,,,,,3,0.4,0.4,-0.020000000000000018,0.030400000000000028,5,0
openstack,FN,c2c37272bf788aac63399127cddd487dc0f15c38,counterfactual,,,,,4,0.4,0.4,-0.020000000000000018,0.030400000000000028,5,0
openstack,FN,c2c37272bf788aac63399127cddd487dc0f15c38,counterfactual,,,,,5,0.4,0.4,-0.020000000000000018,0.030400000000000028,5,0
openstack,FN,37510ac03478704bafba89e8c4f4e0e9041d661d,counterfactual,,,,,1,0.8,0.8,0.11239999999999999,0.11239999999999999,5,0
openstack,FN,37510ac03478704bafba89e8c4f4e0e9041d661d,counterfactual,,,,,2,0.8,0.8,0.11239999999999999,0.11239999999999999,5,0
openstack,FN,37510ac03478704bafba89e8c4f4e0e9041d661d,counterfactual,,,,,3,0.8,0.8,0.11239999999999999,0.11239999999999999,5,0
openstack,FN,37510ac03478704bafba89e8c4f4e0e9041d661d,counterfactual,,,,,4,0.8,0.8,0.11239999999999999,0.11239999999999999,5,0
openstack,FN,37510ac03478704bafba89e8c4f4e0e9041d661d,counterfactual,,,,,5,0.8,0.8,0.11239999999999999,0.11239999999999999,5,0
openstack,TN,5cc9d999352c21d3f4b5c39d3ea9d4378ca86544,counterfactual,,,,,1,1.0,1.0,-0.03359999999999996,0.14720000000000003,5,0
openstack,TN,5cc9d999352c21d3f4b5c39d3ea9d4378ca86544,counterfactual,,,,,2,1.0,1.0,-0.03359999999999996,0.14720000000000003,5,0
openstack,TN,5cc9d999352c21d3f4b5c39d3ea9d4378ca86544,counterfactual,,,,,3,1.0,1.0,-0.03359999999999996,0.14720000000000003,5,0
openstack,TN,5cc9d999352c21d3f4b5c39d3ea9d4378ca86544,counterfactual,,,,,4,1.0,1.0,-0.03359999999999996,0.14720000000000003,5,0
openstack,TN,5cc9d999352c21d3f4b5c39d3ea9d4378ca86544,counterfactual,,,,,5,1.0,1.0,-0.03359999999999996,0.14720000000000003,5,0
openstack,FP,ce12d7a1e53fffce57baab18de2ab885ba1df8ee,counterfactual,,,,,1,1.0,0.6,-0.116,0.116,5,0
openstack,FP,ce12d7a1e53fffce57baab18de2ab885ba1df8ee,counterfactual,,,,,2,1.0,0.6,-0.116,0.116,5,0
openstack,FP,ce12d7a1e53fffce57baab18de2ab885ba1df8ee,counterfactual,,,,,3,1.0,0.6,-0.116,0.116,5,0
openstack,FP,ce12d7a1e53fffce57baab18de2ab885ba1df8ee,counterfactual,,,,,4,1.0,0.6,-0.116,0.116,5,0
openstack,FP,ce12d7a1e53fffce57baab18de2ab885ba1df8ee,counterfactual,,,,,5,1.0,0.6,-0.116,0.116,5,0
openstack,FN,221f386029faf499c5a445374685cba5b67df31e,counterfactual,,,,,1,1.0,1.0,-0.007999999999999962,0.16640000000000002,5,0
openstack,FN,221f386029faf499c5a445374685cba5b67df31e,counterfactual,,,,,2,1.0,1.0,-0.007999999999999962,0.16640000000000002,5,0
openstack,FN,221f386029faf499c5a445374685cba5b67df31e,counterfactual,,,,,3,1.0,1.0,-0.007999999999999962,0.16640000000000002,5,0
openstack,FN,221f386029faf499c5a445374685cba5b67df31e,counterfactual,,,,,4,1.0,1.0,-0.007999999999999962,0.16640000000000002,5,0
openstack,FN,221f386029faf499c5a445374685cba5b67df31e,counterfactual,,,,,5,1.0,1.0,-0.007999999999999962,0.16640000000000002,5,0
openstack,FP,3eea37b85b1abc72786a2b24baf01141b4d95f08,counterfactual,,,,,1,1.0,1.0,-0.16240000000000004,0.16240000000000004,5,0
openstack,FP,3eea37b85b1abc72786a2b24baf01141b4d95f08,counterfactual,,,,,2,1.0,1.0,-0.16240000000000004,0.16240000000000004,5,0
openstack,FP,3eea37b85b1abc72786a2b24baf01141b4d95f08,counterfactual,,,,,3,1.0,1.0,-0.16240000000000004,0.16240000000000004,5,0
openstack,FP,3eea37b85b1abc72786a2b24baf01141b4d95f08,counterfactual,,,,,4,1.0,1.0,-0.16240000000000004,0.16240000000000004,5,0
openstack,FP,3eea37b85b1abc72786a2b24baf01141b4d95f08,counterfactual,,,,,5,1.0,1.0,-0.16240000000000004,0.16240000000000004,5,0
openstack,FN,589c495c1ae62129e20ab5e2641e330541eee01f,counterfactual,,,,,1,0.8,0.8,0.041199999999999945,0.15639999999999996,5,0
openstack,FN,589c495c1ae62129e20ab5e2641e330541eee01f,counterfactual,,,,,2,0.8,0.8,0.041199999999999945,0.15639999999999996,5,0
openstack,FN,589c495c1ae62129e20ab5e2641e330541eee01f,counterfactual,,,,,3,0.8,0.8,0.041199999999999945,0.15639999999999996,5,0
openstack,FN,589c495c1ae62129e20ab5e2641e330541eee01f,counterfactual,,,,,4,0.8,0.8,0.041199999999999945,0.15639999999999996,5,0
openstack,FN,589c495c1ae62129e20ab5e2641e330541eee01f,counterfactual,,,,,5,0.8,0.8,0.041199999999999945,0.15639999999999996,5,0
openstack,FP,750e065d6d137715dd03d5c90623145177f64cbb,counterfactual,,,,,1,0.8,1.0,-0.15000000000000002,0.1732,5,0
openstack,FP,750e065d6d137715dd03d5c90623145177f64cbb,counterfactual,,,,,2,0.8,1.0,-0.15000000000000002,0.1732,5,0
openstack,FP,750e065d6d137715dd03d5c90623145177f64cbb,counterfactual,,,,,3,0.8,1.0,-0.15000000000000002,0.1732,5,0
openstack,FP,750e065d6d137715dd03d5c90623145177f64cbb,counterfactual,,,,,4,0.8,1.0,-0.15000000000000002,0.1732,5,0
openstack,FP,750e065d6d137715dd03d5c90623145177f64cbb,counterfactual,,,,,5,0.8,1.0,-0.15000000000000002,0.1732,5,0
openstack,FP,4b53e4edf9f7f8c794316d3a0920d727723d1bab,kernelshap,,,,,1,1.0,1.0,-0.28080000000000005,0.28080000000000005,5,0
openstack,FP,4b53e4edf9f7f8c794316d3a0920d727723d1bab,kernelshap,,,,,2,1.0,1.0,-0.28080000000000005,0.28080000000000005,5,0
openstack,FP,4b53e4edf9f7f8c794316d3a0920d727723d1bab,kernelshap,,,,,3,1.0,1.0,-0.28080000000000005,0.28080000000000005,5,0
openstack,FP,4b53e4edf9f7f8c794316d3a0920d727723d1bab,kernelshap,,,,,4,1.0,1.0,-0.28080000000000005,0.28080000000000005,5,0
openstack,FP,4b53e4edf9f7f8c794316d3a0920d727723d1bab,kernelshap,,,,,5,1.0,1.0,-0.28080000000000005,0.28080000000000005,5,0
openstack,TN,467b4e4d419f0ca5db8468516d64ffec5cedc67e,kernelshap,,,,,1,0.8,1.0,-0.13200000000000006,0.13200000000000006,5,0
openstack,TN,467b4e4d419f0ca5db8468516d64ffec5cedc67e,kernelshap,,,,,2,0.8,1.0,-0.13200000000000006,0.13200000000000006,5,0
openstack,TN,467b4e4d419f0ca5db8468516d64ffec5cedc67e,kernelshap,,,,,3,0.8,1.0,-0.13200000000000006,0.13200000000000006,5,0
openstack,TN,467b4e4d419f0ca5db8468516d64ffec5cedc67e,kernelshap,,,,,4,0.8,1.0,-0.13200000000000006,0.13200000000000006,5,0
openstack,TN,467b4e4d419f0ca5db8468516d64ffec5cedc67e,kernelshap,,,,,5,0.8,1.0,-0.13200000000000006,0.13200000000000006,5,0
openstack,TP,eaf6340847c35ace3b4b681a95b8a79a7a3f2491,kernelshap,,,,,1,1.0,1.0,-0.19119999999999998,0.19119999999999998,5,0
openstack,TP,eaf6340847c35ace3b4b681a95b8a79a7a3f2491,kernelshap,,,,,2,1.0,1.0,-0.19119999999999998,0.19119999999999998,5,0
openstack,TP,eaf6340847c35ace3b4b681a95b8a79a7a3f2491,kernelshap,,,,,3,1.0,1.0,-0.19119999999999998,0.19119999999999998,5,0
openstack,TP,eaf6340847c35ace3b4b681a95b8a79a7a3f2491,kernelshap,,,,,4,1.0,1.0,-0.19119999999999998,0.19119999999999998,5,0
openstack,TP,eaf6340847c35ace3b4b681a95b8a79a7a3f2491,kernelshap,,,,,5,1.0,1.0,-0.19119999999999998,0.19119999999999998,5,0
openstack,TP,fd351903a1759109f66d0c66d42cd3a1b7f23861,kernelshap,,,,,1,1.0,1.0,-0.19800000000000004,0.19800000000000004,5,0
openstack,TP,fd351903a1759109f66d0c66d42cd3a1b7f23861,kernelshap,,,,,2,1.0,1.0,-0.19800000000000004,0.19800000000000004,5,0
openstack,TP,fd351903a1759109f66d0c66d42cd3a1b7f23861,kernelshap,,,,,3,1.0,1.0,-0.19520000000000004,0.19520000000000004,5,0
openstack,TP,fd351903a1759109f66d0c66d42cd3a1b7f23861,kernelshap,,,,,4,1.0,1.0,-0.18040000000000006,0.18040000000000006,5,0
openstack,TP,fd351903a1759109f66d0c66d42cd3a1b7f23861,kernelshap,,,,,5,1.0,1.0,-0.19800000000000004,0.19800000000000004,5,0
openstack,FP,2530ccff8f0a0105d1626c65616080b27682e129,kernelshap,,,,,1,1.0,1.0,-0.21159999999999998,0.21159999999999998,5,0
openstack,FP,2530ccff8f0a0105d1626c65616080b27682e129,kernelshap,,,,,2,1.0,1.0,-0.21159999999999998,0.21159999999999998,5,0
openstack,FP,2530ccff8f0a0105d1626c65616080b27682e129,kernelshap,,,,,3,1.0,1.0,-0.21159999999999998,0.21159999999999998,5,0
openstack,FP,2530ccff8f0a0105d1626c65616080b27682e129,kernelshap,,,,,4,1.0,1.0,-0.21159999999999998,0.21159999999999998,5,0
openstack,FP,2530ccff8f0a0105d1626c65616080b27682e129,kernelshap,,,,,5,1.0,1.0,-0.21159999999999998,0.21159999999999998,5,0
openstack,FN,1476b030bd53deddd85468c0d8b545d8f8f30f19,kernelshap,,,,,1,1.0,0.8,-0.043199999999999975,0.06239999999999999,5,0
openstack,FN,1476b030bd53deddd85468c0d8b545d8f8f30f19,kernelshap,,,,,2,1.0,0.8,-0.043199999999999975,0.06239999999999999,5,0
openstack,FN,1476b030bd53deddd85468c0d8b545d8f8f30f19,kernelshap,,,,,3,1.0,0.8,-0.043199999999999975,0.06239999999999999,5,0
openstack,FN,1476b030bd53deddd85468c0d8b545d8f8f30f19,kernelshap,,,,,4,1.0,0.8,-0.043199999999999975,0.06239999999999999,5,0
openstack,FN,1476b030bd53deddd85468c0d8b545d8f8f30f19,kernelshap,,,,,5,1.0,0.8,-0.043199999999999975,0.06239999999999999,5,0
openstack,TP,83a5f90f82b40be4c74685f557d6af0f8a3b1a30,kernelshap,,,,,1,1.0,1.0,-0.2528,0.2528,5,0
openstack,TP,83a5f90f82b40be4c74685f557d6af0f8a3b1a30,kernelshap,,,,,2,1.0,1.0,-0.2904,0.2904,5,0
openstack,TP,83a5f90f82b40be4c74685f557d6af0f8a3b1a30,kernelshap,,,,,3,1.0,1.0,-0.2528,0.2528,5,0
openstack,TP,83a5f90f82b40be4c74685f557d6af0f8a3b1a30,kernelshap,,,,,4,1.0,1.0,-0.2528,0.2528,5,0
openstack,TP,83a5f90f82b40be4c74685f557d6af0f8a3b1a30,kernelshap,,,,,5,1.0,1.0,-0.2528,0.2528,5,0
openstack,TP,6f1a1f5e8ead9ceb145e13927cd9ae7fdca9add4,kernelshap,,,,,1,1.0,1.0,-0.17720000000000002,0.23640000000000003,5,0
openstack,TP,6f1a1f5e8ead9ceb145e13927cd9ae7fdca9add4,kernelshap,,,,,2,0.8,0.8,-0.2028,0.21080000000000002,5,0
openstack,TP,6f1a1f5e8ead9ceb145e13927cd9ae7fdca9add4,kernelshap,,,,,3,0.8,0.8,-0.1404,0.2076,5,0
openstack,TP,6f1a1f5e8ead9ceb145e13927cd9ae7fdca9add4,kernelshap,,,,,4,0.8,0.8,-0.2,0.20800000000000002,5,0
openstack,TP,6f1a1f5e8ead9ceb145e13927cd9ae7fdca9add4,kernelshap,,,,,5,0.8,0.8,-0.2028,0.21080000000000002,5,0
openstack,FP,e847eed4a5600b6812338bb4903a0cffcde7f1f3,kernelshap,,,,,1,1.0,1.0,-0.28240000000000004,0.28240000000000004,5,0
openstack,FP,e847eed4a5600b6812338bb4903a0cffcde7f1f3,kernelshap,,,,,2,1.0,1.0,-0.28240000000000004,0.28240000000000004,5,0
openstack,FP,e847eed4a5600b6812338bb4903a0cffcde7f1f3,kernelshap,,,,,3,1.0,1.0,-0.28240000000000004,0.28240000000000004,5,0
openstack,FP,e847eed4a5600b6812338bb4903a0cffcde7f1f3,kernelshap,,,,,4,1.0,1.0,-0.28240000000000004,0.28240000000000004,5,0
openstack,FP,e847eed4a5600b6812338bb4903a0cffcde7f1f3,kernelshap,,,,,5,1.0,1.0,-0.28240000000000004,0.28240000000000004,5,0
openstack,TP,e7bdd19f0ed7d4c61d195735ee43a11da78f97d6,kernelshap,,,,,1,1.0,1.0,-0.41400000000000003,0.41400000000000003,5,0
openstack,TP,e7bdd19f0ed7d4c61d195735ee43a11da78f97d6,kernelshap,,,,,2,1.0,1.0,-0.41400000000000003,0.41400000000000003,5,0
openstack,TP,e7bdd19f0ed7d4c61d195735ee43a11da78f97d6,kernelshap,,,,,3,1.0,1.0,-0.41400000000000003,0.41400000000000003,5,0
openstack,TP,e7bdd19f0ed7d4c61d195735ee43a11da78f97d6,kernelshap,,,,,4,1.0,1.0,-0.41400000000000003,0.41400000000000003,5,0
openstack,TP,e7bdd19f0ed7d4c61d195735ee43a11da78f97d6,kernelshap,,,,,5,1.0,1.0,-0.41400000000000003,0.41400000000000003,5,0
openstack,TN,936f765b855d7af14ae557383f0dcc6fd9e8655c,kernelshap,,,,,1,1.0,1.0,-0.07679999999999995,0.07679999999999995,5,0
openstack,TN,936f765b855d7af14ae557383f0dcc6fd9e8655c,kernelshap,,,,,2,1.0,1.0,-0.07679999999999995,0.07679999999999995,5,0
openstack,TN,936f765b855d7af14ae557383f0dcc6fd9e8655c,kernelshap,,,,,3,1.0,1.0,-0.07679999999999995,0.07679999999999995,5,0
openstack,TN,936f765b855d7af14ae557383f0dcc6fd9e8655c,kernelshap,,,,,4,1.0,1.0,-0.07679999999999995,0.07679999999999995,5,0
openstack,TN,936f765b855d7af14ae557383f0dcc6fd9e8655c,kernelshap,,,,,5,1.0,1.0,-0.07679999999999995,0.07679999999999995,5,0
openstack,FP,034db863a02ce38a520e4b8aa3a65e1ccdb37f30,kernelshap,,,,,1,1.0,1.0,-0.25600000000000006,0.25600000000000006,5,0
openstack,FP,034db863a02ce38a520e4b8aa3a65e1ccdb37f30,kernelshap,,,,,2,1.0,1.0,-0.276,0.276,5,0
openstack,FP,034db863a02ce38a520e4b8aa3a65e1ccdb37f30,kernelshap,,,,,3,1.0,1.0,-0.26520000000000005,0.26520000000000005,5,0
openstack,FP,034db863a02ce38a520e4b8aa3a65e1ccdb37f30,kernelshap,,,,,4,1.0,1.0,-0.276,0.276,5,0
openstack,FP,034db863a02ce38a520e4b8aa3a65e1ccdb37f30,kernelshap,,,,,5,1.0,1.0,-0.276,0.276,5,0
openstack,FN,ab1cb6378f136ae8adcb0027385b43763e402cca,kernelshap,,,,,1,1.0,0.8,0.054000000000000006,0.07800000000000003,5,0
openstack,FN,ab1cb6378f136ae8adcb0027385b43763e402cca,kernelshap,,,,,2,1.0,0.8,0.054000000000000006,0.07800000000000003,5,0
openstack,FN,ab1cb6378f136ae8adcb0027385b43763e402cca,kernelshap,,,,,3,1.0,0.8,0.054000000000000006,0.07800000000000003,5,0
openstack,FN,ab1cb6378f136ae8adcb0027385b43763e402cca,kernelshap,,,,,4,1.0,0.8,0.054000000000000006,0.07800000000000003,5,0
openstack,FN,ab1cb6378f136ae8adcb0027385b43763e402cca,kernelshap,,,,,5,1.0,0.8,0.054000000000000006,0.07800000000000003,5,0
openstack,TP,7cfdf4aa811fb708d9fed4e36aec79c26d19cfee,kernelshap,,,,,1,1.0,1.0,-0.30119999999999997,0.30119999999999997,5,0
openstack,TP,7cfdf4aa811fb708d9fed4e36aec79c26d19cfee,kernelshap,,,,,2,1.0,1.0,-0.30119999999999997,0.30119999999999997,5,0
openstack,TP,7cfdf4aa811fb708d9fed4e36aec79c26d19cfee,kernelshap,,,,,3,1.0,1.0,-0.30119999999999997,0.30119999999999997,5,0
openstack,TP,7cfdf4aa811fb708d9fed4e36aec79c26d19cfee,kernelshap,,,,,4,1.0,1.0,-0.30119999999999997,0.30119999999999997,5,0
openstack,TP,7cfdf4aa811fb708d9fed4e36aec79c26d19cfee,kernelshap,,,,,5,1.0,1.0,-0.30119999999999997,0.30119999999999997,5,0
openstack,TP,e55a5f412bf6bc343eb8bb11348afe57c2012066,kernelshap,,,,,1,1.0,1.0,-0.2836,0.2836,5,0
openstack,TP,e55a5f412bf6bc343eb8bb11348afe57c2012066,kernelshap,,,,,2,1.0,1.0,-0.2748,0.2748,5,0
openstack,TP,e55a5f412bf6bc343eb8bb11348afe57c2012066,kernelshap,,,,,3,1.0,1.0,-0.2684,0.2684,5,0
openstack,TP,e55a5f412bf6bc343eb8bb11348afe57c2012066,kernelshap,,,,,4,1.0,1.0,-0.2836,0.2836,5,0
openstack,TP,e55a5f412bf6bc343eb8bb11348afe57c2012066,kernelshap,,,,,5,1.0,1.0,-0.2508,0.2508,5,0
openstack,TN,8b44c9df29572efca928c1d36fa3e7a90e94caa0,kernelshap,,,,,1,0.8,0.6,-0.06560000000000002,0.06560000000000002,5,0
openstack,TN,8b44c9df29572efca928c1d36fa3e7a90e94caa0,kernelshap,,,,,2,0.8,0.6,-0.06600000000000002,0.06600000000000002,5,0
openstack,TN,8b44c9df29572efca928c1d36fa3e7a90e94caa0,kernelshap,,,,,3,0.8,0.6,-0.06600000000000002,0.06600000000000002,5,0
openstack,TN,8b44c9df29572efca928c1d36fa3e7a90e94caa0,kernelshap,,,,,4,0.8,0.6,-0.06560000000000002,0.06560000000000002,5,0
openstack,TN,8b44c9df29572efca928c1d36fa3e7a90e94caa0,kernelshap,,,,,5,0.8,0.6,-0.06560000000000002,0.06560000000000002,5,0
openstack,TN,4d75cbf3c35a8aa917d3970beac99d612f13eed3,kernelshap,,,,,1,1.0,0.4,0.018400000000000017,0.03520000000000003,5,0
openstack,TN,4d75cbf3c35a8aa917d3970beac99d612f13eed3,kernelshap,,,,,2,1.0,0.4,0.018400000000000017,0.03520000000000003,5,0
openstack,TN,4d75cbf3c35a8aa917d3970beac99d612f13eed3,kernelshap,,,,,3,1.0,0.4,0.018400000000000017,0.03520000000000003,5,0
openstack,TN,4d75cbf3c35a8aa917d3970beac99d612f13eed3,kernelshap,,,,,4,1.0,0.4,0.018400000000000017,0.03520000000000003,5,0
openstack,TN,4d75cbf3c35a8aa917d3970beac99d612f13eed3,kernelshap,,,,,5,1.0,0.4,0.018400000000000017,0.03520000000000003,5,0
openstack,TN,2ecaad46a737c24965ae81fc19947db9264de684,kernelshap,,,,,1,1.0,0.8,0.00759999999999994,0.04599999999999997,5,0
openstack,TN,2ecaad46a737c24965ae81fc19947db9264de684,kernelshap,,,,,2,1.0,0.8,0.00759999999999994,0.04599999999999997,5,0
openstack,TN,2ecaad46a737c24965ae81fc19947db9264de684,kernelshap,,,,,3,1.0,0.8,0.00759999999999994,0.04599999999999997,5,0
openstack,TN,2ecaad46a737c24965ae81fc19947db9264de684,kernelshap,,,,,4,1.0,0.8,0.00759999999999994,0.04599999999999997,5,0
openstack,TN,2ecaad46a737c24965ae81fc19947db9264de684,kernelshap,,,,,5,1.0,0.8,0.00759999999999994,0.04599999999999997,5,0
openstack,TN,bfb9d3f179607c25f91d77585f97df6d0704c253,kernelshap,,,,,1,1.0,1.0,-0.09600000000000004,0.09600000000000004,5,0
openstack,TN,bfb9d3f179607c25f91d77585f97df6d0704c253,kernelshap,,,,,2,1.0,1.0,-0.09600000000000004,0.09600000000000004,5,0
openstack,TN,bfb9d3f179607c25f91d77585f97df6d0704c253,kernelshap,,,,,3,1.0,1.0,-0.09600000000000004,0.09600000000000004,5,0
openstack,TN,bfb9d3f179607c25f91d77585f97df6d0704c253,kernelshap,,,,,4,1.0,1.0,-0.09600000000000004,0.09600000000000004,5,0
openstack,TN,bfb9d3f179607c25f91d77585f97df6d0704c253,kernelshap,,,,,5,1.0,1.0,-0.09600000000000004,0.09600000000000004,5,0
openstack,FP,bfcd4b2f1be3ab37ae0801dd523ce952577cda14,kernelshap,,,,,1,1.0,1.0,-0.22960000000000003,0.22960000000000003,5,0
openstack,FP,bfcd4b2f1be3ab37ae0801dd523ce952577cda14,kernelshap,,,,,2,1.0,1.0,-0.22960000000000003,0.22960000000000003,5,0
openstack,FP,bfcd4b2f1be3ab37ae0801dd523ce952577cda14,kernelshap,,,,,3,1.0,1.0,-0.22960000000000003,0.22960000000000003,5,0
openstack,FP,bfcd4b2f1be3ab37ae0801dd523ce952577cda14,kernelshap,,,,,4,1.0,1.0,-0.22960000000000003,0.22960000000000003,5,0
openstack,FP,bfcd4b2f1be3ab37ae0801dd523ce952577cda14,kernelshap,,,,,5,1.0,1.0,-0.22960000000000003,0.22960000000000003,5,0
openstack,TP,c08f99c7e072e349632684d565bcac357ce93b6d,kernelshap,,,,,1,1.0,1.0,-0.17520000000000002,0.26480000000000004,5,0
openstack,TP,c08f99c7e072e349632684d565bcac357ce93b6d,kernelshap,,,,,2,1.0,1.0,-0.17520000000000002,0.26480000000000004,5,0
openstack,TP,c08f99c7e072e349632684d565bcac357ce93b6d,kernelshap,,,,,3,1.0,1.0,-0.17520000000000002,0.26480000000000004,5,0
openstack,TP,c08f99c7e072e349632684d565bcac357ce93b6d,kernelshap,,,,,4,1.0,1.0,-0.17520000000000002,0.26480000000000004,5,0
openstack,TP,c08f99c7e072e349632684d565bcac357ce93b6d,kernelshap,,,,,5,1.0,1.0,-0.17520000000000002,0.26480000000000004,5,0
openstack,TN,1a3f2e8f44f0138d0328312e07b1341970c7903a,kernelshap,,,,,1,1.0,1.0,-0.11599999999999999,0.11599999999999999,5,0
openstack,TN,1a3f2e8f44f0138d0328312e07b1341970c7903a,kernelshap,,,,,2,1.0,1.0,-0.11599999999999999,0.11599999999999999,5,0
openstack,TN,1a3f2e8f44f0138d0328312e07b1341970c7903a,kernelshap,,,,,3,1.0,1.0,-0.11599999999999999,0.11599999999999999,5,0
openstack,TN,1a3f2e8f44f0138d0328312e07b1341970c7903a,kernelshap,,,,,4,1.0,1.0,-0.11599999999999999,0.11599999999999999,5,0
openstack,TN,1a3f2e8f44f0138d0328312e07b1341970c7903a,kernelshap,,,,,5,1.0,1.0,-0.11599999999999999,0.11599999999999999,5,0
openstack,TP,45662d77a2da77714f8e792e86ebd64a52270ef5,kernelshap,,,,,1,1.0,1.0,-0.2348,0.2348,5,0
openstack,TP,45662d77a2da77714f8e792e86ebd64a52270ef5,kernelshap,,,,,2,1.0,1.0,-0.2348,0.2348,5,0
openstack,TP,45662d77a2da77714f8e792e86ebd64a52270ef5,kernelshap,,,,,3,1.0,1.0,-0.2348,0.2348,5,0
openstack,TP,45662d77a2da77714f8e792e86ebd64a52270ef5,kernelshap,,,,,4,1.0,1.0,-0.2348,0.2348,5,0
openstack,TP,45662d77a2da77714f8e792e86ebd64a52270ef5,kernelshap,,,,,5,1.0,1.0,-0.2348,0.2348,5,0
openstack,TP,6f31523b314e7ac4ad83d13842cf2fa1014c39b2,kernelshap,,,,,1,1.0,1.0,-0.2568,0.2568,5,0
openstack,TP,6f31523b314e7ac4ad83d13842cf2fa1014c39b2,kernelshap,,,,,2,1.0,1.0,-0.2568,0.2568,5,0
openstack,TP,6f31523b314e7ac4ad83d13842cf2fa1014c39b2,kernelshap,,,,,3,1.0,1.0,-0.20799999999999996,0.20799999999999996,5,0
openstack,TP,6f31523b314e7ac4ad83d13842cf2fa1014c39b2,kernelshap,,,,,4,1.0,1.0,-0.2568,0.2568,5,0
openstack,TP,6f31523b314e7ac4ad83d13842cf2fa1014c39b2,kernelshap,,,,,5,1.0,1.0,-0.20799999999999996,0.20799999999999996,5,0
openstack,FP,410a83c89de9912207574999b3736a550ed253ba,kernelshap,,,,,1,0.8,0.8,-0.20400000000000004,0.20400000000000004,5,0
openstack,FP,410a83c89de9912207574999b3736a550ed253ba,kernelshap,,,,,2,0.8,0.8,-0.20400000000000004,0.20400000000000004,5,0
openstack,FP,410a83c89de9912207574999b3736a550ed253ba,kernelshap,,,,,3,0.8,0.8,-0.20400000000000004,0.20400000000000004,5,0
openstack,FP,410a83c89de9912207574999b3736a550ed253ba,kernelshap,,,,,4,0.8,0.8,-0.20400000000000004,0.20400000000000004,5,0
openstack,FP,410a83c89de9912207574999b3736a550ed253ba,kernelshap,,,,,5,0.8,0.8,-0.20400000000000004,0.20400000000000004,5,0
openstack,FP,4e2919e6b208a2e95d75782f9cad0a6f0892d983,kernelshap,,,,,1,1.0,0.6,-0.14080000000000006,0.1416,5,0
openstack,FP,4e2919e6b208a2e95d75782f9cad0a6f0892d983,kernelshap,,,,,2,1.0,0.6,-0.14080000000000006,0.1416,5,0
openstack,FP,4e2919e6b208a2e95d75782f9cad0a6f0892d983,kernelshap,,,,,3,1.0,0.6,-0.14080000000000006,0.1416,5,0
openstack,FP,4e2919e6b208a2e95d75782f9cad0a6f0892d983,kernelshap,,,,,4,1.0,0.6,-0.14080000000000006,0.1416,5,0
openstack,FP,4e2919e6b208a2e95d75782f9cad0a6f0892d983,kernelshap,,,,,5,1.0,0.6,-0.14080000000000006,0.1416,5,0
openstack,FP,558f7b00f56f37adaa68239c9ce95d25b2d65f56,kernelshap,,,,,1,1.0,1.0,-0.15200000000000002,0.1864,5,0
openstack,FP,558f7b00f56f37adaa68239c9ce95d25b2d65f56,kernelshap,,,,,2,1.0,1.0,-0.15200000000000002,0.1864,5,0
openstack,FP,558f7b00f56f37adaa68239c9ce95d25b2d65f56,kernelshap,,,,,3,1.0,1.0,-0.15040000000000003,0.18480000000000002,5,0
openstack,FP,558f7b00f56f37adaa68239c9ce95d25b2d65f56,kernelshap,,,,,4,1.0,1.0,-0.15200000000000002,0.1864,5,0
openstack,FP,558f7b00f56f37adaa68239c9ce95d25b2d65f56,kernelshap,,,,,5,1.0,1.0,-0.15040000000000003,0.18480000000000002,5,0
openstack,TN,70fad48add19cc565726f098e1e7a2165b24cc77,kernelshap,,,,,1,1.0,0.8,-0.08040000000000005,0.08040000000000005,5,0
openstack,TN,70fad48add19cc565726f098e1e7a2165b24cc77,kernelshap,,,,,2,1.0,0.8,-0.08040000000000005,0.08040000000000005,5,0
openstack,TN,70fad48add19cc565726f098e1e7a2165b24cc77,kernelshap,,,,,3,1.0,0.8,-0.08040000000000005,0.08040000000000005,5,0
openstack,TN,70fad48add19cc565726f098e1e7a2165b24cc77,kernelshap,,,,,4,1.0,0.8,-0.08040000000000005,0.08040000000000005,5,0
openstack,TN,70fad48add19cc565726f098e1e7a2165b24cc77,kernelshap,,,,,5,1.0,0.8,-0.08040000000000005,0.08040000000000005,5,0
openstack,TP,76d3c644f3f5866a5c07f80b66132d81b8b57e78,kernelshap,,,,,1,1.0,1.0,-0.3728,0.3728,5,0
openstack,TP,76d3c644f3f5866a5c07f80b66132d81b8b57e78,kernelshap,,,,,2,1.0,1.0,-0.372,0.372,5,0
openstack,TP,76d3c644f3f5866a5c07f80b66132d81b8b57e78,kernelshap,,,,,3,1.0,1.0,-0.372,0.372,5,0
openstack,TP,76d3c644f3f5866a5c07f80b66132d81b8b57e78,kernelshap,,,,,4,1.0,1.0,-0.3728,0.3728,5,0
openstack,TP,76d3c644f3f5866a5c07f80b66132d81b8b57e78,kernelshap,,,,,5,1.0,1.0,-0.3728,0.3728,5,0
openstack,FN,2b60912d5667350eae7ecbc67d4dba3658518d10,kernelshap,,,,,1,0.8,0.8,-0.07720000000000002,0.13879999999999998,5,0
openstack,FN,2b60912d5667350eae7ecbc67d4dba3658518d10,kernelshap,,,,,2,0.8,0.8,-0.07720000000000002,0.13879999999999998,5,0
openstack,FN,2b60912d5667350eae7ecbc67d4dba3658518d10,kernelshap,,,,,3,0.8,0.8,-0.07720000000000002,0.13879999999999998,5,0
openstack,FN,2b60912d5667350eae7ecbc67d4dba3658518d10,kernelshap,,,,,4,0.8,0.8,-0.07720000000000002,0.13879999999999998,5,0
openstack,FN,2b60912d5667350eae7ecbc67d4dba3658518d10,kernelshap,,,,,5,0.8,0.8,-0.07720000000000002,0.13879999999999998,5,0
openstack,TP,88c62c1ca290c1d2a33ff192a302e492a4b11cb3,kernelshap,,,,,1,1.0,1.0,-0.09840000000000004,0.13520000000000004,5,0
openstack,TP,88c62c1ca290c1d2a33ff192a302e492a4b11cb3,kernelshap,,,,,2,1.0,1.0,-0.09840000000000004,0.13520000000000004,5,0
openstack,TP,88c62c1ca290c1d2a33ff192a302e492a4b11cb3,kernelshap,,,,,3,0.8,1.0,-0.07160000000000004,0.14040000000000002,5,0
openstack,TP,88c62c1ca290c1d2a33ff192a302e492a4b11cb3,kernelshap,,,,,4,1.0,1.0,-0.09840000000000004,0.13520000000000004,5,0
openstack,TP,88c62c1ca290c1d2a33ff192a302e492a4b11cb3,kernelshap,,,,,5,1.0,1.0,-0.09840000000000004,0.13520000000000004,5,0
openstack,FP,296da649452f66dd15a15ee4274ab0f8609250e2,kernelshap,,,,,1,1.0,1.0,-0.2028,0.2028,5,0
openstack,FP,296da649452f66dd15a15ee4274ab0f8609250e2,kernelshap,,,,,2,1.0,1.0,-0.2028,0.2028,5,0
openstack,FP,296da649452f66dd15a15ee4274ab0f8609250e2,kernelshap,,,,,3,1.0,1.0,-0.2028,0.2028,5,0
openstack,FP,296da649452f66dd15a15ee4274ab0f8609250e2,kernelshap,,,,,4,1.0,1.0,-0.2028,0.2028,5,0
openstack,FP,296da649452f66dd15a15ee4274ab0f8609250e2,kernelshap,,,,,5,1.0,1.0,-0.2028,0.2028,5,0
openstack,TP,379cf65d82b11f5e6f8732a585d5373beda85046,kernelshap,,,,,1,1.0,1.0,-0.20519999999999997,0.20519999999999997,5,0
openstack,TP,379cf65d82b11f5e6f8732a585d5373beda85046,kernelshap,,,,,2,1.0,1.0,-0.19439999999999996,0.19439999999999996,5,0
openstack,TP,379cf65d82b11f5e6f8732a585d5373beda85046,kernelshap,,,,,3,1.0,1.0,-0.20519999999999997,0.20519999999999997,5,0
openstack,TP,379cf65d82b11f5e6f8732a585d5373beda85046,kernelshap,,,,,4,1.0,1.0,-0.19439999999999996,0.19439999999999996,5,0
openstack,TP,379cf65d82b11f5e6f8732a585d5373beda85046,kernelshap,,,,,5,1.0,1.0,-0.19439999999999996,0.19439999999999996,5,0
openstack,TN,79a1a113775df87d420b242cea4bbf953df3779c,kernelshap,,,,,1,1.0,1.0,-0.07320000000000004,0.09480000000000002,5,0
openstack,TN,79a1a113775df87d420b242cea4bbf953df3779c,kernelshap,,,,,2,1.0,1.0,-0.07320000000000004,0.09480000000000002,5,0
openstack,TN,79a1a113775df87d420b242cea4bbf953df3779c,kernelshap,,,,,3,1.0,1.0,-0.07320000000000004,0.09480000000000002,5,0
openstack,TN,79a1a113775df87d420b242cea4bbf953df3779c,kernelshap,,,,,4,1.0,1.0,-0.07320000000000004,0.09480000000000002,5,0
openstack,TN,79a1a113775df87d420b242cea4bbf953df3779c,kernelshap,,,,,5,1.0,1.0,-0.07320000000000004,0.09480000000000002,5,0
openstack,TN,dd444d84759d7b3c17e7c3e97f9565546f9d3df2,kernelshap,,,,,1,0.8,1.0,-0.10279999999999997,0.10279999999999997,5,0
openstack,TN,dd444d84759d7b3c17e7c3e97f9565546f9d3df2,kernelshap,,,,,2,0.8,1.0,-0.10279999999999997,0.10279999999999997,5,0
openstack,TN,dd444d84759d7b3c17e7c3e97f9565546f9d3df2,kernelshap,,,,,3,0.8,1.0,-0.10279999999999997,0.10279999999999997,5,0
openstack,TN,dd444d84759d7b3c17e7c3e97f9565546f9d3df2,kernelshap,,,,,4,0.8,1.0,-0.10279999999999997,0.10279999999999997,5,0
openstack,TN,dd444d84759d7b3c17e7c3e97f9565546f9d3df2,kernelshap,,,,,5,0.8,1.0,-0.10279999999999997,0.10279999999999997,5,0
openstack,TN,747373f4bdfe4814000a88e4443b56545d5d55bd,kernelshap,,,,,1,0.8,0.8,-0.03520000000000001,0.042400000000000014,5,0
openstack,TN,747373f4bdfe4814000a88e4443b56545d5d55bd,kernelshap,,,,,2,0.8,0.8,-0.03520000000000001,0.042400000000000014,5,0
openstack,TN,747373f4bdfe4814000a88e4443b56545d5d55bd,kernelshap,,,,,3,0.8,0.8,-0.03520000000000001,0.042400000000000014,5,0
openstack,TN,747373f4bdfe4814000a88e4443b56545d5d55bd,kernelshap,,,,,4,0.8,0.8,-0.03639999999999999,0.04359999999999999,5,0
openstack,TN,747373f4bdfe4814000a88e4443b56545d5d55bd,kernelshap,,,,,5,0.8,0.8,-0.03520000000000001,0.042400000000000014,5,0
openstack,FN,763fd62464e9a0753e061171cc1fd826055bbc01,kernelshap,,,,,1,0.8,0.6,0.06639999999999997,0.07599999999999998,5,0
openstack,FN,763fd62464e9a0753e061171cc1fd826055bbc01,kernelshap,,,,,2,0.8,0.6,0.060799999999999965,0.07039999999999998,5,0
openstack,FN,763fd62464e9a0753e061171cc1fd826055bbc01,kernelshap,,,,,3,0.8,0.6,0.06639999999999997,0.07599999999999998,5,0
openstack,FN,763fd62464e9a0753e061171cc1fd826055bbc01,kernelshap,,,,,4,0.8,0.6,0.060799999999999965,0.07039999999999998,5,0
openstack,FN,763fd62464e9a0753e061171cc1fd826055bbc01,kernelshap,,,,,5,1.0,0.8,0.07839999999999996,0.08479999999999996,5,0
openstack,FN,267eea50fd9e9c74faa96d529a7ec2fd8aa8d51f,kernelshap,,,,,1,1.0,1.0,-0.025599999999999967,0.09679999999999998,5,0
openstack,FN,267eea50fd9e9c74faa96d529a7ec2fd8aa8d51f,kernelshap,,,,,2,1.0,1.0,-0.025599999999999967,0.09679999999999998,5,0
openstack,FN,267eea50fd9e9c74faa96d529a7ec2fd8aa8d51f,kernelshap,,,,,3,1.0,1.0,-0.025599999999999967,0.09679999999999998,5,0
openstack,FN,267eea50fd9e9c74faa96d529a7ec2fd8aa8d51f,kernelshap,,,,,4,1.0,1.0,-0.025599999999999967,0.09679999999999998,5,0
openstack,FN,267eea50fd9e9c74faa96d529a7ec2fd8aa8d51f,kernelshap,,,,,5,1.0,1.0,-0.025599999999999967,0.09679999999999998,5,0
openstack,TN,978066fe31a5331f143a05e1fd753c729b2dcf09,kernelshap,,,,,1,1.0,0.4,-0.02959999999999994,0.034399999999999945,5,0
openstack,TN,978066fe31a5331f143a05e1fd753c729b2dcf09,kernelshap,,,,,2,1.0,0.4,-0.02959999999999994,0.034399999999999945,5,0
openstack,TN,978066fe31a5331f143a05e1fd753c729b2dcf09,kernelshap,,,,,3,1.0,0.4,-0.02959999999999994,0.034399999999999945,5,0
openstack,TN,978066fe31a5331f143a05e1fd753c729b2dcf09,kernelshap,,,,,4,1.0,0.4,-0.02959999999999994,0.034399999999999945,5,0
openstack,TN,978066fe31a5331f143a05e1fd753c729b2dcf09,kernelshap,,,,,5,1.0,0.4,-0.02959999999999994,0.034399999999999945,5,0
openstack,TN,545925c66cb3ee005aa7e497ad4b3c97eb2f410b,kernelshap,,,,,1,1.0,1.0,-0.04920000000000004,0.07160000000000002,5,0
openstack,TN,545925c66cb3ee005aa7e497ad4b3c97eb2f410b,kernelshap,,,,,2,1.0,1.0,-0.04920000000000004,0.07160000000000002,5,0
openstack,TN,545925c66cb3ee005aa7e497ad4b3c97eb2f410b,kernelshap,,,,,3,1.0,1.0,-0.04920000000000004,0.07160000000000002,5,0
openstack,TN,545925c66cb3ee005aa7e497ad4b3c97eb2f410b,kernelshap,,,,,4,1.0,1.0,-0.04920000000000004,0.07160000000000002,5,0
openstack,TN,545925c66cb3ee005aa7e497ad4b3c97eb2f410b,kernelshap,,,,,5,1.0,1.0,-0.04920000000000004,0.07160000000000002,5,0
openstack,FN,bc6ca87a6a01ecbda926a78d07cadbd4e3ab97e0,kernelshap,,,,,1,1.0,0.6,0.025199999999999955,0.059599999999999986,5,0
openstack,FN,bc6ca87a6a01ecbda926a78d07cadbd4e3ab97e0,kernelshap,,,,,2,1.0,0.6,0.025199999999999955,0.059599999999999986,5,0
openstack,FN,bc6ca87a6a01ecbda926a78d07cadbd4e3ab97e0,kernelshap,,,,,3,1.0,0.6,0.025199999999999955,0.059599999999999986,5,0
openstack,FN,bc6ca87a6a01ecbda926a78d07cadbd4e3ab97e0,kernelshap,,,,,4,1.0,0.6,0.025199999999999955,0.059599999999999986,5,0
openstack,FN,bc6ca87a6a01ecbda926a78d07cadbd4e3ab97e0,kernelshap,,,,,5,1.0,0.6,0.025199999999999955,0.059599999999999986,5,0
openstack,FP,280cc7c5ae4b07a9a1e23b8f9cc925be9872c8e1,kernelshap,,,,,1,1.0,1.0,-0.22519999999999996,0.22519999999999996,5,0
openstack,FP,280cc7c5ae4b07a9a1e23b8f9cc925be9872c8e1,kernelshap,,,,,2,1.0,1.0,-0.22519999999999996,0.22519999999999996,5,0
openstack,FP,280cc7c5ae4b07a9a1e23b8f9cc925be9872c8e1,kernelshap,,,,,3,1.0,1.0,-0.22519999999999996,0.22519999999999996,5,0
openstack,FP,280cc7c5ae4b07a9a1e23b8f9cc925be9872c8e1,kernelshap,,,,,4,1.0,1.0,-0.22519999999999996,0.22519999999999996,5,0
openstack,FP,280cc7c5ae4b07a9a1e23b8f9cc925be9872c8e1,kernelshap,,,,,5,1.0,1.0,-0.22519999999999996,0.22519999999999996,5,0
openstack,FP,6aecf475dbff9c7d477378c021749b987d47deae,kernelshap,,,,,1,1.0,1.0,-0.2544,0.2544,5,0
openstack,FP,6aecf475dbff9c7d477378c021749b987d47deae,kernelshap,,,,,2,1.0,1.0,-0.2472,0.2472,5,0
openstack,FP,6aecf475dbff9c7d477378c021749b987d47deae,kernelshap,,,,,3,1.0,1.0,-0.2472,0.2472,5,0
openstack,FP,6aecf475dbff9c7d477378c021749b987d47deae,kernelshap,,,,,4,1.0,1.0,-0.2472,0.2472,5,0
openstack,FP,6aecf475dbff9c7d477378c021749b987d47deae,kernelshap,,,,,5,1.0,1.0,-0.2472,0.2472,5,0
openstack,FP,baa52224dc73e8ca3bdcbdaa5d62bc26fb38052f,kernelshap,,,,,1,1.0,1.0,-0.22999999999999998,0.22999999999999998,5,0
openstack,FP,baa52224dc73e8ca3bdcbdaa5d62bc26fb38052f,kernelshap,,,,,2,1.0,1.0,-0.22999999999999998,0.22999999999999998,5,0
openstack,FP,baa52224dc73e8ca3bdcbdaa5d62bc26fb38052f,kernelshap,,,,,3,1.0,1.0,-0.22999999999999998,0.22999999999999998,5,0
openstack,FP,baa52224dc73e8ca3bdcbdaa5d62bc26fb38052f,kernelshap,,,,,4,0.8,1.0,-0.1604,0.2108,5,0
openstack,FP,baa52224dc73e8ca3bdcbdaa5d62bc26fb38052f,kernelshap,,,,,5,1.0,1.0,-0.22999999999999998,0.22999999999999998,5,0
openstack,TN,d2e40a3e49819dace92975de3e3d7ba3a3fac79d,kernelshap,,,,,1,1.0,0.8,-0.07239999999999998,0.086,5,0
openstack,TN,d2e40a3e49819dace92975de3e3d7ba3a3fac79d,kernelshap,,,,,2,1.0,0.8,-0.07239999999999998,0.086,5,0
openstack,TN,d2e40a3e49819dace92975de3e3d7ba3a3fac79d,kernelshap,,,,,3,1.0,0.8,-0.07239999999999998,0.086,5,0
openstack,TN,d2e40a3e49819dace92975de3e3d7ba3a3fac79d,kernelshap,,,,,4,1.0,0.8,-0.07239999999999998,0.086,5,0
openstack,TN,d2e40a3e49819dace92975de3e3d7ba3a3fac79d,kernelshap,,,,,5,1.0,0.8,-0.07239999999999998,0.086,5,0
openstack,TN,57566f4c8d2929c25e76564883369a7c6eda720a,kernelshap,,,,,1,1.0,0.6,-0.036799999999999965,0.045599999999999974,5,0
openstack,TN,57566f4c8d2929c25e76564883369a7c6eda720a,kernelshap,,,,,2,1.0,0.4,-0.02799999999999998,0.036799999999999986,5,0
openstack,TN,57566f4c8d2929c25e76564883369a7c6eda720a,kernelshap,,,,,3,1.0,0.4,-0.02799999999999998,0.036799999999999986,5,0
openstack,TN,57566f4c8d2929c25e76564883369a7c6eda720a,kernelshap,,,,,4,1.0,0.6,-0.036799999999999965,0.045599999999999974,5,0
openstack,TN,57566f4c8d2929c25e76564883369a7c6eda720a,kernelshap,,,,,5,1.0,0.6,-0.036799999999999965,0.045599999999999974,5,0
openstack,TP,03db94ebaa3fc2c76694fd566e2c9eefbf851a7f,kernelshap,,,,,1,1.0,1.0,-0.26,0.26,5,0
openstack,TP,03db94ebaa3fc2c76694fd566e2c9eefbf851a7f,kernelshap,,,,,2,1.0,1.0,-0.2868,0.2868,5,0
openstack,TP,03db94ebaa3fc2c76694fd566e2c9eefbf851a7f,kernelshap,,,,,3,1.0,1.0,-0.274,0.274,5,0
openstack,TP,03db94ebaa3fc2c76694fd566e2c9eefbf851a7f,kernelshap,,,,,4,1.0,1.0,-0.274,0.274,5,0
openstack,TP,03db94ebaa3fc2c76694fd566e2c9eefbf851a7f,kernelshap,,,,,5,1.0,1.0,-0.2868,0.2868,5,0
openstack,FN,703ba3c4e3d0b442c3097b6c844a59e560c09fe8,kernelshap,,,,,1,0.4,0.4,-0.0060000000000000496,0.03399999999999999,5,0
openstack,FN,703ba3c4e3d0b442c3097b6c844a59e560c09fe8,kernelshap,,,,,2,0.4,0.4,-0.0060000000000000496,0.03399999999999999,5,0
openstack,FN,703ba3c4e3d0b442c3097b6c844a59e560c09fe8,kernelshap,,,,,3,0.6,0.4,-0.0032000000000000474,0.031199999999999985,5,0
openstack,FN,703ba3c4e3d0b442c3097b6c844a59e560c09fe8,kernelshap,,,,,4,0.4,0.4,-0.0060000000000000496,0.03399999999999999,5,0
openstack,FN,703ba3c4e3d0b442c3097b6c844a59e560c09fe8,kernelshap,,,,,5,0.4,0.4,-0.0060000000000000496,0.03399999999999999,5,0
openstack,FN,e3df049cad2b7a264acbad4d6baecbc813546e5d,kernelshap,,,,,1,1.0,1.0,-0.03159999999999995,0.11399999999999998,5,0
openstack,FN,e3df049cad2b7a264acbad4d6baecbc813546e5d,kernelshap,,,,,2,1.0,1.0,-0.03239999999999995,0.11479999999999999,5,0
openstack,FN,e3df049cad2b7a264acbad4d6baecbc813546e5d,kernelshap,,,,,3,1.0,1.0,-0.03159999999999995,0.11399999999999998,5,0
openstack,FN,e3df049cad2b7a264acbad4d6baecbc813546e5d,kernelshap,,,,,4,1.0,1.0,-0.03239999999999995,0.11479999999999999,5,0
openstack,FN,e3df049cad2b7a264acbad4d6baecbc813546e5d,kernelshap,,,,,5,1.0,1.0,-0.03159999999999995,0.11399999999999998,5,0
openstack,FN,d1b3adfbe471ad99ddf0dd2b483b77435c157aea,kernelshap,,,,,1,1.0,0.8,0.06120000000000003,0.09400000000000001,5,0
openstack,FN,d1b3adfbe471ad99ddf0dd2b483b77435c157aea,kernelshap,,,,,2,0.8,0.6,0.04640000000000002,0.0792,5,0
openstack,FN,d1b3adfbe471ad99ddf0dd2b483b77435c157aea,kernelshap,,,,,3,0.8,0.8,0.062000000000000034,0.09320000000000002,5,0
openstack,FN,d1b3adfbe471ad99ddf0dd2b483b77435c157aea,kernelshap,,,,,4,1.0,0.8,0.06120000000000003,0.09400000000000001,5,0
openstack,FN,d1b3adfbe471ad99ddf0dd2b483b77435c157aea,kernelshap,,,,,5,1.0,0.8,0.06120000000000003,0.09400000000000001,5,0
openstack,TN,87be408b126e81ded85b03896f9c85f8a8d4ac90,kernelshap,,,,,1,1.0,0.6,-0.0536,0.07200000000000002,5,0
openstack,TN,87be408b126e81ded85b03896f9c85f8a8d4ac90,kernelshap,,,,,2,1.0,0.6,-0.0536,0.07200000000000002,5,0
openstack,TN,87be408b126e81ded85b03896f9c85f8a8d4ac90,kernelshap,,,,,3,1.0,0.6,-0.0536,0.07200000000000002,5,0
openstack,TN,87be408b126e81ded85b03896f9c85f8a8d4ac90,kernelshap,,,,,4,1.0,0.6,-0.0536,0.07200000000000002,5,0
openstack,TN,87be408b126e81ded85b03896f9c85f8a8d4ac90,kernelshap,,,,,5,1.0,0.6,-0.0536,0.07200000000000002,5,0
openstack,TP,22c9cf3d95c3d14351045bac2920b4e0994ec42f,kernelshap,,,,,1,1.0,1.0,-0.36439999999999995,0.36439999999999995,5,0
openstack,TP,22c9cf3d95c3d14351045bac2920b4e0994ec42f,kernelshap,,,,,2,1.0,1.0,-0.33519999999999994,0.33519999999999994,5,0
openstack,TP,22c9cf3d95c3d14351045bac2920b4e0994ec42f,kernelshap,,,,,3,1.0,1.0,-0.33519999999999994,0.33519999999999994,5,0
openstack,TP,22c9cf3d95c3d14351045bac2920b4e0994ec42f,kernelshap,,,,,4,1.0,1.0,-0.33519999999999994,0.33519999999999994,5,0
openstack,TP,22c9cf3d95c3d14351045bac2920b4e0994ec42f,kernelshap,,,,,5,1.0,1.0,-0.34959999999999997,0.34959999999999997,5,0
openstack,TP,092820939d53268152893a15fdaf5129554fbcb3,kernelshap,,,,,1,1.0,1.0,-0.23480000000000004,0.2636,5,0
openstack,TP,092820939d53268152893a15fdaf5129554fbcb3,kernelshap,,,,,2,1.0,1.0,-0.23480000000000004,0.2636,5,0
openstack,TP,092820939d53268152893a15fdaf5129554fbcb3,kernelshap,,,,,3,1.0,1.0,-0.23480000000000004,0.2636,5,0
openstack,TP,092820939d53268152893a15fdaf5129554fbcb3,kernelshap,,,,,4,1.0,1.0,-0.23480000000000004,0.2636,5,0
openstack,TP,092820939d53268152893a15fdaf5129554fbcb3,kernelshap,,,,,5,1.0,1.0,-0.23480000000000004,0.2636,5,0
openstack,TN,dd13c2784b5aec539197d1b76fafc6a6b38a33e8,kernelshap,,,,,1,0.8,0.8,-0.004000000000000048,0.0536,5,0
openstack,TN,dd13c2784b5aec539197d1b76fafc6a6b38a33e8,kernelshap,,,,,2,0.8,0.8,-0.004000000000000048,0.0536,5,0
openstack,TN,dd13c2784b5aec539197d1b76fafc6a6b38a33e8,kernelshap,,,,,3,0.8,0.8,-0.004000000000000048,0.0536,5,0
openstack,TN,dd13c2784b5aec539197d1b76fafc6a6b38a33e8,kernelshap,,,,,4,0.8,0.8,-0.004000000000000048,0.0536,5,0
openstack,TN,dd13c2784b5aec539197d1b76fafc6a6b38a33e8,kernelshap,,,,,5,0.8,0.8,-0.004000000000000048,0.0536,5,0
openstack,TP,40eaa89a9001edda3e1146831b26aaf7ded64c4a,kernelshap,,,,,1,1.0,1.0,-0.1744,0.256,5,0
openstack,TP,40eaa89a9001edda3e1146831b26aaf7ded64c4a,kernelshap,,,,,2,1.0,1.0,-0.1744,0.256,5,0
openstack,TP,40eaa89a9001edda3e1146831b26aaf7ded64c4a,kernelshap,,,,,3,1.0,1.0,-0.1744,0.256,5,0
openstack,TP,40eaa89a9001edda3e1146831b26aaf7ded64c4a,kernelshap,,,,,4,1.0,1.0,-0.1744,0.256,5,0
openstack,TP,40eaa89a9001edda3e1146831b26aaf7ded64c4a,kernelshap,,,,,5,1.0,1.0,-0.1744,0.256,5,0
openstack,TN,1e6538d43e76b867776cf226e1d6d6c900412f99,kernelshap,,,,,1,1.0,1.0,-0.08120000000000002,0.08120000000000002,5,0
openstack,TN,1e6538d43e76b867776cf226e1d6d6c900412f99,kernelshap,,,,,2,1.0,1.0,-0.08120000000000002,0.08120000000000002,5,0
openstack,TN,1e6538d43e76b867776cf226e1d6d6c900412f99,kernelshap,,,,,3,1.0,1.0,-0.08120000000000002,0.08120000000000002,5,0
openstack,TN,1e6538d43e76b867776cf226e1d6d6c900412f99,kernelshap,,,,,4,1.0,1.0,-0.08120000000000002,0.08120000000000002,5,0
openstack,TN,1e6538d43e76b867776cf226e1d6d6c900412f99,kernelshap,,,,,5,1.0,1.0,-0.08120000000000002,0.08120000000000002,5,0
openstack,FP,70de423255fd01822188bb9082a0c0cc1c8ec2d0,kernelshap,,,,,1,1.0,1.0,-0.3692000000000001,0.3692000000000001,5,0
openstack,FP,70de423255fd01822188bb9082a0c0cc1c8ec2d0,kernelshap,,,,,2,1.0,1.0,-0.3692000000000001,0.3692000000000001,5,0
openstack,FP,70de423255fd01822188bb9082a0c0cc1c8ec2d0,kernelshap,,,,,3,1.0,1.0,-0.36640000000000006,0.36640000000000006,5,0
openstack,FP,70de423255fd01822188bb9082a0c0cc1c8ec2d0,kernelshap,,,,,4,1.0,1.0,-0.3692000000000001,0.3692000000000001,5,0
openstack,FP,70de423255fd01822188bb9082a0c0cc1c8ec2d0,kernelshap,,,,,5,1.0,1.0,-0.3692000000000001,0.3692000000000001,5,0
openstack,TP,56324c12aa58ff9cf46582611b071f3abb743ddf,kernelshap,,,,,1,1.0,1.0,-0.20000000000000007,0.20000000000000007,5,0
openstack,TP,56324c12aa58ff9cf46582611b071f3abb743ddf,kernelshap,,,,,2,1.0,1.0,-0.20000000000000007,0.20000000000000007,5,0
openstack,TP,56324c12aa58ff9cf46582611b071f3abb743ddf,kernelshap,,,,,3,1.0,1.0,-0.20000000000000007,0.20000000000000007,5,0
openstack,TP,56324c12aa58ff9cf46582611b071f3abb743ddf,kernelshap,,,,,4,1.0,0.8,-0.17760000000000004,0.17760000000000004,5,0
openstack,TP,56324c12aa58ff9cf46582611b071f3abb743ddf,kernelshap,,,,,5,1.0,1.0,-0.20000000000000007,0.20000000000000007,5,0
openstack,FN,848664f646bf087df59778434daa6feae1e71c74,kernelshap,,,,,1,1.0,1.0,-0.10879999999999997,0.10879999999999997,5,0
openstack,FN,848664f646bf087df59778434daa6feae1e71c74,kernelshap,,,,,2,1.0,1.0,-0.09319999999999998,0.09319999999999998,5,0
openstack,FN,848664f646bf087df59778434daa6feae1e71c74,kernelshap,,,,,3,1.0,1.0,-0.10639999999999997,0.10639999999999997,5,0
openstack,FN,848664f646bf087df59778434daa6feae1e71c74,kernelshap,,,,,4,1.0,1.0,-0.10879999999999997,0.10879999999999997,5,0
openstack,FN,848664f646bf087df59778434daa6feae1e71c74,kernelshap,,,,,5,1.0,1.0,-0.10639999999999997,0.10639999999999997,5,0
openstack,FN,91a8cd2952a25b340f5778cace95910e43cbcbb6,kernelshap,,,,,1,1.0,0.6,-0.024800000000000044,0.0776,5,0
openstack,FN,91a8cd2952a25b340f5778cace95910e43cbcbb6,kernelshap,,,,,2,1.0,0.6,-0.024800000000000044,0.0776,5,0
openstack,FN,91a8cd2952a25b340f5778cace95910e43cbcbb6,kernelshap,,,,,3,1.0,0.6,-0.024800000000000044,0.0776,5,0
openstack,FN,91a8cd2952a25b340f5778cace95910e43cbcbb6,kernelshap,,,,,4,1.0,0.6,-0.024800000000000044,0.0776,5,0
openstack,FN,91a8cd2952a25b340f5778cace95910e43cbcbb6,kernelshap,,,,,5,1.0,0.6,-0.024800000000000044,0.0776,5,0
openstack,FN,d402747547e1a356c6c2c20b57f52af39b63e831,kernelshap,,,,,1,0.8,1.0,-0.05479999999999996,0.09079999999999999,5,0
openstack,FN,d402747547e1a356c6c2c20b57f52af39b63e831,kernelshap,,,,,2,0.8,1.0,-0.05479999999999996,0.09079999999999999,5,0
openstack,FN,d402747547e1a356c6c2c20b57f52af39b63e831,kernelshap,,,,,3,0.8,1.0,-0.05479999999999996,0.09079999999999999,5,0
openstack,FN,d402747547e1a356c6c2c20b57f52af39b63e831,kernelshap,,,,,4,0.8,1.0,-0.05479999999999996,0.09079999999999999,5,0
openstack,FN,d402747547e1a356c6c2c20b57f52af39b63e831,kernelshap,,,,,5,0.8,1.0,-0.05479999999999996,0.09079999999999999,5,0
openstack,TN,348b7a9f7d64094d60ece0460aed02b66c52f1b1,kernelshap,,,,,1,1.0,0.4,-0.09319999999999999,0.1116,5,0
openstack,TN,348b7a9f7d64094d60ece0460aed02b66c52f1b1,kernelshap,,,,,2,1.0,0.2,-0.08839999999999999,0.1068,5,0
openstack,TN,348b7a9f7d64094d60ece0460aed02b66c52f1b1,kernelshap,,,,,3,1.0,0.4,-0.09319999999999999,0.1116,5,0
openstack,TN,348b7a9f7d64094d60ece0460aed02b66c52f1b1,kernelshap,,,,,4,1.0,0.2,-0.08839999999999999,0.1068,5,0
openstack,TN,348b7a9f7d64094d60ece0460aed02b66c52f1b1,kernelshap,,,,,5,1.0,0.4,-0.09559999999999999,0.11240000000000001,5,0
openstack,FP,2bb9e5563c69f79d5da23668b08dd9c88f9d4348,kernelshap,,,,,1,1.0,1.0,-0.20639999999999997,0.20639999999999997,5,0
openstack,FP,2bb9e5563c69f79d5da23668b08dd9c88f9d4348,kernelshap,,,,,2,1.0,1.0,-0.20639999999999997,0.20639999999999997,5,0
openstack,FP,2bb9e5563c69f79d5da23668b08dd9c88f9d4348,kernelshap,,,,,3,1.0,1.0,-0.20639999999999997,0.20639999999999997,5,0
openstack,FP,2bb9e5563c69f79d5da23668b08dd9c88f9d4348,kernelshap,,,,,4,1.0,1.0,-0.20639999999999997,0.20639999999999997,5,0
openstack,FP,2bb9e5563c69f79d5da23668b08dd9c88f9d4348,kernelshap,,,,,5,1.0,1.0,-0.20639999999999997,0.20639999999999997,5,0
openstack,TP,5f2b88b1aafb9a35638e54f796685f633428b6a5,kernelshap,,,,,1,1.0,1.0,-0.1724,0.1724,5,0
openstack,TP,5f2b88b1aafb9a35638e54f796685f633428b6a5,kernelshap,,,,,2,1.0,1.0,-0.1944,0.1944,5,0
openstack,TP,5f2b88b1aafb9a35638e54f796685f633428b6a5,kernelshap,,,,,3,1.0,1.0,-0.1944,0.1944,5,0
openstack,TP,5f2b88b1aafb9a35638e54f796685f633428b6a5,kernelshap,,,,,4,1.0,1.0,-0.1944,0.1944,5,0
openstack,TP,5f2b88b1aafb9a35638e54f796685f633428b6a5,kernelshap,,,,,5,1.0,1.0,-0.1944,0.1944,5,0
openstack,FN,017dd6b4bcf92c14d49421268cb571c00879f3cc,kernelshap,,,,,1,0.8,0.8,0.005600000000000027,0.11679999999999999,5,0
openstack,FN,017dd6b4bcf92c14d49421268cb571c00879f3cc,kernelshap,,,,,2,0.8,0.8,0.005600000000000027,0.11679999999999999,5,0
openstack,FN,017dd6b4bcf92c14d49421268cb571c00879f3cc,kernelshap,,,,,3,0.8,0.8,0.005600000000000027,0.11679999999999999,5,0
openstack,FN,017dd6b4bcf92c14d49421268cb571c00879f3cc,kernelshap,,,,,4,0.8,0.8,0.005600000000000027,0.11679999999999999,5,0
openstack,FN,017dd6b4bcf92c14d49421268cb571c00879f3cc,kernelshap,,,,,5,0.8,0.8,0.005600000000000027,0.11679999999999999,5,0
openstack,FP,41d6b479fe8baf66578044b8773c3b892d64a2c4,kernelshap,,,,,1,1.0,1.0,-0.15679999999999994,0.15679999999999994,5,0
openstack,FP,41d6b479fe8baf66578044b8773c3b892d64a2c4,kernelshap,,,,,2,1.0,1.0,-0.17319999999999994,0.17319999999999994,5,0
openstack,FP,41d6b479fe8baf66578044b8773c3b892d64a2c4,kernelshap,,,,,3,1.0,1.0,-0.15879999999999994,0.15879999999999994,5,0
openstack,FP,41d6b479fe8baf66578044b8773c3b892d64a2c4,kernelshap,,,,,4,1.0,1.0,-0.15879999999999994,0.15879999999999994,5,0
openstack,FP,41d6b479fe8baf66578044b8773c3b892d64a2c4,kernelshap,,,,,5,1.0,1.0,-0.17639999999999995,0.17639999999999995,5,0
openstack,FN,913a99c79456abbfef1642e6dc70e6a4ff4e25db,kernelshap,,,,,1,1.0,1.0,0.07120000000000004,0.14240000000000003,5,0
openstack,FN,913a99c79456abbfef1642e6dc70e6a4ff4e25db,kernelshap,,,,,2,1.0,1.0,0.07120000000000004,0.14240000000000003,5,0
openstack,FN,913a99c79456abbfef1642e6dc70e6a4ff4e25db,kernelshap,,,,,3,1.0,1.0,0.07120000000000004,0.14240000000000003,5,0
openstack,FN,913a99c79456abbfef1642e6dc70e6a4ff4e25db,kernelshap,,,,,4,1.0,1.0,0.07120000000000004,0.14240000000000003,5,0
openstack,FN,913a99c79456abbfef1642e6dc70e6a4ff4e25db,kernelshap,,,,,5,1.0,1.0,0.07120000000000004,0.14240000000000003,5,0
openstack,FP,e4ea54104ec38f5fe4c792d4d3d1865de34bb4c3,kernelshap,,,,,1,1.0,1.0,-0.23559999999999998,0.23559999999999998,5,0
openstack,FP,e4ea54104ec38f5fe4c792d4d3d1865de34bb4c3,kernelshap,,,,,2,1.0,1.0,-0.23559999999999998,0.23559999999999998,5,0
openstack,FP,e4ea54104ec38f5fe4c792d4d3d1865de34bb4c3,kernelshap,,,,,3,1.0,1.0,-0.23559999999999998,0.23559999999999998,5,0
openstack,FP,e4ea54104ec38f5fe4c792d4d3d1865de34bb4c3,kernelshap,,,,,4,1.0,1.0,-0.23559999999999998,0.23559999999999998,5,0
openstack,FP,e4ea54104ec38f5fe4c792d4d3d1865de34bb4c3,kernelshap,,,,,5,1.0,1.0,-0.23559999999999998,0.23559999999999998,5,0
openstack,FN,1c6b2fce289b68af92afeddf8d30efcda1903f06,kernelshap,,,,,1,1.0,0.6,-0.01679999999999996,0.08400000000000002,5,0
openstack,FN,1c6b2fce289b68af92afeddf8d30efcda1903f06,kernelshap,,,,,2,1.0,0.8,-0.03359999999999995,0.096,5,0
openstack,FN,1c6b2fce289b68af92afeddf8d30efcda1903f06,kernelshap,,,,,3,1.0,0.6,-0.01679999999999996,0.08400000000000002,5,0
openstack,FN,1c6b2fce289b68af92afeddf8d30efcda1903f06,kernelshap,,,,,4,1.0,0.8,-0.03359999999999995,0.096,5,0
openstack,FN,1c6b2fce289b68af92afeddf8d30efcda1903f06,kernelshap,,,,,5,1.0,0.6,-0.01679999999999996,0.08400000000000002,5,0
openstack,FN,8ccdc4ac5053c6e39660044a9f8c1f695370e9a7,kernelshap,,,,,1,1.0,0.8,0.03560000000000001,0.09160000000000001,5,0
openstack,FN,8ccdc4ac5053c6e39660044a9f8c1f695370e9a7,kernelshap,,,,,2,1.0,0.8,0.03560000000000001,0.09160000000000001,5,0
openstack,FN,8ccdc4ac5053c6e39660044a9f8c1f695370e9a7,kernelshap,,,,,3,1.0,0.8,0.03560000000000001,0.09160000000000001,5,0
openstack,FN,8ccdc4ac5053c6e39660044a9f8c1f695370e9a7,kernelshap,,,,,4,1.0,0.8,0.03560000000000001,0.09160000000000001,5,0
openstack,FN,8ccdc4ac5053c6e39660044a9f8c1f695370e9a7,kernelshap,,,,,5,1.0,0.8,0.03560000000000001,0.09160000000000001,5,0
openstack,FP,a985e34cdeef777fe7ff943e363a5f1be6d991b7,kernelshap,,,,,1,1.0,1.0,-0.12400000000000001,0.12400000000000001,5,0
openstack,FP,a985e34cdeef777fe7ff943e363a5f1be6d991b7,kernelshap,,,,,2,1.0,1.0,-0.1456,0.1456,5,0
openstack,FP,a985e34cdeef777fe7ff943e363a5f1be6d991b7,kernelshap,,,,,3,1.0,1.0,-0.1456,0.1456,5,0
openstack,FP,a985e34cdeef777fe7ff943e363a5f1be6d991b7,kernelshap,,,,,4,1.0,1.0,-0.1456,0.1456,5,0
openstack,FP,a985e34cdeef777fe7ff943e363a5f1be6d991b7,kernelshap,,,,,5,1.0,1.0,-0.1456,0.1456,5,0
openstack,TP,3b28cb2a10f7746a32cb7f7b62b6fc92ebcfb1e5,kernelshap,,,,,1,1.0,1.0,-0.246,0.246,5,0
openstack,TP,3b28cb2a10f7746a32cb7f7b62b6fc92ebcfb1e5,kernelshap,,,,,2,1.0,1.0,-0.19119999999999998,0.2184,5,0
openstack,TP,3b28cb2a10f7746a32cb7f7b62b6fc92ebcfb1e5,kernelshap,,,,,3,1.0,1.0,-0.19119999999999998,0.2184,5,0
openstack,TP,3b28cb2a10f7746a32cb7f7b62b6fc92ebcfb1e5,kernelshap,,,,,4,1.0,1.0,-0.246,0.246,5,0
openstack,TP,3b28cb2a10f7746a32cb7f7b62b6fc92ebcfb1e5,kernelshap,,,,,5,1.0,1.0,-0.19119999999999998,0.2184,5,0
openstack,FN,c2c37272bf788aac63399127cddd487dc0f15c38,kernelshap,,,,,1,0.4,0.4,-0.01040000000000001,0.02080000000000002,5,0
openstack,FN,c2c37272bf788aac63399127cddd487dc0f15c38,kernelshap,,,,,2,0.4,0.4,-0.01040000000000001,0.02080000000000002,5,0
openstack,FN,c2c37272bf788aac63399127cddd487dc0f15c38,kernelshap,,,,,3,0.4,0.4,-0.010000000000000009,0.02040000000000002,5,0
openstack,FN,c2c37272bf788aac63399127cddd487dc0f15c38,kernelshap,,,,,4,0.4,0.4,-0.010000000000000009,0.02040000000000002,5,0
openstack,FN,c2c37272bf788aac63399127cddd487dc0f15c38,kernelshap,,,,,5,0.4,0.4,-0.010000000000000009,0.02040000000000002,5,0
openstack,FN,37510ac03478704bafba89e8c4f4e0e9041d661d,kernelshap,,,,,1,0.8,0.8,0.10759999999999999,0.10759999999999999,5,0
openstack,FN,37510ac03478704bafba89e8c4f4e0e9041d661d,kernelshap,,,,,2,0.8,0.8,0.10759999999999999,0.10759999999999999,5,0
openstack,FN,37510ac03478704bafba89e8c4f4e0e9041d661d,kernelshap,,,,,3,0.8,0.8,0.10759999999999999,0.10759999999999999,5,0
openstack,FN,37510ac03478704bafba89e8c4f4e0e9041d661d,kernelshap,,,,,4,0.8,0.8,0.10759999999999999,0.10759999999999999,5,0
openstack,FN,37510ac03478704bafba89e8c4f4e0e9041d661d,kernelshap,,,,,5,0.8,0.8,0.10759999999999999,0.10759999999999999,5,0
openstack,TN,5cc9d999352c21d3f4b5c39d3ea9d4378ca86544,kernelshap,,,,,1,1.0,1.0,-0.03359999999999996,0.14720000000000003,5,0
openstack,TN,5cc9d999352c21d3f4b5c39d3ea9d4378ca86544,kernelshap,,,,,2,1.0,1.0,-0.03359999999999996,0.14720000000000003,5,0
openstack,TN,5cc9d999352c21d3f4b5c39d3ea9d4378ca86544,kernelshap,,,,,3,1.0,1.0,-0.03359999999999996,0.14720000000000003,5,0
openstack,TN,5cc9d999352c21d3f4b5c39d3ea9d4378ca86544,kernelshap,,,,,4,1.0,1.0,-0.03359999999999996,0.14720000000000003,5,0
openstack,TN,5cc9d999352c21d3f4b5c39d3ea9d4378ca86544,kernelshap,,,,,5,1.0,1.0,-0.03359999999999996,0.14720000000000003,5,0
openstack,FP,ce12d7a1e53fffce57baab18de2ab885ba1df8ee,kernelshap,,,,,1,1.0,0.8,-0.06920000000000001,0.12440000000000001,5,0
openstack,FP,ce12d7a1e53fffce57baab18de2ab885ba1df8ee,kernelshap,,,,,2,1.0,0.8,-0.06920000000000001,0.12440000000000001,5,0
openstack,FP,ce12d7a1e53fffce57baab18de2ab885ba1df8ee,kernelshap,,,,,3,1.0,0.8,-0.06920000000000001,0.12440000000000001,5,0
openstack,FP,ce12d7a1e53fffce57baab18de2ab885ba1df8ee,kernelshap,,,,,4,1.0,0.8,-0.06920000000000001,0.12440000000000001,5,0
openstack,FP,ce12d7a1e53fffce57baab18de2ab885ba1df8ee,kernelshap,,,,,5,1.0,0.8,-0.06920000000000001,0.12440000000000001,5,0
openstack,FN,221f386029faf499c5a445374685cba5b67df31e,kernelshap,,,,,1,1.0,1.0,-0.0019999999999999575,0.16040000000000001,5,0
openstack,FN,221f386029faf499c5a445374685cba5b67df31e,kernelshap,,,,,2,1.0,1.0,-0.0019999999999999575,0.16040000000000001,5,0
openstack,FN,221f386029faf499c5a445374685cba5b67df31e,kernelshap,,,,,3,1.0,1.0,-0.0019999999999999575,0.16040000000000001,5,0
openstack,FN,221f386029faf499c5a445374685cba5b67df31e,kernelshap,,,,,4,1.0,1.0,-0.0019999999999999575,0.16040000000000001,5,0
openstack,FN,221f386029faf499c5a445374685cba5b67df31e,kernelshap,,,,,5,1.0,1.0,-0.0019999999999999575,0.16040000000000001,5,0
openstack,FP,3eea37b85b1abc72786a2b24baf01141b4d95f08,kernelshap,,,,,1,1.0,1.0,-0.15480000000000005,0.15480000000000005,5,0
openstack,FP,3eea37b85b1abc72786a2b24baf01141b4d95f08,kernelshap,,,,,2,1.0,1.0,-0.14920000000000005,0.14920000000000005,5,0
openstack,FP,3eea37b85b1abc72786a2b24baf01141b4d95f08,kernelshap,,,,,3,1.0,1.0,-0.10680000000000005,0.15320000000000006,5,0
openstack,FP,3eea37b85b1abc72786a2b24baf01141b4d95f08,kernelshap,,,,,4,1.0,1.0,-0.15480000000000005,0.15480000000000005,5,0
openstack,FP,3eea37b85b1abc72786a2b24baf01141b4d95f08,kernelshap,,,,,5,1.0,1.0,-0.15480000000000005,0.15480000000000005,5,0
openstack,FN,589c495c1ae62129e20ab5e2641e330541eee01f,kernelshap,,,,,1,1.0,1.0,0.04239999999999995,0.15759999999999996,5,0
openstack,FN,589c495c1ae62129e20ab5e2641e330541eee01f,kernelshap,,,,,2,1.0,1.0,0.04239999999999995,0.15759999999999996,5,0
openstack,FN,589c495c1ae62129e20ab5e2641e330541eee01f,kernelshap,,,,,3,1.0,1.0,0.04239999999999995,0.15759999999999996,5,0
openstack,FN,589c495c1ae62129e20ab5e2641e330541eee01f,kernelshap,,,,,4,1.0,1.0,0.04239999999999995,0.15759999999999996,5,0
openstack,FN,589c495c1ae62129e20ab5e2641e330541eee01f,kernelshap,,,,,5,1.0,1.0,0.04239999999999995,0.15759999999999996,5,0
openstack,FP,750e065d6d137715dd03d5c90623145177f64cbb,kernelshap,,,,,1,1.0,0.8,-0.152,0.1552,5,0
openstack,FP,750e065d6d137715dd03d5c90623145177f64cbb,kernelshap,,,,,2,1.0,0.8,-0.156,0.1592,5,0
openstack,FP,750e065d6d137715dd03d5c90623145177f64cbb,kernelshap,,,,,3,1.0,0.8,-0.15,0.1532,5,0
openstack,FP,750e065d6d137715dd03d5c90623145177f64cbb,kernelshap,,,,,4,1.0,0.8,-0.16,0.1632,5,0
openstack,FP,750e065d6d137715dd03d5c90623145177f64cbb,kernelshap,,,,,5,1.0,0.8,-0.156,0.1592,5,0
openstack,FP,4b53e4edf9f7f8c794316d3a0920d727723d1bab,lime,,,,,1,0.6,0.8,-0.22880000000000003,0.23200000000000004,5,0
openstack,FP,4b53e4edf9f7f8c794316d3a0920d727723d1bab,lime,,,,,2,0.8,1.0,-0.27160000000000006,0.27160000000000006,5,0
openstack,FP,4b53e4edf9f7f8c794316d3a0920d727723d1bab,lime,,,,,3,0.8,1.0,-0.27160000000000006,0.27160000000000006,5,0
openstack,FP,4b53e4edf9f7f8c794316d3a0920d727723d1bab,lime,,,,,4,0.6,1.0,-0.24440000000000006,0.24440000000000006,5,0
openstack,FP,4b53e4edf9f7f8c794316d3a0920d727723d1bab,lime,,,,,5,0.6,1.0,-0.24760000000000004,0.24760000000000004,5,0
openstack,TN,467b4e4d419f0ca5db8468516d64ffec5cedc67e,lime,,,,,1,0.4,0.8,-0.08680000000000003,0.08680000000000003,5,0
openstack,TN,467b4e4d419f0ca5db8468516d64ffec5cedc67e,lime,,,,,2,0.4,0.8,-0.08680000000000003,0.08680000000000003,5,0
openstack,TN,467b4e4d419f0ca5db8468516d64ffec5cedc67e,lime,,,,,3,0.4,0.8,-0.08680000000000003,0.08680000000000003,5,0
openstack,TN,467b4e4d419f0ca5db8468516d64ffec5cedc67e,lime,,,,,4,0.4,0.8,-0.08680000000000003,0.08680000000000003,5,0
openstack,TN,467b4e4d419f0ca5db8468516d64ffec5cedc67e,lime,,,,,5,0.4,0.8,-0.08680000000000003,0.08680000000000003,5,0
openstack,TP,eaf6340847c35ace3b4b681a95b8a79a7a3f2491,lime,,,,,1,0.8,1.0,-0.1884,0.1884,5,0
openstack,TP,eaf6340847c35ace3b4b681a95b8a79a7a3f2491,lime,,,,,2,0.8,1.0,-0.1884,0.1884,5,0
openstack,TP,eaf6340847c35ace3b4b681a95b8a79a7a3f2491,lime,,,,,3,0.8,1.0,-0.1884,0.1884,5,0
openstack,TP,eaf6340847c35ace3b4b681a95b8a79a7a3f2491,lime,,,,,4,0.8,1.0,-0.1884,0.1884,5,0
openstack,TP,eaf6340847c35ace3b4b681a95b8a79a7a3f2491,lime,,,,,5,0.6,1.0,-0.176,0.176,5,0
openstack,TP,fd351903a1759109f66d0c66d42cd3a1b7f23861,lime,,,,,1,0.8,0.8,-0.16400000000000003,0.16560000000000002,5,0
openstack,TP,fd351903a1759109f66d0c66d42cd3a1b7f23861,lime,,,,,2,0.8,1.0,-0.19520000000000004,0.19520000000000004,5,0
openstack,TP,fd351903a1759109f66d0c66d42cd3a1b7f23861,lime,,,,,3,0.8,0.8,-0.16400000000000003,0.16560000000000002,5,0
openstack,TP,fd351903a1759109f66d0c66d42cd3a1b7f23861,lime,,,,,4,0.8,0.8,-0.16400000000000003,0.16560000000000002,5,0
openstack,TP,fd351903a1759109f66d0c66d42cd3a1b7f23861,lime,,,,,5,0.8,0.8,-0.16400000000000003,0.16560000000000002,5,0
openstack,FP,2530ccff8f0a0105d1626c65616080b27682e129,lime,,,,,1,0.8,0.8,-0.19199999999999995,0.19199999999999995,5,0
openstack,FP,2530ccff8f0a0105d1626c65616080b27682e129,lime,,,,,2,0.8,0.8,-0.19199999999999995,0.19199999999999995,5,0
openstack,FP,2530ccff8f0a0105d1626c65616080b27682e129,lime,,,,,3,0.8,0.8,-0.19199999999999995,0.19199999999999995,5,0
openstack,FP,2530ccff8f0a0105d1626c65616080b27682e129,lime,,,,,4,0.8,0.8,-0.14839999999999998,0.1644,5,0
openstack,FP,2530ccff8f0a0105d1626c65616080b27682e129,lime,,,,,5,0.8,0.8,-0.14839999999999998,0.1644,5,0
openstack,FN,1476b030bd53deddd85468c0d8b545d8f8f30f19,lime,,,,,1,0.2,0.6,-0.04479999999999997,0.05039999999999998,5,0
openstack,FN,1476b030bd53deddd85468c0d8b545d8f8f30f19,lime,,,,,2,0.2,0.6,-0.04479999999999997,0.05039999999999998,5,0
openstack,FN,1476b030bd53deddd85468c0d8b545d8f8f30f19,lime,,,,,3,0.2,0.6,-0.04479999999999997,0.05039999999999998,5,0
openstack,FN,1476b030bd53deddd85468c0d8b545d8f8f30f19,lime,,,,,4,0.2,0.6,-0.04479999999999997,0.05039999999999998,5,0
openstack,FN,1476b030bd53deddd85468c0d8b545d8f8f30f19,lime,,,,,5,0.2,0.8,-0.051999999999999956,0.057599999999999964,5,0
openstack,TP,83a5f90f82b40be4c74685f557d6af0f8a3b1a30,lime,,,,,1,0.6,1.0,-0.2204,0.2204,5,0
openstack,TP,83a5f90f82b40be4c74685f557d6af0f8a3b1a30,lime,,,,,2,0.6,1.0,-0.2204,0.2204,5,0
openstack,TP,83a5f90f82b40be4c74685f557d6af0f8a3b1a30,lime,,,,,3,0.8,1.0,-0.2584,0.2584,5,0
openstack,TP,83a5f90f82b40be4c74685f557d6af0f8a3b1a30,lime,,,,,4,0.8,1.0,-0.2584,0.2584,5,0
openstack,TP,83a5f90f82b40be4c74685f557d6af0f8a3b1a30,lime,,,,,5,0.8,1.0,-0.2584,0.2584,5,0
openstack,TP,6f1a1f5e8ead9ceb145e13927cd9ae7fdca9add4,lime,,,,,1,1.0,0.8,-0.18680000000000002,0.19480000000000003,5,0
openstack,TP,6f1a1f5e8ead9ceb145e13927cd9ae7fdca9add4,lime,,,,,2,1.0,0.8,-0.1908,0.1988,5,0
openstack,TP,6f1a1f5e8ead9ceb145e13927cd9ae7fdca9add4,lime,,,,,3,1.0,0.8,-0.1908,0.1988,5,0
openstack,TP,6f1a1f5e8ead9ceb145e13927cd9ae7fdca9add4,lime,,,,,4,1.0,0.8,-0.1908,0.1988,5,0
openstack,TP,6f1a1f5e8ead9ceb145e13927cd9ae7fdca9add4,lime,,,,,5,1.0,0.8,-0.2112,0.2192,5,0
openstack,FP,e847eed4a5600b6812338bb4903a0cffcde7f1f3,lime,,,,,1,0.6,1.0,-0.18560000000000004,0.18560000000000004,5,0
openstack,FP,e847eed4a5600b6812338bb4903a0cffcde7f1f3,lime,,,,,2,0.6,1.0,-0.18560000000000004,0.18560000000000004,5,0
openstack,FP,e847eed4a5600b6812338bb4903a0cffcde7f1f3,lime,,,,,3,0.6,1.0,-0.18560000000000004,0.18560000000000004,5,0
openstack,FP,e847eed4a5600b6812338bb4903a0cffcde7f1f3,lime,,,,,4,0.6,1.0,-0.18560000000000004,0.18560000000000004,5,0
openstack,FP,e847eed4a5600b6812338bb4903a0cffcde7f1f3,lime,,,,,5,0.6,1.0,-0.18560000000000004,0.18560000000000004,5,0
openstack,TP,e7bdd19f0ed7d4c61d195735ee43a11da78f97d6,lime,,,,,1,1.0,0.8,-0.3516,0.3532,5,0
openstack,TP,e7bdd19f0ed7d4c61d195735ee43a11da78f97d6,lime,,,,,2,1.0,0.8,-0.3516,0.3532,5,0
openstack,TP,e7bdd19f0ed7d4c61d195735ee43a11da78f97d6,lime,,,,,3,0.8,0.8,-0.318,0.3196,5,0
openstack,TP,e7bdd19f0ed7d4c61d195735ee43a11da78f97d6,lime,,,,,4,0.8,0.8,-0.318,0.3196,5,0
openstack,TP,e7bdd19f0ed7d4c61d195735ee43a11da78f97d6,lime,,,,,5,1.0,0.8,-0.3516,0.3532,5,0
openstack,TN,936f765b855d7af14ae557383f0dcc6fd9e8655c,lime,,,,,1,0.2,0.8,-0.05719999999999996,0.05879999999999996,5,0
openstack,TN,936f765b855d7af14ae557383f0dcc6fd9e8655c,lime,,,,,2,0.2,0.8,-0.05719999999999996,0.05879999999999996,5,0
openstack,TN,936f765b855d7af14ae557383f0dcc6fd9e8655c,lime,,,,,3,0.2,0.8,-0.05719999999999996,0.05879999999999996,5,0
openstack,TN,936f765b855d7af14ae557383f0dcc6fd9e8655c,lime,,,,,4,0.2,1.0,-0.06839999999999995,0.06839999999999995,5,0
openstack,TN,936f765b855d7af14ae557383f0dcc6fd9e8655c,lime,,,,,5,0.2,0.8,-0.049999999999999954,0.05159999999999996,5,0
openstack,FP,034db863a02ce38a520e4b8aa3a65e1ccdb37f30,lime,,,,,1,0.8,1.0,-0.21000000000000005,0.23240000000000002,5,0
openstack,FP,034db863a02ce38a520e4b8aa3a65e1ccdb37f30,lime,,,,,2,0.8,1.0,-0.21000000000000005,0.23240000000000002,5,0
openstack,FP,034db863a02ce38a520e4b8aa3a65e1ccdb37f30,lime,,,,,3,0.8,1.0,-0.19680000000000003,0.2192,5,0
openstack,FP,034db863a02ce38a520e4b8aa3a65e1ccdb37f30,lime,,,,,4,0.8,1.0,-0.19680000000000003,0.2192,5,0
openstack,FP,034db863a02ce38a520e4b8aa3a65e1ccdb37f30,lime,,,,,5,0.8,1.0,-0.21000000000000005,0.23240000000000002,5,0
openstack,FN,ab1cb6378f136ae8adcb0027385b43763e402cca,lime,,,,,1,0.2,0.6,0.010399999999999987,0.03920000000000001,5,0
openstack,FN,ab1cb6378f136ae8adcb0027385b43763e402cca,lime,,,,,2,0.2,0.6,0.010399999999999987,0.03920000000000001,5,0
openstack,FN,ab1cb6378f136ae8adcb0027385b43763e402cca,lime,,,,,3,0.4,0.8,0.022399999999999996,0.04640000000000002,5,0
openstack,FN,ab1cb6378f136ae8adcb0027385b43763e402cca,lime,,,,,4,0.2,0.6,0.010399999999999987,0.03920000000000001,5,0
openstack,FN,ab1cb6378f136ae8adcb0027385b43763e402cca,lime,,,,,5,0.2,0.6,0.010399999999999987,0.03920000000000001,5,0
openstack,TP,7cfdf4aa811fb708d9fed4e36aec79c26d19cfee,lime,,,,,1,1.0,1.0,-0.22199999999999995,0.22199999999999995,5,0
openstack,TP,7cfdf4aa811fb708d9fed4e36aec79c26d19cfee,lime,,,,,2,1.0,1.0,-0.22999999999999995,0.22999999999999995,5,0
openstack,TP,7cfdf4aa811fb708d9fed4e36aec79c26d19cfee,lime,,,,,3,1.0,1.0,-0.22159999999999996,0.22159999999999996,5,0
openstack,TP,7cfdf4aa811fb708d9fed4e36aec79c26d19cfee,lime,,,,,4,1.0,1.0,-0.20239999999999997,0.20239999999999997,5,0
openstack,TP,7cfdf4aa811fb708d9fed4e36aec79c26d19cfee,lime,,,,,5,1.0,1.0,-0.17559999999999995,0.17559999999999995,5,0
openstack,TP,e55a5f412bf6bc343eb8bb11348afe57c2012066,lime,,,,,1,0.6,1.0,-0.24960000000000002,0.24960000000000002,5,0
openstack,TP,e55a5f412bf6bc343eb8bb11348afe57c2012066,lime,,,,,2,0.6,1.0,-0.24960000000000002,0.24960000000000002,5,0
openstack,TP,e55a5f412bf6bc343eb8bb11348afe57c2012066,lime,,,,,3,0.6,1.0,-0.24080000000000001,0.24080000000000001,5,0
openstack,TP,e55a5f412bf6bc343eb8bb11348afe57c2012066,lime,,,,,4,0.6,1.0,-0.24960000000000002,0.24960000000000002,5,0
openstack,TP,e55a5f412bf6bc343eb8bb11348afe57c2012066,lime,,,,,5,0.6,1.0,-0.24960000000000002,0.24960000000000002,5,0
openstack,TN,8b44c9df29572efca928c1d36fa3e7a90e94caa0,lime,,,,,1,0.6,0.6,-0.06600000000000002,0.06840000000000002,5,0
openstack,TN,8b44c9df29572efca928c1d36fa3e7a90e94caa0,lime,,,,,2,0.6,0.6,-0.06600000000000002,0.06840000000000002,5,0
openstack,TN,8b44c9df29572efca928c1d36fa3e7a90e94caa0,lime,,,,,3,0.6,0.6,-0.06600000000000002,0.06840000000000002,5,0
openstack,TN,8b44c9df29572efca928c1d36fa3e7a90e94caa0,lime,,,,,4,0.6,0.6,-0.06600000000000002,0.06840000000000002,5,0
openstack,TN,8b44c9df29572efca928c1d36fa3e7a90e94caa0,lime,,,,,5,0.6,0.6,-0.06600000000000002,0.06840000000000002,5,0
openstack,TN,4d75cbf3c35a8aa917d3970beac99d612f13eed3,lime,,,,,1,0.6,0.8,-0.03639999999999999,0.06680000000000001,5,0
openstack,TN,4d75cbf3c35a8aa917d3970beac99d612f13eed3,lime,,,,,2,0.6,0.8,-0.03639999999999999,0.06680000000000001,5,0
openstack,TN,4d75cbf3c35a8aa917d3970beac99d612f13eed3,lime,,,,,3,0.6,0.8,-0.03639999999999999,0.06680000000000001,5,0
openstack,TN,4d75cbf3c35a8aa917d3970beac99d612f13eed3,lime,,,,,4,0.6,0.8,-0.03639999999999999,0.06680000000000001,5,0
openstack,TN,4d75cbf3c35a8aa917d3970beac99d612f13eed3,lime,,,,,5,0.6,0.8,-0.03639999999999999,0.06680000000000001,5,0
openstack,TN,2ecaad46a737c24965ae81fc19947db9264de684,lime,,,,,1,0.6,0.4,-0.017200000000000038,0.03560000000000001,5,0
openstack,TN,2ecaad46a737c24965ae81fc19947db9264de684,lime,,,,,2,0.6,0.4,-0.017200000000000038,0.03560000000000001,5,0
openstack,TN,2ecaad46a737c24965ae81fc19947db9264de684,lime,,,,,3,0.4,0.4,-0.03320000000000003,0.03320000000000003,5,0
openstack,TN,2ecaad46a737c24965ae81fc19947db9264de684,lime,,,,,4,0.6,0.4,-0.017200000000000038,0.03560000000000001,5,0
openstack,TN,2ecaad46a737c24965ae81fc19947db9264de684,lime,,,,,5,0.6,0.4,-0.017200000000000038,0.03560000000000001,5,0
openstack,TN,bfb9d3f179607c25f91d77585f97df6d0704c253,lime,,,,,1,0.4,1.0,-0.07200000000000004,0.07200000000000004,5,0
openstack,TN,bfb9d3f179607c25f91d77585f97df6d0704c253,lime,,,,,2,0.4,1.0,-0.07200000000000004,0.07200000000000004,5,0
openstack,TN,bfb9d3f179607c25f91d77585f97df6d0704c253,lime,,,,,3,0.4,1.0,-0.07200000000000004,0.07200000000000004,5,0
openstack,TN,bfb9d3f179607c25f91d77585f97df6d0704c253,lime,,,,,4,0.4,1.0,-0.07200000000000004,0.07200000000000004,5,0
openstack,TN,bfb9d3f179607c25f91d77585f97df6d0704c253,lime,,,,,5,0.4,1.0,-0.07200000000000004,0.07200000000000004,5,0
openstack,FP,bfcd4b2f1be3ab37ae0801dd523ce952577cda14,lime,,,,,1,0.6,1.0,-0.21040000000000003,0.21040000000000003,5,0
openstack,FP,bfcd4b2f1be3ab37ae0801dd523ce952577cda14,lime,,,,,2,0.6,1.0,-0.20800000000000002,0.20800000000000002,5,0
openstack,FP,bfcd4b2f1be3ab37ae0801dd523ce952577cda14,lime,,,,,3,0.6,1.0,-0.21040000000000003,0.21040000000000003,5,0
openstack,FP,bfcd4b2f1be3ab37ae0801dd523ce952577cda14,lime,,,,,4,0.6,1.0,-0.21040000000000003,0.21040000000000003,5,0
openstack,FP,bfcd4b2f1be3ab37ae0801dd523ce952577cda14,lime,,,,,5,0.6,1.0,-0.21040000000000003,0.21040000000000003,5,0
openstack,TP,c08f99c7e072e349632684d565bcac357ce93b6d,lime,,,,,1,0.8,0.8,-0.14360000000000003,0.23320000000000002,5,0
openstack,TP,c08f99c7e072e349632684d565bcac357ce93b6d,lime,,,,,2,0.8,0.8,-0.14360000000000003,0.23320000000000002,5,0
openstack,TP,c08f99c7e072e349632684d565bcac357ce93b6d,lime,,,,,3,1.0,1.0,-0.16840000000000002,0.258,5,0
openstack,TP,c08f99c7e072e349632684d565bcac357ce93b6d,lime,,,,,4,0.8,0.8,-0.14360000000000003,0.23320000000000002,5,0
openstack,TP,c08f99c7e072e349632684d565bcac357ce93b6d,lime,,,,,5,0.8,0.8,-0.14360000000000003,0.23320000000000002,5,0
openstack,TN,1a3f2e8f44f0138d0328312e07b1341970c7903a,lime,,,,,1,0.6,0.8,-0.0984,0.0984,5,0
openstack,TN,1a3f2e8f44f0138d0328312e07b1341970c7903a,lime,,,,,2,0.4,0.8,-0.0972,0.0972,5,0
openstack,TN,1a3f2e8f44f0138d0328312e07b1341970c7903a,lime,,,,,3,0.6,0.8,-0.0984,0.0984,5,0
openstack,TN,1a3f2e8f44f0138d0328312e07b1341970c7903a,lime,,,,,4,0.6,0.8,-0.0984,0.0984,5,0
openstack,TN,1a3f2e8f44f0138d0328312e07b1341970c7903a,lime,,,,,5,0.6,0.8,-0.0984,0.0984,5,0
openstack,TP,45662d77a2da77714f8e792e86ebd64a52270ef5,lime,,,,,1,0.6,1.0,-0.2252,0.2252,5,0
openstack,TP,45662d77a2da77714f8e792e86ebd64a52270ef5,lime,,,,,2,0.8,1.0,-0.24080000000000001,0.24080000000000001,5,0
openstack,TP,45662d77a2da77714f8e792e86ebd64a52270ef5,lime,,,,,3,0.8,1.0,-0.24080000000000001,0.24080000000000001,5,0
openstack,TP,45662d77a2da77714f8e792e86ebd64a52270ef5,lime,,,,,4,0.6,1.0,-0.2252,0.2252,5,0
openstack,TP,45662d77a2da77714f8e792e86ebd64a52270ef5,lime,,,,,5,0.6,1.0,-0.2252,0.2252,5,0
openstack,TP,6f31523b314e7ac4ad83d13842cf2fa1014c39b2,lime,,,,,1,0.6,1.0,-0.19239999999999996,0.19239999999999996,5,0
openstack,TP,6f31523b314e7ac4ad83d13842cf2fa1014c39b2,lime,,,,,2,0.6,1.0,-0.19239999999999996,0.19239999999999996,5,0
openstack,TP,6f31523b314e7ac4ad83d13842cf2fa1014c39b2,lime,,,,,3,0.6,1.0,-0.19239999999999996,0.19239999999999996,5,0
openstack,TP,6f31523b314e7ac4ad83d13842cf2fa1014c39b2,lime,,,,,4,0.6,1.0,-0.19239999999999996,0.19239999999999996,5,0
openstack,TP,6f31523b314e7ac4ad83d13842cf2fa1014c39b2,lime,,,,,5,0.6,1.0,-0.19239999999999996,0.19239999999999996,5,0
openstack,FP,410a83c89de9912207574999b3736a550ed253ba,lime,,,,,1,0.8,0.6,-0.17320000000000002,0.17560000000000003,5,0
openstack,FP,410a83c89de9912207574999b3736a550ed253ba,lime,,,,,2,0.8,0.6,-0.17320000000000002,0.17560000000000003,5,0
openstack,FP,410a83c89de9912207574999b3736a550ed253ba,lime,,,,,3,0.8,0.8,-0.21680000000000005,0.21680000000000005,5,0
openstack,FP,410a83c89de9912207574999b3736a550ed253ba,lime,,,,,4,0.8,0.8,-0.21680000000000005,0.21680000000000005,5,0
openstack,FP,410a83c89de9912207574999b3736a550ed253ba,lime,,,,,5,0.8,0.6,-0.17320000000000002,0.17560000000000003,5,0
openstack,FP,4e2919e6b208a2e95d75782f9cad0a6f0892d983,lime,,,,,1,0.8,1.0,-0.17320000000000008,0.17320000000000008,5,0
openstack,FP,4e2919e6b208a2e95d75782f9cad0a6f0892d983,lime,,,,,2,0.8,1.0,-0.17320000000000008,0.17320000000000008,5,0
openstack,FP,4e2919e6b208a2e95d75782f9cad0a6f0892d983,lime,,,,,3,0.8,1.0,-0.17320000000000008,0.17320000000000008,5,0
openstack,FP,4e2919e6b208a2e95d75782f9cad0a6f0892d983,lime,,,,,4,0.8,0.8,-0.14200000000000007,0.14280000000000004,5,0
openstack,FP,4e2919e6b208a2e95d75782f9cad0a6f0892d983,lime,,,,,5,0.8,0.8,-0.14200000000000007,0.14280000000000004,5,0
openstack,FP,558f7b00f56f37adaa68239c9ce95d25b2d65f56,lime,,,,,1,1.0,1.0,-0.12680000000000002,0.17320000000000002,5,0
openstack,FP,558f7b00f56f37adaa68239c9ce95d25b2d65f56,lime,,,,,2,1.0,1.0,-0.12680000000000002,0.17320000000000002,5,0
openstack,FP,558f7b00f56f37adaa68239c9ce95d25b2d65f56,lime,,,,,3,1.0,1.0,-0.12680000000000002,0.17320000000000002,5,0
openstack,FP,558f7b00f56f37adaa68239c9ce95d25b2d65f56,lime,,,,,4,0.8,0.8,-0.10280000000000002,0.1524,5,0
openstack,FP,558f7b00f56f37adaa68239c9ce95d25b2d65f56,lime,,,,,5,1.0,1.0,-0.12680000000000002,0.17320000000000002,5,0
openstack,TN,70fad48add19cc565726f098e1e7a2165b24cc77,lime,,,,,1,0.2,0.6,-0.05520000000000005,0.05920000000000001,5,0
openstack,TN,70fad48add19cc565726f098e1e7a2165b24cc77,lime,,,,,2,0.2,0.6,-0.05520000000000005,0.05920000000000001,5,0
openstack,TN,70fad48add19cc565726f098e1e7a2165b24cc77,lime,,,,,3,0.2,0.4,-0.04360000000000004,0.047599999999999996,5,0
openstack,TN,70fad48add19cc565726f098e1e7a2165b24cc77,lime,,,,,4,0.2,0.6,-0.05520000000000005,0.05920000000000001,5,0
openstack,TN,70fad48add19cc565726f098e1e7a2165b24cc77,lime,,,,,5,0.2,0.4,-0.04360000000000004,0.047599999999999996,5,0
openstack,TP,76d3c644f3f5866a5c07f80b66132d81b8b57e78,lime,,,,,1,0.8,0.8,-0.27480000000000004,0.2868,5,0
openstack,TP,76d3c644f3f5866a5c07f80b66132d81b8b57e78,lime,,,,,2,0.8,0.8,-0.27480000000000004,0.2868,5,0
openstack,TP,76d3c644f3f5866a5c07f80b66132d81b8b57e78,lime,,,,,3,0.8,0.6,-0.2644000000000001,0.28359999999999996,5,0
openstack,TP,76d3c644f3f5866a5c07f80b66132d81b8b57e78,lime,,,,,4,0.8,0.8,-0.27480000000000004,0.2868,5,0
openstack,TP,76d3c644f3f5866a5c07f80b66132d81b8b57e78,lime,,,,,5,0.8,0.8,-0.27480000000000004,0.2868,5,0
openstack,FN,2b60912d5667350eae7ecbc67d4dba3658518d10,lime,,,,,1,0.6,0.4,-0.09520000000000002,0.1192,5,0
openstack,FN,2b60912d5667350eae7ecbc67d4dba3658518d10,lime,,,,,2,0.6,0.4,-0.09520000000000002,0.1192,5,0
openstack,FN,2b60912d5667350eae7ecbc67d4dba3658518d10,lime,,,,,3,0.6,0.4,-0.09520000000000002,0.1192,5,0
openstack,FN,2b60912d5667350eae7ecbc67d4dba3658518d10,lime,,,,,4,0.6,0.4,-0.09520000000000002,0.1192,5,0
openstack,FN,2b60912d5667350eae7ecbc67d4dba3658518d10,lime,,,,,5,0.6,0.4,-0.09520000000000002,0.1192,5,0
openstack,TP,88c62c1ca290c1d2a33ff192a302e492a4b11cb3,lime,,,,,1,0.8,0.8,-0.09400000000000004,0.12600000000000003,5,0
openstack,TP,88c62c1ca290c1d2a33ff192a302e492a4b11cb3,lime,,,,,2,0.8,0.8,-0.09400000000000004,0.12600000000000003,5,0
openstack,TP,88c62c1ca290c1d2a33ff192a302e492a4b11cb3,lime,,,,,3,0.8,0.8,-0.08640000000000005,0.11840000000000003,5,0
openstack,TP,88c62c1ca290c1d2a33ff192a302e492a4b11cb3,lime,,,,,4,0.8,0.8,-0.09400000000000004,0.12600000000000003,5,0
openstack,TP,88c62c1ca290c1d2a33ff192a302e492a4b11cb3,lime,,,,,5,0.8,0.8,-0.09400000000000004,0.12600000000000003,5,0
openstack,FP,296da649452f66dd15a15ee4274ab0f8609250e2,lime,,,,,1,0.8,1.0,-0.16040000000000001,0.2292,5,0
openstack,FP,296da649452f66dd15a15ee4274ab0f8609250e2,lime,,,,,2,0.8,1.0,-0.16040000000000001,0.2292,5,0
openstack,FP,296da649452f66dd15a15ee4274ab0f8609250e2,lime,,,,,3,0.8,1.0,-0.16040000000000001,0.2292,5,0
openstack,FP,296da649452f66dd15a15ee4274ab0f8609250e2,lime,,,,,4,0.8,1.0,-0.16040000000000001,0.2292,5,0
openstack,FP,296da649452f66dd15a15ee4274ab0f8609250e2,lime,,,,,5,0.8,1.0,-0.16040000000000001,0.2292,5,0
openstack,TP,379cf65d82b11f5e6f8732a585d5373beda85046,lime,,,,,1,0.8,1.0,-0.20519999999999997,0.20519999999999997,5,0
openstack,TP,379cf65d82b11f5e6f8732a585d5373beda85046,lime,,,,,2,0.6,1.0,-0.17999999999999994,0.17999999999999994,5,0
openstack,TP,379cf65d82b11f5e6f8732a585d5373beda85046,lime,,,,,3,0.8,1.0,-0.20519999999999997,0.20519999999999997,5,0
openstack,TP,379cf65d82b11f5e6f8732a585d5373beda85046,lime,,,,,4,0.8,1.0,-0.20519999999999997,0.20519999999999997,5,0
openstack,TP,379cf65d82b11f5e6f8732a585d5373beda85046,lime,,,,,5,0.6,1.0,-0.17999999999999994,0.17999999999999994,5,0
openstack,TN,79a1a113775df87d420b242cea4bbf953df3779c,lime,,,,,1,0.6,0.8,-0.07240000000000002,0.08840000000000003,5,0
openstack,TN,79a1a113775df87d420b242cea4bbf953df3779c,lime,,,,,2,0.6,0.8,-0.07240000000000002,0.08840000000000003,5,0
openstack,TN,79a1a113775df87d420b242cea4bbf953df3779c,lime,,,,,3,0.6,0.8,-0.07240000000000002,0.08840000000000003,5,0
openstack,TN,79a1a113775df87d420b242cea4bbf953df3779c,lime,,,,,4,0.6,0.6,-0.07880000000000002,0.08200000000000003,5,0
openstack,TN,79a1a113775df87d420b242cea4bbf953df3779c,lime,,,,,5,0.6,0.8,-0.07240000000000002,0.08840000000000003,5,0
openstack,TN,dd444d84759d7b3c17e7c3e97f9565546f9d3df2,lime,,,,,1,0.4,0.6,-0.0504,0.0504,5,0
openstack,TN,dd444d84759d7b3c17e7c3e97f9565546f9d3df2,lime,,,,,2,0.4,0.6,-0.0504,0.0504,5,0
openstack,TN,dd444d84759d7b3c17e7c3e97f9565546f9d3df2,lime,,,,,3,0.4,0.6,-0.0504,0.0504,5,0
openstack,TN,dd444d84759d7b3c17e7c3e97f9565546f9d3df2,lime,,,,,4,0.4,0.6,-0.0504,0.0504,5,0
openstack,TN,dd444d84759d7b3c17e7c3e97f9565546f9d3df2,lime,,,,,5,0.4,0.6,-0.0504,0.0504,5,0
openstack,TN,747373f4bdfe4814000a88e4443b56545d5d55bd,lime,,,,,1,0.6,0.6,-0.005599999999999983,0.03600000000000001,5,0
openstack,TN,747373f4bdfe4814000a88e4443b56545d5d55bd,lime,,,,,2,0.4,0.6,-0.020399999999999995,0.03560000000000001,5,0
openstack,TN,747373f4bdfe4814000a88e4443b56545d5d55bd,lime,,,,,3,0.4,0.6,-0.020399999999999995,0.03560000000000001,5,0
openstack,TN,747373f4bdfe4814000a88e4443b56545d5d55bd,lime,,,,,4,0.4,0.6,-0.020399999999999995,0.03560000000000001,5,0
openstack,TN,747373f4bdfe4814000a88e4443b56545d5d55bd,lime,,,,,5,0.4,0.6,-0.020399999999999995,0.03560000000000001,5,0
openstack,FN,763fd62464e9a0753e061171cc1fd826055bbc01,lime,,,,,1,0.8,0.6,0.06799999999999998,0.07439999999999998,5,0
openstack,FN,763fd62464e9a0753e061171cc1fd826055bbc01,lime,,,,,2,0.8,0.6,0.06799999999999998,0.07439999999999998,5,0
openstack,FN,763fd62464e9a0753e061171cc1fd826055bbc01,lime,,,,,3,0.8,0.4,0.057599999999999964,0.06399999999999997,5,0
openstack,FN,763fd62464e9a0753e061171cc1fd826055bbc01,lime,,,,,4,1.0,0.6,0.07559999999999996,0.07879999999999995,5,0
openstack,FN,763fd62464e9a0753e061171cc1fd826055bbc01,lime,,,,,5,1.0,0.6,0.07559999999999996,0.07879999999999995,5,0
openstack,FN,267eea50fd9e9c74faa96d529a7ec2fd8aa8d51f,lime,,,,,1,0.6,0.8,-0.03239999999999997,0.08999999999999998,5,0
openstack,FN,267eea50fd9e9c74faa96d529a7ec2fd8aa8d51f,lime,,,,,2,0.4,0.6,-0.04079999999999998,0.08559999999999998,5,0
openstack,FN,267eea50fd9e9c74faa96d529a7ec2fd8aa8d51f,lime,,,,,3,0.4,0.6,-0.019599999999999985,0.0828,5,0
openstack,FN,267eea50fd9e9c74faa96d529a7ec2fd8aa8d51f,lime,,,,,4,0.4,0.6,-0.04079999999999998,0.08559999999999998,5,0
openstack,FN,267eea50fd9e9c74faa96d529a7ec2fd8aa8d51f,lime,,,,,5,0.6,0.8,-0.02959999999999997,0.09279999999999998,5,0
openstack,TN,978066fe31a5331f143a05e1fd753c729b2dcf09,lime,,,,,1,0.6,0.4,-0.029199999999999938,0.03159999999999994,5,0
openstack,TN,978066fe31a5331f143a05e1fd753c729b2dcf09,lime,,,,,2,0.6,0.4,-0.029199999999999938,0.03159999999999994,5,0
openstack,TN,978066fe31a5331f143a05e1fd753c729b2dcf09,lime,,,,,3,0.6,0.4,-0.029199999999999938,0.03159999999999994,5,0
openstack,TN,978066fe31a5331f143a05e1fd753c729b2dcf09,lime,,,,,4,0.6,0.4,-0.029199999999999938,0.03159999999999994,5,0
openstack,TN,978066fe31a5331f143a05e1fd753c729b2dcf09,lime,,,,,5,0.6,0.4,-0.029199999999999938,0.03159999999999994,5,0
openstack,TN,545925c66cb3ee005aa7e497ad4b3c97eb2f410b,lime,,,,,1,0.4,0.8,-0.06280000000000004,0.06280000000000004,5,0
openstack,TN,545925c66cb3ee005aa7e497ad4b3c97eb2f410b,lime,,,,,2,0.6,0.8,-0.03720000000000003,0.05960000000000001,5,0
openstack,TN,545925c66cb3ee005aa7e497ad4b3c97eb2f410b,lime,,,,,3,0.4,0.8,-0.06280000000000004,0.06280000000000004,5,0
openstack,TN,545925c66cb3ee005aa7e497ad4b3c97eb2f410b,lime,,,,,4,0.4,0.8,-0.06280000000000004,0.06280000000000004,5,0
openstack,TN,545925c66cb3ee005aa7e497ad4b3c97eb2f410b,lime,,,,,5,0.6,0.8,-0.03720000000000003,0.05960000000000001,5,0
openstack,FN,bc6ca87a6a01ecbda926a78d07cadbd4e3ab97e0,lime,,,,,1,0.8,0.8,0.05559999999999996,0.07959999999999998,5,0
openstack,FN,bc6ca87a6a01ecbda926a78d07cadbd4e3ab97e0,lime,,,,,2,0.8,0.8,0.05439999999999996,0.07839999999999998,5,0
openstack,FN,bc6ca87a6a01ecbda926a78d07cadbd4e3ab97e0,lime,,,,,3,0.8,1.0,0.05919999999999996,0.08319999999999998,5,0
openstack,FN,bc6ca87a6a01ecbda926a78d07cadbd4e3ab97e0,lime,,,,,4,0.8,0.8,0.05559999999999996,0.07959999999999998,5,0
openstack,FN,bc6ca87a6a01ecbda926a78d07cadbd4e3ab97e0,lime,,,,,5,0.8,0.8,0.05559999999999996,0.07959999999999998,5,0
openstack,FP,280cc7c5ae4b07a9a1e23b8f9cc925be9872c8e1,lime,,,,,1,0.6,1.0,-0.18879999999999997,0.18879999999999997,5,0
openstack,FP,280cc7c5ae4b07a9a1e23b8f9cc925be9872c8e1,lime,,,,,2,0.6,1.0,-0.18879999999999997,0.18879999999999997,5,0
openstack,FP,280cc7c5ae4b07a9a1e23b8f9cc925be9872c8e1,lime,,,,,3,0.6,1.0,-0.18879999999999997,0.18879999999999997,5,0
openstack,FP,280cc7c5ae4b07a9a1e23b8f9cc925be9872c8e1,lime,,,,,4,0.6,1.0,-0.18879999999999997,0.18879999999999997,5,0
openstack,FP,280cc7c5ae4b07a9a1e23b8f9cc925be9872c8e1,lime,,,,,5,0.4,0.8,-0.15919999999999998,0.1664,5,0
openstack,FP,6aecf475dbff9c7d477378c021749b987d47deae,lime,,,,,1,0.6,0.8,-0.2152,0.2152,5,0
openstack,FP,6aecf475dbff9c7d477378c021749b987d47deae,lime,,,,,2,0.8,1.0,-0.2464,0.2464,5,0
openstack,FP,6aecf475dbff9c7d477378c021749b987d47deae,lime,,,,,3,0.6,0.8,-0.2144,0.2144,5,0
openstack,FP,6aecf475dbff9c7d477378c021749b987d47deae,lime,,,,,4,0.8,1.0,-0.2464,0.2464,5,0
openstack,FP,6aecf475dbff9c7d477378c021749b987d47deae,lime,,,,,5,0.8,1.0,-0.2464,0.2464,5,0
openstack,FP,baa52224dc73e8ca3bdcbdaa5d62bc26fb38052f,lime,,,,,1,0.8,0.8,-0.1304,0.1808,5,0
openstack,FP,baa52224dc73e8ca3bdcbdaa5d62bc26fb38052f,lime,,,,,2,0.8,0.8,-0.1304,0.1808,5,0
openstack,FP,baa52224dc73e8ca3bdcbdaa5d62bc26fb38052f,lime,,,,,3,0.8,0.8,-0.1304,0.1808,5,0
openstack,FP,baa52224dc73e8ca3bdcbdaa5d62bc26fb38052f,lime,,,,,4,0.8,0.8,-0.1304,0.1808,5,0
openstack,FP,baa52224dc73e8ca3bdcbdaa5d62bc26fb38052f,lime,,,,,5,0.8,0.8,-0.1304,0.1808,5,0
openstack,TN,d2e40a3e49819dace92975de3e3d7ba3a3fac79d,lime,,,,,1,0.0,0.6,-0.05599999999999998,0.07680000000000001,5,0
openstack,TN,d2e40a3e49819dace92975de3e3d7ba3a3fac79d,lime,,,,,2,0.0,0.6,-0.05599999999999998,0.07680000000000001,5,0
openstack,TN,d2e40a3e49819dace92975de3e3d7ba3a3fac79d,lime,,,,,3,0.0,0.6,-0.05599999999999998,0.07680000000000001,5,0
openstack,TN,d2e40a3e49819dace92975de3e3d7ba3a3fac79d,lime,,,,,4,0.0,0.6,-0.05839999999999999,0.0792,5,0
openstack,TN,d2e40a3e49819dace92975de3e3d7ba3a3fac79d,lime,,,,,5,0.0,0.4,-0.0676,0.0748,5,0
openstack,TN,57566f4c8d2929c25e76564883369a7c6eda720a,lime,,,,,1,0.6,0.6,-0.014399999999999968,0.039999999999999994,5,0
openstack,TN,57566f4c8d2929c25e76564883369a7c6eda720a,lime,,,,,2,0.6,0.6,-0.014399999999999968,0.039999999999999994,5,0
openstack,TN,57566f4c8d2929c25e76564883369a7c6eda720a,lime,,,,,3,0.6,0.6,-0.014399999999999968,0.039999999999999994,5,0
openstack,TN,57566f4c8d2929c25e76564883369a7c6eda720a,lime,,,,,4,0.6,0.6,-0.01479999999999997,0.03959999999999999,5,0
openstack,TN,57566f4c8d2929c25e76564883369a7c6eda720a,lime,,,,,5,0.6,0.6,-0.014399999999999968,0.039999999999999994,5,0
openstack,TP,03db94ebaa3fc2c76694fd566e2c9eefbf851a7f,lime,,,,,1,0.8,0.8,-0.19560000000000002,0.2116,5,0
openstack,TP,03db94ebaa3fc2c76694fd566e2c9eefbf851a7f,lime,,,,,2,0.8,0.8,-0.19560000000000002,0.2116,5,0
openstack,TP,03db94ebaa3fc2c76694fd566e2c9eefbf851a7f,lime,,,,,3,0.8,0.8,-0.19560000000000002,0.2116,5,0
openstack,TP,03db94ebaa3fc2c76694fd566e2c9eefbf851a7f,lime,,,,,4,0.8,0.8,-0.19560000000000002,0.2116,5,0
openstack,TP,03db94ebaa3fc2c76694fd566e2c9eefbf851a7f,lime,,,,,5,0.8,0.8,-0.19560000000000002,0.2116,5,0
openstack,FN,703ba3c4e3d0b442c3097b6c844a59e560c09fe8,lime,,,,,1,0.4,0.4,-0.00640000000000005,0.034399999999999986,5,0
openstack,FN,703ba3c4e3d0b442c3097b6c844a59e560c09fe8,lime,,,,,2,0.4,0.4,-0.00640000000000005,0.034399999999999986,5,0
openstack,FN,703ba3c4e3d0b442c3097b6c844a59e560c09fe8,lime,,,,,3,0.4,0.4,-0.00640000000000005,0.034399999999999986,5,0
openstack,FN,703ba3c4e3d0b442c3097b6c844a59e560c09fe8,lime,,,,,4,0.4,0.4,-0.00640000000000005,0.034399999999999986,5,0
openstack,FN,703ba3c4e3d0b442c3097b6c844a59e560c09fe8,lime,,,,,5,0.4,0.4,-0.00640000000000005,0.034399999999999986,5,0
openstack,FN,e3df049cad2b7a264acbad4d6baecbc813546e5d,lime,,,,,1,0.4,0.6,-0.005199999999999971,0.09880000000000001,5,0
openstack,FN,e3df049cad2b7a264acbad4d6baecbc813546e5d,lime,,,,,2,0.6,0.4,-0.009999999999999976,0.094,5,0
openstack,FN,e3df049cad2b7a264acbad4d6baecbc813546e5d,lime,,,,,3,0.4,0.6,-0.005199999999999971,0.09880000000000001,5,0
openstack,FN,e3df049cad2b7a264acbad4d6baecbc813546e5d,lime,,,,,4,0.4,0.6,-0.005199999999999971,0.09880000000000001,5,0
openstack,FN,e3df049cad2b7a264acbad4d6baecbc813546e5d,lime,,,,,5,0.4,0.6,-0.005199999999999971,0.09880000000000001,5,0
openstack,FN,d1b3adfbe471ad99ddf0dd2b483b77435c157aea,lime,,,,,1,0.8,1.0,0.07080000000000004,0.10200000000000002,5,0
openstack,FN,d1b3adfbe471ad99ddf0dd2b483b77435c157aea,lime,,,,,2,0.8,1.0,0.07080000000000004,0.10200000000000002,5,0
openstack,FN,d1b3adfbe471ad99ddf0dd2b483b77435c157aea,lime,,,,,3,0.8,1.0,0.07080000000000004,0.10200000000000002,5,0
openstack,FN,d1b3adfbe471ad99ddf0dd2b483b77435c157aea,lime,,,,,4,0.8,1.0,0.07080000000000004,0.10200000000000002,5,0
openstack,FN,d1b3adfbe471ad99ddf0dd2b483b77435c157aea,lime,,,,,5,0.8,1.0,0.07080000000000004,0.10200000000000002,5,0
openstack,TN,87be408b126e81ded85b03896f9c85f8a8d4ac90,lime,,,,,1,0.6,0.6,-0.06480000000000001,0.06640000000000001,5,0
openstack,TN,87be408b126e81ded85b03896f9c85f8a8d4ac90,lime,,,,,2,0.6,0.6,-0.06480000000000001,0.06640000000000001,5,0
openstack,TN,87be408b126e81ded85b03896f9c85f8a8d4ac90,lime,,,,,3,0.6,0.6,-0.06480000000000001,0.06640000000000001,5,0
openstack,TN,87be408b126e81ded85b03896f9c85f8a8d4ac90,lime,,,,,4,0.6,0.6,-0.06480000000000001,0.06640000000000001,5,0
openstack,TN,87be408b126e81ded85b03896f9c85f8a8d4ac90,lime,,,,,5,0.4,0.6,-0.06640000000000001,0.06800000000000002,5,0
openstack,TP,22c9cf3d95c3d14351045bac2920b4e0994ec42f,lime,,,,,1,0.8,1.0,-0.27719999999999995,0.2924,5,0
openstack,TP,22c9cf3d95c3d14351045bac2920b4e0994ec42f,lime,,,,,2,0.8,1.0,-0.27719999999999995,0.2924,5,0
openstack,TP,22c9cf3d95c3d14351045bac2920b4e0994ec42f,lime,,,,,3,0.8,1.0,-0.27719999999999995,0.2924,5,0
openstack,TP,22c9cf3d95c3d14351045bac2920b4e0994ec42f,lime,,,,,4,0.8,1.0,-0.27719999999999995,0.2924,5,0
openstack,TP,22c9cf3d95c3d14351045bac2920b4e0994ec42f,lime,,,,,5,0.8,1.0,-0.27719999999999995,0.2924,5,0
openstack,TP,092820939d53268152893a15fdaf5129554fbcb3,lime,,,,,1,0.6,1.0,-0.15120000000000003,0.212,5,0
openstack,TP,092820939d53268152893a15fdaf5129554fbcb3,lime,,,,,2,0.6,1.0,-0.15120000000000003,0.212,5,0
openstack,TP,092820939d53268152893a15fdaf5129554fbcb3,lime,,,,,3,0.6,1.0,-0.15120000000000003,0.212,5,0
openstack,TP,092820939d53268152893a15fdaf5129554fbcb3,lime,,,,,4,0.6,1.0,-0.15120000000000003,0.212,5,0
openstack,TP,092820939d53268152893a15fdaf5129554fbcb3,lime,,,,,5,0.6,1.0,-0.15120000000000003,0.212,5,0
openstack,TN,dd13c2784b5aec539197d1b76fafc6a6b38a33e8,lime,,,,,1,0.8,0.8,0.026799999999999956,0.074,5,0
openstack,TN,dd13c2784b5aec539197d1b76fafc6a6b38a33e8,lime,,,,,2,0.8,0.8,0.026799999999999956,0.074,5,0
openstack,TN,dd13c2784b5aec539197d1b76fafc6a6b38a33e8,lime,,,,,3,0.8,0.8,0.026799999999999956,0.074,5,0
openstack,TN,dd13c2784b5aec539197d1b76fafc6a6b38a33e8,lime,,,,,4,0.8,0.8,0.026799999999999956,0.074,5,0
openstack,TN,dd13c2784b5aec539197d1b76fafc6a6b38a33e8,lime,,,,,5,0.8,0.8,0.026799999999999956,0.074,5,0
openstack,TP,40eaa89a9001edda3e1146831b26aaf7ded64c4a,lime,,,,,1,0.8,1.0,-0.1368,0.21839999999999998,5,0
openstack,TP,40eaa89a9001edda3e1146831b26aaf7ded64c4a,lime,,,,,2,0.8,1.0,-0.1368,0.21839999999999998,5,0
openstack,TP,40eaa89a9001edda3e1146831b26aaf7ded64c4a,lime,,,,,3,0.8,1.0,-0.1368,0.21839999999999998,5,0
openstack,TP,40eaa89a9001edda3e1146831b26aaf7ded64c4a,lime,,,,,4,0.8,1.0,-0.1368,0.21839999999999998,5,0
openstack,TP,40eaa89a9001edda3e1146831b26aaf7ded64c4a,lime,,,,,5,0.8,1.0,-0.1368,0.21839999999999998,5,0
openstack,TN,1e6538d43e76b867776cf226e1d6d6c900412f99,lime,,,,,1,0.0,0.8,-0.07040000000000002,0.07760000000000003,5,0
openstack,TN,1e6538d43e76b867776cf226e1d6d6c900412f99,lime,,,,,2,0.0,0.6,-0.05600000000000001,0.06400000000000002,5,0
openstack,TN,1e6538d43e76b867776cf226e1d6d6c900412f99,lime,,,,,3,0.0,0.6,-0.05600000000000001,0.06400000000000002,5,0
openstack,TN,1e6538d43e76b867776cf226e1d6d6c900412f99,lime,,,,,4,0.0,0.6,-0.05600000000000001,0.06400000000000002,5,0
openstack,TN,1e6538d43e76b867776cf226e1d6d6c900412f99,lime,,,,,5,0.0,0.6,-0.06160000000000001,0.06960000000000002,5,0
openstack,FP,70de423255fd01822188bb9082a0c0cc1c8ec2d0,lime,,,,,1,1.0,1.0,-0.28240000000000004,0.30720000000000003,5,0
openstack,FP,70de423255fd01822188bb9082a0c0cc1c8ec2d0,lime,,,,,2,0.8,1.0,-0.24680000000000005,0.2716,5,0
openstack,FP,70de423255fd01822188bb9082a0c0cc1c8ec2d0,lime,,,,,3,1.0,1.0,-0.28240000000000004,0.30720000000000003,5,0
openstack,FP,70de423255fd01822188bb9082a0c0cc1c8ec2d0,lime,,,,,4,0.8,1.0,-0.24680000000000005,0.2716,5,0
openstack,FP,70de423255fd01822188bb9082a0c0cc1c8ec2d0,lime,,,,,5,0.8,1.0,-0.24680000000000005,0.2716,5,0
openstack,TP,56324c12aa58ff9cf46582611b071f3abb743ddf,lime,,,,,1,0.6,0.8,-0.17040000000000005,0.17040000000000005,5,0
openstack,TP,56324c12aa58ff9cf46582611b071f3abb743ddf,lime,,,,,2,0.6,0.8,-0.17040000000000005,0.17040000000000005,5,0
openstack,TP,56324c12aa58ff9cf46582611b071f3abb743ddf,lime,,,,,3,0.6,0.6,-0.15280000000000005,0.15280000000000005,5,0
openstack,TP,56324c12aa58ff9cf46582611b071f3abb743ddf,lime,,,,,4,0.8,0.8,-0.16720000000000004,0.16720000000000004,5,0
openstack,TP,56324c12aa58ff9cf46582611b071f3abb743ddf,lime,,,,,5,0.6,0.8,-0.17040000000000005,0.17040000000000005,5,0
openstack,FN,848664f646bf087df59778434daa6feae1e71c74,lime,,,,,1,0.2,0.8,-0.059599999999999966,0.06599999999999998,5,0
openstack,FN,848664f646bf087df59778434daa6feae1e71c74,lime,,,,,2,0.2,0.8,-0.05039999999999996,0.05679999999999996,5,0
openstack,FN,848664f646bf087df59778434daa6feae1e71c74,lime,,,,,3,0.2,0.8,-0.059599999999999966,0.06599999999999998,5,0
openstack,FN,848664f646bf087df59778434daa6feae1e71c74,lime,,,,,4,0.2,0.8,-0.059599999999999966,0.06599999999999998,5,0
openstack,FN,848664f646bf087df59778434daa6feae1e71c74,lime,,,,,5,0.2,0.8,-0.059599999999999966,0.06599999999999998,5,0
openstack,FN,91a8cd2952a25b340f5778cace95910e43cbcbb6,lime,,,,,1,0.4,0.6,-0.004400000000000026,0.06039999999999999,5,0
openstack,FN,91a8cd2952a25b340f5778cace95910e43cbcbb6,lime,,,,,2,0.4,0.6,-0.030400000000000028,0.07280000000000002,5,0
openstack,FN,91a8cd2952a25b340f5778cace95910e43cbcbb6,lime,,,,,3,0.4,0.6,-0.004400000000000026,0.06039999999999999,5,0
openstack,FN,91a8cd2952a25b340f5778cace95910e43cbcbb6,lime,,,,,4,0.4,0.6,-0.030400000000000028,0.07280000000000002,5,0
openstack,FN,91a8cd2952a25b340f5778cace95910e43cbcbb6,lime,,,,,5,0.4,0.4,-0.015200000000000014,0.057600000000000005,5,0
openstack,FN,d402747547e1a356c6c2c20b57f52af39b63e831,lime,,,,,1,0.8,0.8,-0.06679999999999997,0.08359999999999998,5,0
openstack,FN,d402747547e1a356c6c2c20b57f52af39b63e831,lime,,,,,2,0.6,0.8,-0.07279999999999998,0.08479999999999999,5,0
openstack,FN,d402747547e1a356c6c2c20b57f52af39b63e831,lime,,,,,3,0.8,0.8,-0.06679999999999997,0.08359999999999998,5,0
openstack,FN,d402747547e1a356c6c2c20b57f52af39b63e831,lime,,,,,4,0.8,0.8,-0.06679999999999997,0.08359999999999998,5,0
openstack,FN,d402747547e1a356c6c2c20b57f52af39b63e831,lime,,,,,5,0.8,1.0,-0.05799999999999996,0.0924,5,0
openstack,TN,348b7a9f7d64094d60ece0460aed02b66c52f1b1,lime,,,,,1,0.6,0.2,-0.0928,0.1056,5,0
openstack,TN,348b7a9f7d64094d60ece0460aed02b66c52f1b1,lime,,,,,2,0.8,0.2,-0.0928,0.1056,5,0
openstack,TN,348b7a9f7d64094d60ece0460aed02b66c52f1b1,lime,,,,,3,0.6,0.4,-0.1,0.11120000000000001,5,0
openstack,TN,348b7a9f7d64094d60ece0460aed02b66c52f1b1,lime,,,,,4,0.8,0.2,-0.09159999999999999,0.1068,5,0
openstack,TN,348b7a9f7d64094d60ece0460aed02b66c52f1b1,lime,,,,,5,0.8,0.2,-0.0928,0.1056,5,0
openstack,FP,2bb9e5563c69f79d5da23668b08dd9c88f9d4348,lime,,,,,1,0.6,1.0,-0.14519999999999997,0.14519999999999997,5,0
openstack,FP,2bb9e5563c69f79d5da23668b08dd9c88f9d4348,lime,,,,,2,0.6,1.0,-0.14519999999999997,0.14519999999999997,5,0
openstack,FP,2bb9e5563c69f79d5da23668b08dd9c88f9d4348,lime,,,,,3,0.6,1.0,-0.14519999999999997,0.14519999999999997,5,0
openstack,FP,2bb9e5563c69f79d5da23668b08dd9c88f9d4348,lime,,,,,4,0.6,1.0,-0.14519999999999997,0.14519999999999997,5,0
openstack,FP,2bb9e5563c69f79d5da23668b08dd9c88f9d4348,lime,,,,,5,0.6,1.0,-0.14519999999999997,0.14519999999999997,5,0
openstack,TP,5f2b88b1aafb9a35638e54f796685f633428b6a5,lime,,,,,1,0.6,0.8,-0.13279999999999997,0.1416,5,0
openstack,TP,5f2b88b1aafb9a35638e54f796685f633428b6a5,lime,,,,,2,0.6,1.0,-0.1588,0.1588,5,0
openstack,TP,5f2b88b1aafb9a35638e54f796685f633428b6a5,lime,,,,,3,0.6,0.8,-0.13279999999999997,0.1416,5,0
openstack,TP,5f2b88b1aafb9a35638e54f796685f633428b6a5,lime,,,,,4,0.6,1.0,-0.1588,0.1588,5,0
openstack,TP,5f2b88b1aafb9a35638e54f796685f633428b6a5,lime,,,,,5,0.8,1.0,-0.1724,0.1724,5,0
openstack,FN,017dd6b4bcf92c14d49421268cb571c00879f3cc,lime,,,,,1,1.0,0.8,0.03640000000000003,0.11480000000000001,5,0
openstack,FN,017dd6b4bcf92c14d49421268cb571c00879f3cc,lime,,,,,2,1.0,0.8,0.03640000000000003,0.11480000000000001,5,0
openstack,FN,017dd6b4bcf92c14d49421268cb571c00879f3cc,lime,,,,,3,1.0,0.8,0.03640000000000003,0.11480000000000001,5,0
openstack,FN,017dd6b4bcf92c14d49421268cb571c00879f3cc,lime,,,,,4,1.0,0.8,0.08280000000000003,0.08600000000000003,5,0
openstack,FN,017dd6b4bcf92c14d49421268cb571c00879f3cc,lime,,,,,5,1.0,0.8,0.03640000000000003,0.11480000000000001,5,0
openstack,FP,41d6b479fe8baf66578044b8773c3b892d64a2c4,lime,,,,,1,0.6,1.0,-0.15519999999999995,0.15519999999999995,5,0
openstack,FP,41d6b479fe8baf66578044b8773c3b892d64a2c4,lime,,,,,2,0.6,1.0,-0.15519999999999995,0.15519999999999995,5,0
openstack,FP,41d6b479fe8baf66578044b8773c3b892d64a2c4,lime,,,,,3,0.6,1.0,-0.16599999999999995,0.16599999999999995,5,0
openstack,FP,41d6b479fe8baf66578044b8773c3b892d64a2c4,lime,,,,,4,0.6,1.0,-0.16599999999999995,0.16599999999999995,5,0
openstack,FP,41d6b479fe8baf66578044b8773c3b892d64a2c4,lime,,,,,5,0.6,1.0,-0.15519999999999995,0.15519999999999995,5,0
openstack,FN,913a99c79456abbfef1642e6dc70e6a4ff4e25db,lime,,,,,1,1.0,1.0,0.07520000000000004,0.14640000000000003,5,0
openstack,FN,913a99c79456abbfef1642e6dc70e6a4ff4e25db,lime,,,,,2,1.0,1.0,0.07520000000000004,0.14640000000000003,5,0
openstack,FN,913a99c79456abbfef1642e6dc70e6a4ff4e25db,lime,,,,,3,1.0,1.0,0.07520000000000004,0.14640000000000003,5,0
openstack,FN,913a99c79456abbfef1642e6dc70e6a4ff4e25db,lime,,,,,4,1.0,1.0,0.07520000000000004,0.14640000000000003,5,0
openstack,FN,913a99c79456abbfef1642e6dc70e6a4ff4e25db,lime,,,,,5,1.0,1.0,0.07520000000000004,0.14640000000000003,5,0
openstack,FP,e4ea54104ec38f5fe4c792d4d3d1865de34bb4c3,lime,,,,,1,0.6,1.0,-0.17639999999999997,0.17639999999999997,5,0
openstack,FP,e4ea54104ec38f5fe4c792d4d3d1865de34bb4c3,lime,,,,,2,0.6,1.0,-0.21079999999999996,0.21079999999999996,5,0
openstack,FP,e4ea54104ec38f5fe4c792d4d3d1865de34bb4c3,lime,,,,,3,0.6,1.0,-0.17639999999999997,0.17639999999999997,5,0
openstack,FP,e4ea54104ec38f5fe4c792d4d3d1865de34bb4c3,lime,,,,,4,0.6,1.0,-0.21079999999999996,0.21079999999999996,5,0
openstack,FP,e4ea54104ec38f5fe4c792d4d3d1865de34bb4c3,lime,,,,,5,0.6,1.0,-0.17639999999999997,0.17639999999999997,5,0
openstack,FN,1c6b2fce289b68af92afeddf8d30efcda1903f06,lime,,,,,1,0.8,0.8,-0.02799999999999995,0.09040000000000001,5,0
openstack,FN,1c6b2fce289b68af92afeddf8d30efcda1903f06,lime,,,,,2,0.6,0.6,-0.03319999999999995,0.0852,5,0
openstack,FN,1c6b2fce289b68af92afeddf8d30efcda1903f06,lime,,,,,3,0.8,0.6,-0.01679999999999996,0.08400000000000002,5,0
openstack,FN,1c6b2fce289b68af92afeddf8d30efcda1903f06,lime,,,,,4,0.8,0.6,-0.01679999999999996,0.08400000000000002,5,0
openstack,FN,1c6b2fce289b68af92afeddf8d30efcda1903f06,lime,,,,,5,0.6,0.4,-0.029199999999999948,0.0812,5,0
openstack,FN,8ccdc4ac5053c6e39660044a9f8c1f695370e9a7,lime,,,,,1,0.8,0.6,0.016400000000000015,0.07240000000000002,5,0
openstack,FN,8ccdc4ac5053c6e39660044a9f8c1f695370e9a7,lime,,,,,2,0.8,0.6,0.016400000000000015,0.07240000000000002,5,0
openstack,FN,8ccdc4ac5053c6e39660044a9f8c1f695370e9a7,lime,,,,,3,0.8,0.6,0.016400000000000015,0.07240000000000002,5,0
openstack,FN,8ccdc4ac5053c6e39660044a9f8c1f695370e9a7,lime,,,,,4,0.8,0.4,0.04800000000000002,0.04800000000000002,5,0
openstack,FN,8ccdc4ac5053c6e39660044a9f8c1f695370e9a7,lime,,,,,5,0.8,0.6,0.016400000000000015,0.07240000000000002,5,0
openstack,FP,a985e34cdeef777fe7ff943e363a5f1be6d991b7,lime,,,,,1,0.6,1.0,-0.1416,0.1416,5,0
openstack,FP,a985e34cdeef777fe7ff943e363a5f1be6d991b7,lime,,,,,2,0.8,1.0,-0.15680000000000002,0.15680000000000002,5,0
openstack,FP,a985e34cdeef777fe7ff943e363a5f1be6d991b7,lime,,,,,3,0.6,1.0,-0.13520000000000001,0.13520000000000001,5,0
openstack,FP,a985e34cdeef777fe7ff943e363a5f1be6d991b7,lime,,,,,4,0.6,1.0,-0.1416,0.1416,5,0
openstack,FP,a985e34cdeef777fe7ff943e363a5f1be6d991b7,lime,,,,,5,0.8,1.0,-0.15680000000000002,0.15680000000000002,5,0
openstack,TP,3b28cb2a10f7746a32cb7f7b62b6fc92ebcfb1e5,lime,,,,,1,1.0,1.0,-0.2052,0.23240000000000002,5,0
openstack,TP,3b28cb2a10f7746a32cb7f7b62b6fc92ebcfb1e5,lime,,,,,2,1.0,1.0,-0.2052,0.23240000000000002,5,0
openstack,TP,3b28cb2a10f7746a32cb7f7b62b6fc92ebcfb1e5,lime,,,,,3,1.0,1.0,-0.2052,0.23240000000000002,5,0
openstack,TP,3b28cb2a10f7746a32cb7f7b62b6fc92ebcfb1e5,lime,,,,,4,1.0,1.0,-0.2052,0.23240000000000002,5,0
openstack,TP,3b28cb2a10f7746a32cb7f7b62b6fc92ebcfb1e5,lime,,,,,5,1.0,1.0,-0.2052,0.23240000000000002,5,0
openstack,FN,c2c37272bf788aac63399127cddd487dc0f15c38,lime,,,,,1,0.8,0.2,-0.008400000000000008,0.024400000000000022,5,0
openstack,FN,c2c37272bf788aac63399127cddd487dc0f15c38,lime,,,,,2,0.8,0.2,-0.008400000000000008,0.024400000000000022,5,0
openstack,FN,c2c37272bf788aac63399127cddd487dc0f15c38,lime,,,,,3,0.6,0.4,-0.02160000000000002,0.03360000000000003,5,0
openstack,FN,c2c37272bf788aac63399127cddd487dc0f15c38,lime,,,,,4,0.6,0.4,-0.02160000000000002,0.03360000000000003,5,0
openstack,FN,c2c37272bf788aac63399127cddd487dc0f15c38,lime,,,,,5,0.6,0.4,-0.02160000000000002,0.03360000000000003,5,0
openstack,FN,37510ac03478704bafba89e8c4f4e0e9041d661d,lime,,,,,1,0.8,0.8,0.10880000000000001,0.10880000000000001,5,0
openstack,FN,37510ac03478704bafba89e8c4f4e0e9041d661d,lime,,,,,2,0.6,0.8,0.09360000000000002,0.09360000000000002,5,0
openstack,FN,37510ac03478704bafba89e8c4f4e0e9041d661d,lime,,,,,3,0.6,0.8,0.09920000000000002,0.09920000000000002,5,0
openstack,FN,37510ac03478704bafba89e8c4f4e0e9041d661d,lime,,,,,4,0.6,0.8,0.09360000000000002,0.09360000000000002,5,0
openstack,FN,37510ac03478704bafba89e8c4f4e0e9041d661d,lime,,,,,5,0.6,0.8,0.09360000000000002,0.09360000000000002,5,0
openstack,TN,5cc9d999352c21d3f4b5c39d3ea9d4378ca86544,lime,,,,,1,0.6,0.8,-0.019999999999999973,0.13360000000000002,5,0
openstack,TN,5cc9d999352c21d3f4b5c39d3ea9d4378ca86544,lime,,,,,2,0.6,0.8,-0.019999999999999973,0.13360000000000002,5,0
openstack,TN,5cc9d999352c21d3f4b5c39d3ea9d4378ca86544,lime,,,,,3,0.6,0.8,-0.019999999999999973,0.13360000000000002,5,0
openstack,TN,5cc9d999352c21d3f4b5c39d3ea9d4378ca86544,lime,,,,,4,0.4,0.8,-0.048799999999999975,0.136,5,0
openstack,TN,5cc9d999352c21d3f4b5c39d3ea9d4378ca86544,lime,,,,,5,0.6,0.8,-0.019999999999999973,0.13360000000000002,5,0
openstack,FP,ce12d7a1e53fffce57baab18de2ab885ba1df8ee,lime,,,,,1,0.4,0.6,-0.0432,0.09840000000000002,5,0
openstack,FP,ce12d7a1e53fffce57baab18de2ab885ba1df8ee,lime,,,,,2,0.4,0.6,-0.0432,0.09840000000000002,5,0
openstack,FP,ce12d7a1e53fffce57baab18de2ab885ba1df8ee,lime,,,,,3,0.4,0.6,-0.0432,0.09840000000000002,5,0
openstack,FP,ce12d7a1e53fffce57baab18de2ab885ba1df8ee,lime,,,,,4,0.6,0.8,-0.060399999999999995,0.11560000000000001,5,0
openstack,FP,ce12d7a1e53fffce57baab18de2ab885ba1df8ee,lime,,,,,5,0.4,0.6,-0.0432,0.09840000000000002,5,0
openstack,FN,221f386029faf499c5a445374685cba5b67df31e,lime,,,,,1,0.6,0.8,-0.008399999999999963,0.12520000000000003,5,0
openstack,FN,221f386029faf499c5a445374685cba5b67df31e,lime,,,,,2,0.6,0.8,-0.008399999999999963,0.12520000000000003,5,0
openstack,FN,221f386029faf499c5a445374685cba5b67df31e,lime,,,,,3,0.6,0.8,-0.008399999999999963,0.12520000000000003,5,0
openstack,FN,221f386029faf499c5a445374685cba5b67df31e,lime,,,,,4,0.6,0.8,-0.008399999999999963,0.12520000000000003,5,0
openstack,FN,221f386029faf499c5a445374685cba5b67df31e,lime,,,,,5,0.6,0.8,-0.008399999999999963,0.12520000000000003,5,0
openstack,FP,3eea37b85b1abc72786a2b24baf01141b4d95f08,lime,,,,,1,0.6,1.0,-0.16080000000000005,0.16080000000000005,5,0
openstack,FP,3eea37b85b1abc72786a2b24baf01141b4d95f08,lime,,,,,2,0.6,1.0,-0.16080000000000005,0.16080000000000005,5,0
openstack,FP,3eea37b85b1abc72786a2b24baf01141b4d95f08,lime,,,,,3,0.6,1.0,-0.16080000000000005,0.16080000000000005,5,0
openstack,FP,3eea37b85b1abc72786a2b24baf01141b4d95f08,lime,,,,,4,0.6,1.0,-0.16080000000000005,0.16080000000000005,5,0
openstack,FP,3eea37b85b1abc72786a2b24baf01141b4d95f08,lime,,,,,5,0.8,1.0,-0.16200000000000006,0.16200000000000006,5,0
openstack,FN,589c495c1ae62129e20ab5e2641e330541eee01f,lime,,,,,1,0.8,1.0,0.051999999999999956,0.16719999999999996,5,0
openstack,FN,589c495c1ae62129e20ab5e2641e330541eee01f,lime,,,,,2,0.8,1.0,0.051999999999999956,0.16719999999999996,5,0
openstack,FN,589c495c1ae62129e20ab5e2641e330541eee01f,lime,,,,,3,0.8,1.0,0.051999999999999956,0.16719999999999996,5,0
openstack,FN,589c495c1ae62129e20ab5e2641e330541eee01f,lime,,,,,4,0.8,1.0,0.051999999999999956,0.16719999999999996,5,0
openstack,FN,589c495c1ae62129e20ab5e2641e330541eee01f,lime,,,,,5,0.8,1.0,0.051999999999999956,0.16719999999999996,5,0
openstack,FP,750e065d6d137715dd03d5c90623145177f64cbb,lime,,,,,1,1.0,0.8,-0.12040000000000002,0.14679999999999999,5,0
openstack,FP,750e065d6d137715dd03d5c90623145177f64cbb,lime,,,,,2,1.0,1.0,-0.14600000000000002,0.1692,5,0
openstack,FP,750e065d6d137715dd03d5c90623145177f64cbb,lime,,,,,3,1.0,0.8,-0.12040000000000002,0.14679999999999999,5,0
openstack,FP,750e065d6d137715dd03d5c90623145177f64cbb,lime,,,,,4,1.0,0.8,-0.12040000000000002,0.14679999999999999,5,0
openstack,FP,750e065d6d137715dd03d5c90623145177f64cbb,lime,,,,,5,1.0,0.8,-0.12040000000000002,0.14679999999999999,5,0
openstack,FP,4b53e4edf9f7f8c794316d3a0920d727723d1bab,lofo,,,,,1,1.0,1.0,-0.29280000000000006,0.29280000000000006,5,0
openstack,FP,4b53e4edf9f7f8c794316d3a0920d727723d1bab,lofo,,,,,2,1.0,1.0,-0.29280000000000006,0.29280000000000006,5,0
openstack,FP,4b53e4edf9f7f8c794316d3a0920d727723d1bab,lofo,,,,,3,1.0,1.0,-0.29280000000000006,0.29280000000000006,5,0
openstack,FP,4b53e4edf9f7f8c794316d3a0920d727723d1bab,lofo,,,,,4,1.0,1.0,-0.29280000000000006,0.29280000000000006,5,0
openstack,FP,4b53e4edf9f7f8c794316d3a0920d727723d1bab,lofo,,,,,5,1.0,1.0,-0.29280000000000006,0.29280000000000006,5,0
openstack,TN,467b4e4d419f0ca5db8468516d64ffec5cedc67e,lofo,,,,,1,1.0,1.0,-0.13000000000000006,0.13000000000000006,5,0
openstack,TN,467b4e4d419f0ca5db8468516d64ffec5cedc67e,lofo,,,,,2,1.0,1.0,-0.13000000000000006,0.13000000000000006,5,0
openstack,TN,467b4e4d419f0ca5db8468516d64ffec5cedc67e,lofo,,,,,3,1.0,1.0,-0.13000000000000006,0.13000000000000006,5,0
openstack,TN,467b4e4d419f0ca5db8468516d64ffec5cedc67e,lofo,,,,,4,1.0,1.0,-0.13000000000000006,0.13000000000000006,5,0
openstack,TN,467b4e4d419f0ca5db8468516d64ffec5cedc67e,lofo,,,,,5,1.0,1.0,-0.13000000000000006,0.13000000000000006,5,0
openstack,TP,eaf6340847c35ace3b4b681a95b8a79a7a3f2491,lofo,,,,,1,1.0,1.0,-0.2032,0.2032,5,0
openstack,TP,eaf6340847c35ace3b4b681a95b8a79a7a3f2491,lofo,,,,,2,1.0,1.0,-0.2032,0.2032,5,0
openstack,TP,eaf6340847c35ace3b4b681a95b8a79a7a3f2491,lofo,,,,,3,1.0,1.0,-0.2032,0.2032,5,0
openstack,TP,eaf6340847c35ace3b4b681a95b8a79a7a3f2491,lofo,,,,,4,1.0,1.0,-0.2032,0.2032,5,0
openstack,TP,eaf6340847c35ace3b4b681a95b8a79a7a3f2491,lofo,,,,,5,1.0,1.0,-0.2032,0.2032,5,0
openstack,TP,fd351903a1759109f66d0c66d42cd3a1b7f23861,lofo,,,,,1,1.0,1.0,-0.20600000000000004,0.20600000000000004,5,0
openstack,TP,fd351903a1759109f66d0c66d42cd3a1b7f23861,lofo,,,,,2,1.0,1.0,-0.20600000000000004,0.20600000000000004,5,0
openstack,TP,fd351903a1759109f66d0c66d42cd3a1b7f23861,lofo,,,,,3,1.0,1.0,-0.20600000000000004,0.20600000000000004,5,0
openstack,TP,fd351903a1759109f66d0c66d42cd3a1b7f23861,lofo,,,,,4,1.0,1.0,-0.20600000000000004,0.20600000000000004,5,0
openstack,TP,fd351903a1759109f66d0c66d42cd3a1b7f23861,lofo,,,,,5,1.0,1.0,-0.20600000000000004,0.20600000000000004,5,0
openstack,FP,2530ccff8f0a0105d1626c65616080b27682e129,lofo,,,,,1,1.0,1.0,-0.21359999999999998,0.21359999999999998,5,0
openstack,FP,2530ccff8f0a0105d1626c65616080b27682e129,lofo,,,,,2,1.0,1.0,-0.21359999999999998,0.21359999999999998,5,0
openstack,FP,2530ccff8f0a0105d1626c65616080b27682e129,lofo,,,,,3,1.0,1.0,-0.21359999999999998,0.21359999999999998,5,0
openstack,FP,2530ccff8f0a0105d1626c65616080b27682e129,lofo,,,,,4,1.0,1.0,-0.21359999999999998,0.21359999999999998,5,0
openstack,FP,2530ccff8f0a0105d1626c65616080b27682e129,lofo,,,,,5,1.0,1.0,-0.21359999999999998,0.21359999999999998,5,0
openstack,FN,1476b030bd53deddd85468c0d8b545d8f8f30f19,lofo,,,,,1,1.0,1.0,-0.05239999999999996,0.06599999999999998,5,0
openstack,FN,1476b030bd53deddd85468c0d8b545d8f8f30f19,lofo,,,,,2,1.0,1.0,-0.05239999999999996,0.06599999999999998,5,0
openstack,FN,1476b030bd53deddd85468c0d8b545d8f8f30f19,lofo,,,,,3,1.0,1.0,-0.05239999999999996,0.06599999999999998,5,0
openstack,FN,1476b030bd53deddd85468c0d8b545d8f8f30f19,lofo,,,,,4,1.0,1.0,-0.05239999999999996,0.06599999999999998,5,0
openstack,FN,1476b030bd53deddd85468c0d8b545d8f8f30f19,lofo,,,,,5,1.0,1.0,-0.05239999999999996,0.06599999999999998,5,0
openstack,TP,83a5f90f82b40be4c74685f557d6af0f8a3b1a30,lofo,,,,,1,1.0,1.0,-0.2352,0.2352,5,0
openstack,TP,83a5f90f82b40be4c74685f557d6af0f8a3b1a30,lofo,,,,,2,1.0,1.0,-0.2352,0.2352,5,0
openstack,TP,83a5f90f82b40be4c74685f557d6af0f8a3b1a30,lofo,,,,,3,1.0,1.0,-0.2352,0.2352,5,0
openstack,TP,83a5f90f82b40be4c74685f557d6af0f8a3b1a30,lofo,,,,,4,1.0,1.0,-0.2352,0.2352,5,0
openstack,TP,83a5f90f82b40be4c74685f557d6af0f8a3b1a30,lofo,,,,,5,1.0,1.0,-0.2352,0.2352,5,0
openstack,TP,6f1a1f5e8ead9ceb145e13927cd9ae7fdca9add4,lofo,,,,,1,1.0,1.0,-0.17720000000000002,0.23640000000000003,5,0
openstack,TP,6f1a1f5e8ead9ceb145e13927cd9ae7fdca9add4,lofo,,,,,2,1.0,1.0,-0.17720000000000002,0.23640000000000003,5,0
openstack,TP,6f1a1f5e8ead9ceb145e13927cd9ae7fdca9add4,lofo,,,,,3,1.0,1.0,-0.17720000000000002,0.23640000000000003,5,0
openstack,TP,6f1a1f5e8ead9ceb145e13927cd9ae7fdca9add4,lofo,,,,,4,1.0,1.0,-0.17720000000000002,0.23640000000000003,5,0
openstack,TP,6f1a1f5e8ead9ceb145e13927cd9ae7fdca9add4,lofo,,,,,5,1.0,1.0,-0.17720000000000002,0.23640000000000003,5,0
openstack,FP,e847eed4a5600b6812338bb4903a0cffcde7f1f3,lofo,,,,,1,1.0,1.0,-0.19880000000000006,0.19880000000000006,5,0
openstack,FP,e847eed4a5600b6812338bb4903a0cffcde7f1f3,lofo,,,,,2,1.0,1.0,-0.19880000000000006,0.19880000000000006,5,0
openstack,FP,e847eed4a5600b6812338bb4903a0cffcde7f1f3,lofo,,,,,3,1.0,1.0,-0.19880000000000006,0.19880000000000006,5,0
openstack,FP,e847eed4a5600b6812338bb4903a0cffcde7f1f3,lofo,,,,,4,1.0,1.0,-0.19880000000000006,0.19880000000000006,5,0
openstack,FP,e847eed4a5600b6812338bb4903a0cffcde7f1f3,lofo,,,,,5,1.0,1.0,-0.19880000000000006,0.19880000000000006,5,0
openstack,TP,e7bdd19f0ed7d4c61d195735ee43a11da78f97d6,lofo,,,,,1,1.0,1.0,-0.41600000000000004,0.41600000000000004,5,0
openstack,TP,e7bdd19f0ed7d4c61d195735ee43a11da78f97d6,lofo,,,,,2,1.0,1.0,-0.41600000000000004,0.41600000000000004,5,0
openstack,TP,e7bdd19f0ed7d4c61d195735ee43a11da78f97d6,lofo,,,,,3,1.0,1.0,-0.41600000000000004,0.41600000000000004,5,0
openstack,TP,e7bdd19f0ed7d4c61d195735ee43a11da78f97d6,lofo,,,,,4,1.0,1.0,-0.41600000000000004,0.41600000000000004,5,0
openstack,TP,e7bdd19f0ed7d4c61d195735ee43a11da78f97d6,lofo,,,,,5,1.0,1.0,-0.41600000000000004,0.41600000000000004,5,0
openstack,TN,936f765b855d7af14ae557383f0dcc6fd9e8655c,lofo,,,,,1,1.0,1.0,-0.08279999999999996,0.08279999999999996,5,0
openstack,TN,936f765b855d7af14ae557383f0dcc6fd9e8655c,lofo,,,,,2,1.0,1.0,-0.08279999999999996,0.08279999999999996,5,0
openstack,TN,936f765b855d7af14ae557383f0dcc6fd9e8655c,lofo,,,,,3,1.0,1.0,-0.08279999999999996,0.08279999999999996,5,0
openstack,TN,936f765b855d7af14ae557383f0dcc6fd9e8655c,lofo,,,,,4,1.0,1.0,-0.08279999999999996,0.08279999999999996,5,0
openstack,TN,936f765b855d7af14ae557383f0dcc6fd9e8655c,lofo,,,,,5,1.0,1.0,-0.08279999999999996,0.08279999999999996,5,0
openstack,FP,034db863a02ce38a520e4b8aa3a65e1ccdb37f30,lofo,,,,,1,1.0,1.0,-0.2548,0.2548,5,0
openstack,FP,034db863a02ce38a520e4b8aa3a65e1ccdb37f30,lofo,,,,,2,1.0,1.0,-0.2548,0.2548,5,0
openstack,FP,034db863a02ce38a520e4b8aa3a65e1ccdb37f30,lofo,,,,,3,1.0,1.0,-0.2548,0.2548,5,0
openstack,FP,034db863a02ce38a520e4b8aa3a65e1ccdb37f30,lofo,,,,,4,1.0,1.0,-0.2548,0.2548,5,0
openstack,FP,034db863a02ce38a520e4b8aa3a65e1ccdb37f30,lofo,,,,,5,1.0,1.0,-0.2548,0.2548,5,0
openstack,FN,ab1cb6378f136ae8adcb0027385b43763e402cca,lofo,,,,,1,0.8,1.0,0.013600000000000011,0.06640000000000001,5,0
openstack,FN,ab1cb6378f136ae8adcb0027385b43763e402cca,lofo,,,,,2,0.8,1.0,0.013600000000000011,0.06640000000000001,5,0
openstack,FN,ab1cb6378f136ae8adcb0027385b43763e402cca,lofo,,,,,3,0.8,1.0,0.013600000000000011,0.06640000000000001,5,0
openstack,FN,ab1cb6378f136ae8adcb0027385b43763e402cca,lofo,,,,,4,0.8,1.0,0.013600000000000011,0.06640000000000001,5,0
openstack,FN,ab1cb6378f136ae8adcb0027385b43763e402cca,lofo,,,,,5,0.8,1.0,0.013600000000000011,0.06640000000000001,5,0
openstack,TP,7cfdf4aa811fb708d9fed4e36aec79c26d19cfee,lofo,,,,,1,1.0,1.0,-0.29719999999999996,0.29719999999999996,5,0
openstack,TP,7cfdf4aa811fb708d9fed4e36aec79c26d19cfee,lofo,,,,,2,1.0,1.0,-0.29719999999999996,0.29719999999999996,5,0
openstack,TP,7cfdf4aa811fb708d9fed4e36aec79c26d19cfee,lofo,,,,,3,1.0,1.0,-0.29719999999999996,0.29719999999999996,5,0
openstack,TP,7cfdf4aa811fb708d9fed4e36aec79c26d19cfee,lofo,,,,,4,1.0,1.0,-0.29719999999999996,0.29719999999999996,5,0
openstack,TP,7cfdf4aa811fb708d9fed4e36aec79c26d19cfee,lofo,,,,,5,1.0,1.0,-0.29719999999999996,0.29719999999999996,5,0
openstack,TP,e55a5f412bf6bc343eb8bb11348afe57c2012066,lofo,,,,,1,1.0,1.0,-0.3044,0.3044,5,0
openstack,TP,e55a5f412bf6bc343eb8bb11348afe57c2012066,lofo,,,,,2,1.0,1.0,-0.3044,0.3044,5,0
openstack,TP,e55a5f412bf6bc343eb8bb11348afe57c2012066,lofo,,,,,3,1.0,1.0,-0.3044,0.3044,5,0
openstack,TP,e55a5f412bf6bc343eb8bb11348afe57c2012066,lofo,,,,,4,1.0,1.0,-0.3044,0.3044,5,0
openstack,TP,e55a5f412bf6bc343eb8bb11348afe57c2012066,lofo,,,,,5,1.0,1.0,-0.3044,0.3044,5,0
openstack,TN,8b44c9df29572efca928c1d36fa3e7a90e94caa0,lofo,,,,,1,0.6,0.6,-0.07080000000000002,0.07080000000000002,5,0
openstack,TN,8b44c9df29572efca928c1d36fa3e7a90e94caa0,lofo,,,,,2,0.6,0.6,-0.07080000000000002,0.07080000000000002,5,0
openstack,TN,8b44c9df29572efca928c1d36fa3e7a90e94caa0,lofo,,,,,3,0.6,0.6,-0.07080000000000002,0.07080000000000002,5,0
openstack,TN,8b44c9df29572efca928c1d36fa3e7a90e94caa0,lofo,,,,,4,0.6,0.6,-0.07080000000000002,0.07080000000000002,5,0
openstack,TN,8b44c9df29572efca928c1d36fa3e7a90e94caa0,lofo,,,,,5,0.6,0.6,-0.07080000000000002,0.07080000000000002,5,0
openstack,TN,4d75cbf3c35a8aa917d3970beac99d612f13eed3,lofo,,,,,1,0.8,0.6,-0.04039999999999997,0.07239999999999999,5,0
openstack,TN,4d75cbf3c35a8aa917d3970beac99d612f13eed3,lofo,,,,,2,0.8,0.6,-0.04039999999999997,0.07239999999999999,5,0
openstack,TN,4d75cbf3c35a8aa917d3970beac99d612f13eed3,lofo,,,,,3,0.8,0.6,-0.04039999999999997,0.07239999999999999,5,0
openstack,TN,4d75cbf3c35a8aa917d3970beac99d612f13eed3,lofo,,,,,4,0.8,0.6,-0.04039999999999997,0.07239999999999999,5,0
openstack,TN,4d75cbf3c35a8aa917d3970beac99d612f13eed3,lofo,,,,,5,0.8,0.6,-0.04039999999999997,0.07239999999999999,5,0
openstack,TN,2ecaad46a737c24965ae81fc19947db9264de684,lofo,,,,,1,1.0,0.4,-0.018000000000000037,0.03480000000000001,5,0
openstack,TN,2ecaad46a737c24965ae81fc19947db9264de684,lofo,,,,,2,1.0,0.4,-0.018000000000000037,0.03480000000000001,5,0
openstack,TN,2ecaad46a737c24965ae81fc19947db9264de684,lofo,,,,,3,1.0,0.4,-0.018000000000000037,0.03480000000000001,5,0
openstack,TN,2ecaad46a737c24965ae81fc19947db9264de684,lofo,,,,,4,1.0,0.4,-0.018000000000000037,0.03480000000000001,5,0
openstack,TN,2ecaad46a737c24965ae81fc19947db9264de684,lofo,,,,,5,1.0,0.4,-0.018000000000000037,0.03480000000000001,5,0
openstack,TN,bfb9d3f179607c25f91d77585f97df6d0704c253,lofo,,,,,1,1.0,1.0,-0.08400000000000005,0.08400000000000005,5,0
openstack,TN,bfb9d3f179607c25f91d77585f97df6d0704c253,lofo,,,,,2,1.0,1.0,-0.08400000000000005,0.08400000000000005,5,0
openstack,TN,bfb9d3f179607c25f91d77585f97df6d0704c253,lofo,,,,,3,1.0,1.0,-0.08400000000000005,0.08400000000000005,5,0
openstack,TN,bfb9d3f179607c25f91d77585f97df6d0704c253,lofo,,,,,4,1.0,1.0,-0.08400000000000005,0.08400000000000005,5,0
openstack,TN,bfb9d3f179607c25f91d77585f97df6d0704c253,lofo,,,,,5,1.0,1.0,-0.08400000000000005,0.08400000000000005,5,0
openstack,FP,bfcd4b2f1be3ab37ae0801dd523ce952577cda14,lofo,,,,,1,1.0,1.0,-0.21720000000000003,0.21720000000000003,5,0
openstack,FP,bfcd4b2f1be3ab37ae0801dd523ce952577cda14,lofo,,,,,2,1.0,1.0,-0.21720000000000003,0.21720000000000003,5,0
openstack,FP,bfcd4b2f1be3ab37ae0801dd523ce952577cda14,lofo,,,,,3,1.0,1.0,-0.21720000000000003,0.21720000000000003,5,0
openstack,FP,bfcd4b2f1be3ab37ae0801dd523ce952577cda14,lofo,,,,,4,1.0,1.0,-0.21720000000000003,0.21720000000000003,5,0
openstack,FP,bfcd4b2f1be3ab37ae0801dd523ce952577cda14,lofo,,,,,5,1.0,1.0,-0.21720000000000003,0.21720000000000003,5,0
openstack,TP,c08f99c7e072e349632684d565bcac357ce93b6d,lofo,,,,,1,1.0,1.0,-0.17520000000000002,0.26480000000000004,5,0
openstack,TP,c08f99c7e072e349632684d565bcac357ce93b6d,lofo,,,,,2,1.0,1.0,-0.17520000000000002,0.26480000000000004,5,0
openstack,TP,c08f99c7e072e349632684d565bcac357ce93b6d,lofo,,,,,3,1.0,1.0,-0.17520000000000002,0.26480000000000004,5,0
openstack,TP,c08f99c7e072e349632684d565bcac357ce93b6d,lofo,,,,,4,1.0,1.0,-0.17520000000000002,0.26480000000000004,5,0
openstack,TP,c08f99c7e072e349632684d565bcac357ce93b6d,lofo,,,,,5,1.0,1.0,-0.17520000000000002,0.26480000000000004,5,0
openstack,TN,1a3f2e8f44f0138d0328312e07b1341970c7903a,lofo,,,,,1,1.0,1.0,-0.1152,0.1152,5,0
openstack,TN,1a3f2e8f44f0138d0328312e07b1341970c7903a,lofo,,,,,2,1.0,1.0,-0.1152,0.1152,5,0
openstack,TN,1a3f2e8f44f0138d0328312e07b1341970c7903a,lofo,,,,,3,1.0,1.0,-0.1152,0.1152,5,0
openstack,TN,1a3f2e8f44f0138d0328312e07b1341970c7903a,lofo,,,,,4,1.0,1.0,-0.1152,0.1152,5,0
openstack,TN,1a3f2e8f44f0138d0328312e07b1341970c7903a,lofo,,,,,5,1.0,1.0,-0.1152,0.1152,5,0
openstack,TP,45662d77a2da77714f8e792e86ebd64a52270ef5,lofo,,,,,1,1.0,1.0,-0.2192,0.2192,5,0
openstack,TP,45662d77a2da77714f8e792e86ebd64a52270ef5,lofo,,,,,2,1.0,1.0,-0.2192,0.2192,5,0
openstack,TP,45662d77a2da77714f8e792e86ebd64a52270ef5,lofo,,,,,3,1.0,1.0,-0.2192,0.2192,5,0
openstack,TP,45662d77a2da77714f8e792e86ebd64a52270ef5,lofo,,,,,4,1.0,1.0,-0.2192,0.2192,5,0
openstack,TP,45662d77a2da77714f8e792e86ebd64a52270ef5,lofo,,,,,5,1.0,1.0,-0.2192,0.2192,5,0
openstack,TP,6f31523b314e7ac4ad83d13842cf2fa1014c39b2,lofo,,,,,1,0.8,1.0,-0.14479999999999993,0.14479999999999993,5,0
openstack,TP,6f31523b314e7ac4ad83d13842cf2fa1014c39b2,lofo,,,,,2,0.8,1.0,-0.14479999999999993,0.14479999999999993,5,0
openstack,TP,6f31523b314e7ac4ad83d13842cf2fa1014c39b2,lofo,,,,,3,0.8,1.0,-0.14479999999999993,0.14479999999999993,5,0
openstack,TP,6f31523b314e7ac4ad83d13842cf2fa1014c39b2,lofo,,,,,4,0.8,1.0,-0.14479999999999993,0.14479999999999993,5,0
openstack,TP,6f31523b314e7ac4ad83d13842cf2fa1014c39b2,lofo,,,,,5,0.8,1.0,-0.14479999999999993,0.14479999999999993,5,0
openstack,FP,410a83c89de9912207574999b3736a550ed253ba,lofo,,,,,1,1.0,1.0,-0.24200000000000005,0.24200000000000005,5,0
openstack,FP,410a83c89de9912207574999b3736a550ed253ba,lofo,,,,,2,1.0,1.0,-0.24200000000000005,0.24200000000000005,5,0
openstack,FP,410a83c89de9912207574999b3736a550ed253ba,lofo,,,,,3,1.0,1.0,-0.24200000000000005,0.24200000000000005,5,0
openstack,FP,410a83c89de9912207574999b3736a550ed253ba,lofo,,,,,4,1.0,1.0,-0.24200000000000005,0.24200000000000005,5,0
openstack,FP,410a83c89de9912207574999b3736a550ed253ba,lofo,,,,,5,1.0,1.0,-0.24200000000000005,0.24200000000000005,5,0
openstack,FP,4e2919e6b208a2e95d75782f9cad0a6f0892d983,lofo,,,,,1,0.8,0.6,-0.08600000000000005,0.12840000000000001,5,0
openstack,FP,4e2919e6b208a2e95d75782f9cad0a6f0892d983,lofo,,,,,2,0.8,0.6,-0.08600000000000005,0.12840000000000001,5,0
openstack,FP,4e2919e6b208a2e95d75782f9cad0a6f0892d983,lofo,,,,,3,0.8,0.6,-0.08600000000000005,0.12840000000000001,5,0
openstack,FP,4e2919e6b208a2e95d75782f9cad0a6f0892d983,lofo,,,,,4,0.8,0.6,-0.08600000000000005,0.12840000000000001,5,0
openstack,FP,4e2919e6b208a2e95d75782f9cad0a6f0892d983,lofo,,,,,5,0.8,0.6,-0.08600000000000005,0.12840000000000001,5,0
openstack,FP,558f7b00f56f37adaa68239c9ce95d25b2d65f56,lofo,,,,,1,1.0,1.0,-0.15000000000000002,0.1844,5,0
openstack,FP,558f7b00f56f37adaa68239c9ce95d25b2d65f56,lofo,,,,,2,1.0,1.0,-0.15000000000000002,0.1844,5,0
openstack,FP,558f7b00f56f37adaa68239c9ce95d25b2d65f56,lofo,,,,,3,1.0,1.0,-0.15000000000000002,0.1844,5,0
openstack,FP,558f7b00f56f37adaa68239c9ce95d25b2d65f56,lofo,,,,,4,1.0,1.0,-0.15000000000000002,0.1844,5,0
openstack,FP,558f7b00f56f37adaa68239c9ce95d25b2d65f56,lofo,,,,,5,1.0,1.0,-0.15000000000000002,0.1844,5,0
openstack,TN,70fad48add19cc565726f098e1e7a2165b24cc77,lofo,,,,,1,1.0,0.8,-0.06520000000000004,0.06520000000000004,5,0
openstack,TN,70fad48add19cc565726f098e1e7a2165b24cc77,lofo,,,,,2,1.0,0.8,-0.06520000000000004,0.06520000000000004,5,0
openstack,TN,70fad48add19cc565726f098e1e7a2165b24cc77,lofo,,,,,3,1.0,0.8,-0.06520000000000004,0.06520000000000004,5,0
openstack,TN,70fad48add19cc565726f098e1e7a2165b24cc77,lofo,,,,,4,1.0,0.8,-0.06520000000000004,0.06520000000000004,5,0
openstack,TN,70fad48add19cc565726f098e1e7a2165b24cc77,lofo,,,,,5,1.0,0.8,-0.06520000000000004,0.06520000000000004,5,0
openstack,TP,76d3c644f3f5866a5c07f80b66132d81b8b57e78,lofo,,,,,1,1.0,1.0,-0.3728,0.3728,5,0
openstack,TP,76d3c644f3f5866a5c07f80b66132d81b8b57e78,lofo,,,,,2,1.0,1.0,-0.3728,0.3728,5,0
openstack,TP,76d3c644f3f5866a5c07f80b66132d81b8b57e78,lofo,,,,,3,1.0,1.0,-0.3728,0.3728,5,0
openstack,TP,76d3c644f3f5866a5c07f80b66132d81b8b57e78,lofo,,,,,4,1.0,1.0,-0.3728,0.3728,5,0
openstack,TP,76d3c644f3f5866a5c07f80b66132d81b8b57e78,lofo,,,,,5,1.0,1.0,-0.3728,0.3728,5,0
openstack,FN,2b60912d5667350eae7ecbc67d4dba3658518d10,lofo,,,,,1,1.0,1.0,-0.09960000000000002,0.16119999999999998,5,0
openstack,FN,2b60912d5667350eae7ecbc67d4dba3658518d10,lofo,,,,,2,1.0,1.0,-0.09960000000000002,0.16119999999999998,5,0
openstack,FN,2b60912d5667350eae7ecbc67d4dba3658518d10,lofo,,,,,3,1.0,1.0,-0.09960000000000002,0.16119999999999998,5,0
openstack,FN,2b60912d5667350eae7ecbc67d4dba3658518d10,lofo,,,,,4,1.0,1.0,-0.09960000000000002,0.16119999999999998,5,0
openstack,FN,2b60912d5667350eae7ecbc67d4dba3658518d10,lofo,,,,,5,1.0,1.0,-0.09960000000000002,0.16119999999999998,5,0
openstack,TP,88c62c1ca290c1d2a33ff192a302e492a4b11cb3,lofo,,,,,1,0.8,1.0,-0.056000000000000036,0.12480000000000001,5,0
openstack,TP,88c62c1ca290c1d2a33ff192a302e492a4b11cb3,lofo,,,,,2,0.8,1.0,-0.056000000000000036,0.12480000000000001,5,0
openstack,TP,88c62c1ca290c1d2a33ff192a302e492a4b11cb3,lofo,,,,,3,0.8,1.0,-0.056000000000000036,0.12480000000000001,5,0
openstack,TP,88c62c1ca290c1d2a33ff192a302e492a4b11cb3,lofo,,,,,4,0.8,1.0,-0.056000000000000036,0.12480000000000001,5,0
openstack,TP,88c62c1ca290c1d2a33ff192a302e492a4b11cb3,lofo,,,,,5,0.8,1.0,-0.056000000000000036,0.12480000000000001,5,0
openstack,FP,296da649452f66dd15a15ee4274ab0f8609250e2,lofo,,,,,1,1.0,1.0,-0.1532,0.22199999999999998,5,0
openstack,FP,296da649452f66dd15a15ee4274ab0f8609250e2,lofo,,,,,2,1.0,1.0,-0.1532,0.22199999999999998,5,0
openstack,FP,296da649452f66dd15a15ee4274ab0f8609250e2,lofo,,,,,3,1.0,1.0,-0.1532,0.22199999999999998,5,0
openstack,FP,296da649452f66dd15a15ee4274ab0f8609250e2,lofo,,,,,4,1.0,1.0,-0.1532,0.22199999999999998,5,0
openstack,FP,296da649452f66dd15a15ee4274ab0f8609250e2,lofo,,,,,5,1.0,1.0,-0.1532,0.22199999999999998,5,0
openstack,TP,379cf65d82b11f5e6f8732a585d5373beda85046,lofo,,,,,1,1.0,0.8,-0.18119999999999997,0.18599999999999997,5,0
openstack,TP,379cf65d82b11f5e6f8732a585d5373beda85046,lofo,,,,,2,1.0,0.8,-0.18119999999999997,0.18599999999999997,5,0
openstack,TP,379cf65d82b11f5e6f8732a585d5373beda85046,lofo,,,,,3,1.0,0.8,-0.18119999999999997,0.18599999999999997,5,0
openstack,TP,379cf65d82b11f5e6f8732a585d5373beda85046,lofo,,,,,4,1.0,0.8,-0.18119999999999997,0.18599999999999997,5,0
openstack,TP,379cf65d82b11f5e6f8732a585d5373beda85046,lofo,,,,,5,1.0,0.8,-0.18119999999999997,0.18599999999999997,5,0
openstack,TN,79a1a113775df87d420b242cea4bbf953df3779c,lofo,,,,,1,1.0,0.8,-0.06800000000000003,0.08960000000000001,5,0
openstack,TN,79a1a113775df87d420b242cea4bbf953df3779c,lofo,,,,,2,1.0,0.8,-0.06800000000000003,0.08960000000000001,5,0
openstack,TN,79a1a113775df87d420b242cea4bbf953df3779c,lofo,,,,,3,1.0,0.8,-0.06800000000000003,0.08960000000000001,5,0
openstack,TN,79a1a113775df87d420b242cea4bbf953df3779c,lofo,,,,,4,1.0,0.8,-0.06800000000000003,0.08960000000000001,5,0
openstack,TN,79a1a113775df87d420b242cea4bbf953df3779c,lofo,,,,,5,1.0,0.8,-0.06800000000000003,0.08960000000000001,5,0
openstack,TN,dd444d84759d7b3c17e7c3e97f9565546f9d3df2,lofo,,,,,1,1.0,1.0,-0.08399999999999999,0.08399999999999999,5,0
openstack,TN,dd444d84759d7b3c17e7c3e97f9565546f9d3df2,lofo,,,,,2,1.0,1.0,-0.08399999999999999,0.08399999999999999,5,0
openstack,TN,dd444d84759d7b3c17e7c3e97f9565546f9d3df2,lofo,,,,,3,1.0,1.0,-0.08399999999999999,0.08399999999999999,5,0
openstack,TN,dd444d84759d7b3c17e7c3e97f9565546f9d3df2,lofo,,,,,4,1.0,1.0,-0.08399999999999999,0.08399999999999999,5,0
openstack,TN,dd444d84759d7b3c17e7c3e97f9565546f9d3df2,lofo,,,,,5,1.0,1.0,-0.08399999999999999,0.08399999999999999,5,0
openstack,TN,747373f4bdfe4814000a88e4443b56545d5d55bd,lofo,,,,,1,0.8,0.8,-0.03680000000000001,0.04080000000000002,5,0
openstack,TN,747373f4bdfe4814000a88e4443b56545d5d55bd,lofo,,,,,2,0.8,0.8,-0.03680000000000001,0.04080000000000002,5,0
openstack,TN,747373f4bdfe4814000a88e4443b56545d5d55bd,lofo,,,,,3,0.8,0.8,-0.03680000000000001,0.04080000000000002,5,0
openstack,TN,747373f4bdfe4814000a88e4443b56545d5d55bd,lofo,,,,,4,0.8,0.8,-0.03680000000000001,0.04080000000000002,5,0
openstack,TN,747373f4bdfe4814000a88e4443b56545d5d55bd,lofo,,,,,5,0.8,0.8,-0.03680000000000001,0.04080000000000002,5,0
openstack,FN,763fd62464e9a0753e061171cc1fd826055bbc01,lofo,,,,,1,1.0,1.0,0.06639999999999995,0.08319999999999997,5,0
openstack,FN,763fd62464e9a0753e061171cc1fd826055bbc01,lofo,,,,,2,1.0,1.0,0.06639999999999995,0.08319999999999997,5,0
openstack,FN,763fd62464e9a0753e061171cc1fd826055bbc01,lofo,,,,,3,1.0,1.0,0.06639999999999995,0.08319999999999997,5,0
openstack,FN,763fd62464e9a0753e061171cc1fd826055bbc01,lofo,,,,,4,1.0,1.0,0.06639999999999995,0.08319999999999997,5,0
openstack,FN,763fd62464e9a0753e061171cc1fd826055bbc01,lofo,,,,,5,1.0,1.0,0.06639999999999995,0.08319999999999997,5,0
openstack,FN,267eea50fd9e9c74faa96d529a7ec2fd8aa8d51f,lofo,,,,,1,1.0,0.8,-0.04759999999999999,0.106,5,0
openstack,FN,267eea50fd9e9c74faa96d529a7ec2fd8aa8d51f,lofo,,,,,2,1.0,0.8,-0.04759999999999999,0.106,5,0
openstack,FN,267eea50fd9e9c74faa96d529a7ec2fd8aa8d51f,lofo,,,,,3,1.0,0.8,-0.04759999999999999,0.106,5,0
openstack,FN,267eea50fd9e9c74faa96d529a7ec2fd8aa8d51f,lofo,,,,,4,1.0,0.8,-0.04759999999999999,0.106,5,0
openstack,FN,267eea50fd9e9c74faa96d529a7ec2fd8aa8d51f,lofo,,,,,5,1.0,0.8,-0.04759999999999999,0.106,5,0
openstack,TN,978066fe31a5331f143a05e1fd753c729b2dcf09,lofo,,,,,1,1.0,0.2,-0.011199999999999943,0.023999999999999955,5,0
openstack,TN,978066fe31a5331f143a05e1fd753c729b2dcf09,lofo,,,,,2,1.0,0.2,-0.011199999999999943,0.023999999999999955,5,0
openstack,TN,978066fe31a5331f143a05e1fd753c729b2dcf09,lofo,,,,,3,1.0,0.2,-0.011199999999999943,0.023999999999999955,5,0
openstack,TN,978066fe31a5331f143a05e1fd753c729b2dcf09,lofo,,,,,4,1.0,0.2,-0.011199999999999943,0.023999999999999955,5,0
openstack,TN,978066fe31a5331f143a05e1fd753c729b2dcf09,lofo,,,,,5,1.0,0.2,-0.011199999999999943,0.023999999999999955,5,0
openstack,TN,545925c66cb3ee005aa7e497ad4b3c97eb2f410b,lofo,,,,,1,1.0,1.0,-0.05600000000000005,0.05600000000000005,5,0
openstack,TN,545925c66cb3ee005aa7e497ad4b3c97eb2f410b,lofo,,,,,2,1.0,1.0,-0.05600000000000005,0.05600000000000005,5,0
openstack,TN,545925c66cb3ee005aa7e497ad4b3c97eb2f410b,lofo,,,,,3,1.0,1.0,-0.05600000000000005,0.05600000000000005,5,0
openstack,TN,545925c66cb3ee005aa7e497ad4b3c97eb2f410b,lofo,,,,,4,1.0,1.0,-0.05600000000000005,0.05600000000000005,5,0
openstack,TN,545925c66cb3ee005aa7e497ad4b3c97eb2f410b,lofo,,,,,5,1.0,1.0,-0.05600000000000005,0.05600000000000005,5,0
openstack,FN,bc6ca87a6a01ecbda926a78d07cadbd4e3ab97e0,lofo,,,,,1,1.0,1.0,0.05679999999999996,0.08079999999999998,5,0
openstack,FN,bc6ca87a6a01ecbda926a78d07cadbd4e3ab97e0,lofo,,,,,2,1.0,1.0,0.05679999999999996,0.08079999999999998,5,0
openstack,FN,bc6ca87a6a01ecbda926a78d07cadbd4e3ab97e0,lofo,,,,,3,1.0,1.0,0.05679999999999996,0.08079999999999998,5,0
openstack,FN,bc6ca87a6a01ecbda926a78d07cadbd4e3ab97e0,lofo,,,,,4,1.0,1.0,0.05679999999999996,0.08079999999999998,5,0
openstack,FN,bc6ca87a6a01ecbda926a78d07cadbd4e3ab97e0,lofo,,,,,5,1.0,1.0,0.05679999999999996,0.08079999999999998,5,0
openstack,FP,280cc7c5ae4b07a9a1e23b8f9cc925be9872c8e1,lofo,,,,,1,1.0,1.0,-0.13359999999999997,0.1656,5,0
openstack,FP,280cc7c5ae4b07a9a1e23b8f9cc925be9872c8e1,lofo,,,,,2,1.0,1.0,-0.13359999999999997,0.1656,5,0
openstack,FP,280cc7c5ae4b07a9a1e23b8f9cc925be9872c8e1,lofo,,,,,3,1.0,1.0,-0.13359999999999997,0.1656,5,0
openstack,FP,280cc7c5ae4b07a9a1e23b8f9cc925be9872c8e1,lofo,,,,,4,1.0,1.0,-0.13359999999999997,0.1656,5,0
openstack,FP,280cc7c5ae4b07a9a1e23b8f9cc925be9872c8e1,lofo,,,,,5,1.0,1.0,-0.13359999999999997,0.1656,5,0
openstack,FP,6aecf475dbff9c7d477378c021749b987d47deae,lofo,,,,,1,1.0,1.0,-0.258,0.258,5,0
openstack,FP,6aecf475dbff9c7d477378c021749b987d47deae,lofo,,,,,2,1.0,1.0,-0.258,0.258,5,0
openstack,FP,6aecf475dbff9c7d477378c021749b987d47deae,lofo,,,,,3,1.0,1.0,-0.258,0.258,5,0
openstack,FP,6aecf475dbff9c7d477378c021749b987d47deae,lofo,,,,,4,1.0,1.0,-0.258,0.258,5,0
openstack,FP,6aecf475dbff9c7d477378c021749b987d47deae,lofo,,,,,5,1.0,1.0,-0.258,0.258,5,0
openstack,FP,baa52224dc73e8ca3bdcbdaa5d62bc26fb38052f,lofo,,,,,1,0.8,1.0,-0.1688,0.2192,5,0
openstack,FP,baa52224dc73e8ca3bdcbdaa5d62bc26fb38052f,lofo,,,,,2,0.8,1.0,-0.1688,0.2192,5,0
openstack,FP,baa52224dc73e8ca3bdcbdaa5d62bc26fb38052f,lofo,,,,,3,0.8,1.0,-0.1688,0.2192,5,0
openstack,FP,baa52224dc73e8ca3bdcbdaa5d62bc26fb38052f,lofo,,,,,4,0.8,1.0,-0.1688,0.2192,5,0
openstack,FP,baa52224dc73e8ca3bdcbdaa5d62bc26fb38052f,lofo,,,,,5,0.8,1.0,-0.1688,0.2192,5,0
openstack,TN,d2e40a3e49819dace92975de3e3d7ba3a3fac79d,lofo,,,,,1,0.8,0.6,-0.015199999999999969,0.03599999999999999,5,0
openstack,TN,d2e40a3e49819dace92975de3e3d7ba3a3fac79d,lofo,,,,,2,0.8,0.6,-0.015199999999999969,0.03599999999999999,5,0
openstack,TN,d2e40a3e49819dace92975de3e3d7ba3a3fac79d,lofo,,,,,3,0.8,0.6,-0.015199999999999969,0.03599999999999999,5,0
openstack,TN,d2e40a3e49819dace92975de3e3d7ba3a3fac79d,lofo,,,,,4,0.8,0.6,-0.015199999999999969,0.03599999999999999,5,0
openstack,TN,d2e40a3e49819dace92975de3e3d7ba3a3fac79d,lofo,,,,,5,0.8,0.6,-0.015199999999999969,0.03599999999999999,5,0
openstack,TN,57566f4c8d2929c25e76564883369a7c6eda720a,lofo,,,,,1,0.8,0.2,-0.01799999999999997,0.02999999999999998,5,0
openstack,TN,57566f4c8d2929c25e76564883369a7c6eda720a,lofo,,,,,2,0.8,0.2,-0.01799999999999997,0.02999999999999998,5,0
openstack,TN,57566f4c8d2929c25e76564883369a7c6eda720a,lofo,,,,,3,0.8,0.2,-0.01799999999999997,0.02999999999999998,5,0
openstack,TN,57566f4c8d2929c25e76564883369a7c6eda720a,lofo,,,,,4,0.8,0.2,-0.01799999999999997,0.02999999999999998,5,0
openstack,TN,57566f4c8d2929c25e76564883369a7c6eda720a,lofo,,,,,5,0.8,0.2,-0.01799999999999997,0.02999999999999998,5,0
openstack,TP,03db94ebaa3fc2c76694fd566e2c9eefbf851a7f,lofo,,,,,1,1.0,1.0,-0.22560000000000002,0.2416,5,0
openstack,TP,03db94ebaa3fc2c76694fd566e2c9eefbf851a7f,lofo,,,,,2,1.0,1.0,-0.22560000000000002,0.2416,5,0
openstack,TP,03db94ebaa3fc2c76694fd566e2c9eefbf851a7f,lofo,,,,,3,1.0,1.0,-0.22560000000000002,0.2416,5,0
openstack,TP,03db94ebaa3fc2c76694fd566e2c9eefbf851a7f,lofo,,,,,4,1.0,1.0,-0.22560000000000002,0.2416,5,0
openstack,TP,03db94ebaa3fc2c76694fd566e2c9eefbf851a7f,lofo,,,,,5,1.0,1.0,-0.22560000000000002,0.2416,5,0
openstack,FN,703ba3c4e3d0b442c3097b6c844a59e560c09fe8,lofo,,,,,1,1.0,0.4,-0.018400000000000038,0.030400000000000003,5,0
openstack,FN,703ba3c4e3d0b442c3097b6c844a59e560c09fe8,lofo,,,,,2,1.0,0.4,-0.018400000000000038,0.030400000000000003,5,0
openstack,FN,703ba3c4e3d0b442c3097b6c844a59e560c09fe8,lofo,,,,,3,1.0,0.4,-0.018400000000000038,0.030400000000000003,5,0
openstack,FN,703ba3c4e3d0b442c3097b6c844a59e560c09fe8,lofo,,,,,4,1.0,0.4,-0.018400000000000038,0.030400000000000003,5,0
openstack,FN,703ba3c4e3d0b442c3097b6c844a59e560c09fe8,lofo,,,,,5,1.0,0.4,-0.018400000000000038,0.030400000000000003,5,0
openstack,FN,e3df049cad2b7a264acbad4d6baecbc813546e5d,lofo,,,,,1,1.0,0.8,-0.05559999999999995,0.07879999999999997,5,0
openstack,FN,e3df049cad2b7a264acbad4d6baecbc813546e5d,lofo,,,,,2,1.0,0.8,-0.05559999999999995,0.07879999999999997,5,0
openstack,FN,e3df049cad2b7a264acbad4d6baecbc813546e5d,lofo,,,,,3,1.0,0.8,-0.05559999999999995,0.07879999999999997,5,0
openstack,FN,e3df049cad2b7a264acbad4d6baecbc813546e5d,lofo,,,,,4,1.0,0.8,-0.05559999999999995,0.07879999999999997,5,0
openstack,FN,e3df049cad2b7a264acbad4d6baecbc813546e5d,lofo,,,,,5,1.0,0.8,-0.05559999999999995,0.07879999999999997,5,0
openstack,FN,d1b3adfbe471ad99ddf0dd2b483b77435c157aea,lofo,,,,,1,1.0,1.0,0.07520000000000004,0.10640000000000002,5,0
openstack,FN,d1b3adfbe471ad99ddf0dd2b483b77435c157aea,lofo,,,,,2,1.0,1.0,0.07520000000000004,0.10640000000000002,5,0
openstack,FN,d1b3adfbe471ad99ddf0dd2b483b77435c157aea,lofo,,,,,3,1.0,1.0,0.07520000000000004,0.10640000000000002,5,0
openstack,FN,d1b3adfbe471ad99ddf0dd2b483b77435c157aea,lofo,,,,,4,1.0,1.0,0.07520000000000004,0.10640000000000002,5,0
openstack,FN,d1b3adfbe471ad99ddf0dd2b483b77435c157aea,lofo,,,,,5,1.0,1.0,0.07520000000000004,0.10640000000000002,5,0
openstack,TN,87be408b126e81ded85b03896f9c85f8a8d4ac90,lofo,,,,,1,0.6,0.4,-0.015599999999999992,0.041200000000000014,5,0
openstack,TN,87be408b126e81ded85b03896f9c85f8a8d4ac90,lofo,,,,,2,0.6,0.4,-0.015599999999999992,0.041200000000000014,5,0
openstack,TN,87be408b126e81ded85b03896f9c85f8a8d4ac90,lofo,,,,,3,0.6,0.4,-0.015599999999999992,0.041200000000000014,5,0
openstack,TN,87be408b126e81ded85b03896f9c85f8a8d4ac90,lofo,,,,,4,0.6,0.4,-0.015599999999999992,0.041200000000000014,5,0
openstack,TN,87be408b126e81ded85b03896f9c85f8a8d4ac90,lofo,,,,,5,0.6,0.4,-0.015599999999999992,0.041200000000000014,5,0
openstack,TP,22c9cf3d95c3d14351045bac2920b4e0994ec42f,lofo,,,,,1,1.0,1.0,-0.34959999999999997,0.34959999999999997,5,0
openstack,TP,22c9cf3d95c3d14351045bac2920b4e0994ec42f,lofo,,,,,2,1.0,1.0,-0.34959999999999997,0.34959999999999997,5,0
openstack,TP,22c9cf3d95c3d14351045bac2920b4e0994ec42f,lofo,,,,,3,1.0,1.0,-0.34959999999999997,0.34959999999999997,5,0
openstack,TP,22c9cf3d95c3d14351045bac2920b4e0994ec42f,lofo,,,,,4,1.0,1.0,-0.34959999999999997,0.34959999999999997,5,0
openstack,TP,22c9cf3d95c3d14351045bac2920b4e0994ec42f,lofo,,,,,5,1.0,1.0,-0.34959999999999997,0.34959999999999997,5,0
openstack,TP,092820939d53268152893a15fdaf5129554fbcb3,lofo,,,,,1,1.0,1.0,-0.23440000000000003,0.2632,5,0
openstack,TP,092820939d53268152893a15fdaf5129554fbcb3,lofo,,,,,2,1.0,1.0,-0.23440000000000003,0.2632,5,0
openstack,TP,092820939d53268152893a15fdaf5129554fbcb3,lofo,,,,,3,1.0,1.0,-0.23440000000000003,0.2632,5,0
openstack,TP,092820939d53268152893a15fdaf5129554fbcb3,lofo,,,,,4,1.0,1.0,-0.23440000000000003,0.2632,5,0
openstack,TP,092820939d53268152893a15fdaf5129554fbcb3,lofo,,,,,5,1.0,1.0,-0.23440000000000003,0.2632,5,0
openstack,TN,dd13c2784b5aec539197d1b76fafc6a6b38a33e8,lofo,,,,,1,1.0,0.8,0.04119999999999997,0.0708,5,0
openstack,TN,dd13c2784b5aec539197d1b76fafc6a6b38a33e8,lofo,,,,,2,1.0,0.8,0.04119999999999997,0.0708,5,0
openstack,TN,dd13c2784b5aec539197d1b76fafc6a6b38a33e8,lofo,,,,,3,1.0,0.8,0.04119999999999997,0.0708,5,0
openstack,TN,dd13c2784b5aec539197d1b76fafc6a6b38a33e8,lofo,,,,,4,1.0,0.8,0.04119999999999997,0.0708,5,0
openstack,TN,dd13c2784b5aec539197d1b76fafc6a6b38a33e8,lofo,,,,,5,1.0,0.8,0.04119999999999997,0.0708,5,0
openstack,TP,40eaa89a9001edda3e1146831b26aaf7ded64c4a,lofo,,,,,1,1.0,1.0,-0.16720000000000002,0.2488,5,0
openstack,TP,40eaa89a9001edda3e1146831b26aaf7ded64c4a,lofo,,,,,2,1.0,1.0,-0.16720000000000002,0.2488,5,0
openstack,TP,40eaa89a9001edda3e1146831b26aaf7ded64c4a,lofo,,,,,3,1.0,1.0,-0.16720000000000002,0.2488,5,0
openstack,TP,40eaa89a9001edda3e1146831b26aaf7ded64c4a,lofo,,,,,4,1.0,1.0,-0.16720000000000002,0.2488,5,0
openstack,TP,40eaa89a9001edda3e1146831b26aaf7ded64c4a,lofo,,,,,5,1.0,1.0,-0.16720000000000002,0.2488,5,0
openstack,TN,1e6538d43e76b867776cf226e1d6d6c900412f99,lofo,,,,,1,1.0,1.0,-0.09200000000000001,0.09200000000000001,5,0
openstack,TN,1e6538d43e76b867776cf226e1d6d6c900412f99,lofo,,,,,2,1.0,1.0,-0.09200000000000001,0.09200000000000001,5,0
openstack,TN,1e6538d43e76b867776cf226e1d6d6c900412f99,lofo,,,,,3,1.0,1.0,-0.09200000000000001,0.09200000000000001,5,0
openstack,TN,1e6538d43e76b867776cf226e1d6d6c900412f99,lofo,,,,,4,1.0,1.0,-0.09200000000000001,0.09200000000000001,5,0
openstack,TN,1e6538d43e76b867776cf226e1d6d6c900412f99,lofo,,,,,5,1.0,1.0,-0.09200000000000001,0.09200000000000001,5,0
openstack,FP,70de423255fd01822188bb9082a0c0cc1c8ec2d0,lofo,,,,,1,1.0,1.0,-0.36640000000000006,0.36640000000000006,5,0
openstack,FP,70de423255fd01822188bb9082a0c0cc1c8ec2d0,lofo,,,,,2,1.0,1.0,-0.36640000000000006,0.36640000000000006,5,0
openstack,FP,70de423255fd01822188bb9082a0c0cc1c8ec2d0,lofo,,,,,3,1.0,1.0,-0.36640000000000006,0.36640000000000006,5,0
openstack,FP,70de423255fd01822188bb9082a0c0cc1c8ec2d0,lofo,,,,,4,1.0,1.0,-0.36640000000000006,0.36640000000000006,5,0
openstack,FP,70de423255fd01822188bb9082a0c0cc1c8ec2d0,lofo,,,,,5,1.0,1.0,-0.36640000000000006,0.36640000000000006,5,0
openstack,TP,56324c12aa58ff9cf46582611b071f3abb743ddf,lofo,,,,,1,1.0,1.0,-0.19400000000000006,0.19400000000000006,5,0
openstack,TP,56324c12aa58ff9cf46582611b071f3abb743ddf,lofo,,,,,2,1.0,1.0,-0.19400000000000006,0.19400000000000006,5,0
openstack,TP,56324c12aa58ff9cf46582611b071f3abb743ddf,lofo,,,,,3,1.0,1.0,-0.19400000000000006,0.19400000000000006,5,0
openstack,TP,56324c12aa58ff9cf46582611b071f3abb743ddf,lofo,,,,,4,1.0,1.0,-0.19400000000000006,0.19400000000000006,5,0
openstack,TP,56324c12aa58ff9cf46582611b071f3abb743ddf,lofo,,,,,5,1.0,1.0,-0.19400000000000006,0.19400000000000006,5,0
openstack,FN,848664f646bf087df59778434daa6feae1e71c74,lofo,,,,,1,1.0,1.0,-0.08919999999999997,0.08919999999999997,5,0
openstack,FN,848664f646bf087df59778434daa6feae1e71c74,lofo,,,,,2,1.0,1.0,-0.08919999999999997,0.08919999999999997,5,0
openstack,FN,848664f646bf087df59778434daa6feae1e71c74,lofo,,,,,3,1.0,1.0,-0.08919999999999997,0.08919999999999997,5,0
openstack,FN,848664f646bf087df59778434daa6feae1e71c74,lofo,,,,,4,1.0,1.0,-0.08919999999999997,0.08919999999999997,5,0
openstack,FN,848664f646bf087df59778434daa6feae1e71c74,lofo,,,,,5,1.0,1.0,-0.08919999999999997,0.08919999999999997,5,0
openstack,FN,91a8cd2952a25b340f5778cace95910e43cbcbb6,lofo,,,,,1,1.0,0.8,-0.015200000000000057,0.08399999999999999,5,0
openstack,FN,91a8cd2952a25b340f5778cace95910e43cbcbb6,lofo,,,,,2,1.0,0.8,-0.015200000000000057,0.08399999999999999,5,0
openstack,FN,91a8cd2952a25b340f5778cace95910e43cbcbb6,lofo,,,,,3,1.0,0.8,-0.015200000000000057,0.08399999999999999,5,0
openstack,FN,91a8cd2952a25b340f5778cace95910e43cbcbb6,lofo,,,,,4,1.0,0.8,-0.015200000000000057,0.08399999999999999,5,0
openstack,FN,91a8cd2952a25b340f5778cace95910e43cbcbb6,lofo,,,,,5,1.0,0.8,-0.015200000000000057,0.08399999999999999,5,0
openstack,FN,d402747547e1a356c6c2c20b57f52af39b63e831,lofo,,,,,1,0.8,0.8,-0.02639999999999998,0.06800000000000002,5,0
openstack,FN,d402747547e1a356c6c2c20b57f52af39b63e831,lofo,,,,,2,0.8,0.8,-0.02639999999999998,0.06800000000000002,5,0
openstack,FN,d402747547e1a356c6c2c20b57f52af39b63e831,lofo,,,,,3,0.8,0.8,-0.02639999999999998,0.06800000000000002,5,0
openstack,FN,d402747547e1a356c6c2c20b57f52af39b63e831,lofo,,,,,4,0.8,0.8,-0.02639999999999998,0.06800000000000002,5,0
openstack,FN,d402747547e1a356c6c2c20b57f52af39b63e831,lofo,,,,,5,0.8,0.8,-0.02639999999999998,0.06800000000000002,5,0
openstack,TN,348b7a9f7d64094d60ece0460aed02b66c52f1b1,lofo,,,,,1,0.8,0.2,-0.08879999999999999,0.10400000000000001,5,0
openstack,TN,348b7a9f7d64094d60ece0460aed02b66c52f1b1,lofo,,,,,2,0.8,0.2,-0.08879999999999999,0.10400000000000001,5,0
openstack,TN,348b7a9f7d64094d60ece0460aed02b66c52f1b1,lofo,,,,,3,0.8,0.2,-0.08879999999999999,0.10400000000000001,5,0
openstack,TN,348b7a9f7d64094d60ece0460aed02b66c52f1b1,lofo,,,,,4,0.8,0.2,-0.08879999999999999,0.10400000000000001,5,0
openstack,TN,348b7a9f7d64094d60ece0460aed02b66c52f1b1,lofo,,,,,5,0.8,0.2,-0.08879999999999999,0.10400000000000001,5,0
openstack,FP,2bb9e5563c69f79d5da23668b08dd9c88f9d4348,lofo,,,,,1,1.0,1.0,-0.18959999999999996,0.18959999999999996,5,0
openstack,FP,2bb9e5563c69f79d5da23668b08dd9c88f9d4348,lofo,,,,,2,1.0,1.0,-0.18959999999999996,0.18959999999999996,5,0
openstack,FP,2bb9e5563c69f79d5da23668b08dd9c88f9d4348,lofo,,,,,3,1.0,1.0,-0.18959999999999996,0.18959999999999996,5,0
openstack,FP,2bb9e5563c69f79d5da23668b08dd9c88f9d4348,lofo,,,,,4,1.0,1.0,-0.18959999999999996,0.18959999999999996,5,0
openstack,FP,2bb9e5563c69f79d5da23668b08dd9c88f9d4348,lofo,,,,,5,1.0,1.0,-0.18959999999999996,0.18959999999999996,5,0
openstack,TP,5f2b88b1aafb9a35638e54f796685f633428b6a5,lofo,,,,,1,1.0,0.8,-0.1636,0.1724,5,0
openstack,TP,5f2b88b1aafb9a35638e54f796685f633428b6a5,lofo,,,,,2,1.0,0.8,-0.1636,0.1724,5,0
openstack,TP,5f2b88b1aafb9a35638e54f796685f633428b6a5,lofo,,,,,3,1.0,0.8,-0.1636,0.1724,5,0
openstack,TP,5f2b88b1aafb9a35638e54f796685f633428b6a5,lofo,,,,,4,1.0,0.8,-0.1636,0.1724,5,0
openstack,TP,5f2b88b1aafb9a35638e54f796685f633428b6a5,lofo,,,,,5,1.0,0.8,-0.1636,0.1724,5,0
openstack,FN,017dd6b4bcf92c14d49421268cb571c00879f3cc,lofo,,,,,1,1.0,1.0,0.016000000000000035,0.124,5,0
openstack,FN,017dd6b4bcf92c14d49421268cb571c00879f3cc,lofo,,,,,2,1.0,1.0,0.016000000000000035,0.124,5,0
openstack,FN,017dd6b4bcf92c14d49421268cb571c00879f3cc,lofo,,,,,3,1.0,1.0,0.016000000000000035,0.124,5,0
openstack,FN,017dd6b4bcf92c14d49421268cb571c00879f3cc,lofo,,,,,4,1.0,1.0,0.016000000000000035,0.124,5,0
openstack,FN,017dd6b4bcf92c14d49421268cb571c00879f3cc,lofo,,,,,5,1.0,1.0,0.016000000000000035,0.124,5,0
openstack,FP,41d6b479fe8baf66578044b8773c3b892d64a2c4,lofo,,,,,1,1.0,1.0,-0.14479999999999993,0.14479999999999993,5,0
openstack,FP,41d6b479fe8baf66578044b8773c3b892d64a2c4,lofo,,,,,2,1.0,1.0,-0.14479999999999993,0.14479999999999993,5,0
openstack,FP,41d6b479fe8baf66578044b8773c3b892d64a2c4,lofo,,,,,3,1.0,1.0,-0.14479999999999993,0.14479999999999993,5,0
openstack,FP,41d6b479fe8baf66578044b8773c3b892d64a2c4,lofo,,,,,4,1.0,1.0,-0.14479999999999993,0.14479999999999993,5,0
openstack,FP,41d6b479fe8baf66578044b8773c3b892d64a2c4,lofo,,,,,5,1.0,1.0,-0.14479999999999993,0.14479999999999993,5,0
openstack,FN,913a99c79456abbfef1642e6dc70e6a4ff4e25db,lofo,,,,,1,1.0,1.0,0.10080000000000004,0.14320000000000005,5,0
openstack,FN,913a99c79456abbfef1642e6dc70e6a4ff4e25db,lofo,,,,,2,1.0,1.0,0.10080000000000004,0.14320000000000005,5,0
openstack,FN,913a99c79456abbfef1642e6dc70e6a4ff4e25db,lofo,,,,,3,1.0,1.0,0.10080000000000004,0.14320000000000005,5,0
openstack,FN,913a99c79456abbfef1642e6dc70e6a4ff4e25db,lofo,,,,,4,1.0,1.0,0.10080000000000004,0.14320000000000005,5,0
openstack,FN,913a99c79456abbfef1642e6dc70e6a4ff4e25db,lofo,,,,,5,1.0,1.0,0.10080000000000004,0.14320000000000005,5,0
openstack,FP,e4ea54104ec38f5fe4c792d4d3d1865de34bb4c3,lofo,,,,,1,1.0,1.0,-0.20279999999999998,0.20279999999999998,5,0
openstack,FP,e4ea54104ec38f5fe4c792d4d3d1865de34bb4c3,lofo,,,,,2,1.0,1.0,-0.20279999999999998,0.20279999999999998,5,0
openstack,FP,e4ea54104ec38f5fe4c792d4d3d1865de34bb4c3,lofo,,,,,3,1.0,1.0,-0.20279999999999998,0.20279999999999998,5,0
openstack,FP,e4ea54104ec38f5fe4c792d4d3d1865de34bb4c3,lofo,,,,,4,1.0,1.0,-0.20279999999999998,0.20279999999999998,5,0
openstack,FP,e4ea54104ec38f5fe4c792d4d3d1865de34bb4c3,lofo,,,,,5,1.0,1.0,-0.20279999999999998,0.20279999999999998,5,0
openstack,FN,1c6b2fce289b68af92afeddf8d30efcda1903f06,lofo,,,,,1,1.0,0.6,-0.04879999999999997,0.0768,5,0
openstack,FN,1c6b2fce289b68af92afeddf8d30efcda1903f06,lofo,,,,,2,1.0,0.6,-0.04879999999999997,0.0768,5,0
openstack,FN,1c6b2fce289b68af92afeddf8d30efcda1903f06,lofo,,,,,3,1.0,0.6,-0.04879999999999997,0.0768,5,0
openstack,FN,1c6b2fce289b68af92afeddf8d30efcda1903f06,lofo,,,,,4,1.0,0.6,-0.04879999999999997,0.0768,5,0
openstack,FN,1c6b2fce289b68af92afeddf8d30efcda1903f06,lofo,,,,,5,1.0,0.6,-0.04879999999999997,0.0768,5,0
openstack,FN,8ccdc4ac5053c6e39660044a9f8c1f695370e9a7,lofo,,,,,1,1.0,1.0,0.02799999999999998,0.0984,5,0
openstack,FN,8ccdc4ac5053c6e39660044a9f8c1f695370e9a7,lofo,,,,,2,1.0,1.0,0.02799999999999998,0.0984,5,0
openstack,FN,8ccdc4ac5053c6e39660044a9f8c1f695370e9a7,lofo,,,,,3,1.0,1.0,0.02799999999999998,0.0984,5,0
openstack,FN,8ccdc4ac5053c6e39660044a9f8c1f695370e9a7,lofo,,,,,4,1.0,1.0,0.02799999999999998,0.0984,5,0
openstack,FN,8ccdc4ac5053c6e39660044a9f8c1f695370e9a7,lofo,,,,,5,1.0,1.0,0.02799999999999998,0.0984,5,0
openstack,FP,a985e34cdeef777fe7ff943e363a5f1be6d991b7,lofo,,,,,1,0.8,1.0,-0.11800000000000002,0.11800000000000002,5,0
openstack,FP,a985e34cdeef777fe7ff943e363a5f1be6d991b7,lofo,,,,,2,0.8,1.0,-0.11800000000000002,0.11800000000000002,5,0
openstack,FP,a985e34cdeef777fe7ff943e363a5f1be6d991b7,lofo,,,,,3,0.8,1.0,-0.11800000000000002,0.11800000000000002,5,0
openstack,FP,a985e34cdeef777fe7ff943e363a5f1be6d991b7,lofo,,,,,4,0.8,1.0,-0.11800000000000002,0.11800000000000002,5,0
openstack,FP,a985e34cdeef777fe7ff943e363a5f1be6d991b7,lofo,,,,,5,0.8,1.0,-0.11800000000000002,0.11800000000000002,5,0
openstack,TP,3b28cb2a10f7746a32cb7f7b62b6fc92ebcfb1e5,lofo,,,,,1,1.0,1.0,-0.218,0.24520000000000003,5,0
openstack,TP,3b28cb2a10f7746a32cb7f7b62b6fc92ebcfb1e5,lofo,,,,,2,1.0,1.0,-0.218,0.24520000000000003,5,0
openstack,TP,3b28cb2a10f7746a32cb7f7b62b6fc92ebcfb1e5,lofo,,,,,3,1.0,1.0,-0.218,0.24520000000000003,5,0
openstack,TP,3b28cb2a10f7746a32cb7f7b62b6fc92ebcfb1e5,lofo,,,,,4,1.0,1.0,-0.218,0.24520000000000003,5,0
openstack,TP,3b28cb2a10f7746a32cb7f7b62b6fc92ebcfb1e5,lofo,,,,,5,1.0,1.0,-0.218,0.24520000000000003,5,0
openstack,FN,c2c37272bf788aac63399127cddd487dc0f15c38,lofo,,,,,1,1.0,0.4,-0.02320000000000002,0.03600000000000003,5,0
openstack,FN,c2c37272bf788aac63399127cddd487dc0f15c38,lofo,,,,,2,1.0,0.4,-0.02320000000000002,0.03600000000000003,5,0
openstack,FN,c2c37272bf788aac63399127cddd487dc0f15c38,lofo,,,,,3,1.0,0.4,-0.02320000000000002,0.03600000000000003,5,0
openstack,FN,c2c37272bf788aac63399127cddd487dc0f15c38,lofo,,,,,4,1.0,0.4,-0.02320000000000002,0.03600000000000003,5,0
openstack,FN,c2c37272bf788aac63399127cddd487dc0f15c38,lofo,,,,,5,1.0,0.4,-0.02320000000000002,0.03600000000000003,5,0
openstack,FN,37510ac03478704bafba89e8c4f4e0e9041d661d,lofo,,,,,1,1.0,1.0,0.1136,0.1136,5,0
openstack,FN,37510ac03478704bafba89e8c4f4e0e9041d661d,lofo,,,,,2,1.0,1.0,0.1136,0.1136,5,0
openstack,FN,37510ac03478704bafba89e8c4f4e0e9041d661d,lofo,,,,,3,1.0,1.0,0.1136,0.1136,5,0
openstack,FN,37510ac03478704bafba89e8c4f4e0e9041d661d,lofo,,,,,4,1.0,1.0,0.1136,0.1136,5,0
openstack,FN,37510ac03478704bafba89e8c4f4e0e9041d661d,lofo,,,,,5,1.0,1.0,0.1136,0.1136,5,0
openstack,TN,5cc9d999352c21d3f4b5c39d3ea9d4378ca86544,lofo,,,,,1,1.0,1.0,-0.037999999999999964,0.1428,5,0
openstack,TN,5cc9d999352c21d3f4b5c39d3ea9d4378ca86544,lofo,,,,,2,1.0,1.0,-0.037999999999999964,0.1428,5,0
openstack,TN,5cc9d999352c21d3f4b5c39d3ea9d4378ca86544,lofo,,,,,3,1.0,1.0,-0.037999999999999964,0.1428,5,0
openstack,TN,5cc9d999352c21d3f4b5c39d3ea9d4378ca86544,lofo,,,,,4,1.0,1.0,-0.037999999999999964,0.1428,5,0
openstack,TN,5cc9d999352c21d3f4b5c39d3ea9d4378ca86544,lofo,,,,,5,1.0,1.0,-0.037999999999999964,0.1428,5,0
openstack,FP,ce12d7a1e53fffce57baab18de2ab885ba1df8ee,lofo,,,,,1,1.0,0.8,-0.0516,0.1068,5,0
openstack,FP,ce12d7a1e53fffce57baab18de2ab885ba1df8ee,lofo,,,,,2,1.0,0.8,-0.0516,0.1068,5,0
openstack,FP,ce12d7a1e53fffce57baab18de2ab885ba1df8ee,lofo,,,,,3,1.0,0.8,-0.0516,0.1068,5,0
openstack,FP,ce12d7a1e53fffce57baab18de2ab885ba1df8ee,lofo,,,,,4,1.0,0.8,-0.0516,0.1068,5,0
openstack,FP,ce12d7a1e53fffce57baab18de2ab885ba1df8ee,lofo,,,,,5,1.0,0.8,-0.0516,0.1068,5,0
openstack,FN,221f386029faf499c5a445374685cba5b67df31e,lofo,,,,,1,1.0,1.0,-0.034399999999999965,0.1688,5,0
openstack,FN,221f386029faf499c5a445374685cba5b67df31e,lofo,,,,,2,1.0,1.0,-0.034399999999999965,0.1688,5,0
openstack,FN,221f386029faf499c5a445374685cba5b67df31e,lofo,,,,,3,1.0,1.0,-0.034399999999999965,0.1688,5,0
openstack,FN,221f386029faf499c5a445374685cba5b67df31e,lofo,,,,,4,1.0,1.0,-0.034399999999999965,0.1688,5,0
openstack,FN,221f386029faf499c5a445374685cba5b67df31e,lofo,,,,,5,1.0,1.0,-0.034399999999999965,0.1688,5,0
openstack,FP,3eea37b85b1abc72786a2b24baf01141b4d95f08,lofo,,,,,1,1.0,0.8,-0.08560000000000005,0.14240000000000003,5,0
openstack,FP,3eea37b85b1abc72786a2b24baf01141b4d95f08,lofo,,,,,2,1.0,0.8,-0.08560000000000005,0.14240000000000003,5,0
openstack,FP,3eea37b85b1abc72786a2b24baf01141b4d95f08,lofo,,,,,3,1.0,0.8,-0.08560000000000005,0.14240000000000003,5,0
openstack,FP,3eea37b85b1abc72786a2b24baf01141b4d95f08,lofo,,,,,4,1.0,0.8,-0.08560000000000005,0.14240000000000003,5,0
openstack,FP,3eea37b85b1abc72786a2b24baf01141b4d95f08,lofo,,,,,5,1.0,0.8,-0.08560000000000005,0.14240000000000003,5,0
openstack,FN,589c495c1ae62129e20ab5e2641e330541eee01f,lofo,,,,,1,0.8,0.8,-0.006800000000000051,0.10839999999999997,5,0
openstack,FN,589c495c1ae62129e20ab5e2641e330541eee01f,lofo,,,,,2,0.8,0.8,-0.006800000000000051,0.10839999999999997,5,0
openstack,FN,589c495c1ae62129e20ab5e2641e330541eee01f,lofo,,,,,3,0.8,0.8,-0.006800000000000051,0.10839999999999997,5,0
openstack,FN,589c495c1ae62129e20ab5e2641e330541eee01f,lofo,,,,,4,0.8,0.8,-0.006800000000000051,0.10839999999999997,5,0
openstack,FN,589c495c1ae62129e20ab5e2641e330541eee01f,lofo,,,,,5,0.8,0.8,-0.006800000000000051,0.10839999999999997,5,0
openstack,FP,750e065d6d137715dd03d5c90623145177f64cbb,lofo,,,,,1,1.0,0.8,-0.1512,0.15439999999999998,5,0
openstack,FP,750e065d6d137715dd03d5c90623145177f64cbb,lofo,,,,,2,1.0,0.8,-0.1512,0.15439999999999998,5,0
openstack,FP,750e065d6d137715dd03d5c90623145177f64cbb,lofo,,,,,3,1.0,0.8,-0.1512,0.15439999999999998,5,0
openstack,FP,750e065d6d137715dd03d5c90623145177f64cbb,lofo,,,,,4,1.0,0.8,-0.1512,0.15439999999999998,5,0
openstack,FP,750e065d6d137715dd03d5c90623145177f64cbb,lofo,,,,,5,1.0,0.8,-0.1512,0.15439999999999998,5,0
qt,FP,3d3ce2afe1937531f5fdc2af56697e93133e6d98,counterfactual,,,,,1,1.0,1.0,-0.02608556130954401,0.08992886562427699,5,0
qt,FP,3d3ce2afe1937531f5fdc2af56697e93133e6d98,counterfactual,,,,,2,1.0,1.0,-0.02608556130954398,0.08992886562427696,5,0
qt,FP,3d3ce2afe1937531f5fdc2af56697e93133e6d98,counterfactual,,,,,3,1.0,1.0,-0.02608556130954399,0.08992886562427696,5,0
qt,FP,3d3ce2afe1937531f5fdc2af56697e93133e6d98,counterfactual,,,,,4,1.0,1.0,-0.026085561309543974,0.08992886562427699,5,0
qt,FP,3d3ce2afe1937531f5fdc2af56697e93133e6d98,counterfactual,,,,,5,1.0,1.0,-0.02608556130954398,0.089928865624277,5,0
qt,TN,eb5994df1307b2e17e729374e1f7ab1c8fe82750,counterfactual,,,,,1,1.0,0.6,-0.052586154493691174,0.052586154493691174,5,0
qt,TN,eb5994df1307b2e17e729374e1f7ab1c8fe82750,counterfactual,,,,,2,1.0,0.6,-0.052586154493691195,0.052586154493691195,5,0
qt,TN,eb5994df1307b2e17e729374e1f7ab1c8fe82750,counterfactual,,,,,3,1.0,0.6,-0.052586154493691195,0.052586154493691195,5,0
qt,TN,eb5994df1307b2e17e729374e1f7ab1c8fe82750,counterfactual,,,,,4,1.0,0.6,-0.052586154493691195,0.052586154493691195,5,0
qt,TN,eb5994df1307b2e17e729374e1f7ab1c8fe82750,counterfactual,,,,,5,1.0,0.6,-0.052586154493691195,0.052586154493691195,5,0
qt,FN,2ad213cc02094e003802530757fa4010720a22e6,counterfactual,,,,,1,1.0,0.8,-0.03311332313934021,0.04699252964711813,5,0
qt,FN,2ad213cc02094e003802530757fa4010720a22e6,counterfactual,,,,,2,1.0,0.8,-0.03311332313934021,0.04699252964711813,5,0
qt,FN,2ad213cc02094e003802530757fa4010720a22e6,counterfactual,,,,,3,1.0,0.8,-0.03311332313934019,0.04699252964711811,5,0
qt,FN,2ad213cc02094e003802530757fa4010720a22e6,counterfactual,,,,,4,1.0,0.8,-0.03311332313934021,0.04699252964711813,5,0
qt,FN,2ad213cc02094e003802530757fa4010720a22e6,counterfactual,,,,,5,1.0,0.8,-0.033113323139340144,0.046992529647118066,5,0
qt,TP,256bbc4f139036a780a63b80af8bb461a77d333a,counterfactual,,,,,1,1.0,1.0,-0.164628392275404,0.164628392275404,5,0
qt,TP,256bbc4f139036a780a63b80af8bb461a77d333a,counterfactual,,,,,2,1.0,1.0,-0.164628392275404,0.164628392275404,5,0
qt,TP,256bbc4f139036a780a63b80af8bb461a77d333a,counterfactual,,,,,3,1.0,1.0,-0.16462839227540396,0.16462839227540396,5,0
qt,TP,256bbc4f139036a780a63b80af8bb461a77d333a,counterfactual,,,,,4,1.0,1.0,-0.16462839227540396,0.16462839227540396,5,0
qt,TP,256bbc4f139036a780a63b80af8bb461a77d333a,counterfactual,,,,,5,1.0,1.0,-0.16462839227540396,0.16462839227540396,5,0
qt,TP,ae292be8690109940fdd9862321b2389a0957404,counterfactual,,,,,1,1.0,1.0,-0.10883274036887468,0.19370949540655402,5,0
qt,TP,ae292be8690109940fdd9862321b2389a0957404,counterfactual,,,,,2,1.0,1.0,-0.10883274036887472,0.193709495406554,5,0
qt,TP,ae292be8690109940fdd9862321b2389a0957404,counterfactual,,,,,3,1.0,1.0,-0.10883274036887475,0.19370949540655402,5,0
qt,TP,ae292be8690109940fdd9862321b2389a0957404,counterfactual,,,,,4,1.0,1.0,-0.10883274036887475,0.19370949540655402,5,0
qt,TP,ae292be8690109940fdd9862321b2389a0957404,counterfactual,,,,,5,1.0,1.0,-0.10883274036887475,0.19370949540655402,5,0
qt,FN,3786411f7f8770f28ba2a97cb646a0eb7a5eaa99,counterfactual,,,,,1,0.6,0.6,0.020673155095285466,0.04372128122502243,5,0
qt,FN,3786411f7f8770f28ba2a97cb646a0eb7a5eaa99,counterfactual,,,,,2,0.6,0.6,0.02067315509528538,0.04372128122502252,5,0
qt,FN,3786411f7f8770f28ba2a97cb646a0eb7a5eaa99,counterfactual,,,,,3,0.6,0.6,0.020673155095285445,0.04372128122502241,5,0
qt,FN,3786411f7f8770f28ba2a97cb646a0eb7a5eaa99,counterfactual,,,,,4,0.6,0.6,0.02067315509528538,0.04372128122502235,5,0
qt,FN,3786411f7f8770f28ba2a97cb646a0eb7a5eaa99,counterfactual,,,,,5,0.6,0.6,0.0206731550952854,0.04372128122502246,5,0
qt,FP,8835c0376befd009702b9a17c506639e31c842b9,counterfactual,,,,,1,1.0,0.6,-0.14690833113242507,0.14690833113242507,5,0
qt,FP,8835c0376befd009702b9a17c506639e31c842b9,counterfactual,,,,,2,1.0,0.6,-0.14690833113242505,0.14690833113242505,5,0
qt,FP,8835c0376befd009702b9a17c506639e31c842b9,counterfactual,,,,,3,1.0,0.6,-0.14690833113242505,0.14690833113242505,5,0
qt,FP,8835c0376befd009702b9a17c506639e31c842b9,counterfactual,,,,,4,1.0,0.6,-0.14690833113242505,0.14690833113242505,5,0
qt,FP,8835c0376befd009702b9a17c506639e31c842b9,counterfactual,,,,,5,1.0,0.6,-0.14690833113242505,0.14690833113242505,5,0
qt,FN,9e99dba4a22bbf212b3e6d1e2607a16dbbd04d90,counterfactual,,,,,1,0.6,1.0,0.08531224496045631,0.08531224496045631,5,0
qt,FN,9e99dba4a22bbf212b3e6d1e2607a16dbbd04d90,counterfactual,,,,,2,0.6,1.0,0.08531224496045633,0.08531224496045633,5,0
qt,FN,9e99dba4a22bbf212b3e6d1e2607a16dbbd04d90,counterfactual,,,,,3,0.6,1.0,0.08531224496045639,0.08531224496045639,5,0
qt,FN,9e99dba4a22bbf212b3e6d1e2607a16dbbd04d90,counterfactual,,,,,4,0.6,1.0,0.08531224496045633,0.08531224496045633,5,0
qt,FN,9e99dba4a22bbf212b3e6d1e2607a16dbbd04d90,counterfactual,,,,,5,0.6,1.0,0.08531224496045638,0.08531224496045638,5,0
qt,FN,f506e01665c9bf689887ccf057a03588829efeea,counterfactual,,,,,1,0.8,0.8,-0.050035380596605394,0.05180567808623069,5,0
qt,FN,f506e01665c9bf689887ccf057a03588829efeea,counterfactual,,,,,2,0.8,0.8,-0.050035380596605374,0.05180567808623067,5,0
qt,FN,f506e01665c9bf689887ccf057a03588829efeea,counterfactual,,,,,3,0.8,0.8,-0.050035380596605394,0.05180567808623069,5,0
qt,FN,f506e01665c9bf689887ccf057a03588829efeea,counterfactual,,,,,4,0.8,0.8,-0.050035380596605394,0.05180567808623073,5,0
qt,FN,f506e01665c9bf689887ccf057a03588829efeea,counterfactual,,,,,5,0.8,0.8,-0.050035380596605394,0.05180567808623069,5,0
qt,TP,fa7626713b3a943609453459190e16c49d61dfd3,counterfactual,,,,,1,0.6,0.6,-0.07295410802048938,0.08465931947570085,5,0
qt,TP,fa7626713b3a943609453459190e16c49d61dfd3,counterfactual,,,,,2,0.6,0.6,-0.07295410802048932,0.08465931947570084,5,0
qt,TP,fa7626713b3a943609453459190e16c49d61dfd3,counterfactual,,,,,3,0.6,0.6,-0.07295410802048932,0.08465931947570084,5,0
qt,TP,fa7626713b3a943609453459190e16c49d61dfd3,counterfactual,,,,,4,0.6,0.6,-0.07295410802048934,0.08465931947570086,5,0
qt,TP,fa7626713b3a943609453459190e16c49d61dfd3,counterfactual,,,,,5,0.6,0.6,-0.07295410802048932,0.08465931947570082,5,0
qt,FP,093064fdeb6e777d2dc88dbb4f4adb8fddac3aa5,counterfactual,,,,,1,1.0,0.8,-0.259644857292075,0.259644857292075,5,0
qt,FP,093064fdeb6e777d2dc88dbb4f4adb8fddac3aa5,counterfactual,,,,,2,1.0,0.8,-0.2596448572920749,0.2596448572920749,5,0
qt,FP,093064fdeb6e777d2dc88dbb4f4adb8fddac3aa5,counterfactual,,,,,3,1.0,0.8,-0.259644857292075,0.259644857292075,5,0
qt,FP,093064fdeb6e777d2dc88dbb4f4adb8fddac3aa5,counterfactual,,,,,4,1.0,0.8,-0.2596448572920749,0.2596448572920749,5,0
qt,FP,093064fdeb6e777d2dc88dbb4f4adb8fddac3aa5,counterfactual,,,,,5,1.0,0.8,-0.2596448572920749,0.2596448572920749,5,0
qt,TP,da8ace713a19d2a8c9831ddf50d17607bc4856cc,counterfactual,,,,,1,1.0,1.0,-0.1487630353066159,0.1487630353066159,5,0
qt,TP,da8ace713a19d2a8c9831ddf50d17607bc4856cc,counterfactual,,,,,2,1.0,1.0,-0.1487630353066159,0.1487630353066159,5,0
qt,TP,da8ace713a19d2a8c9831ddf50d17607bc4856cc,counterfactual,,,,,3,1.0,1.0,-0.1487630353066159,0.1487630353066159,5,0
qt,TP,da8ace713a19d2a8c9831ddf50d17607bc4856cc,counterfactual,,,,,4,1.0,1.0,-0.1487630353066159,0.1487630353066159,5,0
qt,TP,da8ace713a19d2a8c9831ddf50d17607bc4856cc,counterfactual,,,,,5,1.0,1.0,-0.1487630353066159,0.1487630353066159,5,0
qt,FP,08cfd02312d21391c956b8bf50ab7d6caa0d8082,counterfactual,,,,,1,1.0,1.0,-0.0800592503390222,0.13410648738768766,5,0
qt,FP,08cfd02312d21391c956b8bf50ab7d6caa0d8082,counterfactual,,,,,2,1.0,1.0,-0.0800592503390222,0.13410648738768766,5,0
qt,FP,08cfd02312d21391c956b8bf50ab7d6caa0d8082,counterfactual,,,,,3,1.0,1.0,-0.0800592503390222,0.13410648738768766,5,0
qt,FP,08cfd02312d21391c956b8bf50ab7d6caa0d8082,counterfactual,,,,,4,1.0,1.0,-0.0800592503390222,0.13410648738768766,5,0
qt,FP,08cfd02312d21391c956b8bf50ab7d6caa0d8082,counterfactual,,,,,5,1.0,1.0,-0.0800592503390222,0.13410648738768766,5,0
qt,FP,a02b371eb2f34bf198c95cf0caa1fbad639f96bb,counterfactual,,,,,1,1.0,0.8,-0.056872047630240896,0.07491082789759254,5,0
qt,FP,a02b371eb2f34bf198c95cf0caa1fbad639f96bb,counterfactual,,,,,2,1.0,0.8,-0.05687204763024092,0.07491082789759256,5,0
qt,FP,a02b371eb2f34bf198c95cf0caa1fbad639f96bb,counterfactual,,,,,3,1.0,0.8,-0.05687204763024094,0.07491082789759254,5,0
qt,FP,a02b371eb2f34bf198c95cf0caa1fbad639f96bb,counterfactual,,,,,4,1.0,0.8,-0.056872047630240896,0.07491082789759254,5,0
qt,FP,a02b371eb2f34bf198c95cf0caa1fbad639f96bb,counterfactual,,,,,5,1.0,0.8,-0.05687204763024093,0.07491082789759253,5,0
qt,TN,5cb54cb5ebae99fab121061e25e26eec3056203a,counterfactual,,,,,1,1.0,1.0,0.07871834939853899,0.07871834939853899,5,0
qt,TN,5cb54cb5ebae99fab121061e25e26eec3056203a,counterfactual,,,,,2,1.0,1.0,0.07871834939853894,0.07871834939853894,5,0
qt,TN,5cb54cb5ebae99fab121061e25e26eec3056203a,counterfactual,,,,,3,1.0,1.0,0.07871834939853894,0.07871834939853894,5,0
qt,TN,5cb54cb5ebae99fab121061e25e26eec3056203a,counterfactual,,,,,4,1.0,1.0,0.07871834939853899,0.07871834939853899,5,0
qt,TN,5cb54cb5ebae99fab121061e25e26eec3056203a,counterfactual,,,,,5,1.0,1.0,0.07871834939853894,0.07871834939853894,5,0
qt,TN,9a50333dd03969abb3f09c0f90dcb4afd048e47a,counterfactual,,,,,1,0.8,0.6,-0.054808073795883525,0.06760014790073357,5,0
qt,TN,9a50333dd03969abb3f09c0f90dcb4afd048e47a,counterfactual,,,,,2,0.8,0.6,-0.05480807379588346,0.06760014790073354,5,0
qt,TN,9a50333dd03969abb3f09c0f90dcb4afd048e47a,counterfactual,,,,,3,0.8,0.6,-0.05480807379588348,0.06760014790073351,5,0
qt,TN,9a50333dd03969abb3f09c0f90dcb4afd048e47a,counterfactual,,,,,4,0.8,0.6,-0.054808073795883504,0.06760014790073354,5,0
qt,TN,9a50333dd03969abb3f09c0f90dcb4afd048e47a,counterfactual,,,,,5,0.8,0.6,-0.05480807379588348,0.06760014790073357,5,0
qt,FN,18f7e6dc9f59159b70cb7e6a8745738f42d4f46f,counterfactual,,,,,1,1.0,0.8,0.02612971602700711,0.09628428500955019,5,0
qt,FN,18f7e6dc9f59159b70cb7e6a8745738f42d4f46f,counterfactual,,,,,2,1.0,0.8,0.026129716027007154,0.09628428500955019,5,0
qt,FN,18f7e6dc9f59159b70cb7e6a8745738f42d4f46f,counterfactual,,,,,3,1.0,0.8,0.026129716027007154,0.09628428500955019,5,0
qt,FN,18f7e6dc9f59159b70cb7e6a8745738f42d4f46f,counterfactual,,,,,4,1.0,0.8,0.026129716027007133,0.09628428500955022,5,0
qt,FN,18f7e6dc9f59159b70cb7e6a8745738f42d4f46f,counterfactual,,,,,5,1.0,0.8,0.026129716027007133,0.09628428500955022,5,0
qt,TP,d31304eab9e7424edc20fb83a8a19cd979458029,counterfactual,,,,,1,0.8,0.8,0.026196987619761764,0.1094713989927026,5,0
qt,TP,d31304eab9e7424edc20fb83a8a19cd979458029,counterfactual,,,,,2,0.8,0.8,0.026196987619761764,0.1094713989927026,5,0
qt,TP,d31304eab9e7424edc20fb83a8a19cd979458029,counterfactual,,,,,3,0.8,0.8,0.026196987619761764,0.1094713989927026,5,0
qt,TP,d31304eab9e7424edc20fb83a8a19cd979458029,counterfactual,,,,,4,0.8,0.8,0.026196987619761764,0.1094713989927026,5,0
qt,TP,d31304eab9e7424edc20fb83a8a19cd979458029,counterfactual,,,,,5,0.8,0.8,0.026196987619761775,0.10947139899270261,5,0
qt,TN,bd79c331f14e6cfab9e0b5815404c8194526e8f1,counterfactual,,,,,1,0.8,0.6,-0.018060209427306906,0.046946073899310534,5,0
qt,TN,bd79c331f14e6cfab9e0b5815404c8194526e8f1,counterfactual,,,,,2,0.8,0.6,-0.018060209427306906,0.046946073899310534,5,0
qt,TN,bd79c331f14e6cfab9e0b5815404c8194526e8f1,counterfactual,,,,,3,0.8,0.6,-0.018060209427306906,0.046946073899310534,5,0
qt,TN,bd79c331f14e6cfab9e0b5815404c8194526e8f1,counterfactual,,,,,4,0.8,0.6,-0.018060209427306906,0.046946073899310534,5,0
qt,TN,bd79c331f14e6cfab9e0b5815404c8194526e8f1,counterfactual,,,,,5,0.8,0.6,-0.018060209427306906,0.046946073899310534,5,0
qt,TN,67ee72f3145fd14b36af408918ed3420504d3035,counterfactual,,,,,1,0.8,0.6,-0.052906742576934326,0.05501622169430816,5,0
qt,TN,67ee72f3145fd14b36af408918ed3420504d3035,counterfactual,,,,,2,0.8,0.6,-0.052906742576934375,0.05501622169430811,5,0
qt,TN,67ee72f3145fd14b36af408918ed3420504d3035,counterfactual,,,,,3,0.8,0.6,-0.052906742576934326,0.05501622169430816,5,0
qt,TN,67ee72f3145fd14b36af408918ed3420504d3035,counterfactual,,,,,4,0.8,0.6,-0.052906742576934375,0.05501622169430811,5,0
qt,TN,67ee72f3145fd14b36af408918ed3420504d3035,counterfactual,,,,,5,0.8,0.6,-0.052906742576934375,0.05501622169430811,5,0
qt,FN,67ced4791ddabebfa19a2f101aa292b5eba60b90,counterfactual,,,,,1,0.8,0.8,0.030744308075824754,0.06443654900016663,5,0
qt,FN,67ced4791ddabebfa19a2f101aa292b5eba60b90,counterfactual,,,,,2,0.8,0.8,0.030744308075824733,0.0644365490001666,5,0
qt,FN,67ced4791ddabebfa19a2f101aa292b5eba60b90,counterfactual,,,,,3,0.8,0.8,0.030744308075824733,0.0644365490001666,5,0
qt,FN,67ced4791ddabebfa19a2f101aa292b5eba60b90,counterfactual,,,,,4,0.8,0.8,0.030744308075824754,0.06443654900016663,5,0
qt,FN,67ced4791ddabebfa19a2f101aa292b5eba60b90,counterfactual,,,,,5,0.8,0.8,0.03074430807582478,0.06443654900016664,5,0
qt,FP,86d91d2bf8e7ac7a75f88f0e4886140abc06fd4c,counterfactual,,,,,1,1.0,0.8,-0.13681120026996255,0.1984828719566718,5,0
qt,FP,86d91d2bf8e7ac7a75f88f0e4886140abc06fd4c,counterfactual,,,,,2,1.0,0.8,-0.13681120026996255,0.1984828719566718,5,0
qt,FP,86d91d2bf8e7ac7a75f88f0e4886140abc06fd4c,counterfactual,,,,,3,1.0,0.8,-0.13681120026996252,0.19848287195667177,5,0
qt,FP,86d91d2bf8e7ac7a75f88f0e4886140abc06fd4c,counterfactual,,,,,4,1.0,0.8,-0.13681120026996252,0.19848287195667177,5,0
qt,FP,86d91d2bf8e7ac7a75f88f0e4886140abc06fd4c,counterfactual,,,,,5,1.0,0.8,-0.13681120026996252,0.19848287195667177,5,0
qt,TN,121cdbdd30de1bee58e349859409dd08865c17f5,counterfactual,,,,,1,0.6,0.6,-0.02437690516766149,0.04189632885911081,5,0
qt,TN,121cdbdd30de1bee58e349859409dd08865c17f5,counterfactual,,,,,2,0.6,0.6,-0.024376905167661445,0.041896328859110765,5,0
qt,TN,121cdbdd30de1bee58e349859409dd08865c17f5,counterfactual,,,,,3,0.6,0.6,-0.024376905167661445,0.041896328859110855,5,0
qt,TN,121cdbdd30de1bee58e349859409dd08865c17f5,counterfactual,,,,,4,0.6,0.6,-0.02437690516766162,0.041896328859110855,5,0
qt,TN,121cdbdd30de1bee58e349859409dd08865c17f5,counterfactual,,,,,5,0.6,0.6,-0.02437690516766151,0.041896328859110696,5,0
qt,TP,9bd30943bae136d28d42b9a9188a8586c963d461,counterfactual,,,,,1,1.0,0.6,-0.06344066428558903,0.07386252863677675,5,0
qt,TP,9bd30943bae136d28d42b9a9188a8586c963d461,counterfactual,,,,,2,1.0,0.6,-0.06344066428558903,0.07386252863677675,5,0
qt,TP,9bd30943bae136d28d42b9a9188a8586c963d461,counterfactual,,,,,3,1.0,0.6,-0.06344066428558902,0.07386252863677677,5,0
qt,TP,9bd30943bae136d28d42b9a9188a8586c963d461,counterfactual,,,,,4,1.0,0.6,-0.063440664285589,0.07386252863677674,5,0
qt,TP,9bd30943bae136d28d42b9a9188a8586c963d461,counterfactual,,,,,5,1.0,0.6,-0.06344066428558902,0.07386252863677675,5,0
qt,FN,ac48071b185d17022d48c6379a2549ac2736cb8c,counterfactual,,,,,1,1.0,0.8,-0.0839676007521855,0.0839676007521855,5,0
qt,FN,ac48071b185d17022d48c6379a2549ac2736cb8c,counterfactual,,,,,2,1.0,0.8,-0.0839676007521855,0.0839676007521855,5,0
qt,FN,ac48071b185d17022d48c6379a2549ac2736cb8c,counterfactual,,,,,3,1.0,0.8,-0.08396760075218553,0.08396760075218553,5,0
qt,FN,ac48071b185d17022d48c6379a2549ac2736cb8c,counterfactual,,,,,4,1.0,0.8,-0.0839676007521855,0.0839676007521855,5,0
qt,FN,ac48071b185d17022d48c6379a2549ac2736cb8c,counterfactual,,,,,5,1.0,0.8,-0.0839676007521855,0.0839676007521855,5,0
qt,TN,fc2f0fb39008f95133f6fd24662fe92195431808,counterfactual,,,,,1,0.8,0.4,-0.04258566557388932,0.05348176946999324,5,0
qt,TN,fc2f0fb39008f95133f6fd24662fe92195431808,counterfactual,,,,,2,0.8,0.4,-0.04258566557388932,0.05348176946999324,5,0
qt,TN,fc2f0fb39008f95133f6fd24662fe92195431808,counterfactual,,,,,3,0.8,0.4,-0.04258566557388934,0.05348176946999326,5,0
qt,TN,fc2f0fb39008f95133f6fd24662fe92195431808,counterfactual,,,,,4,0.8,0.4,-0.04258566557388934,0.05348176946999326,5,0
qt,TN,fc2f0fb39008f95133f6fd24662fe92195431808,counterfactual,,,,,5,0.8,0.4,-0.04258566557388934,0.05348176946999326,5,0
qt,FP,41ae544c40e0568bd627a992a23b8c8f8f5cc27d,counterfactual,,,,,1,1.0,1.0,-0.16117499698578797,0.16117499698578797,5,0
qt,FP,41ae544c40e0568bd627a992a23b8c8f8f5cc27d,counterfactual,,,,,2,1.0,1.0,-0.16117499698578797,0.16117499698578797,5,0
qt,FP,41ae544c40e0568bd627a992a23b8c8f8f5cc27d,counterfactual,,,,,3,1.0,1.0,-0.16117499698578797,0.16117499698578797,5,0
qt,FP,41ae544c40e0568bd627a992a23b8c8f8f5cc27d,counterfactual,,,,,4,1.0,1.0,-0.16117499698578797,0.16117499698578797,5,0
qt,FP,41ae544c40e0568bd627a992a23b8c8f8f5cc27d,counterfactual,,,,,5,1.0,1.0,-0.161174996985788,0.161174996985788,5,0
qt,FN,895cb4681ee78caaf9b99c88390a74ff1d79ae61,counterfactual,,,,,1,1.0,1.0,0.022210034517521238,0.12072294694113601,5,0
qt,FN,895cb4681ee78caaf9b99c88390a74ff1d79ae61,counterfactual,,,,,2,1.0,1.0,0.022210034517521238,0.12072294694113601,5,0
qt,FN,895cb4681ee78caaf9b99c88390a74ff1d79ae61,counterfactual,,,,,3,1.0,1.0,0.022210034517521217,0.12072294694113603,5,0
qt,FN,895cb4681ee78caaf9b99c88390a74ff1d79ae61,counterfactual,,,,,4,1.0,1.0,0.022210034517521217,0.12072294694113603,5,0
qt,FN,895cb4681ee78caaf9b99c88390a74ff1d79ae61,counterfactual,,,,,5,1.0,1.0,0.022210034517521217,0.12072294694113603,5,0
qt,TP,dfda6f14b3e210a33b71ef1c6fa3c75a9c866cce,counterfactual,,,,,1,0.8,1.0,-0.07058280564463808,0.07058280564463808,5,0
qt,TP,dfda6f14b3e210a33b71ef1c6fa3c75a9c866cce,counterfactual,,,,,2,0.8,1.0,-0.07058280564463806,0.07058280564463806,5,0
qt,TP,dfda6f14b3e210a33b71ef1c6fa3c75a9c866cce,counterfactual,,,,,3,0.8,1.0,-0.07058280564463812,0.07058280564463812,5,0
qt,TP,dfda6f14b3e210a33b71ef1c6fa3c75a9c866cce,counterfactual,,,,,4,0.8,1.0,-0.07058280564463808,0.07058280564463808,5,0
qt,TP,dfda6f14b3e210a33b71ef1c6fa3c75a9c866cce,counterfactual,,,,,5,0.8,1.0,-0.07058280564463808,0.07058280564463808,5,0
qt,TN,9b3d91237bf38492fd97457624d4cb5cd486bd56,counterfactual,,,,,1,0.8,0.8,-0.05636351159299173,0.06264843058629906,5,0
qt,TN,9b3d91237bf38492fd97457624d4cb5cd486bd56,counterfactual,,,,,2,0.8,0.8,-0.05636351159299184,0.06264843058629907,5,0
qt,TN,9b3d91237bf38492fd97457624d4cb5cd486bd56,counterfactual,,,,,3,0.8,0.8,-0.05636351159299178,0.06264843058629901,5,0
qt,TN,9b3d91237bf38492fd97457624d4cb5cd486bd56,counterfactual,,,,,4,0.8,0.8,-0.0563635115929918,0.06264843058629903,5,0
qt,TN,9b3d91237bf38492fd97457624d4cb5cd486bd56,counterfactual,,,,,5,0.8,0.8,-0.05636351159299182,0.06264843058629906,5,0
qt,TN,2831fa76655c614ed3df0816401514950e79b5e6,counterfactual,,,,,1,0.6,0.2,-0.007753741171973028,0.029318375643024464,5,0
qt,TN,2831fa76655c614ed3df0816401514950e79b5e6,counterfactual,,,,,2,0.6,0.2,-0.007753741171973116,0.029318375643024464,5,0
qt,TN,2831fa76655c614ed3df0816401514950e79b5e6,counterfactual,,,,,3,0.6,0.2,-0.007753741171973072,0.02931837564302451,5,0
qt,TN,2831fa76655c614ed3df0816401514950e79b5e6,counterfactual,,,,,4,0.6,0.2,-0.007753741171973072,0.02931837564302451,5,0
qt,TN,2831fa76655c614ed3df0816401514950e79b5e6,counterfactual,,,,,5,0.6,0.2,-0.00775374117197305,0.02931837564302444,5,0
qt,FN,d8782b0cc680f09d605133bd37a44d290894c01e,counterfactual,,,,,1,0.8,0.4,-0.028687570132735773,0.030807009432108547,5,0
qt,FN,d8782b0cc680f09d605133bd37a44d290894c01e,counterfactual,,,,,2,0.8,0.4,-0.028687570132735773,0.030807009432108547,5,0
qt,FN,d8782b0cc680f09d605133bd37a44d290894c01e,counterfactual,,,,,3,0.8,0.4,-0.028687570132735773,0.030807009432108547,5,0
qt,FN,d8782b0cc680f09d605133bd37a44d290894c01e,counterfactual,,,,,4,0.8,0.4,-0.028687570132735797,0.030807009432108567,5,0
qt,FN,d8782b0cc680f09d605133bd37a44d290894c01e,counterfactual,,,,,5,0.8,0.4,-0.028687570132735797,0.030807009432108567,5,0
qt,TP,5dd76ba31c3c7cb9c0d9d97cd62f0d2f535a23f7,counterfactual,,,,,1,1.0,1.0,-0.07686549809217294,0.11219192166859648,5,0
qt,TP,5dd76ba31c3c7cb9c0d9d97cd62f0d2f535a23f7,counterfactual,,,,,2,1.0,1.0,-0.07686549809217293,0.11219192166859647,5,0
qt,TP,5dd76ba31c3c7cb9c0d9d97cd62f0d2f535a23f7,counterfactual,,,,,3,1.0,1.0,-0.0768654980921729,0.11219192166859646,5,0
qt,TP,5dd76ba31c3c7cb9c0d9d97cd62f0d2f535a23f7,counterfactual,,,,,4,1.0,1.0,-0.07686549809217294,0.1121919216685965,5,0
qt,TP,5dd76ba31c3c7cb9c0d9d97cd62f0d2f535a23f7,counterfactual,,,,,5,1.0,1.0,-0.07686549809217294,0.11219192166859647,5,0
qt,FP,237c867a002c8035aac7ff8a870da717eb7b0878,counterfactual,,,,,1,0.8,0.6,-0.08599180214638501,0.08599180214638501,5,0
qt,FP,237c867a002c8035aac7ff8a870da717eb7b0878,counterfactual,,,,,2,0.8,0.6,-0.085991802146385,0.085991802146385,5,0
qt,FP,237c867a002c8035aac7ff8a870da717eb7b0878,counterfactual,,,,,3,0.8,0.6,-0.08599180214638498,0.08599180214638498,5,0
qt,FP,237c867a002c8035aac7ff8a870da717eb7b0878,counterfactual,,,,,4,0.8,0.6,-0.08599180214638497,0.08599180214638497,5,0
qt,FP,237c867a002c8035aac7ff8a870da717eb7b0878,counterfactual,,,,,5,0.8,0.6,-0.085991802146385,0.085991802146385,5,0
qt,TN,f3ca13f3d12f52c60f4cd41d0b336c24a8d3359d,counterfactual,,,,,1,0.8,0.6,-0.036119463580557995,0.05541725581701975,5,0
qt,TN,f3ca13f3d12f52c60f4cd41d0b336c24a8d3359d,counterfactual,,,,,2,0.8,0.6,-0.036119463580557974,0.05541725581701973,5,0
qt,TN,f3ca13f3d12f52c60f4cd41d0b336c24a8d3359d,counterfactual,,,,,3,0.8,0.6,-0.036119463580557974,0.05541725581701977,5,0
qt,TN,f3ca13f3d12f52c60f4cd41d0b336c24a8d3359d,counterfactual,,,,,4,0.8,0.6,-0.036119463580558064,0.05541725581701969,5,0
qt,TN,f3ca13f3d12f52c60f4cd41d0b336c24a8d3359d,counterfactual,,,,,5,0.8,0.6,-0.03611946358055795,0.0554172558170198,5,0
qt,TP,267edbec198a0cedbf7bed4c3c5fa93c1dbc86bd,counterfactual,,,,,1,1.0,0.8,-0.05243858978261906,0.08545457455709557,5,0
qt,TP,267edbec198a0cedbf7bed4c3c5fa93c1dbc86bd,counterfactual,,,,,2,1.0,0.8,-0.052438589782619074,0.08545457455709558,5,0
qt,TP,267edbec198a0cedbf7bed4c3c5fa93c1dbc86bd,counterfactual,,,,,3,1.0,0.8,-0.05243858978261905,0.08545457455709556,5,0
qt,TP,267edbec198a0cedbf7bed4c3c5fa93c1dbc86bd,counterfactual,,,,,4,1.0,0.8,-0.052438589782619054,0.08545457455709557,5,0
qt,TP,267edbec198a0cedbf7bed4c3c5fa93c1dbc86bd,counterfactual,,,,,5,1.0,0.8,-0.05243858978261907,0.08545457455709558,5,0
qt,TN,e3b7957d6552e88aa23bd0ecc474db5f14981707,counterfactual,,,,,1,0.6,0.4,-0.017621296414177156,0.022414016991170294,5,0
qt,TN,e3b7957d6552e88aa23bd0ecc474db5f14981707,counterfactual,,,,,2,0.6,0.4,-0.017621296414177156,0.022414016991170294,5,0
qt,TN,e3b7957d6552e88aa23bd0ecc474db5f14981707,counterfactual,,,,,3,0.6,0.4,-0.01762129641417709,0.022414016991170228,5,0
qt,TN,e3b7957d6552e88aa23bd0ecc474db5f14981707,counterfactual,,,,,4,0.6,0.4,-0.01762129641417711,0.02241401699117025,5,0
qt,TN,e3b7957d6552e88aa23bd0ecc474db5f14981707,counterfactual,,,,,5,0.6,0.4,-0.017621296414177222,0.02241401699117036,5,0
qt,FP,571b11d41c9dadd5ef11e4e954c16c5ca39d718e,counterfactual,,,,,1,0.8,0.6,-0.08403095632987773,0.08528489725530229,5,0
qt,FP,571b11d41c9dadd5ef11e4e954c16c5ca39d718e,counterfactual,,,,,2,0.8,0.6,-0.0840309563298777,0.08528489725530229,5,0
qt,FP,571b11d41c9dadd5ef11e4e954c16c5ca39d718e,counterfactual,,,,,3,0.8,0.6,-0.08403095632987773,0.08528489725530229,5,0
qt,FP,571b11d41c9dadd5ef11e4e954c16c5ca39d718e,counterfactual,,,,,4,0.8,0.6,-0.0840309563298777,0.08528489725530229,5,0
qt,FP,571b11d41c9dadd5ef11e4e954c16c5ca39d718e,counterfactual,,,,,5,0.8,0.6,-0.08403095632987773,0.08528489725530229,5,0
qt,FN,8cf186cc7c56144b02d5b40d8f4832ff3021e68a,counterfactual,,,,,1,0.8,0.8,-0.07288239177460432,0.08080015446978812,5,0
qt,FN,8cf186cc7c56144b02d5b40d8f4832ff3021e68a,counterfactual,,,,,2,0.8,0.8,-0.07288239177460425,0.08080015446978814,5,0
qt,FN,8cf186cc7c56144b02d5b40d8f4832ff3021e68a,counterfactual,,,,,3,0.8,0.8,-0.0728823917746042,0.0808001544697881,5,0
qt,FN,8cf186cc7c56144b02d5b40d8f4832ff3021e68a,counterfactual,,,,,4,0.8,0.8,-0.07288239177460425,0.08080015446978814,5,0
qt,FN,8cf186cc7c56144b02d5b40d8f4832ff3021e68a,counterfactual,,,,,5,0.8,0.8,-0.07288239177460425,0.08080015446978814,5,0
qt,FP,02b7ec05d5713aec67577cebc18e5906b5a98598,counterfactual,,,,,1,0.8,0.8,-0.061693506719687895,0.10355928434889258,5,0
qt,FP,02b7ec05d5713aec67577cebc18e5906b5a98598,counterfactual,,,,,2,0.8,0.8,-0.06169350671968789,0.10355928434889256,5,0
qt,FP,02b7ec05d5713aec67577cebc18e5906b5a98598,counterfactual,,,,,3,0.8,0.8,-0.06169350671968787,0.10355928434889256,5,0
qt,FP,02b7ec05d5713aec67577cebc18e5906b5a98598,counterfactual,,,,,4,0.8,0.8,-0.061693506719687895,0.10355928434889257,5,0
qt,FP,02b7ec05d5713aec67577cebc18e5906b5a98598,counterfactual,,,,,5,0.8,0.8,-0.06169350671968788,0.10355928434889257,5,0
qt,TN,88a8deea86fe69448ca1586c2ee567a53dee1008,counterfactual,,,,,1,1.0,0.4,-0.038542194543072686,0.038542194543072686,5,0
qt,TN,88a8deea86fe69448ca1586c2ee567a53dee1008,counterfactual,,,,,2,1.0,0.4,-0.03854219454307266,0.03854219454307266,5,0
qt,TN,88a8deea86fe69448ca1586c2ee567a53dee1008,counterfactual,,,,,3,1.0,0.4,-0.03854219454307266,0.03854219454307266,5,0
qt,TN,88a8deea86fe69448ca1586c2ee567a53dee1008,counterfactual,,,,,4,1.0,0.4,-0.03854219454307266,0.03854219454307266,5,0
qt,TN,88a8deea86fe69448ca1586c2ee567a53dee1008,counterfactual,,,,,5,1.0,0.4,-0.03854219454307266,0.03854219454307266,5,0
qt,FP,1af927976ac953f922e35d71a16a32d328bb2efd,counterfactual,,,,,1,1.0,0.6,-0.049602648799189256,0.049602648799189256,5,0
qt,FP,1af927976ac953f922e35d71a16a32d328bb2efd,counterfactual,,,,,2,1.0,0.6,-0.049602648799189256,0.049602648799189256,5,0
qt,FP,1af927976ac953f922e35d71a16a32d328bb2efd,counterfactual,,,,,3,1.0,0.6,-0.04960264879918924,0.04960264879918924,5,0
qt,FP,1af927976ac953f922e35d71a16a32d328bb2efd,counterfactual,,,,,4,1.0,0.6,-0.049602648799189256,0.049602648799189256,5,0
qt,FP,1af927976ac953f922e35d71a16a32d328bb2efd,counterfactual,,,,,5,1.0,0.6,-0.049602648799189256,0.049602648799189256,5,0
qt,FN,eaa54a8f9884652513c7c3ab489f31ff1e5d712c,counterfactual,,,,,1,0.6,0.4,0.013467207501297351,0.036220225998619446,5,0
qt,FN,eaa54a8f9884652513c7c3ab489f31ff1e5d712c,counterfactual,,,,,2,0.6,0.4,0.013467207501297308,0.036220225998619446,5,0
qt,FN,eaa54a8f9884652513c7c3ab489f31ff1e5d712c,counterfactual,,,,,3,0.6,0.4,0.013467207501297328,0.036220225998619474,5,0
qt,FN,eaa54a8f9884652513c7c3ab489f31ff1e5d712c,counterfactual,,,,,4,0.6,0.4,0.013467207501297328,0.036220225998619425,5,0
qt,FN,eaa54a8f9884652513c7c3ab489f31ff1e5d712c,counterfactual,,,,,5,0.6,0.4,0.013467207501297308,0.036220225998619446,5,0
qt,TP,9d23aebb271ea534a66cb3aceb2e63d9a1c870d6,counterfactual,,,,,1,1.0,1.0,-0.24721503936411326,0.24721503936411326,5,0
qt,TP,9d23aebb271ea534a66cb3aceb2e63d9a1c870d6,counterfactual,,,,,2,1.0,1.0,-0.2472150393641132,0.2472150393641132,5,0
qt,TP,9d23aebb271ea534a66cb3aceb2e63d9a1c870d6,counterfactual,,,,,3,1.0,1.0,-0.24721503936411324,0.24721503936411324,5,0
qt,TP,9d23aebb271ea534a66cb3aceb2e63d9a1c870d6,counterfactual,,,,,4,1.0,1.0,-0.2472150393641132,0.2472150393641132,5,0
qt,TP,9d23aebb271ea534a66cb3aceb2e63d9a1c870d6,counterfactual,,,,,5,1.0,1.0,-0.2472150393641132,0.2472150393641132,5,0
qt,FN,4e3917587b11432d2d892f5146b367de2a3e4864,counterfactual,,,,,1,0.8,0.6,-0.06965065746397003,0.07764061612678261,5,0
qt,FN,4e3917587b11432d2d892f5146b367de2a3e4864,counterfactual,,,,,2,0.8,0.6,-0.06965065746397008,0.07764061612678257,5,0
qt,FN,4e3917587b11432d2d892f5146b367de2a3e4864,counterfactual,,,,,3,0.8,0.6,-0.06965065746397008,0.07764061612678266,5,0
qt,FN,4e3917587b11432d2d892f5146b367de2a3e4864,counterfactual,,,,,4,0.8,0.6,-0.06965065746397012,0.07764061612678261,5,0
qt,FN,4e3917587b11432d2d892f5146b367de2a3e4864,counterfactual,,,,,5,0.8,0.6,-0.06965065746397008,0.07764061612678266,5,0
qt,TN,bcf1167ccb52341d72e6e2921077d2244803ee8d,counterfactual,,,,,1,1.0,1.0,0.030312617343827973,0.09503542775160072,5,0
qt,TN,bcf1167ccb52341d72e6e2921077d2244803ee8d,counterfactual,,,,,2,1.0,1.0,0.030312617343827952,0.09503542775160075,5,0
qt,TN,bcf1167ccb52341d72e6e2921077d2244803ee8d,counterfactual,,,,,3,1.0,1.0,0.030312617343827973,0.09503542775160072,5,0
qt,TN,bcf1167ccb52341d72e6e2921077d2244803ee8d,counterfactual,,,,,4,1.0,1.0,0.030312617343827907,0.0950354277516007,5,0
qt,TN,bcf1167ccb52341d72e6e2921077d2244803ee8d,counterfactual,,,,,5,1.0,1.0,0.03031261734382793,0.09503542775160068,5,0
qt,TN,3e379bcc799edb6a78bc8cea093a278dbe32f33c,counterfactual,,,,,1,0.6,0.6,-0.03774357352619262,0.05688011319829154,5,0
qt,TN,3e379bcc799edb6a78bc8cea093a278dbe32f33c,counterfactual,,,,,2,0.6,0.6,-0.03774357352619269,0.05688011319829156,5,0
qt,TN,3e379bcc799edb6a78bc8cea093a278dbe32f33c,counterfactual,,,,,3,0.6,0.6,-0.03774357352619269,0.05688011319829147,5,0
qt,TN,3e379bcc799edb6a78bc8cea093a278dbe32f33c,counterfactual,,,,,4,0.6,0.6,-0.03774357352619271,0.05688011319829154,5,0
qt,TN,3e379bcc799edb6a78bc8cea093a278dbe32f33c,counterfactual,,,,,5,0.6,0.6,-0.03774357352619273,0.0568801131982916,5,0
qt,TN,4ebc2cf74e557b65a8ce1dc518ca92f399ce89e8,counterfactual,,,,,1,0.8,0.6,-0.006365407767011821,0.061901249835835406,5,0
qt,TN,4ebc2cf74e557b65a8ce1dc518ca92f399ce89e8,counterfactual,,,,,2,0.8,0.6,-0.006365407767011888,0.06190124983583543,5,0
qt,TN,4ebc2cf74e557b65a8ce1dc518ca92f399ce89e8,counterfactual,,,,,3,0.8,0.6,-0.0063654077670118655,0.06190124983583545,5,0
qt,TN,4ebc2cf74e557b65a8ce1dc518ca92f399ce89e8,counterfactual,,,,,4,0.8,0.6,-0.0063654077670118655,0.06190124983583549,5,0
qt,TN,4ebc2cf74e557b65a8ce1dc518ca92f399ce89e8,counterfactual,,,,,5,0.8,0.6,-0.006365407767011844,0.06190124983583547,5,0
qt,FN,7e298e2f2ceeee1a2d1a81238ca019d9a0c9519f,counterfactual,,,,,1,0.8,0.8,-0.0735231991608962,0.07787092474358419,5,0
qt,FN,7e298e2f2ceeee1a2d1a81238ca019d9a0c9519f,counterfactual,,,,,2,0.8,0.8,-0.07352319916089622,0.07787092474358422,5,0
qt,FN,7e298e2f2ceeee1a2d1a81238ca019d9a0c9519f,counterfactual,,,,,3,0.8,0.8,-0.07352319916089614,0.07787092474358412,5,0
qt,FN,7e298e2f2ceeee1a2d1a81238ca019d9a0c9519f,counterfactual,,,,,4,0.8,0.8,-0.07352319916089625,0.07787092474358423,5,0
qt,FN,7e298e2f2ceeee1a2d1a81238ca019d9a0c9519f,counterfactual,,,,,5,0.8,0.8,-0.07352319916089615,0.07787092474358423,5,0
qt,FN,93dabeba9dc5f6cbab60e65b3cc8df5fe48745a9,counterfactual,,,,,1,0.8,0.6,0.04224831627576753,0.05544285499141417,5,0
qt,FN,93dabeba9dc5f6cbab60e65b3cc8df5fe48745a9,counterfactual,,,,,2,0.8,0.6,0.04224831627576751,0.055442854991414145,5,0
qt,FN,93dabeba9dc5f6cbab60e65b3cc8df5fe48745a9,counterfactual,,,,,3,0.8,0.6,0.04224831627576751,0.055442854991414145,5,0
qt,FN,93dabeba9dc5f6cbab60e65b3cc8df5fe48745a9,counterfactual,,,,,4,0.8,0.6,0.04224831627576751,0.055442854991414145,5,0
qt,FN,93dabeba9dc5f6cbab60e65b3cc8df5fe48745a9,counterfactual,,,,,5,0.8,0.6,0.04224831627576751,0.055442854991414145,5,0
qt,TN,0234e5c96417f451f8de279b8ff92734836badd4,counterfactual,,,,,1,0.4,0.4,0.04109585013526136,0.04439978031495469,5,0
qt,TN,0234e5c96417f451f8de279b8ff92734836badd4,counterfactual,,,,,2,0.4,0.4,0.04109585013526136,0.04439978031495469,5,0
qt,TN,0234e5c96417f451f8de279b8ff92734836badd4,counterfactual,,,,,3,0.4,0.4,0.04109585013526136,0.04439978031495469,5,0
qt,TN,0234e5c96417f451f8de279b8ff92734836badd4,counterfactual,,,,,4,0.4,0.4,0.04109585013526136,0.04439978031495469,5,0
qt,TN,0234e5c96417f451f8de279b8ff92734836badd4,counterfactual,,,,,5,0.4,0.4,0.04109585013526136,0.04439978031495469,5,0
qt,FP,eb93d7b51773b43e6a3e41961898a6033bcd9479,counterfactual,,,,,1,0.8,0.6,-0.07664433760617183,0.08028644223612953,5,0
qt,FP,eb93d7b51773b43e6a3e41961898a6033bcd9479,counterfactual,,,,,2,0.8,0.6,-0.07664433760617183,0.08028644223612952,5,0
qt,FP,eb93d7b51773b43e6a3e41961898a6033bcd9479,counterfactual,,,,,3,0.8,0.6,-0.07664433760617184,0.08028644223612952,5,0
qt,FP,eb93d7b51773b43e6a3e41961898a6033bcd9479,counterfactual,,,,,4,0.8,0.6,-0.07664433760617181,0.08028644223612952,5,0
qt,FP,eb93d7b51773b43e6a3e41961898a6033bcd9479,counterfactual,,,,,5,0.8,0.6,-0.07664433760617184,0.08028644223612952,5,0
qt,FN,e6d17c8691bfafa033b82a4d81a9caf4a2fd1b85,counterfactual,,,,,1,0.8,0.8,-0.02241238449093308,0.0804732391125017,5,0
qt,FN,e6d17c8691bfafa033b82a4d81a9caf4a2fd1b85,counterfactual,,,,,2,0.8,0.8,-0.02241238449093321,0.08047323911250175,5,0
qt,FN,e6d17c8691bfafa033b82a4d81a9caf4a2fd1b85,counterfactual,,,,,3,0.8,0.8,-0.02241238449093317,0.08047323911250179,5,0
qt,FN,e6d17c8691bfafa033b82a4d81a9caf4a2fd1b85,counterfactual,,,,,4,0.8,0.8,-0.0224123844909331,0.08047323911250173,5,0
qt,FN,e6d17c8691bfafa033b82a4d81a9caf4a2fd1b85,counterfactual,,,,,5,0.8,0.8,-0.022412384490933124,0.08047323911250166,5,0
qt,FN,5303225aef739c534714c1ac1d4dd096f0cc38d0,counterfactual,,,,,1,0.8,0.6,0.005275535177759827,0.058957476644584596,5,0
qt,FN,5303225aef739c534714c1ac1d4dd096f0cc38d0,counterfactual,,,,,2,0.8,0.6,0.005275535177759738,0.058957476644584464,5,0
qt,FN,5303225aef739c534714c1ac1d4dd096f0cc38d0,counterfactual,,,,,3,0.8,0.6,0.0052755351777597605,0.058957476644584436,5,0
qt,FN,5303225aef739c534714c1ac1d4dd096f0cc38d0,counterfactual,,,,,4,0.8,0.6,0.005275535177759716,0.058957476644584526,5,0
qt,FN,5303225aef739c534714c1ac1d4dd096f0cc38d0,counterfactual,,,,,5,0.8,0.6,0.005275535177759738,0.058957476644584506,5,0
qt,FN,a69edf01cb0a2a06282dc7b89724ffa542f6546d,counterfactual,,,,,1,1.0,0.6,-0.02424788291310127,0.056542281918584195,5,0
qt,FN,a69edf01cb0a2a06282dc7b89724ffa542f6546d,counterfactual,,,,,2,1.0,0.6,-0.02424788291310127,0.056542281918584195,5,0
qt,FN,a69edf01cb0a2a06282dc7b89724ffa542f6546d,counterfactual,,,,,3,1.0,0.6,-0.024247882913101294,0.056542281918584215,5,0
qt,FN,a69edf01cb0a2a06282dc7b89724ffa542f6546d,counterfactual,,,,,4,1.0,0.6,-0.02424788291310125,0.05654228191858417,5,0
qt,FN,a69edf01cb0a2a06282dc7b89724ffa542f6546d,counterfactual,,,,,5,1.0,0.6,-0.02424788291310127,0.056542281918584195,5,0
qt,FP,e58fdbaeb033a801ac7b5dd1f63657b36d6e1305,counterfactual,,,,,1,1.0,0.8,-0.18717527543651313,0.18717527543651313,5,0
qt,FP,e58fdbaeb033a801ac7b5dd1f63657b36d6e1305,counterfactual,,,,,2,1.0,0.8,-0.18717527543651313,0.18717527543651313,5,0
qt,FP,e58fdbaeb033a801ac7b5dd1f63657b36d6e1305,counterfactual,,,,,3,1.0,0.8,-0.18717527543651313,0.18717527543651313,5,0
qt,FP,e58fdbaeb033a801ac7b5dd1f63657b36d6e1305,counterfactual,,,,,4,1.0,0.8,-0.18717527543651313,0.18717527543651313,5,0
qt,FP,e58fdbaeb033a801ac7b5dd1f63657b36d6e1305,counterfactual,,,,,5,1.0,0.8,-0.18717527543651316,0.18717527543651316,5,0
qt,TP,d3393ce25833c0afd7f0fa6b85fd6f3bd7ad520a,counterfactual,,,,,1,1.0,1.0,-0.11334264821297593,0.11334264821297593,5,0
qt,TP,d3393ce25833c0afd7f0fa6b85fd6f3bd7ad520a,counterfactual,,,,,2,1.0,1.0,-0.11334264821297588,0.11334264821297588,5,0
qt,TP,d3393ce25833c0afd7f0fa6b85fd6f3bd7ad520a,counterfactual,,,,,3,1.0,1.0,-0.1133426482129759,0.1133426482129759,5,0
qt,TP,d3393ce25833c0afd7f0fa6b85fd6f3bd7ad520a,counterfactual,,,,,4,1.0,1.0,-0.1133426482129759,0.1133426482129759,5,0
qt,TP,d3393ce25833c0afd7f0fa6b85fd6f3bd7ad520a,counterfactual,,,,,5,1.0,1.0,-0.1133426482129759,0.1133426482129759,5,0
qt,FN,6486a4bd196ca2bf0047ae80e78eee06e5e18e18,counterfactual,,,,,1,0.8,0.8,0.013708915599040594,0.07014905227203885,5,0
qt,FN,6486a4bd196ca2bf0047ae80e78eee06e5e18e18,counterfactual,,,,,2,0.8,0.8,0.013708915599040684,0.07014905227203876,5,0
qt,FN,6486a4bd196ca2bf0047ae80e78eee06e5e18e18,counterfactual,,,,,3,0.8,0.8,0.013708915599040684,0.07014905227203876,5,0
qt,FN,6486a4bd196ca2bf0047ae80e78eee06e5e18e18,counterfactual,,,,,4,0.8,0.8,0.013708915599040684,0.07014905227203876,5,0
qt,FN,6486a4bd196ca2bf0047ae80e78eee06e5e18e18,counterfactual,,,,,5,0.8,0.8,0.013708915599040727,0.0701490522720388,5,0
qt,FP,ddb4fb4c60987ce6e0b9e50de9a5f3a7ff0e8757,counterfactual,,,,,1,1.0,1.0,-0.03568002099564564,0.11750336723973517,5,0
qt,FP,ddb4fb4c60987ce6e0b9e50de9a5f3a7ff0e8757,counterfactual,,,,,2,1.0,1.0,-0.035680020995645614,0.1175033672397352,5,0
qt,FP,ddb4fb4c60987ce6e0b9e50de9a5f3a7ff0e8757,counterfactual,,,,,3,1.0,1.0,-0.03568002099564562,0.1175033672397352,5,0
qt,FP,ddb4fb4c60987ce6e0b9e50de9a5f3a7ff0e8757,counterfactual,,,,,4,1.0,1.0,-0.03568002099564562,0.1175033672397352,5,0
qt,FP,ddb4fb4c60987ce6e0b9e50de9a5f3a7ff0e8757,counterfactual,,,,,5,1.0,1.0,-0.035680020995645614,0.1175033672397352,5,0
qt,TP,03a1675eac4baf8c7a6e0602102bbafa3176771c,counterfactual,,,,,1,0.8,1.0,-0.04965022059578566,0.09015008064875052,5,0
qt,TP,03a1675eac4baf8c7a6e0602102bbafa3176771c,counterfactual,,,,,2,0.8,1.0,-0.04965022059578566,0.09015008064875052,5,0
qt,TP,03a1675eac4baf8c7a6e0602102bbafa3176771c,counterfactual,,,,,3,0.8,1.0,-0.04965022059578566,0.09015008064875052,5,0
qt,TP,03a1675eac4baf8c7a6e0602102bbafa3176771c,counterfactual,,,,,4,0.8,1.0,-0.04965022059578566,0.09015008064875052,5,0
qt,TP,03a1675eac4baf8c7a6e0602102bbafa3176771c,counterfactual,,,,,5,0.8,1.0,-0.04965022059578566,0.09015008064875052,5,0
qt,FP,36997810d9fec492635152be89efaa55208e224a,counterfactual,,,,,1,0.8,0.8,-0.07604419766066162,0.0951609946481353,5,0
qt,FP,36997810d9fec492635152be89efaa55208e224a,counterfactual,,,,,2,0.8,0.8,-0.07604419766066162,0.09516099464813532,5,0
qt,FP,36997810d9fec492635152be89efaa55208e224a,counterfactual,,,,,3,0.8,0.8,-0.07604419766066162,0.09516099464813535,5,0
qt,FP,36997810d9fec492635152be89efaa55208e224a,counterfactual,,,,,4,0.8,0.8,-0.07604419766066163,0.0951609946481353,5,0
qt,FP,36997810d9fec492635152be89efaa55208e224a,counterfactual,,,,,5,0.8,0.8,-0.07604419766066162,0.09516099464813532,5,0
qt,TN,4f4ad7c262ce4723417efa14c4d3fdb875be53d0,counterfactual,,,,,1,0.4,0.6,0.013770643321775,0.03861482136872134,5,0
qt,TN,4f4ad7c262ce4723417efa14c4d3fdb875be53d0,counterfactual,,,,,2,0.4,0.6,0.013770643321774889,0.038614821368721276,5,0
qt,TN,4f4ad7c262ce4723417efa14c4d3fdb875be53d0,counterfactual,,,,,3,0.4,0.6,0.013770643321774934,0.03861482136872132,5,0
qt,TN,4f4ad7c262ce4723417efa14c4d3fdb875be53d0,counterfactual,,,,,4,0.4,0.6,0.013770643321774845,0.03861482136872123,5,0
qt,TN,4f4ad7c262ce4723417efa14c4d3fdb875be53d0,counterfactual,,,,,5,0.4,0.6,0.013770643321774845,0.03861482136872123,5,0
qt,TP,a50911bc0bfca1185e99ce6638fbf03cf592789d,counterfactual,,,,,1,1.0,0.8,-0.035442947030299474,0.0824431583348034,5,0
qt,TP,a50911bc0bfca1185e99ce6638fbf03cf592789d,counterfactual,,,,,2,1.0,0.8,-0.03544294703029947,0.0824431583348034,5,0
qt,TP,a50911bc0bfca1185e99ce6638fbf03cf592789d,counterfactual,,,,,3,1.0,0.8,-0.035442947030299474,0.08244315833480338,5,0
qt,TP,a50911bc0bfca1185e99ce6638fbf03cf592789d,counterfactual,,,,,4,1.0,0.8,-0.035442947030299474,0.0824431583348034,5,0
qt,TP,a50911bc0bfca1185e99ce6638fbf03cf592789d,counterfactual,,,,,5,1.0,0.8,-0.03544294703029949,0.0824431583348034,5,0
qt,TP,bb199cc8ad4111808260f6255312b08c7d81dcbc,counterfactual,,,,,1,0.6,0.6,-0.08408949606054356,0.08408949606054356,5,0
qt,TP,bb199cc8ad4111808260f6255312b08c7d81dcbc,counterfactual,,,,,2,0.6,0.6,-0.08408949606054354,0.08408949606054354,5,0
qt,TP,bb199cc8ad4111808260f6255312b08c7d81dcbc,counterfactual,,,,,3,0.6,0.6,-0.08408949606054353,0.08408949606054353,5,0
qt,TP,bb199cc8ad4111808260f6255312b08c7d81dcbc,counterfactual,,,,,4,0.6,0.6,-0.08408949606054354,0.08408949606054354,5,0
qt,TP,bb199cc8ad4111808260f6255312b08c7d81dcbc,counterfactual,,,,,5,0.6,0.6,-0.08408949606054354,0.08408949606054354,5,0
qt,FP,6a91dcba2e4fa85dc345c2d403c757ab7676e28c,counterfactual,,,,,1,1.0,1.0,-0.05622178784653359,0.07895268202238569,5,0
qt,FP,6a91dcba2e4fa85dc345c2d403c757ab7676e28c,counterfactual,,,,,2,1.0,1.0,-0.05622178784653357,0.07895268202238571,5,0
qt,FP,6a91dcba2e4fa85dc345c2d403c757ab7676e28c,counterfactual,,,,,3,1.0,1.0,-0.05622178784653357,0.07895268202238571,5,0
qt,FP,6a91dcba2e4fa85dc345c2d403c757ab7676e28c,counterfactual,,,,,4,1.0,1.0,-0.05622178784653357,0.07895268202238571,5,0
qt,FP,6a91dcba2e4fa85dc345c2d403c757ab7676e28c,counterfactual,,,,,5,1.0,1.0,-0.056221787846533575,0.07895268202238567,5,0
qt,TN,e38a98ad4453974b2848eeed02d81e0c408ce0c6,counterfactual,,,,,1,0.8,0.6,-0.06318506385647549,0.06582791260436612,5,0
qt,TN,e38a98ad4453974b2848eeed02d81e0c408ce0c6,counterfactual,,,,,2,0.8,0.6,-0.06318506385647549,0.06582791260436612,5,0
qt,TN,e38a98ad4453974b2848eeed02d81e0c408ce0c6,counterfactual,,,,,3,0.8,0.6,-0.06318506385647553,0.06582791260436616,5,0
qt,TN,e38a98ad4453974b2848eeed02d81e0c408ce0c6,counterfactual,,,,,4,0.8,0.6,-0.06318506385647553,0.06582791260436616,5,0
qt,TN,e38a98ad4453974b2848eeed02d81e0c408ce0c6,counterfactual,,,,,5,0.8,0.6,-0.06318506385647553,0.06582791260436616,5,0
qt,FP,1c6d5b0696f324495e95a12f7718ae7593c9b58a,counterfactual,,,,,1,1.0,1.0,-0.14578032812081837,0.14578032812081837,5,0
qt,FP,1c6d5b0696f324495e95a12f7718ae7593c9b58a,counterfactual,,,,,2,1.0,1.0,-0.14578032812081837,0.14578032812081837,5,0
qt,FP,1c6d5b0696f324495e95a12f7718ae7593c9b58a,counterfactual,,,,,3,1.0,1.0,-0.14578032812081837,0.14578032812081837,5,0
qt,FP,1c6d5b0696f324495e95a12f7718ae7593c9b58a,counterfactual,,,,,4,1.0,1.0,-0.14578032812081837,0.14578032812081837,5,0
qt,FP,1c6d5b0696f324495e95a12f7718ae7593c9b58a,counterfactual,,,,,5,1.0,1.0,-0.14578032812081837,0.14578032812081837,5,0
qt,FP,cd542a82b0c2d5c9a4ea167a84e5ea8a25c5d969,counterfactual,,,,,1,0.8,1.0,-0.10489913098609405,0.10489913098609405,5,0
qt,FP,cd542a82b0c2d5c9a4ea167a84e5ea8a25c5d969,counterfactual,,,,,2,0.8,1.0,-0.10489913098609405,0.10489913098609405,5,0
qt,FP,cd542a82b0c2d5c9a4ea167a84e5ea8a25c5d969,counterfactual,,,,,3,0.8,1.0,-0.10489913098609403,0.10489913098609403,5,0
qt,FP,cd542a82b0c2d5c9a4ea167a84e5ea8a25c5d969,counterfactual,,,,,4,0.8,1.0,-0.10489913098609405,0.10489913098609405,5,0
qt,FP,cd542a82b0c2d5c9a4ea167a84e5ea8a25c5d969,counterfactual,,,,,5,0.8,1.0,-0.10489913098609405,0.10489913098609405,5,0
qt,TP,b254b03dc3b1cfcfc5f17158d2470e0a9a946a0e,counterfactual,,,,,1,1.0,1.0,-0.11904188666290136,0.11904188666290136,5,0
qt,TP,b254b03dc3b1cfcfc5f17158d2470e0a9a946a0e,counterfactual,,,,,2,1.0,1.0,-0.11904188666290136,0.11904188666290136,5,0
qt,TP,b254b03dc3b1cfcfc5f17158d2470e0a9a946a0e,counterfactual,,,,,3,1.0,1.0,-0.11904188666290136,0.11904188666290136,5,0
qt,TP,b254b03dc3b1cfcfc5f17158d2470e0a9a946a0e,counterfactual,,,,,4,1.0,1.0,-0.11904188666290137,0.11904188666290137,5,0
qt,TP,b254b03dc3b1cfcfc5f17158d2470e0a9a946a0e,counterfactual,,,,,5,1.0,1.0,-0.11904188666290136,0.11904188666290136,5,0
qt,TP,1a7bc520c5df4da80b7e65acbec1f546f9c87870,counterfactual,,,,,1,1.0,0.8,-0.11110246221513362,0.11110246221513362,5,0
qt,TP,1a7bc520c5df4da80b7e65acbec1f546f9c87870,counterfactual,,,,,2,1.0,0.8,-0.11110246221513367,0.11110246221513367,5,0
qt,TP,1a7bc520c5df4da80b7e65acbec1f546f9c87870,counterfactual,,,,,3,1.0,0.8,-0.11110246221513362,0.11110246221513362,5,0
qt,TP,1a7bc520c5df4da80b7e65acbec1f546f9c87870,counterfactual,,,,,4,1.0,0.8,-0.11110246221513365,0.11110246221513365,5,0
qt,TP,1a7bc520c5df4da80b7e65acbec1f546f9c87870,counterfactual,,,,,5,1.0,0.8,-0.11110246221513363,0.11110246221513363,5,0
qt,FN,5629823b05ca7d24924ac879b5a0469a3cb03e78,counterfactual,,,,,1,0.6,0.4,-0.04156794088982019,0.05715071405136758,5,0
qt,FN,5629823b05ca7d24924ac879b5a0469a3cb03e78,counterfactual,,,,,2,0.6,0.4,-0.04156794088982019,0.05715071405136758,5,0
qt,FN,5629823b05ca7d24924ac879b5a0469a3cb03e78,counterfactual,,,,,3,0.6,0.4,-0.04156794088982019,0.05715071405136758,5,0
qt,FN,5629823b05ca7d24924ac879b5a0469a3cb03e78,counterfactual,,,,,4,0.6,0.4,-0.04156794088982019,0.057150714051367534,5,0
qt,FN,5629823b05ca7d24924ac879b5a0469a3cb03e78,counterfactual,,,,,5,0.6,0.4,-0.04156794088982017,0.057150714051367554,5,0
qt,TN,9b54447e453e2cb7b7375e2c6104b2595ab1594e,counterfactual,,,,,1,1.0,1.0,-0.07531977362493217,0.07531977362493217,5,0
qt,TN,9b54447e453e2cb7b7375e2c6104b2595ab1594e,counterfactual,,,,,2,1.0,1.0,-0.07531977362493214,0.07531977362493214,5,0
qt,TN,9b54447e453e2cb7b7375e2c6104b2595ab1594e,counterfactual,,,,,3,1.0,1.0,-0.07531977362493217,0.07531977362493217,5,0
qt,TN,9b54447e453e2cb7b7375e2c6104b2595ab1594e,counterfactual,,,,,4,1.0,1.0,-0.07531977362493217,0.07531977362493217,5,0
qt,TN,9b54447e453e2cb7b7375e2c6104b2595ab1594e,counterfactual,,,,,5,1.0,1.0,-0.07531977362493217,0.07531977362493217,5,0
qt,FP,3981a1f440914e8108af3d854a1b01dd596a8a0e,counterfactual,,,,,1,1.0,1.0,-0.12412138881998087,0.17695829599425078,5,0
qt,FP,3981a1f440914e8108af3d854a1b01dd596a8a0e,counterfactual,,,,,2,1.0,1.0,-0.12412138881998087,0.17695829599425078,5,0
qt,FP,3981a1f440914e8108af3d854a1b01dd596a8a0e,counterfactual,,,,,3,1.0,1.0,-0.12412138881998086,0.17695829599425078,5,0
qt,FP,3981a1f440914e8108af3d854a1b01dd596a8a0e,counterfactual,,,,,4,1.0,1.0,-0.12412138881998087,0.17695829599425078,5,0
qt,FP,3981a1f440914e8108af3d854a1b01dd596a8a0e,counterfactual,,,,,5,1.0,1.0,-0.12412138881998087,0.17695829599425078,5,0
qt,TN,4331ccd4b735d9d721a384193a3d42ee2ce6c805,counterfactual,,,,,1,1.0,0.8,-0.037860025113103046,0.07035393594582284,5,0
qt,TN,4331ccd4b735d9d721a384193a3d42ee2ce6c805,counterfactual,,,,,2,1.0,0.8,-0.037860025113103025,0.07035393594582282,5,0
qt,TN,4331ccd4b735d9d721a384193a3d42ee2ce6c805,counterfactual,,,,,3,1.0,0.8,-0.03786002511310309,0.07035393594582284,5,0
qt,TN,4331ccd4b735d9d721a384193a3d42ee2ce6c805,counterfactual,,,,,4,1.0,0.8,-0.037860025113103025,0.07035393594582282,5,0
qt,TN,4331ccd4b735d9d721a384193a3d42ee2ce6c805,counterfactual,,,,,5,1.0,0.8,-0.03786002511310307,0.07035393594582282,5,0
qt,TP,afbb57ae84ecbee5fab9eb6e58356b19d7995ea5,counterfactual,,,,,1,1.0,1.0,-0.14103566934318812,0.18855950740988325,5,0
qt,TP,afbb57ae84ecbee5fab9eb6e58356b19d7995ea5,counterfactual,,,,,2,1.0,1.0,-0.14103566934318812,0.18855950740988325,5,0
qt,TP,afbb57ae84ecbee5fab9eb6e58356b19d7995ea5,counterfactual,,,,,3,1.0,1.0,-0.14103566934318815,0.18855950740988328,5,0
qt,TP,afbb57ae84ecbee5fab9eb6e58356b19d7995ea5,counterfactual,,,,,4,1.0,1.0,-0.14103566934318815,0.18855950740988328,5,0
qt,TP,afbb57ae84ecbee5fab9eb6e58356b19d7995ea5,counterfactual,,,,,5,1.0,1.0,-0.14103566934318812,0.18855950740988325,5,0
qt,TP,17513266b81e88b84fda250734f07c94a198fabc,counterfactual,,,,,1,1.0,1.0,-0.09931793399882861,0.09931793399882861,5,0
qt,TP,17513266b81e88b84fda250734f07c94a198fabc,counterfactual,,,,,2,1.0,1.0,-0.09931793399882863,0.09931793399882863,5,0
qt,TP,17513266b81e88b84fda250734f07c94a198fabc,counterfactual,,,,,3,1.0,1.0,-0.09931793399882861,0.09931793399882861,5,0
qt,TP,17513266b81e88b84fda250734f07c94a198fabc,counterfactual,,,,,4,1.0,1.0,-0.09931793399882864,0.09931793399882864,5,0
qt,TP,17513266b81e88b84fda250734f07c94a198fabc,counterfactual,,,,,5,1.0,1.0,-0.09931793399882861,0.09931793399882861,5,0
qt,FN,cdbc4b83d59e08189d6ece9ccd88a646be155c08,counterfactual,,,,,1,0.8,0.6,-0.05662038414606654,0.06033262904402568,5,0
qt,FN,cdbc4b83d59e08189d6ece9ccd88a646be155c08,counterfactual,,,,,2,0.8,0.6,-0.056620384146066516,0.06033262904402566,5,0
qt,FN,cdbc4b83d59e08189d6ece9ccd88a646be155c08,counterfactual,,,,,3,0.8,0.6,-0.056620384146066516,0.06033262904402566,5,0
qt,FN,cdbc4b83d59e08189d6ece9ccd88a646be155c08,counterfactual,,,,,4,0.8,0.6,-0.05662038414606654,0.06033262904402568,5,0
qt,FN,cdbc4b83d59e08189d6ece9ccd88a646be155c08,counterfactual,,,,,5,0.8,0.6,-0.05662038414606654,0.06033262904402568,5,0
qt,FP,753c744b23abfecad6463890dfdf6e97c7eeaa5c,counterfactual,,,,,1,0.8,0.8,-0.03249149349151868,0.10130087396803747,5,0
qt,FP,753c744b23abfecad6463890dfdf6e97c7eeaa5c,counterfactual,,,,,2,0.8,0.8,-0.03249149349151868,0.10130087396803747,5,0
qt,FP,753c744b23abfecad6463890dfdf6e97c7eeaa5c,counterfactual,,,,,3,0.8,0.8,-0.03249149349151868,0.10130087396803747,5,0
qt,FP,753c744b23abfecad6463890dfdf6e97c7eeaa5c,counterfactual,,,,,4,0.8,0.8,-0.03249149349151868,0.10130087396803747,5,0
qt,FP,753c744b23abfecad6463890dfdf6e97c7eeaa5c,counterfactual,,,,,5,0.8,0.8,-0.03249149349151868,0.10130087396803747,5,0
qt,TP,a4f8b9ae6dfacf9ad5c190cde6098ebf13102f41,counterfactual,,,,,1,1.0,1.0,0.00884660351442761,0.10563243411461021,5,0
qt,TP,a4f8b9ae6dfacf9ad5c190cde6098ebf13102f41,counterfactual,,,,,2,1.0,1.0,0.00884660351442761,0.10563243411461018,5,0
qt,TP,a4f8b9ae6dfacf9ad5c190cde6098ebf13102f41,counterfactual,,,,,3,1.0,1.0,0.008846603514427598,0.10563243411461018,5,0
qt,TP,a4f8b9ae6dfacf9ad5c190cde6098ebf13102f41,counterfactual,,,,,4,1.0,1.0,0.00884660351442763,0.10563243411461017,5,0
qt,TP,a4f8b9ae6dfacf9ad5c190cde6098ebf13102f41,counterfactual,,,,,5,1.0,1.0,0.00884660351442762,0.10563243411461015,5,0
qt,TP,fca89004d75412dd378cc44ad79ed3c1e05c765b,counterfactual,,,,,1,1.0,0.8,-0.04402062128383205,0.08289683451159799,5,0
qt,TP,fca89004d75412dd378cc44ad79ed3c1e05c765b,counterfactual,,,,,2,1.0,0.8,-0.04402062128383207,0.082896834511598,5,0
qt,TP,fca89004d75412dd378cc44ad79ed3c1e05c765b,counterfactual,,,,,3,1.0,0.8,-0.044020621283832086,0.08289683451159797,5,0
qt,TP,fca89004d75412dd378cc44ad79ed3c1e05c765b,counterfactual,,,,,4,1.0,0.8,-0.04402062128383209,0.08289683451159799,5,0
qt,TP,fca89004d75412dd378cc44ad79ed3c1e05c765b,counterfactual,,,,,5,1.0,0.8,-0.044020621283832086,0.08289683451159802,5,0
qt,FP,3d3ce2afe1937531f5fdc2af56697e93133e6d98,kernelshap,,,,,1,1.0,0.8,-0.06961973557124565,0.06961973557124565,5,0
qt,FP,3d3ce2afe1937531f5fdc2af56697e93133e6d98,kernelshap,,,,,2,1.0,0.8,-0.06961973557124565,0.06961973557124565,5,0
qt,FP,3d3ce2afe1937531f5fdc2af56697e93133e6d98,kernelshap,,,,,3,1.0,0.8,-0.06961973557124568,0.06961973557124568,5,0
qt,FP,3d3ce2afe1937531f5fdc2af56697e93133e6d98,kernelshap,,,,,4,1.0,0.8,-0.06961973557124565,0.06961973557124565,5,0
qt,FP,3d3ce2afe1937531f5fdc2af56697e93133e6d98,kernelshap,,,,,5,1.0,0.8,-0.06961973557124565,0.06961973557124565,5,0
qt,TN,eb5994df1307b2e17e729374e1f7ab1c8fe82750,kernelshap,,,,,1,1.0,0.6,-0.05087854917875394,0.05087854917875394,5,0
qt,TN,eb5994df1307b2e17e729374e1f7ab1c8fe82750,kernelshap,,,,,2,1.0,0.6,-0.05087854917875394,0.05087854917875394,5,0
qt,TN,eb5994df1307b2e17e729374e1f7ab1c8fe82750,kernelshap,,,,,3,1.0,0.6,-0.050878549178753896,0.050878549178753896,5,0
qt,TN,eb5994df1307b2e17e729374e1f7ab1c8fe82750,kernelshap,,,,,4,1.0,0.6,-0.05087854917875394,0.05087854917875394,5,0
qt,TN,eb5994df1307b2e17e729374e1f7ab1c8fe82750,kernelshap,,,,,5,1.0,0.6,-0.050878549178753896,0.050878549178753896,5,0
qt,FN,2ad213cc02094e003802530757fa4010720a22e6,kernelshap,,,,,1,0.8,0.6,-0.021851712252806778,0.03937467914291217,5,0
qt,FN,2ad213cc02094e003802530757fa4010720a22e6,kernelshap,,,,,2,0.8,0.6,-0.021851712252806754,0.03937467914291215,5,0
qt,FN,2ad213cc02094e003802530757fa4010720a22e6,kernelshap,,,,,3,0.8,0.6,-0.021851712252806778,0.03937467914291217,5,0
qt,FN,2ad213cc02094e003802530757fa4010720a22e6,kernelshap,,,,,4,0.8,0.6,-0.021851712252806778,0.03937467914291217,5,0
qt,FN,2ad213cc02094e003802530757fa4010720a22e6,kernelshap,,,,,5,0.8,0.6,-0.021851712252806754,0.03937467914291215,5,0
qt,TP,256bbc4f139036a780a63b80af8bb461a77d333a,kernelshap,,,,,1,1.0,1.0,-0.12373434204382447,0.15595611075130747,5,0
qt,TP,256bbc4f139036a780a63b80af8bb461a77d333a,kernelshap,,,,,2,1.0,1.0,-0.12373434204382447,0.15595611075130747,5,0
qt,TP,256bbc4f139036a780a63b80af8bb461a77d333a,kernelshap,,,,,3,1.0,1.0,-0.12373434204382447,0.15595611075130747,5,0
qt,TP,256bbc4f139036a780a63b80af8bb461a77d333a,kernelshap,,,,,4,1.0,1.0,-0.12373434204382447,0.15595611075130747,5,0
qt,TP,256bbc4f139036a780a63b80af8bb461a77d333a,kernelshap,,,,,5,1.0,1.0,-0.15718940721674676,0.15718940721674676,5,0
qt,TP,ae292be8690109940fdd9862321b2389a0957404,kernelshap,,,,,1,1.0,1.0,-0.12573979178072758,0.21061654681840694,5,0
qt,TP,ae292be8690109940fdd9862321b2389a0957404,kernelshap,,,,,2,1.0,1.0,-0.12573979178072758,0.21061654681840694,5,0
qt,TP,ae292be8690109940fdd9862321b2389a0957404,kernelshap,,,,,3,1.0,1.0,-0.12573979178072758,0.21061654681840694,5,0
qt,TP,ae292be8690109940fdd9862321b2389a0957404,kernelshap,,,,,4,1.0,1.0,-0.12573979178072764,0.2106165468184069,5,0
qt,TP,ae292be8690109940fdd9862321b2389a0957404,kernelshap,,,,,5,1.0,1.0,-0.12573979178072764,0.2106165468184069,5,0
qt,FN,3786411f7f8770f28ba2a97cb646a0eb7a5eaa99,kernelshap,,,,,1,1.0,0.6,0.014730340171445033,0.049638712920757146,5,0
qt,FN,3786411f7f8770f28ba2a97cb646a0eb7a5eaa99,kernelshap,,,,,2,1.0,0.6,0.014730340171445122,0.049638712920757146,5,0
qt,FN,3786411f7f8770f28ba2a97cb646a0eb7a5eaa99,kernelshap,,,,,3,1.0,0.6,0.014730340171445122,0.04963871292075719,5,0
qt,FN,3786411f7f8770f28ba2a97cb646a0eb7a5eaa99,kernelshap,,,,,4,1.0,0.6,0.014730340171445056,0.04963871292075726,5,0
qt,FN,3786411f7f8770f28ba2a97cb646a0eb7a5eaa99,kernelshap,,,,,5,1.0,0.6,0.0147303401714451,0.049638712920757076,5,0
qt,FP,8835c0376befd009702b9a17c506639e31c842b9,kernelshap,,,,,1,1.0,0.8,-0.10683425402718705,0.15108357375507814,5,0
qt,FP,8835c0376befd009702b9a17c506639e31c842b9,kernelshap,,,,,2,1.0,1.0,-0.12601529973218237,0.17026461946007343,5,0
qt,FP,8835c0376befd009702b9a17c506639e31c842b9,kernelshap,,,,,3,1.0,0.8,-0.10683425402718705,0.15108357375507814,5,0
qt,FP,8835c0376befd009702b9a17c506639e31c842b9,kernelshap,,,,,4,1.0,1.0,-0.12601529973218237,0.17026461946007346,5,0
qt,FP,8835c0376befd009702b9a17c506639e31c842b9,kernelshap,,,,,5,1.0,0.8,-0.15333163315643314,0.15333163315643314,5,0
qt,FN,9e99dba4a22bbf212b3e6d1e2607a16dbbd04d90,kernelshap,,,,,1,0.6,0.8,0.0740221255560511,0.08135569198961767,5,0
qt,FN,9e99dba4a22bbf212b3e6d1e2607a16dbbd04d90,kernelshap,,,,,2,0.6,0.8,0.07402212555605112,0.0813556919896177,5,0
qt,FN,9e99dba4a22bbf212b3e6d1e2607a16dbbd04d90,kernelshap,,,,,3,0.6,0.8,0.07402212555605107,0.08135569198961765,5,0
qt,FN,9e99dba4a22bbf212b3e6d1e2607a16dbbd04d90,kernelshap,,,,,4,0.6,0.8,0.07402212555605112,0.0813556919896177,5,0
qt,FN,9e99dba4a22bbf212b3e6d1e2607a16dbbd04d90,kernelshap,,,,,5,0.6,0.8,0.07402212555605112,0.0813556919896177,5,0
qt,FN,f506e01665c9bf689887ccf057a03588829efeea,kernelshap,,,,,1,1.0,0.8,-0.05105492766484585,0.05929468902393507,5,0
qt,FN,f506e01665c9bf689887ccf057a03588829efeea,kernelshap,,,,,2,1.0,0.8,-0.05105492766484585,0.05929468902393507,5,0
qt,FN,f506e01665c9bf689887ccf057a03588829efeea,kernelshap,,,,,3,1.0,0.8,-0.05105492766484585,0.05929468902393507,5,0
qt,FN,f506e01665c9bf689887ccf057a03588829efeea,kernelshap,,,,,4,1.0,0.8,-0.05105492766484585,0.05929468902393507,5,0
qt,FN,f506e01665c9bf689887ccf057a03588829efeea,kernelshap,,,,,5,1.0,0.8,-0.05105492766484585,0.05929468902393507,5,0
qt,TP,fa7626713b3a943609453459190e16c49d61dfd3,kernelshap,,,,,1,1.0,0.8,-0.09340045240292397,0.09340045240292397,5,0
qt,TP,fa7626713b3a943609453459190e16c49d61dfd3,kernelshap,,,,,2,1.0,0.8,-0.09340045240292393,0.09340045240292393,5,0
qt,TP,fa7626713b3a943609453459190e16c49d61dfd3,kernelshap,,,,,3,1.0,0.8,-0.09340045240292394,0.09340045240292394,5,0
qt,TP,fa7626713b3a943609453459190e16c49d61dfd3,kernelshap,,,,,4,1.0,0.8,-0.09340045240292395,0.09340045240292395,5,0
qt,TP,fa7626713b3a943609453459190e16c49d61dfd3,kernelshap,,,,,5,1.0,0.8,-0.09340045240292394,0.09340045240292394,5,0
qt,FP,093064fdeb6e777d2dc88dbb4f4adb8fddac3aa5,kernelshap,,,,,1,1.0,1.0,-0.2745257621015512,0.2745257621015512,5,0
qt,FP,093064fdeb6e777d2dc88dbb4f4adb8fddac3aa5,kernelshap,,,,,2,1.0,1.0,-0.28675814995179616,0.28675814995179616,5,0
qt,FP,093064fdeb6e777d2dc88dbb4f4adb8fddac3aa5,kernelshap,,,,,3,1.0,1.0,-0.28675814995179616,0.28675814995179616,5,0
qt,FP,093064fdeb6e777d2dc88dbb4f4adb8fddac3aa5,kernelshap,,,,,4,1.0,1.0,-0.28675814995179616,0.28675814995179616,5,0
qt,FP,093064fdeb6e777d2dc88dbb4f4adb8fddac3aa5,kernelshap,,,,,5,1.0,1.0,-0.28675814995179616,0.28675814995179616,5,0
qt,TP,da8ace713a19d2a8c9831ddf50d17607bc4856cc,kernelshap,,,,,1,1.0,1.0,-0.14854864615698898,0.14854864615698898,5,0
qt,TP,da8ace713a19d2a8c9831ddf50d17607bc4856cc,kernelshap,,,,,2,1.0,1.0,-0.14854864615698898,0.14854864615698898,5,0
qt,TP,da8ace713a19d2a8c9831ddf50d17607bc4856cc,kernelshap,,,,,3,1.0,1.0,-0.14854864615698898,0.14854864615698898,5,0
qt,TP,da8ace713a19d2a8c9831ddf50d17607bc4856cc,kernelshap,,,,,4,1.0,1.0,-0.14854864615698896,0.14854864615698896,5,0
qt,TP,da8ace713a19d2a8c9831ddf50d17607bc4856cc,kernelshap,,,,,5,1.0,1.0,-0.14932388413375247,0.14932388413375247,5,0
qt,FP,08cfd02312d21391c956b8bf50ab7d6caa0d8082,kernelshap,,,,,1,0.8,1.0,-0.12471281510758692,0.12471281510758692,5,0
qt,FP,08cfd02312d21391c956b8bf50ab7d6caa0d8082,kernelshap,,,,,2,0.8,1.0,-0.12471281510758692,0.12471281510758692,5,0
qt,FP,08cfd02312d21391c956b8bf50ab7d6caa0d8082,kernelshap,,,,,3,0.8,1.0,-0.12471281510758692,0.12471281510758692,5,0
qt,FP,08cfd02312d21391c956b8bf50ab7d6caa0d8082,kernelshap,,,,,4,0.8,1.0,-0.12471281510758692,0.12471281510758692,5,0
qt,FP,08cfd02312d21391c956b8bf50ab7d6caa0d8082,kernelshap,,,,,5,0.8,1.0,-0.12471281510758692,0.12471281510758692,5,0
qt,FP,a02b371eb2f34bf198c95cf0caa1fbad639f96bb,kernelshap,,,,,1,1.0,0.8,-0.0833173241270457,0.0833173241270457,5,0
qt,FP,a02b371eb2f34bf198c95cf0caa1fbad639f96bb,kernelshap,,,,,2,1.0,0.8,-0.08331732412704569,0.08331732412704569,5,0
qt,FP,a02b371eb2f34bf198c95cf0caa1fbad639f96bb,kernelshap,,,,,3,1.0,0.8,-0.08331732412704568,0.08331732412704568,5,0
qt,FP,a02b371eb2f34bf198c95cf0caa1fbad639f96bb,kernelshap,,,,,4,1.0,0.8,-0.06217200634958513,0.08021078661693673,5,0
qt,FP,a02b371eb2f34bf198c95cf0caa1fbad639f96bb,kernelshap,,,,,5,1.0,0.8,-0.0621720063495851,0.08021078661693669,5,0
qt,TN,5cb54cb5ebae99fab121061e25e26eec3056203a,kernelshap,,,,,1,1.0,0.8,0.044277520175300934,0.06929428134425149,5,0
qt,TN,5cb54cb5ebae99fab121061e25e26eec3056203a,kernelshap,,,,,2,1.0,0.8,0.044277520175300865,0.06929428134425146,5,0
qt,TN,5cb54cb5ebae99fab121061e25e26eec3056203a,kernelshap,,,,,3,1.0,0.6,0.058819693098942215,0.0663524799788765,5,0
qt,TN,5cb54cb5ebae99fab121061e25e26eec3056203a,kernelshap,,,,,4,1.0,0.8,0.044277520175300865,0.06929428134425142,5,0
qt,TN,5cb54cb5ebae99fab121061e25e26eec3056203a,kernelshap,,,,,5,1.0,0.6,0.058819693098942215,0.0663524799788765,5,0
qt,TN,9a50333dd03969abb3f09c0f90dcb4afd048e47a,kernelshap,,,,,1,0.8,1.0,-0.0744315650095884,0.08722363911443845,5,0
qt,TN,9a50333dd03969abb3f09c0f90dcb4afd048e47a,kernelshap,,,,,2,0.8,0.8,-0.0646420762248013,0.07743415032965133,5,0
qt,TN,9a50333dd03969abb3f09c0f90dcb4afd048e47a,kernelshap,,,,,3,0.8,0.8,-0.06464207622480127,0.07743415032965131,5,0
qt,TN,9a50333dd03969abb3f09c0f90dcb4afd048e47a,kernelshap,,,,,4,0.8,0.8,-0.06464207622480131,0.07743415032965136,5,0
qt,TN,9a50333dd03969abb3f09c0f90dcb4afd048e47a,kernelshap,,,,,5,0.8,1.0,-0.07443156500958836,0.0872236391144384,5,0
qt,FN,18f7e6dc9f59159b70cb7e6a8745738f42d4f46f,kernelshap,,,,,1,1.0,1.0,0.07535202334659838,0.1091068801365723,5,0
qt,FN,18f7e6dc9f59159b70cb7e6a8745738f42d4f46f,kernelshap,,,,,2,1.0,0.8,0.08995110890647566,0.09450779457669498,5,0
qt,FN,18f7e6dc9f59159b70cb7e6a8745738f42d4f46f,kernelshap,,,,,3,1.0,0.8,0.08995110890647566,0.09450779457669498,5,0
qt,FN,18f7e6dc9f59159b70cb7e6a8745738f42d4f46f,kernelshap,,,,,4,1.0,1.0,0.07535202334659838,0.10910688013657226,5,0
qt,FN,18f7e6dc9f59159b70cb7e6a8745738f42d4f46f,kernelshap,,,,,5,1.0,0.8,0.08995110890647569,0.094507794576695,5,0
qt,TP,d31304eab9e7424edc20fb83a8a19cd979458029,kernelshap,,,,,1,0.8,0.8,0.0015255517941441033,0.10485881621879517,5,0
qt,TP,d31304eab9e7424edc20fb83a8a19cd979458029,kernelshap,,,,,2,0.8,0.8,0.0015255517941441033,0.10485881621879517,5,0
qt,TP,d31304eab9e7424edc20fb83a8a19cd979458029,kernelshap,,,,,3,0.8,0.8,0.001525551794144092,0.10485881621879516,5,0
qt,TP,d31304eab9e7424edc20fb83a8a19cd979458029,kernelshap,,,,,4,0.8,0.8,0.0015255517941441033,0.10485881621879517,5,0
qt,TP,d31304eab9e7424edc20fb83a8a19cd979458029,kernelshap,,,,,5,0.8,0.8,0.0015255517941441033,0.10485881621879517,5,0
qt,TN,bd79c331f14e6cfab9e0b5815404c8194526e8f1,kernelshap,,,,,1,1.0,1.0,-0.017359474436734957,0.06037313144094778,5,0
qt,TN,bd79c331f14e6cfab9e0b5815404c8194526e8f1,kernelshap,,,,,2,1.0,1.0,-0.017359474436734912,0.06037313144094773,5,0
qt,TN,bd79c331f14e6cfab9e0b5815404c8194526e8f1,kernelshap,,,,,3,1.0,1.0,-0.017359474436734912,0.06037313144094773,5,0
qt,TN,bd79c331f14e6cfab9e0b5815404c8194526e8f1,kernelshap,,,,,4,1.0,1.0,-0.017359474436734957,0.06037313144094778,5,0
qt,TN,bd79c331f14e6cfab9e0b5815404c8194526e8f1,kernelshap,,,,,5,1.0,1.0,-0.017359474436734912,0.06037313144094773,5,0
qt,TN,67ee72f3145fd14b36af408918ed3420504d3035,kernelshap,,,,,1,1.0,0.8,-0.036061890600705526,0.07055240750676864,5,0
qt,TN,67ee72f3145fd14b36af408918ed3420504d3035,kernelshap,,,,,2,1.0,0.8,-0.032566459161396534,0.06705697606745964,5,0
qt,TN,67ee72f3145fd14b36af408918ed3420504d3035,kernelshap,,,,,3,1.0,0.8,-0.03606189060070557,0.07055240750676868,5,0
qt,TN,67ee72f3145fd14b36af408918ed3420504d3035,kernelshap,,,,,4,1.0,0.8,-0.036061890600705596,0.07055240750676865,5,0
qt,TN,67ee72f3145fd14b36af408918ed3420504d3035,kernelshap,,,,,5,1.0,0.8,-0.036061890600705505,0.07055240750676861,5,0
qt,FN,67ced4791ddabebfa19a2f101aa292b5eba60b90,kernelshap,,,,,1,1.0,1.0,0.043865186077374975,0.07755742700171683,5,0
qt,FN,67ced4791ddabebfa19a2f101aa292b5eba60b90,kernelshap,,,,,2,1.0,1.0,0.043865186077374975,0.07755742700171683,5,0
qt,FN,67ced4791ddabebfa19a2f101aa292b5eba60b90,kernelshap,,,,,3,1.0,1.0,0.043865186077374975,0.07755742700171683,5,0
qt,FN,67ced4791ddabebfa19a2f101aa292b5eba60b90,kernelshap,,,,,4,1.0,1.0,0.043865186077374975,0.07755742700171683,5,0
qt,FN,67ced4791ddabebfa19a2f101aa292b5eba60b90,kernelshap,,,,,5,1.0,1.0,0.043865186077374975,0.07755742700171683,5,0
qt,FP,86d91d2bf8e7ac7a75f88f0e4886140abc06fd4c,kernelshap,,,,,1,1.0,0.8,-0.12839330350139128,0.20032702392367863,5,0
qt,FP,86d91d2bf8e7ac7a75f88f0e4886140abc06fd4c,kernelshap,,,,,2,1.0,0.8,-0.12839330350139128,0.20032702392367863,5,0
qt,FP,86d91d2bf8e7ac7a75f88f0e4886140abc06fd4c,kernelshap,,,,,3,1.0,0.8,-0.12839330350139128,0.20032702392367863,5,0
qt,FP,86d91d2bf8e7ac7a75f88f0e4886140abc06fd4c,kernelshap,,,,,4,1.0,0.8,-0.12839330350139128,0.20032702392367863,5,0
qt,FP,86d91d2bf8e7ac7a75f88f0e4886140abc06fd4c,kernelshap,,,,,5,1.0,0.8,-0.12839330350139128,0.20032702392367863,5,0
qt,TN,121cdbdd30de1bee58e349859409dd08865c17f5,kernelshap,,,,,1,1.0,0.6,-0.02146478871268793,0.044808445314084455,5,0
qt,TN,121cdbdd30de1bee58e349859409dd08865c17f5,kernelshap,,,,,2,1.0,0.6,-0.021464788712687886,0.044808445314084414,5,0
qt,TN,121cdbdd30de1bee58e349859409dd08865c17f5,kernelshap,,,,,3,1.0,0.6,-0.021464788712687977,0.044808445314084414,5,0
qt,TN,121cdbdd30de1bee58e349859409dd08865c17f5,kernelshap,,,,,4,1.0,0.6,-0.02146478871268793,0.044808445314084455,5,0
qt,TN,121cdbdd30de1bee58e349859409dd08865c17f5,kernelshap,,,,,5,1.0,0.6,-0.021464788712687886,0.044808445314084414,5,0
qt,TP,9bd30943bae136d28d42b9a9188a8586c963d461,kernelshap,,,,,1,0.8,0.6,-0.06463761254692188,0.07051887126314302,5,0
qt,TP,9bd30943bae136d28d42b9a9188a8586c963d461,kernelshap,,,,,2,0.8,0.6,-0.06463761254692188,0.07051887126314302,5,0
qt,TP,9bd30943bae136d28d42b9a9188a8586c963d461,kernelshap,,,,,3,0.8,0.6,-0.06463761254692188,0.07051887126314302,5,0
qt,TP,9bd30943bae136d28d42b9a9188a8586c963d461,kernelshap,,,,,4,0.8,0.6,-0.06463761254692188,0.07051887126314302,5,0
qt,TP,9bd30943bae136d28d42b9a9188a8586c963d461,kernelshap,,,,,5,0.8,0.6,-0.06463761254692188,0.07051887126314302,5,0
qt,FN,ac48071b185d17022d48c6379a2549ac2736cb8c,kernelshap,,,,,1,1.0,1.0,-0.07978231541517386,0.07978231541517386,5,0
qt,FN,ac48071b185d17022d48c6379a2549ac2736cb8c,kernelshap,,,,,2,1.0,1.0,-0.07978231541517386,0.07978231541517386,5,0
qt,FN,ac48071b185d17022d48c6379a2549ac2736cb8c,kernelshap,,,,,3,1.0,1.0,-0.07978231541517386,0.07978231541517386,5,0
qt,FN,ac48071b185d17022d48c6379a2549ac2736cb8c,kernelshap,,,,,4,1.0,1.0,-0.07978231541517386,0.07978231541517386,5,0
qt,FN,ac48071b185d17022d48c6379a2549ac2736cb8c,kernelshap,,,,,5,1.0,1.0,-0.07978231541517382,0.07978231541517382,5,0
qt,TN,fc2f0fb39008f95133f6fd24662fe92195431808,kernelshap,,,,,1,0.8,0.6,-0.05760235645162992,0.06849846034773384,5,0
qt,TN,fc2f0fb39008f95133f6fd24662fe92195431808,kernelshap,,,,,2,0.8,0.6,-0.05760235645162992,0.06849846034773384,5,0
qt,TN,fc2f0fb39008f95133f6fd24662fe92195431808,kernelshap,,,,,3,0.8,0.6,-0.0576023564516299,0.06849846034773381,5,0
qt,TN,fc2f0fb39008f95133f6fd24662fe92195431808,kernelshap,,,,,4,0.8,0.6,-0.05760235645162992,0.06849846034773384,5,0
qt,TN,fc2f0fb39008f95133f6fd24662fe92195431808,kernelshap,,,,,5,0.8,0.6,-0.05760235645162994,0.06849846034773385,5,0
qt,FP,41ae544c40e0568bd627a992a23b8c8f8f5cc27d,kernelshap,,,,,1,1.0,1.0,-0.17535143431412004,0.17535143431412004,5,0
qt,FP,41ae544c40e0568bd627a992a23b8c8f8f5cc27d,kernelshap,,,,,2,1.0,1.0,-0.17535143431412004,0.17535143431412004,5,0
qt,FP,41ae544c40e0568bd627a992a23b8c8f8f5cc27d,kernelshap,,,,,3,1.0,1.0,-0.17535143431412004,0.17535143431412004,5,0
qt,FP,41ae544c40e0568bd627a992a23b8c8f8f5cc27d,kernelshap,,,,,4,1.0,1.0,-0.17535143431412004,0.17535143431412004,5,0
qt,FP,41ae544c40e0568bd627a992a23b8c8f8f5cc27d,kernelshap,,,,,5,1.0,1.0,-0.17535143431412004,0.17535143431412004,5,0
qt,FN,895cb4681ee78caaf9b99c88390a74ff1d79ae61,kernelshap,,,,,1,1.0,0.8,0.011917664408206652,0.09476634632548568,5,0
qt,FN,895cb4681ee78caaf9b99c88390a74ff1d79ae61,kernelshap,,,,,2,1.0,0.8,0.011917664408206675,0.09476634632548567,5,0
qt,FN,895cb4681ee78caaf9b99c88390a74ff1d79ae61,kernelshap,,,,,3,1.0,0.8,0.011917664408206607,0.0947663463254856,5,0
qt,FN,895cb4681ee78caaf9b99c88390a74ff1d79ae61,kernelshap,,,,,4,1.0,0.8,0.01191766440820663,0.09476634632548567,5,0
qt,FN,895cb4681ee78caaf9b99c88390a74ff1d79ae61,kernelshap,,,,,5,1.0,0.8,0.011917664408206652,0.09476634632548564,5,0
qt,TP,dfda6f14b3e210a33b71ef1c6fa3c75a9c866cce,kernelshap,,,,,1,1.0,0.8,-0.06520532418615038,0.06520532418615038,5,0
qt,TP,dfda6f14b3e210a33b71ef1c6fa3c75a9c866cce,kernelshap,,,,,2,1.0,0.8,-0.06520532418615035,0.06520532418615035,5,0
qt,TP,dfda6f14b3e210a33b71ef1c6fa3c75a9c866cce,kernelshap,,,,,3,1.0,0.8,-0.06520532418615035,0.06520532418615035,5,0
qt,TP,dfda6f14b3e210a33b71ef1c6fa3c75a9c866cce,kernelshap,,,,,4,1.0,0.8,-0.06520532418615038,0.06520532418615038,5,0
qt,TP,dfda6f14b3e210a33b71ef1c6fa3c75a9c866cce,kernelshap,,,,,5,1.0,0.8,-0.06520532418615035,0.06520532418615035,5,0
qt,TN,9b3d91237bf38492fd97457624d4cb5cd486bd56,kernelshap,,,,,1,1.0,0.8,-0.06351631794860073,0.06351631794860073,5,0
qt,TN,9b3d91237bf38492fd97457624d4cb5cd486bd56,kernelshap,,,,,2,1.0,0.8,-0.0635163179486008,0.0635163179486008,5,0
qt,TN,9b3d91237bf38492fd97457624d4cb5cd486bd56,kernelshap,,,,,3,1.0,0.8,-0.06351631794860077,0.06351631794860077,5,0
qt,TN,9b3d91237bf38492fd97457624d4cb5cd486bd56,kernelshap,,,,,4,1.0,0.8,-0.06351631794860073,0.06351631794860073,5,0
qt,TN,9b3d91237bf38492fd97457624d4cb5cd486bd56,kernelshap,,,,,5,1.0,0.8,-0.06351631794860076,0.06351631794860076,5,0
qt,TN,2831fa76655c614ed3df0816401514950e79b5e6,kernelshap,,,,,1,0.4,0.0,0.00022643447924004524,0.01503525845450444,5,0
qt,TN,2831fa76655c614ed3df0816401514950e79b5e6,kernelshap,,,,,2,0.4,0.0,0.00022643447924008964,0.015035258454504485,5,0
qt,TN,2831fa76655c614ed3df0816401514950e79b5e6,kernelshap,,,,,3,0.4,0.0,0.00022643447924013403,0.01503525845450453,5,0
qt,TN,2831fa76655c614ed3df0816401514950e79b5e6,kernelshap,,,,,4,0.4,0.0,0.00022643447924015626,0.015035258454504551,5,0
qt,TN,2831fa76655c614ed3df0816401514950e79b5e6,kernelshap,,,,,5,0.4,0.0,0.00022643447924006744,0.015035258454504463,5,0
qt,FN,d8782b0cc680f09d605133bd37a44d290894c01e,kernelshap,,,,,1,1.0,0.8,-0.05163005020472553,0.05163005020472553,5,0
qt,FN,d8782b0cc680f09d605133bd37a44d290894c01e,kernelshap,,,,,2,1.0,0.8,-0.05163005020472551,0.05163005020472551,5,0
qt,FN,d8782b0cc680f09d605133bd37a44d290894c01e,kernelshap,,,,,3,1.0,0.8,-0.05163005020472551,0.05163005020472551,5,0
qt,FN,d8782b0cc680f09d605133bd37a44d290894c01e,kernelshap,,,,,4,1.0,0.8,-0.05163005020472551,0.05163005020472551,5,0
qt,FN,d8782b0cc680f09d605133bd37a44d290894c01e,kernelshap,,,,,5,1.0,0.8,-0.050868888868857584,0.050868888868857584,5,0
qt,TP,5dd76ba31c3c7cb9c0d9d97cd62f0d2f535a23f7,kernelshap,,,,,1,1.0,1.0,-0.08013224733671721,0.11545867091314076,5,0
qt,TP,5dd76ba31c3c7cb9c0d9d97cd62f0d2f535a23f7,kernelshap,,,,,2,1.0,1.0,-0.08013224733671721,0.11545867091314076,5,0
qt,TP,5dd76ba31c3c7cb9c0d9d97cd62f0d2f535a23f7,kernelshap,,,,,3,1.0,1.0,-0.08013224733671721,0.11545867091314076,5,0
qt,TP,5dd76ba31c3c7cb9c0d9d97cd62f0d2f535a23f7,kernelshap,,,,,4,1.0,1.0,-0.0801322473367172,0.11545867091314074,5,0
qt,TP,5dd76ba31c3c7cb9c0d9d97cd62f0d2f535a23f7,kernelshap,,,,,5,1.0,1.0,-0.08013224733671721,0.11545867091314076,5,0
qt,FP,237c867a002c8035aac7ff8a870da717eb7b0878,kernelshap,,,,,1,1.0,1.0,-0.10404365558516375,0.10404365558516375,5,0
qt,FP,237c867a002c8035aac7ff8a870da717eb7b0878,kernelshap,,,,,2,1.0,1.0,-0.10404365558516378,0.10404365558516378,5,0
qt,FP,237c867a002c8035aac7ff8a870da717eb7b0878,kernelshap,,,,,3,1.0,1.0,-0.10404365558516378,0.10404365558516378,5,0
qt,FP,237c867a002c8035aac7ff8a870da717eb7b0878,kernelshap,,,,,4,1.0,1.0,-0.10404365558516375,0.10404365558516375,5,0
qt,FP,237c867a002c8035aac7ff8a870da717eb7b0878,kernelshap,,,,,5,1.0,1.0,-0.10404365558516376,0.10404365558516376,5,0
qt,TN,f3ca13f3d12f52c60f4cd41d0b336c24a8d3359d,kernelshap,,,,,1,1.0,0.6,-0.041103229029345226,0.05251621943885214,5,0
qt,TN,f3ca13f3d12f52c60f4cd41d0b336c24a8d3359d,kernelshap,,,,,2,1.0,0.6,-0.041103229029345226,0.05251621943885214,5,0
qt,TN,f3ca13f3d12f52c60f4cd41d0b336c24a8d3359d,kernelshap,,,,,3,1.0,0.6,-0.04110322902934518,0.05251621943885219,5,0
qt,TN,f3ca13f3d12f52c60f4cd41d0b336c24a8d3359d,kernelshap,,,,,4,1.0,0.8,-0.05452088527727215,0.06593387568677915,5,0
qt,TN,f3ca13f3d12f52c60f4cd41d0b336c24a8d3359d,kernelshap,,,,,5,1.0,0.8,-0.05452088527727217,0.06593387568677918,5,0
qt,TP,267edbec198a0cedbf7bed4c3c5fa93c1dbc86bd,kernelshap,,,,,1,1.0,1.0,-0.0333997898570544,0.09781856120070406,5,0
qt,TP,267edbec198a0cedbf7bed4c3c5fa93c1dbc86bd,kernelshap,,,,,2,1.0,1.0,-0.0333997898570544,0.09781856120070406,5,0
qt,TP,267edbec198a0cedbf7bed4c3c5fa93c1dbc86bd,kernelshap,,,,,3,1.0,1.0,-0.03339978985705439,0.09781856120070405,5,0
qt,TP,267edbec198a0cedbf7bed4c3c5fa93c1dbc86bd,kernelshap,,,,,4,1.0,1.0,-0.03339978985705439,0.09781856120070405,5,0
qt,TP,267edbec198a0cedbf7bed4c3c5fa93c1dbc86bd,kernelshap,,,,,5,1.0,1.0,-0.03339978985705438,0.09781856120070404,5,0
qt,TN,e3b7957d6552e88aa23bd0ecc474db5f14981707,kernelshap,,,,,1,0.6,0.4,-0.01616607800929375,0.027387353137626323,5,0
qt,TN,e3b7957d6552e88aa23bd0ecc474db5f14981707,kernelshap,,,,,2,0.6,0.4,-0.016166078009293684,0.027387353137626348,5,0
qt,TN,e3b7957d6552e88aa23bd0ecc474db5f14981707,kernelshap,,,,,3,0.6,0.4,-0.01616607800929366,0.027387353137626323,5,0
qt,TN,e3b7957d6552e88aa23bd0ecc474db5f14981707,kernelshap,,,,,4,0.6,0.4,-0.016166078009293726,0.027387353137626302,5,0
qt,TN,e3b7957d6552e88aa23bd0ecc474db5f14981707,kernelshap,,,,,5,0.6,0.4,-0.016166078009293726,0.027387353137626302,5,0
qt,FP,571b11d41c9dadd5ef11e4e954c16c5ca39d718e,kernelshap,,,,,1,0.8,0.8,-0.08476005588004569,0.08476005588004569,5,0
qt,FP,571b11d41c9dadd5ef11e4e954c16c5ca39d718e,kernelshap,,,,,2,1.0,1.0,-0.09687606810078096,0.09687606810078096,5,0
qt,FP,571b11d41c9dadd5ef11e4e954c16c5ca39d718e,kernelshap,,,,,3,1.0,1.0,-0.09687606810078096,0.09687606810078096,5,0
qt,FP,571b11d41c9dadd5ef11e4e954c16c5ca39d718e,kernelshap,,,,,4,1.0,1.0,-0.09687606810078095,0.09687606810078095,5,0
qt,FP,571b11d41c9dadd5ef11e4e954c16c5ca39d718e,kernelshap,,,,,5,1.0,1.0,-0.09687606810078095,0.09687606810078095,5,0
qt,FN,8cf186cc7c56144b02d5b40d8f4832ff3021e68a,kernelshap,,,,,1,1.0,1.0,-0.08362259912120629,0.08362259912120629,5,0
qt,FN,8cf186cc7c56144b02d5b40d8f4832ff3021e68a,kernelshap,,,,,2,1.0,1.0,-0.08813251121841084,0.08813251121841084,5,0
qt,FN,8cf186cc7c56144b02d5b40d8f4832ff3021e68a,kernelshap,,,,,3,1.0,1.0,-0.08813251121841079,0.08813251121841079,5,0
qt,FN,8cf186cc7c56144b02d5b40d8f4832ff3021e68a,kernelshap,,,,,4,1.0,1.0,-0.08362259912120633,0.08362259912120633,5,0
qt,FN,8cf186cc7c56144b02d5b40d8f4832ff3021e68a,kernelshap,,,,,5,1.0,1.0,-0.08362259912120637,0.08362259912120637,5,0
qt,FP,02b7ec05d5713aec67577cebc18e5906b5a98598,kernelshap,,,,,1,1.0,1.0,-0.07595113480588739,0.11781691243509206,5,0
qt,FP,02b7ec05d5713aec67577cebc18e5906b5a98598,kernelshap,,,,,2,1.0,1.0,-0.07595113480588736,0.11781691243509206,5,0
qt,FP,02b7ec05d5713aec67577cebc18e5906b5a98598,kernelshap,,,,,3,1.0,1.0,-0.07595113480588737,0.11781691243509207,5,0
qt,FP,02b7ec05d5713aec67577cebc18e5906b5a98598,kernelshap,,,,,4,1.0,1.0,-0.07595113480588742,0.11781691243509208,5,0
qt,FP,02b7ec05d5713aec67577cebc18e5906b5a98598,kernelshap,,,,,5,1.0,1.0,-0.07595113480588739,0.11781691243509206,5,0
qt,TN,88a8deea86fe69448ca1586c2ee567a53dee1008,kernelshap,,,,,1,1.0,0.4,-0.04399161058115009,0.04399161058115009,5,0
qt,TN,88a8deea86fe69448ca1586c2ee567a53dee1008,kernelshap,,,,,2,1.0,0.4,-0.043991610581150045,0.043991610581150045,5,0
qt,TN,88a8deea86fe69448ca1586c2ee567a53dee1008,kernelshap,,,,,3,1.0,0.4,-0.04399161058115011,0.04399161058115011,5,0
qt,TN,88a8deea86fe69448ca1586c2ee567a53dee1008,kernelshap,,,,,4,1.0,0.4,-0.043991610581150156,0.043991610581150156,5,0
qt,TN,88a8deea86fe69448ca1586c2ee567a53dee1008,kernelshap,,,,,5,1.0,0.4,-0.04399161058115013,0.04399161058115013,5,0
qt,FP,1af927976ac953f922e35d71a16a32d328bb2efd,kernelshap,,,,,1,0.6,0.4,-0.036093200586735506,0.037919324462859394,5,0
qt,FP,1af927976ac953f922e35d71a16a32d328bb2efd,kernelshap,,,,,2,0.6,0.4,-0.0360932005867355,0.03791932446285938,5,0
qt,FP,1af927976ac953f922e35d71a16a32d328bb2efd,kernelshap,,,,,3,0.6,0.4,-0.036093200586735485,0.03791932446285937,5,0
qt,FP,1af927976ac953f922e35d71a16a32d328bb2efd,kernelshap,,,,,4,0.8,0.4,-0.03973401810255304,0.0415601419786769,5,0
qt,FP,1af927976ac953f922e35d71a16a32d328bb2efd,kernelshap,,,,,5,0.8,0.4,-0.039734018102553025,0.04156014197867691,5,0
qt,FN,eaa54a8f9884652513c7c3ab489f31ff1e5d712c,kernelshap,,,,,1,1.0,0.6,0.0029014299425273115,0.039281491952859016,5,0
qt,FN,eaa54a8f9884652513c7c3ab489f31ff1e5d712c,kernelshap,,,,,2,1.0,0.6,0.002901429942527356,0.039281491952858974,5,0
qt,FN,eaa54a8f9884652513c7c3ab489f31ff1e5d712c,kernelshap,,,,,3,1.0,0.6,0.0029014299425273783,0.039281491952858946,5,0
qt,FN,eaa54a8f9884652513c7c3ab489f31ff1e5d712c,kernelshap,,,,,4,1.0,0.6,0.0029014299425274004,0.039281491952858974,5,0
qt,FN,eaa54a8f9884652513c7c3ab489f31ff1e5d712c,kernelshap,,,,,5,1.0,0.6,0.002901429942527356,0.039281491952858974,5,0
qt,TP,9d23aebb271ea534a66cb3aceb2e63d9a1c870d6,kernelshap,,,,,1,1.0,1.0,-0.2564140278833881,0.2564140278833881,5,0
qt,TP,9d23aebb271ea534a66cb3aceb2e63d9a1c870d6,kernelshap,,,,,2,1.0,1.0,-0.25641402788338813,0.25641402788338813,5,0
qt,TP,9d23aebb271ea534a66cb3aceb2e63d9a1c870d6,kernelshap,,,,,3,1.0,1.0,-0.25641402788338813,0.25641402788338813,5,0
qt,TP,9d23aebb271ea534a66cb3aceb2e63d9a1c870d6,kernelshap,,,,,4,1.0,1.0,-0.25641402788338813,0.25641402788338813,5,0
qt,TP,9d23aebb271ea534a66cb3aceb2e63d9a1c870d6,kernelshap,,,,,5,1.0,1.0,-0.25641402788338813,0.25641402788338813,5,0
qt,FN,4e3917587b11432d2d892f5146b367de2a3e4864,kernelshap,,,,,1,1.0,0.8,-0.08757923404114613,0.08757923404114613,5,0
qt,FN,4e3917587b11432d2d892f5146b367de2a3e4864,kernelshap,,,,,2,1.0,0.8,-0.08205650487009693,0.08205650487009693,5,0
qt,FN,4e3917587b11432d2d892f5146b367de2a3e4864,kernelshap,,,,,3,1.0,1.0,-0.09188045925747826,0.09188045925747826,5,0
qt,FN,4e3917587b11432d2d892f5146b367de2a3e4864,kernelshap,,,,,4,1.0,1.0,-0.09090499680218603,0.09090499680218603,5,0
qt,FN,4e3917587b11432d2d892f5146b367de2a3e4864,kernelshap,,,,,5,1.0,0.8,-0.08205650487009689,0.08205650487009689,5,0
qt,TN,bcf1167ccb52341d72e6e2921077d2244803ee8d,kernelshap,,,,,1,1.0,1.0,0.06785924931295029,0.0860230494902843,5,0
qt,TN,bcf1167ccb52341d72e6e2921077d2244803ee8d,kernelshap,,,,,2,1.0,1.0,0.06785924931295031,0.08602304949028432,5,0
qt,TN,bcf1167ccb52341d72e6e2921077d2244803ee8d,kernelshap,,,,,3,1.0,1.0,0.06785924931295022,0.08602304949028423,5,0
qt,TN,bcf1167ccb52341d72e6e2921077d2244803ee8d,kernelshap,,,,,4,1.0,1.0,0.06785924931295036,0.08602304949028436,5,0
qt,TN,bcf1167ccb52341d72e6e2921077d2244803ee8d,kernelshap,,,,,5,1.0,1.0,0.06785924931295036,0.08602304949028436,5,0
qt,TN,3e379bcc799edb6a78bc8cea093a278dbe32f33c,kernelshap,,,,,1,1.0,0.6,-0.0409160957220021,0.053707591002482236,5,0
qt,TN,3e379bcc799edb6a78bc8cea093a278dbe32f33c,kernelshap,,,,,2,1.0,0.6,-0.040916095722002055,0.053707591002482236,5,0
qt,TN,3e379bcc799edb6a78bc8cea093a278dbe32f33c,kernelshap,,,,,3,1.0,0.6,-0.040916095722002055,0.053707591002482194,5,0
qt,TN,3e379bcc799edb6a78bc8cea093a278dbe32f33c,kernelshap,,,,,4,1.0,0.6,-0.0409160957220021,0.053707591002482236,5,0
qt,TN,3e379bcc799edb6a78bc8cea093a278dbe32f33c,kernelshap,,,,,5,1.0,0.6,-0.046077575760449976,0.05319638620540916,5,0
qt,TN,4ebc2cf74e557b65a8ce1dc518ca92f399ce89e8,kernelshap,,,,,1,1.0,0.8,0.009557718505084046,0.06884528016282569,5,0
qt,TN,4ebc2cf74e557b65a8ce1dc518ca92f399ce89e8,kernelshap,,,,,2,1.0,0.8,0.009557718505084023,0.06884528016282568,5,0
qt,TN,4ebc2cf74e557b65a8ce1dc518ca92f399ce89e8,kernelshap,,,,,3,1.0,0.8,0.009557718505084023,0.06884528016282568,5,0
qt,TN,4ebc2cf74e557b65a8ce1dc518ca92f399ce89e8,kernelshap,,,,,4,1.0,0.8,0.009557718505084068,0.06884528016282562,5,0
qt,TN,4ebc2cf74e557b65a8ce1dc518ca92f399ce89e8,kernelshap,,,,,5,1.0,0.8,0.009557718505084046,0.06884528016282565,5,0
qt,FN,7e298e2f2ceeee1a2d1a81238ca019d9a0c9519f,kernelshap,,,,,1,0.8,0.6,-0.015435415534033626,0.05384226684076667,5,0
qt,FN,7e298e2f2ceeee1a2d1a81238ca019d9a0c9519f,kernelshap,,,,,2,0.8,0.6,-0.015435415534033626,0.05384226684076667,5,0
qt,FN,7e298e2f2ceeee1a2d1a81238ca019d9a0c9519f,kernelshap,,,,,3,0.8,0.6,-0.01543541553403358,0.05384226684076672,5,0
qt,FN,7e298e2f2ceeee1a2d1a81238ca019d9a0c9519f,kernelshap,,,,,4,0.8,0.6,-0.015435415534033626,0.05384226684076667,5,0
qt,FN,7e298e2f2ceeee1a2d1a81238ca019d9a0c9519f,kernelshap,,,,,5,1.0,0.8,-0.03909494766887482,0.070859403161982,5,0
qt,FN,93dabeba9dc5f6cbab60e65b3cc8df5fe48745a9,kernelshap,,,,,1,1.0,0.8,0.053675769851554686,0.06208103996254364,5,0
qt,FN,93dabeba9dc5f6cbab60e65b3cc8df5fe48745a9,kernelshap,,,,,2,1.0,0.8,0.053675769851554755,0.06208103996254366,5,0
qt,FN,93dabeba9dc5f6cbab60e65b3cc8df5fe48745a9,kernelshap,,,,,3,1.0,0.8,0.053675769851554755,0.06208103996254366,5,0
qt,FN,93dabeba9dc5f6cbab60e65b3cc8df5fe48745a9,kernelshap,,,,,4,1.0,0.8,0.053675769851554686,0.06208103996254359,5,0
qt,FN,93dabeba9dc5f6cbab60e65b3cc8df5fe48745a9,kernelshap,,,,,5,1.0,0.8,0.053675769851554714,0.06208103996254366,5,0
qt,TN,0234e5c96417f451f8de279b8ff92734836badd4,kernelshap,,,,,1,0.8,0.4,0.03249968757248167,0.041851715712466174,5,0
qt,TN,0234e5c96417f451f8de279b8ff92734836badd4,kernelshap,,,,,2,0.8,0.4,0.03249968757248176,0.041851715712466174,5,0
qt,TN,0234e5c96417f451f8de279b8ff92734836badd4,kernelshap,,,,,3,0.8,0.4,0.032499687572481714,0.04185171571246622,5,0
qt,TN,0234e5c96417f451f8de279b8ff92734836badd4,kernelshap,,,,,4,0.8,0.4,0.032499687572481714,0.04185171571246622,5,0
qt,TN,0234e5c96417f451f8de279b8ff92734836badd4,kernelshap,,,,,5,0.8,0.4,0.032499687572481714,0.04185171571246622,5,0
qt,FP,eb93d7b51773b43e6a3e41961898a6033bcd9479,kernelshap,,,,,1,1.0,0.8,-0.05264707391038498,0.07722769706873919,5,0
qt,FP,eb93d7b51773b43e6a3e41961898a6033bcd9479,kernelshap,,,,,2,1.0,0.8,-0.05264707391038499,0.07722769706873919,5,0
qt,FP,eb93d7b51773b43e6a3e41961898a6033bcd9479,kernelshap,,,,,3,1.0,0.8,-0.05264707391038497,0.0772276970687392,5,0
qt,FP,eb93d7b51773b43e6a3e41961898a6033bcd9479,kernelshap,,,,,4,1.0,0.8,-0.052647073910384964,0.07722769706873919,5,0
qt,FP,eb93d7b51773b43e6a3e41961898a6033bcd9479,kernelshap,,,,,5,1.0,0.8,-0.052647073910385006,0.07722769706873922,5,0
qt,FN,e6d17c8691bfafa033b82a4d81a9caf4a2fd1b85,kernelshap,,,,,1,0.6,0.4,-0.005130891175260155,0.05870572229651958,5,0
qt,FN,e6d17c8691bfafa033b82a4d81a9caf4a2fd1b85,kernelshap,,,,,2,0.6,0.4,-0.0051308911752602215,0.058705722296519644,5,0
qt,FN,e6d17c8691bfafa033b82a4d81a9caf4a2fd1b85,kernelshap,,,,,3,0.6,0.4,-0.005130891175260155,0.05870572229651958,5,0
qt,FN,e6d17c8691bfafa033b82a4d81a9caf4a2fd1b85,kernelshap,,,,,4,0.6,0.4,-0.005130891175260177,0.0587057222965196,5,0
qt,FN,e6d17c8691bfafa033b82a4d81a9caf4a2fd1b85,kernelshap,,,,,5,0.6,0.6,-0.01376553034561363,0.06734036146687314,5,0
qt,FN,5303225aef739c534714c1ac1d4dd096f0cc38d0,kernelshap,,,,,1,0.6,0.8,-0.001491816950902436,0.06572482877324673,5,0
qt,FN,5303225aef739c534714c1ac1d4dd096f0cc38d0,kernelshap,,,,,2,0.6,0.8,-0.001491816950902458,0.0657248287732467,5,0
qt,FN,5303225aef739c534714c1ac1d4dd096f0cc38d0,kernelshap,,,,,3,0.6,0.8,-0.001491816950902436,0.06572482877324667,5,0
qt,FN,5303225aef739c534714c1ac1d4dd096f0cc38d0,kernelshap,,,,,4,0.6,0.8,-0.001491816950902547,0.06572482877324679,5,0
qt,FN,5303225aef739c534714c1ac1d4dd096f0cc38d0,kernelshap,,,,,5,0.6,0.8,-0.0014918169509025247,0.06572482877324677,5,0
qt,FN,a69edf01cb0a2a06282dc7b89724ffa542f6546d,kernelshap,,,,,1,1.0,0.8,-0.010577994237912303,0.05526594522305295,5,0
qt,FN,a69edf01cb0a2a06282dc7b89724ffa542f6546d,kernelshap,,,,,2,1.0,0.8,-0.010577994237912258,0.055265945223052906,5,0
qt,FN,a69edf01cb0a2a06282dc7b89724ffa542f6546d,kernelshap,,,,,3,1.0,0.8,-0.010577994237912258,0.055265945223052906,5,0
qt,FN,a69edf01cb0a2a06282dc7b89724ffa542f6546d,kernelshap,,,,,4,1.0,0.8,-0.010577994237912258,0.055265945223052906,5,0
qt,FN,a69edf01cb0a2a06282dc7b89724ffa542f6546d,kernelshap,,,,,5,1.0,0.8,-0.010577994237912215,0.05526594522305286,5,0
qt,FP,e58fdbaeb033a801ac7b5dd1f63657b36d6e1305,kernelshap,,,,,1,1.0,1.0,-0.214627414810934,0.214627414810934,5,0
qt,FP,e58fdbaeb033a801ac7b5dd1f63657b36d6e1305,kernelshap,,,,,2,1.0,1.0,-0.214627414810934,0.214627414810934,5,0
qt,FP,e58fdbaeb033a801ac7b5dd1f63657b36d6e1305,kernelshap,,,,,3,1.0,1.0,-0.21462741481093395,0.21462741481093395,5,0
qt,FP,e58fdbaeb033a801ac7b5dd1f63657b36d6e1305,kernelshap,,,,,4,1.0,1.0,-0.21462741481093395,0.21462741481093395,5,0
qt,FP,e58fdbaeb033a801ac7b5dd1f63657b36d6e1305,kernelshap,,,,,5,1.0,1.0,-0.214627414810934,0.214627414810934,5,0
qt,TP,d3393ce25833c0afd7f0fa6b85fd6f3bd7ad520a,kernelshap,,,,,1,1.0,1.0,-0.10642748098070282,0.10642748098070282,5,0
qt,TP,d3393ce25833c0afd7f0fa6b85fd6f3bd7ad520a,kernelshap,,,,,2,1.0,1.0,-0.11951292342046851,0.11951292342046851,5,0
qt,TP,d3393ce25833c0afd7f0fa6b85fd6f3bd7ad520a,kernelshap,,,,,3,1.0,1.0,-0.10642748098070282,0.10642748098070282,5,0
qt,TP,d3393ce25833c0afd7f0fa6b85fd6f3bd7ad520a,kernelshap,,,,,4,1.0,1.0,-0.10642748098070283,0.10642748098070283,5,0
qt,TP,d3393ce25833c0afd7f0fa6b85fd6f3bd7ad520a,kernelshap,,,,,5,1.0,1.0,-0.10642748098070284,0.10642748098070284,5,0
qt,FN,6486a4bd196ca2bf0047ae80e78eee06e5e18e18,kernelshap,,,,,1,1.0,1.0,0.006560862258042843,0.07472955734741434,5,0
qt,FN,6486a4bd196ca2bf0047ae80e78eee06e5e18e18,kernelshap,,,,,2,1.0,1.0,0.0065608622580428655,0.07472955734741431,5,0
qt,FN,6486a4bd196ca2bf0047ae80e78eee06e5e18e18,kernelshap,,,,,3,1.0,1.0,0.006560862258042821,0.07472955734741427,5,0
qt,FN,6486a4bd196ca2bf0047ae80e78eee06e5e18e18,kernelshap,,,,,4,1.0,1.0,0.006560862258042799,0.07472955734741438,5,0
qt,FN,6486a4bd196ca2bf0047ae80e78eee06e5e18e18,kernelshap,,,,,5,1.0,1.0,0.006560862258042821,0.07472955734741431,5,0
qt,FP,ddb4fb4c60987ce6e0b9e50de9a5f3a7ff0e8757,kernelshap,,,,,1,1.0,1.0,-0.03064763356078367,0.11247097980487325,5,0
qt,FP,ddb4fb4c60987ce6e0b9e50de9a5f3a7ff0e8757,kernelshap,,,,,2,1.0,1.0,-0.030647633560783694,0.11247097980487322,5,0
qt,FP,ddb4fb4c60987ce6e0b9e50de9a5f3a7ff0e8757,kernelshap,,,,,3,1.0,1.0,-0.030647633560783687,0.11247097980487322,5,0
qt,FP,ddb4fb4c60987ce6e0b9e50de9a5f3a7ff0e8757,kernelshap,,,,,4,1.0,1.0,-0.03064763356078371,0.1124709798048732,5,0
qt,FP,ddb4fb4c60987ce6e0b9e50de9a5f3a7ff0e8757,kernelshap,,,,,5,1.0,1.0,-0.030647633560783687,0.11247097980487322,5,0
qt,TP,03a1675eac4baf8c7a6e0602102bbafa3176771c,kernelshap,,,,,1,1.0,1.0,-0.056169672034071666,0.09666953208703653,5,0
qt,TP,03a1675eac4baf8c7a6e0602102bbafa3176771c,kernelshap,,,,,2,1.0,1.0,-0.056169672034071666,0.09666953208703653,5,0
qt,TP,03a1675eac4baf8c7a6e0602102bbafa3176771c,kernelshap,,,,,3,1.0,1.0,-0.05616967203407168,0.09666953208703655,5,0
qt,TP,03a1675eac4baf8c7a6e0602102bbafa3176771c,kernelshap,,,,,4,1.0,1.0,-0.05616967203407168,0.09666953208703655,5,0
qt,TP,03a1675eac4baf8c7a6e0602102bbafa3176771c,kernelshap,,,,,5,1.0,1.0,-0.05616967203407168,0.09666953208703655,5,0
qt,FP,36997810d9fec492635152be89efaa55208e224a,kernelshap,,,,,1,1.0,0.6,-0.0891371726396729,0.0909383778823394,5,0
qt,FP,36997810d9fec492635152be89efaa55208e224a,kernelshap,,,,,2,0.8,0.6,-0.08602109585931039,0.0878223011019769,5,0
qt,FP,36997810d9fec492635152be89efaa55208e224a,kernelshap,,,,,3,1.0,0.6,-0.08913717263967288,0.09093837788233938,5,0
qt,FP,36997810d9fec492635152be89efaa55208e224a,kernelshap,,,,,4,0.8,0.6,-0.08602109585931042,0.0878223011019769,5,0
qt,FP,36997810d9fec492635152be89efaa55208e224a,kernelshap,,,,,5,0.8,0.6,-0.08602109585931038,0.08782230110197688,5,0
qt,TN,4f4ad7c262ce4723417efa14c4d3fdb875be53d0,kernelshap,,,,,1,0.6,0.8,-0.019511736775308198,0.042112408616502915,5,0
qt,TN,4f4ad7c262ce4723417efa14c4d3fdb875be53d0,kernelshap,,,,,2,0.6,0.8,-0.01881700549311056,0.04280713989870055,5,0
qt,TN,4f4ad7c262ce4723417efa14c4d3fdb875be53d0,kernelshap,,,,,3,0.6,0.8,-0.018817005493110626,0.04280713989870057,5,0
qt,TN,4f4ad7c262ce4723417efa14c4d3fdb875be53d0,kernelshap,,,,,4,0.6,0.8,-0.01881700549311067,0.04280713989870062,5,0
qt,TN,4f4ad7c262ce4723417efa14c4d3fdb875be53d0,kernelshap,,,,,5,0.6,0.8,-0.01881700549311067,0.04280713989870053,5,0
qt,TP,a50911bc0bfca1185e99ce6638fbf03cf592789d,kernelshap,,,,,1,1.0,0.8,-0.027079254159539757,0.07407946546404369,5,0
qt,TP,a50911bc0bfca1185e99ce6638fbf03cf592789d,kernelshap,,,,,2,1.0,0.8,-0.027079254159539778,0.07407946546404369,5,0
qt,TP,a50911bc0bfca1185e99ce6638fbf03cf592789d,kernelshap,,,,,3,1.0,0.8,-0.02707925415953976,0.07407946546404368,5,0
qt,TP,a50911bc0bfca1185e99ce6638fbf03cf592789d,kernelshap,,,,,4,1.0,1.0,-0.042780902086338786,0.08978111339084272,5,0
qt,TP,a50911bc0bfca1185e99ce6638fbf03cf592789d,kernelshap,,,,,5,1.0,0.8,-0.027079254159539767,0.07407946546404368,5,0
qt,TP,bb199cc8ad4111808260f6255312b08c7d81dcbc,kernelshap,,,,,1,0.8,0.6,-0.06863236414778576,0.08316000557314507,5,0
qt,TP,bb199cc8ad4111808260f6255312b08c7d81dcbc,kernelshap,,,,,2,0.8,0.6,-0.06863236414778576,0.08316000557314508,5,0
qt,TP,bb199cc8ad4111808260f6255312b08c7d81dcbc,kernelshap,,,,,3,1.0,0.8,-0.08282427077470891,0.08847230374424564,5,0
qt,TP,bb199cc8ad4111808260f6255312b08c7d81dcbc,kernelshap,,,,,4,1.0,0.8,-0.0828242707747089,0.08847230374424564,5,0
qt,TP,bb199cc8ad4111808260f6255312b08c7d81dcbc,kernelshap,,,,,5,0.8,0.6,-0.06579847996634725,0.08032612139170661,5,0
qt,FP,6a91dcba2e4fa85dc345c2d403c757ab7676e28c,kernelshap,,,,,1,1.0,1.0,-0.055660371881546156,0.07276640394472104,5,0
qt,FP,6a91dcba2e4fa85dc345c2d403c757ab7676e28c,kernelshap,,,,,2,1.0,1.0,-0.055660371881546156,0.07276640394472104,5,0
qt,FP,6a91dcba2e4fa85dc345c2d403c757ab7676e28c,kernelshap,,,,,3,1.0,1.0,-0.05566037188154615,0.07276640394472104,5,0
qt,FP,6a91dcba2e4fa85dc345c2d403c757ab7676e28c,kernelshap,,,,,4,1.0,1.0,-0.05566037188154617,0.07276640394472106,5,0
qt,FP,6a91dcba2e4fa85dc345c2d403c757ab7676e28c,kernelshap,,,,,5,1.0,1.0,-0.05566037188154617,0.07276640394472106,5,0
qt,TN,e38a98ad4453974b2848eeed02d81e0c408ce0c6,kernelshap,,,,,1,0.8,0.6,-0.03031744879104934,0.06180100076812265,5,0
qt,TN,e38a98ad4453974b2848eeed02d81e0c408ce0c6,kernelshap,,,,,2,0.8,0.6,-0.030317448791049362,0.06180100076812263,5,0
qt,TN,e38a98ad4453974b2848eeed02d81e0c408ce0c6,kernelshap,,,,,3,0.8,0.6,-0.030317448791049317,0.06180100076812258,5,0
qt,TN,e38a98ad4453974b2848eeed02d81e0c408ce0c6,kernelshap,,,,,4,0.8,0.6,-0.030317448791049362,0.06180100076812263,5,0
qt,TN,e38a98ad4453974b2848eeed02d81e0c408ce0c6,kernelshap,,,,,5,0.8,0.6,-0.030317448791049362,0.06180100076812263,5,0
qt,FP,1c6d5b0696f324495e95a12f7718ae7593c9b58a,kernelshap,,,,,1,1.0,1.0,-0.14578032812081837,0.14578032812081837,5,0
qt,FP,1c6d5b0696f324495e95a12f7718ae7593c9b58a,kernelshap,,,,,2,1.0,1.0,-0.14578032812081837,0.14578032812081837,5,0
qt,FP,1c6d5b0696f324495e95a12f7718ae7593c9b58a,kernelshap,,,,,3,1.0,1.0,-0.14578032812081837,0.14578032812081837,5,0
qt,FP,1c6d5b0696f324495e95a12f7718ae7593c9b58a,kernelshap,,,,,4,1.0,1.0,-0.14578032812081837,0.14578032812081837,5,0
qt,FP,1c6d5b0696f324495e95a12f7718ae7593c9b58a,kernelshap,,,,,5,1.0,1.0,-0.14578032812081837,0.14578032812081837,5,0
qt,FP,cd542a82b0c2d5c9a4ea167a84e5ea8a25c5d969,kernelshap,,,,,1,1.0,0.8,-0.08089070488838224,0.08089070488838224,5,0
qt,FP,cd542a82b0c2d5c9a4ea167a84e5ea8a25c5d969,kernelshap,,,,,2,1.0,0.8,-0.08089070488838224,0.08089070488838224,5,0
qt,FP,cd542a82b0c2d5c9a4ea167a84e5ea8a25c5d969,kernelshap,,,,,3,1.0,0.8,-0.08089070488838225,0.08089070488838225,5,0
qt,FP,cd542a82b0c2d5c9a4ea167a84e5ea8a25c5d969,kernelshap,,,,,4,1.0,0.8,-0.08089070488838222,0.08089070488838222,5,0
qt,FP,cd542a82b0c2d5c9a4ea167a84e5ea8a25c5d969,kernelshap,,,,,5,1.0,0.8,-0.08089070488838222,0.08089070488838222,5,0
qt,TP,b254b03dc3b1cfcfc5f17158d2470e0a9a946a0e,kernelshap,,,,,1,0.8,0.8,-0.11584306814137577,0.11584306814137577,5,0
qt,TP,b254b03dc3b1cfcfc5f17158d2470e0a9a946a0e,kernelshap,,,,,2,0.8,0.8,-0.10421868461432342,0.10421868461432342,5,0
qt,TP,b254b03dc3b1cfcfc5f17158d2470e0a9a946a0e,kernelshap,,,,,3,0.8,0.8,-0.11584306814137577,0.11584306814137577,5,0
qt,TP,b254b03dc3b1cfcfc5f17158d2470e0a9a946a0e,kernelshap,,,,,4,0.8,0.8,-0.11266428212458249,0.11266428212458249,5,0
qt,TP,b254b03dc3b1cfcfc5f17158d2470e0a9a946a0e,kernelshap,,,,,5,1.0,1.0,-0.12067295559397032,0.12067295559397032,5,0
qt,TP,1a7bc520c5df4da80b7e65acbec1f546f9c87870,kernelshap,,,,,1,1.0,0.8,-0.11192072587140509,0.11192072587140509,5,0
qt,TP,1a7bc520c5df4da80b7e65acbec1f546f9c87870,kernelshap,,,,,2,1.0,0.8,-0.11192072587140507,0.11192072587140507,5,0
qt,TP,1a7bc520c5df4da80b7e65acbec1f546f9c87870,kernelshap,,,,,3,1.0,0.8,-0.11192072587140509,0.11192072587140509,5,0
qt,TP,1a7bc520c5df4da80b7e65acbec1f546f9c87870,kernelshap,,,,,4,1.0,0.8,-0.11192072587140509,0.11192072587140509,5,0
qt,TP,1a7bc520c5df4da80b7e65acbec1f546f9c87870,kernelshap,,,,,5,1.0,0.8,-0.11192072587140506,0.11192072587140506,5,0
qt,FN,5629823b05ca7d24924ac879b5a0469a3cb03e78,kernelshap,,,,,1,0.6,0.4,-0.03437832713299893,0.05796402796018838,5,0
qt,FN,5629823b05ca7d24924ac879b5a0469a3cb03e78,kernelshap,,,,,2,0.6,0.4,-0.03437832713299891,0.0579640279601884,5,0
qt,FN,5629823b05ca7d24924ac879b5a0469a3cb03e78,kernelshap,,,,,3,0.6,0.4,-0.03437832713299889,0.05796402796018833,5,0
qt,FN,5629823b05ca7d24924ac879b5a0469a3cb03e78,kernelshap,,,,,4,0.6,0.4,-0.03437832713299893,0.05796402796018838,5,0
qt,FN,5629823b05ca7d24924ac879b5a0469a3cb03e78,kernelshap,,,,,5,0.6,0.4,-0.03437832713299889,0.05796402796018842,5,0
qt,TN,9b54447e453e2cb7b7375e2c6104b2595ab1594e,kernelshap,,,,,1,0.8,0.8,-0.06378406371811882,0.06378406371811882,5,0
qt,TN,9b54447e453e2cb7b7375e2c6104b2595ab1594e,kernelshap,,,,,2,0.8,0.8,-0.06378406371811882,0.06378406371811882,5,0
qt,TN,9b54447e453e2cb7b7375e2c6104b2595ab1594e,kernelshap,,,,,3,0.8,0.8,-0.06378406371811882,0.06378406371811882,5,0
qt,TN,9b54447e453e2cb7b7375e2c6104b2595ab1594e,kernelshap,,,,,4,0.8,0.8,-0.06378406371811882,0.06378406371811882,5,0
qt,TN,9b54447e453e2cb7b7375e2c6104b2595ab1594e,kernelshap,,,,,5,0.8,0.8,-0.06378406371811882,0.06378406371811882,5,0
qt,FP,3981a1f440914e8108af3d854a1b01dd596a8a0e,kernelshap,,,,,1,1.0,1.0,-0.12412138881998089,0.17695829599425078,5,0
qt,FP,3981a1f440914e8108af3d854a1b01dd596a8a0e,kernelshap,,,,,2,1.0,1.0,-0.12412138881998087,0.17695829599425078,5,0
qt,FP,3981a1f440914e8108af3d854a1b01dd596a8a0e,kernelshap,,,,,3,1.0,1.0,-0.12412138881998087,0.17695829599425078,5,0
qt,FP,3981a1f440914e8108af3d854a1b01dd596a8a0e,kernelshap,,,,,4,1.0,1.0,-0.12412138881998087,0.17695829599425078,5,0
qt,FP,3981a1f440914e8108af3d854a1b01dd596a8a0e,kernelshap,,,,,5,1.0,1.0,-0.12412138881998087,0.17695829599425078,5,0
qt,TN,4331ccd4b735d9d721a384193a3d42ee2ce6c805,kernelshap,,,,,1,1.0,1.0,-0.009061738314348821,0.07600840191766751,5,0
qt,TN,4331ccd4b735d9d721a384193a3d42ee2ce6c805,kernelshap,,,,,2,1.0,1.0,-0.009061738314348821,0.07600840191766747,5,0
qt,TN,4331ccd4b735d9d721a384193a3d42ee2ce6c805,kernelshap,,,,,3,1.0,1.0,-0.009061738314348821,0.07600840191766747,5,0
qt,TN,4331ccd4b735d9d721a384193a3d42ee2ce6c805,kernelshap,,,,,4,1.0,1.0,-0.009061738314348844,0.07600840191766745,5,0
qt,TN,4331ccd4b735d9d721a384193a3d42ee2ce6c805,kernelshap,,,,,5,1.0,1.0,-0.009061738314348821,0.07600840191766756,5,0
qt,TP,afbb57ae84ecbee5fab9eb6e58356b19d7995ea5,kernelshap,,,,,1,1.0,1.0,-0.14103566934318815,0.18855950740988328,5,0
qt,TP,afbb57ae84ecbee5fab9eb6e58356b19d7995ea5,kernelshap,,,,,2,1.0,1.0,-0.14103566934318812,0.18855950740988325,5,0
qt,TP,afbb57ae84ecbee5fab9eb6e58356b19d7995ea5,kernelshap,,,,,3,1.0,1.0,-0.14103566934318815,0.18855950740988328,5,0
qt,TP,afbb57ae84ecbee5fab9eb6e58356b19d7995ea5,kernelshap,,,,,4,1.0,1.0,-0.14103566934318815,0.18855950740988328,5,0
qt,TP,afbb57ae84ecbee5fab9eb6e58356b19d7995ea5,kernelshap,,,,,5,1.0,1.0,-0.14103566934318812,0.18855950740988325,5,0
qt,TP,17513266b81e88b84fda250734f07c94a198fabc,kernelshap,,,,,1,1.0,1.0,-0.10180705528408818,0.10180705528408818,5,0
qt,TP,17513266b81e88b84fda250734f07c94a198fabc,kernelshap,,,,,2,1.0,1.0,-0.1018070552840882,0.1018070552840882,5,0
qt,TP,17513266b81e88b84fda250734f07c94a198fabc,kernelshap,,,,,3,1.0,1.0,-0.10180705528408819,0.10180705528408819,5,0
qt,TP,17513266b81e88b84fda250734f07c94a198fabc,kernelshap,,,,,4,1.0,1.0,-0.1018070552840882,0.1018070552840882,5,0
qt,TP,17513266b81e88b84fda250734f07c94a198fabc,kernelshap,,,,,5,1.0,1.0,-0.10180705528408819,0.10180705528408819,5,0
qt,FN,cdbc4b83d59e08189d6ece9ccd88a646be155c08,kernelshap,,,,,1,0.8,0.8,-0.06667759986940122,0.06667759986940122,5,0
qt,FN,cdbc4b83d59e08189d6ece9ccd88a646be155c08,kernelshap,,,,,2,0.6,0.6,-0.056358842436358025,0.056358842436358025,5,0
qt,FN,cdbc4b83d59e08189d6ece9ccd88a646be155c08,kernelshap,,,,,3,0.6,0.6,-0.056358842436358025,0.056358842436358025,5,0
qt,FN,cdbc4b83d59e08189d6ece9ccd88a646be155c08,kernelshap,,,,,4,0.8,0.8,-0.06667759986940121,0.06667759986940121,5,0
qt,FN,cdbc4b83d59e08189d6ece9ccd88a646be155c08,kernelshap,,,,,5,0.8,0.8,-0.06667759986940122,0.06667759986940122,5,0
qt,FP,753c744b23abfecad6463890dfdf6e97c7eeaa5c,kernelshap,,,,,1,1.0,0.6,-0.02995692899586397,0.09876630947238275,5,0
qt,FP,753c744b23abfecad6463890dfdf6e97c7eeaa5c,kernelshap,,,,,2,1.0,0.6,-0.029956928995863975,0.09876630947238277,5,0
qt,FP,753c744b23abfecad6463890dfdf6e97c7eeaa5c,kernelshap,,,,,3,1.0,0.6,-0.029956928995863975,0.09876630947238277,5,0
qt,FP,753c744b23abfecad6463890dfdf6e97c7eeaa5c,kernelshap,,,,,4,1.0,0.6,-0.029956928995863975,0.09876630947238277,5,0
qt,FP,753c744b23abfecad6463890dfdf6e97c7eeaa5c,kernelshap,,,,,5,1.0,0.6,-0.02995692899586395,0.09876630947238278,5,0
qt,TP,a4f8b9ae6dfacf9ad5c190cde6098ebf13102f41,kernelshap,,,,,1,1.0,0.8,-0.01124011035515209,0.09009227723589046,5,0
qt,TP,a4f8b9ae6dfacf9ad5c190cde6098ebf13102f41,kernelshap,,,,,2,1.0,0.8,-0.011240110355152067,0.0900922772358905,5,0
qt,TP,a4f8b9ae6dfacf9ad5c190cde6098ebf13102f41,kernelshap,,,,,3,1.0,0.8,-0.011240110355152067,0.0900922772358905,5,0
qt,TP,a4f8b9ae6dfacf9ad5c190cde6098ebf13102f41,kernelshap,,,,,4,1.0,0.8,-0.01124011035515209,0.09009227723589046,5,0
qt,TP,a4f8b9ae6dfacf9ad5c190cde6098ebf13102f41,kernelshap,,,,,5,1.0,0.8,-0.011240110355152077,0.09009227723589047,5,0
qt,TP,fca89004d75412dd378cc44ad79ed3c1e05c765b,kernelshap,,,,,1,0.8,0.8,-0.041153101264089754,0.08509987124602576,5,0
qt,TP,fca89004d75412dd378cc44ad79ed3c1e05c765b,kernelshap,,,,,2,0.8,0.8,-0.041153101264089754,0.08509987124602576,5,0
qt,TP,fca89004d75412dd378cc44ad79ed3c1e05c765b,kernelshap,,,,,3,0.8,0.8,-0.04115310126408977,0.08509987124602574,5,0
qt,TP,fca89004d75412dd378cc44ad79ed3c1e05c765b,kernelshap,,,,,4,0.8,0.8,-0.041153101264089706,0.0850998712460258,5,0
qt,TP,fca89004d75412dd378cc44ad79ed3c1e05c765b,kernelshap,,,,,5,0.8,0.8,-0.041153101264089754,0.08509987124602576,5,0
qt,FP,3d3ce2afe1937531f5fdc2af56697e93133e6d98,lime,,,,,1,1.0,0.8,-0.05548270897771977,0.06978023372604548,5,0
qt,FP,3d3ce2afe1937531f5fdc2af56697e93133e6d98,lime,,,,,2,0.8,0.8,-0.0475052035720434,0.0777577391317219,5,0
qt,FP,3d3ce2afe1937531f5fdc2af56697e93133e6d98,lime,,,,,3,1.0,0.8,-0.05548270897771977,0.06978023372604546,5,0
qt,FP,3d3ce2afe1937531f5fdc2af56697e93133e6d98,lime,,,,,4,1.0,0.8,-0.05548270897771984,0.0697802337260455,5,0
qt,FP,3d3ce2afe1937531f5fdc2af56697e93133e6d98,lime,,,,,5,1.0,0.8,-0.05548270897771977,0.06978023372604548,5,0
qt,TN,eb5994df1307b2e17e729374e1f7ab1c8fe82750,lime,,,,,1,0.0,0.4,-0.03664935166901406,0.03664935166901406,5,0
qt,TN,eb5994df1307b2e17e729374e1f7ab1c8fe82750,lime,,,,,2,0.0,0.4,-0.03664935166901406,0.03664935166901406,5,0
qt,TN,eb5994df1307b2e17e729374e1f7ab1c8fe82750,lime,,,,,3,0.0,0.4,-0.03664935166901404,0.03664935166901404,5,0
qt,TN,eb5994df1307b2e17e729374e1f7ab1c8fe82750,lime,,,,,4,0.0,0.4,-0.036649351669014084,0.036649351669014084,5,0
qt,TN,eb5994df1307b2e17e729374e1f7ab1c8fe82750,lime,,,,,5,0.2,0.4,-0.029580762364459723,0.029580762364459723,5,0
qt,FN,2ad213cc02094e003802530757fa4010720a22e6,lime,,,,,1,0.4,0.4,-0.027432926906500434,0.035312356381639855,5,0
qt,FN,2ad213cc02094e003802530757fa4010720a22e6,lime,,,,,2,0.6,0.2,-0.022128022287310034,0.0300074517624495,5,0
qt,FN,2ad213cc02094e003802530757fa4010720a22e6,lime,,,,,3,0.6,0.2,-0.02030857268928905,0.02818800216442847,5,0
qt,FN,2ad213cc02094e003802530757fa4010720a22e6,lime,,,,,4,0.4,0.4,-0.027432926906500434,0.035312356381639855,5,0
qt,FN,2ad213cc02094e003802530757fa4010720a22e6,lime,,,,,5,0.6,0.2,-0.022128022287310055,0.030007451762449476,5,0
qt,TP,256bbc4f139036a780a63b80af8bb461a77d333a,lime,,,,,1,0.8,1.0,-0.16942056302093889,0.16942056302093889,5,0
qt,TP,256bbc4f139036a780a63b80af8bb461a77d333a,lime,,,,,2,1.0,1.0,-0.1595279925126436,0.1595279925126436,5,0
qt,TP,256bbc4f139036a780a63b80af8bb461a77d333a,lime,,,,,3,0.8,1.0,-0.13395380240060678,0.17019896200290935,5,0
qt,TP,256bbc4f139036a780a63b80af8bb461a77d333a,lime,,,,,4,1.0,1.0,-0.14456318888247235,0.1595895755210438,5,0
qt,TP,256bbc4f139036a780a63b80af8bb461a77d333a,lime,,,,,5,1.0,1.0,-0.14456318888247238,0.1595895755210438,5,0
qt,TP,ae292be8690109940fdd9862321b2389a0957404,lime,,,,,1,0.6,0.8,-0.09242189861958758,0.1846112386912805,5,0
qt,TP,ae292be8690109940fdd9862321b2389a0957404,lime,,,,,2,0.6,0.8,-0.09242189861958752,0.18461123869128054,5,0
qt,TP,ae292be8690109940fdd9862321b2389a0957404,lime,,,,,3,0.6,0.8,-0.09242189861958759,0.18461123869128052,5,0
qt,TP,ae292be8690109940fdd9862321b2389a0957404,lime,,,,,4,0.6,0.8,-0.09242189861958755,0.18461123869128057,5,0
qt,TP,ae292be8690109940fdd9862321b2389a0957404,lime,,,,,5,0.6,1.0,-0.10707932095915282,0.1919560759968321,5,0
qt,FN,3786411f7f8770f28ba2a97cb646a0eb7a5eaa99,lime,,,,,1,0.2,0.2,-0.014229406667286181,0.025981110965486897,5,0
qt,FN,3786411f7f8770f28ba2a97cb646a0eb7a5eaa99,lime,,,,,2,0.2,0.2,-0.014229406667286204,0.02598111096548692,5,0
qt,FN,3786411f7f8770f28ba2a97cb646a0eb7a5eaa99,lime,,,,,3,0.2,0.4,0.002713715902493008,0.03762208865180498,5,0
qt,FN,3786411f7f8770f28ba2a97cb646a0eb7a5eaa99,lime,,,,,4,0.2,0.4,-0.0036817318032052793,0.031226640946106877,5,0
qt,FN,3786411f7f8770f28ba2a97cb646a0eb7a5eaa99,lime,,,,,5,0.2,0.4,0.00271371590249303,0.03762208865180505,5,0
qt,FP,8835c0376befd009702b9a17c506639e31c842b9,lime,,,,,1,0.6,0.8,-0.0895273495117592,0.13147411051281016,5,0
qt,FP,8835c0376befd009702b9a17c506639e31c842b9,lime,,,,,2,0.4,0.8,-0.07405594290715932,0.14694551711741002,5,0
qt,FP,8835c0376befd009702b9a17c506639e31c842b9,lime,,,,,3,0.4,0.8,-0.0740559429071593,0.14694551711741002,5,0
qt,FP,8835c0376befd009702b9a17c506639e31c842b9,lime,,,,,4,0.4,0.8,-0.07405594290715928,0.14694551711741008,5,0
qt,FP,8835c0376befd009702b9a17c506639e31c842b9,lime,,,,,5,0.4,0.8,-0.07405594290715932,0.14694551711741002,5,0
qt,FN,9e99dba4a22bbf212b3e6d1e2607a16dbbd04d90,lime,,,,,1,0.8,0.6,0.063260637842726,0.07059420427629257,5,0
qt,FN,9e99dba4a22bbf212b3e6d1e2607a16dbbd04d90,lime,,,,,2,0.8,0.6,0.06326063784272595,0.07059420427629252,5,0
qt,FN,9e99dba4a22bbf212b3e6d1e2607a16dbbd04d90,lime,,,,,3,0.8,0.6,0.06938723925252077,0.06938723925252077,5,0
qt,FN,9e99dba4a22bbf212b3e6d1e2607a16dbbd04d90,lime,,,,,4,0.8,0.6,0.06326063784272595,0.07059420427629252,5,0
qt,FN,9e99dba4a22bbf212b3e6d1e2607a16dbbd04d90,lime,,,,,5,0.8,0.6,0.06326063784272593,0.07059420427629251,5,0
qt,FN,f506e01665c9bf689887ccf057a03588829efeea,lime,,,,,1,0.2,0.6,-0.0367635079906087,0.045003269349697915,5,0
qt,FN,f506e01665c9bf689887ccf057a03588829efeea,lime,,,,,2,0.2,0.6,-0.0367635079906087,0.045003269349697915,5,0
qt,FN,f506e01665c9bf689887ccf057a03588829efeea,lime,,,,,3,0.2,0.6,-0.0367635079906087,0.045003269349697915,5,0
qt,FN,f506e01665c9bf689887ccf057a03588829efeea,lime,,,,,4,0.4,0.4,-0.03333069976242238,0.041570461121511595,5,0
qt,FN,f506e01665c9bf689887ccf057a03588829efeea,lime,,,,,5,0.4,0.4,-0.03333069976242238,0.041570461121511595,5,0
qt,TP,fa7626713b3a943609453459190e16c49d61dfd3,lime,,,,,1,0.8,0.4,-0.07330078926467434,0.0748720098660192,5,0
qt,TP,fa7626713b3a943609453459190e16c49d61dfd3,lime,,,,,2,0.8,0.4,-0.07330078926467436,0.07487200986601923,5,0
qt,TP,fa7626713b3a943609453459190e16c49d61dfd3,lime,,,,,3,0.8,0.6,-0.08018696405479651,0.08175818465614139,5,0
qt,TP,fa7626713b3a943609453459190e16c49d61dfd3,lime,,,,,4,0.8,0.4,-0.07330078926467433,0.07487200986601919,5,0
qt,TP,fa7626713b3a943609453459190e16c49d61dfd3,lime,,,,,5,0.8,0.4,-0.07330078926467434,0.07487200986601925,5,0
qt,FP,093064fdeb6e777d2dc88dbb4f4adb8fddac3aa5,lime,,,,,1,1.0,1.0,-0.27452576210155116,0.27452576210155116,5,0
qt,FP,093064fdeb6e777d2dc88dbb4f4adb8fddac3aa5,lime,,,,,2,1.0,1.0,-0.2745257621015512,0.2745257621015512,5,0
qt,FP,093064fdeb6e777d2dc88dbb4f4adb8fddac3aa5,lime,,,,,3,1.0,1.0,-0.27452576210155116,0.27452576210155116,5,0
qt,FP,093064fdeb6e777d2dc88dbb4f4adb8fddac3aa5,lime,,,,,4,1.0,1.0,-0.27452576210155116,0.27452576210155116,5,0
qt,FP,093064fdeb6e777d2dc88dbb4f4adb8fddac3aa5,lime,,,,,5,1.0,1.0,-0.27452576210155116,0.27452576210155116,5,0
qt,TP,da8ace713a19d2a8c9831ddf50d17607bc4856cc,lime,,,,,1,1.0,1.0,-0.14854864615698898,0.14854864615698898,5,0
qt,TP,da8ace713a19d2a8c9831ddf50d17607bc4856cc,lime,,,,,2,0.8,1.0,-0.11186752816583252,0.1424419167172397,5,0
qt,TP,da8ace713a19d2a8c9831ddf50d17607bc4856cc,lime,,,,,3,0.8,1.0,-0.11186752816583251,0.1424419167172397,5,0
qt,TP,da8ace713a19d2a8c9831ddf50d17607bc4856cc,lime,,,,,4,0.8,1.0,-0.11186752816583251,0.1424419167172397,5,0
qt,TP,da8ace713a19d2a8c9831ddf50d17607bc4856cc,lime,,,,,5,0.8,1.0,-0.11186752816583252,0.1424419167172397,5,0
qt,FP,08cfd02312d21391c956b8bf50ab7d6caa0d8082,lime,,,,,1,0.8,0.8,-0.05813542239126068,0.1165052430467954,5,0
qt,FP,08cfd02312d21391c956b8bf50ab7d6caa0d8082,lime,,,,,2,0.8,0.8,-0.058135422391260703,0.11650524304679537,5,0
qt,FP,08cfd02312d21391c956b8bf50ab7d6caa0d8082,lime,,,,,3,0.6,0.8,-0.044777211078763715,0.12986345435929236,5,0
qt,FP,08cfd02312d21391c956b8bf50ab7d6caa0d8082,lime,,,,,4,0.6,0.8,-0.044777211078763715,0.12986345435929242,5,0
qt,FP,08cfd02312d21391c956b8bf50ab7d6caa0d8082,lime,,,,,5,0.8,0.8,-0.058135422391260703,0.11650524304679541,5,0
qt,FP,a02b371eb2f34bf198c95cf0caa1fbad639f96bb,lime,,,,,1,1.0,0.4,-0.06596191039905103,0.06596191039905103,5,0
qt,FP,a02b371eb2f34bf198c95cf0caa1fbad639f96bb,lime,,,,,2,1.0,0.4,-0.06596191039905105,0.06596191039905105,5,0
qt,FP,a02b371eb2f34bf198c95cf0caa1fbad639f96bb,lime,,,,,3,1.0,0.4,-0.06596191039905104,0.06596191039905104,5,0
qt,FP,a02b371eb2f34bf198c95cf0caa1fbad639f96bb,lime,,,,,4,1.0,0.4,-0.06596191039905104,0.06596191039905104,5,0
qt,FP,a02b371eb2f34bf198c95cf0caa1fbad639f96bb,lime,,,,,5,1.0,0.4,-0.06596191039905105,0.06596191039905105,5,0
qt,TN,5cb54cb5ebae99fab121061e25e26eec3056203a,lime,,,,,1,1.0,0.6,0.055774150388900344,0.06505777628681204,5,0
qt,TN,5cb54cb5ebae99fab121061e25e26eec3056203a,lime,,,,,2,0.8,0.8,0.051673976193348084,0.06915795048236435,5,0
qt,TN,5cb54cb5ebae99fab121061e25e26eec3056203a,lime,,,,,3,0.8,0.8,0.051673976193348015,0.06915795048236432,5,0
qt,TN,5cb54cb5ebae99fab121061e25e26eec3056203a,lime,,,,,4,1.0,0.6,0.05577415038890032,0.06505777628681206,5,0
qt,TN,5cb54cb5ebae99fab121061e25e26eec3056203a,lime,,,,,5,1.0,0.6,0.055774150388900344,0.06505777628681204,5,0
qt,TN,9a50333dd03969abb3f09c0f90dcb4afd048e47a,lime,,,,,1,0.6,0.6,-0.034596059883082744,0.05132073023696275,5,0
qt,TN,9a50333dd03969abb3f09c0f90dcb4afd048e47a,lime,,,,,2,0.4,0.6,-0.030395990050870392,0.05552080006917515,5,0
qt,TN,9a50333dd03969abb3f09c0f90dcb4afd048e47a,lime,,,,,3,0.4,0.6,-0.030395990050870438,0.055520800069175105,5,0
qt,TN,9a50333dd03969abb3f09c0f90dcb4afd048e47a,lime,,,,,4,0.6,0.6,-0.034596059883082744,0.05132073023696275,5,0
qt,TN,9a50333dd03969abb3f09c0f90dcb4afd048e47a,lime,,,,,5,0.6,0.6,-0.034596059883082765,0.05132073023696278,5,0
qt,FN,18f7e6dc9f59159b70cb7e6a8745738f42d4f46f,lime,,,,,1,0.8,0.8,0.05032454807465871,0.08672426026722788,5,0
qt,FN,18f7e6dc9f59159b70cb7e6a8745738f42d4f46f,lime,,,,,2,0.8,0.8,0.05032454807465871,0.08672426026722788,5,0
qt,FN,18f7e6dc9f59159b70cb7e6a8745738f42d4f46f,lime,,,,,3,0.8,0.8,0.050324548074658734,0.0867242602672279,5,0
qt,FN,18f7e6dc9f59159b70cb7e6a8745738f42d4f46f,lime,,,,,4,0.8,0.8,0.05032454807465871,0.08672426026722788,5,0
qt,FN,18f7e6dc9f59159b70cb7e6a8745738f42d4f46f,lime,,,,,5,1.0,0.8,0.05164697577595638,0.0854018325659303,5,0
qt,TP,d31304eab9e7424edc20fb83a8a19cd979458029,lime,,,,,1,0.6,0.6,-0.03206841019624644,0.07657830506328406,5,0
qt,TP,d31304eab9e7424edc20fb83a8a19cd979458029,lime,,,,,2,0.8,0.6,-0.045844468661590566,0.06280224659793993,5,0
qt,TP,d31304eab9e7424edc20fb83a8a19cd979458029,lime,,,,,3,0.6,0.6,-0.03206841019624644,0.07657830506328406,5,0
qt,TP,d31304eab9e7424edc20fb83a8a19cd979458029,lime,,,,,4,0.6,0.6,-0.03206841019624644,0.07657830506328406,5,0
qt,TP,d31304eab9e7424edc20fb83a8a19cd979458029,lime,,,,,5,0.6,0.6,-0.03206841019624644,0.07657830506328406,5,0
qt,TN,bd79c331f14e6cfab9e0b5815404c8194526e8f1,lime,,,,,1,0.6,0.6,-0.006766667693275519,0.03549384441869665,5,0
qt,TN,bd79c331f14e6cfab9e0b5815404c8194526e8f1,lime,,,,,2,0.6,0.6,-0.006766667693275519,0.03549384441869665,5,0
qt,TN,bd79c331f14e6cfab9e0b5815404c8194526e8f1,lime,,,,,3,0.6,0.6,-0.006766667693275541,0.03549384441869663,5,0
qt,TN,bd79c331f14e6cfab9e0b5815404c8194526e8f1,lime,,,,,4,0.6,0.6,-0.006766667693275519,0.03549384441869665,5,0
qt,TN,bd79c331f14e6cfab9e0b5815404c8194526e8f1,lime,,,,,5,0.6,0.6,-0.006766667693275519,0.03549384441869665,5,0
qt,TN,67ee72f3145fd14b36af408918ed3420504d3035,lime,,,,,1,0.4,0.6,-0.0285510121188818,0.0630415290249449,5,0
qt,TN,67ee72f3145fd14b36af408918ed3420504d3035,lime,,,,,2,0.4,0.6,-0.028551012118881846,0.06304152902494495,5,0
qt,TN,67ee72f3145fd14b36af408918ed3420504d3035,lime,,,,,3,0.4,0.6,-0.028551012118881846,0.0630415290249449,5,0
qt,TN,67ee72f3145fd14b36af408918ed3420504d3035,lime,,,,,4,0.4,0.6,-0.02855101211888187,0.06304152902494493,5,0
qt,TN,67ee72f3145fd14b36af408918ed3420504d3035,lime,,,,,5,0.4,0.6,-0.0285510121188818,0.0630415290249449,5,0
qt,FN,67ced4791ddabebfa19a2f101aa292b5eba60b90,lime,,,,,1,0.8,0.6,0.018175723409716894,0.051867964334058755,5,0
qt,FN,67ced4791ddabebfa19a2f101aa292b5eba60b90,lime,,,,,2,0.6,0.6,0.0191236867209156,0.052815927645257464,5,0
qt,FN,67ced4791ddabebfa19a2f101aa292b5eba60b90,lime,,,,,3,0.8,0.6,0.018175723409716894,0.051867964334058755,5,0
qt,FN,67ced4791ddabebfa19a2f101aa292b5eba60b90,lime,,,,,4,0.8,0.6,0.01817572340971696,0.051867964334058825,5,0
qt,FN,67ced4791ddabebfa19a2f101aa292b5eba60b90,lime,,,,,5,0.8,0.6,0.01817572340971694,0.051867964334058804,5,0
qt,FP,86d91d2bf8e7ac7a75f88f0e4886140abc06fd4c,lime,,,,,1,0.6,0.6,-0.09692370969036665,0.16885743011265403,5,0
qt,FP,86d91d2bf8e7ac7a75f88f0e4886140abc06fd4c,lime,,,,,2,0.6,0.6,-0.09692370969036665,0.16885743011265403,5,0
qt,FP,86d91d2bf8e7ac7a75f88f0e4886140abc06fd4c,lime,,,,,3,0.6,0.6,-0.09692370969036665,0.16885743011265403,5,0
qt,FP,86d91d2bf8e7ac7a75f88f0e4886140abc06fd4c,lime,,,,,4,0.6,0.6,-0.09692370969036665,0.16885743011265403,5,0
qt,FP,86d91d2bf8e7ac7a75f88f0e4886140abc06fd4c,lime,,,,,5,0.6,0.6,-0.16225802712363369,0.1725200758592118,5,0
qt,TN,121cdbdd30de1bee58e349859409dd08865c17f5,lime,,,,,1,0.6,0.2,0.009938597934573124,0.017930894234764128,5,0
qt,TN,121cdbdd30de1bee58e349859409dd08865c17f5,lime,,,,,2,0.6,0.2,0.009938597934573102,0.01793089423476415,5,0
qt,TN,121cdbdd30de1bee58e349859409dd08865c17f5,lime,,,,,3,0.6,0.2,0.00993859793457319,0.01793089423476424,5,0
qt,TN,121cdbdd30de1bee58e349859409dd08865c17f5,lime,,,,,4,0.6,0.2,0.00993859793457319,0.01793089423476415,5,0
qt,TN,121cdbdd30de1bee58e349859409dd08865c17f5,lime,,,,,5,0.6,0.2,0.009938597934573145,0.017930894234764194,5,0
qt,TP,9bd30943bae136d28d42b9a9188a8586c963d461,lime,,,,,1,0.4,0.6,-0.06203585887796409,0.071051592642946,5,0
qt,TP,9bd30943bae136d28d42b9a9188a8586c963d461,lime,,,,,2,0.4,0.6,-0.03671399383824185,0.07757128128763469,5,0
qt,TP,9bd30943bae136d28d42b9a9188a8586c963d461,lime,,,,,3,0.4,0.6,-0.03671399383824185,0.07757128128763469,5,0
qt,TP,9bd30943bae136d28d42b9a9188a8586c963d461,lime,,,,,4,0.4,0.6,-0.036713993838241865,0.07757128128763467,5,0
qt,TP,9bd30943bae136d28d42b9a9188a8586c963d461,lime,,,,,5,0.4,0.6,-0.03671399383824185,0.07757128128763469,5,0
qt,FN,ac48071b185d17022d48c6379a2549ac2736cb8c,lime,,,,,1,0.0,0.8,-0.07178141127786009,0.07178141127786009,5,0
qt,FN,ac48071b185d17022d48c6379a2549ac2736cb8c,lime,,,,,2,0.2,0.6,-0.06606156837386819,0.06606156837386819,5,0
qt,FN,ac48071b185d17022d48c6379a2549ac2736cb8c,lime,,,,,3,0.0,0.8,-0.07178141127786009,0.07178141127786009,5,0
qt,FN,ac48071b185d17022d48c6379a2549ac2736cb8c,lime,,,,,4,0.0,0.8,-0.07178141127786006,0.07178141127786006,5,0
qt,FN,ac48071b185d17022d48c6379a2549ac2736cb8c,lime,,,,,5,0.2,0.8,-0.07293462795765637,0.07293462795765637,5,0
qt,TN,fc2f0fb39008f95133f6fd24662fe92195431808,lime,,,,,1,0.4,0.4,-0.03264303533731827,0.04353913923342219,5,0
qt,TN,fc2f0fb39008f95133f6fd24662fe92195431808,lime,,,,,2,0.4,0.2,-0.026935212208066626,0.037831316104170544,5,0
qt,TN,fc2f0fb39008f95133f6fd24662fe92195431808,lime,,,,,3,0.4,0.4,-0.03264303533731827,0.04353913923342219,5,0
qt,TN,fc2f0fb39008f95133f6fd24662fe92195431808,lime,,,,,4,0.2,0.4,-0.03847042838424715,0.04936653228035106,5,0
qt,TN,fc2f0fb39008f95133f6fd24662fe92195431808,lime,,,,,5,0.2,0.4,-0.03847042838424715,0.04936653228035106,5,0
qt,FP,41ae544c40e0568bd627a992a23b8c8f8f5cc27d,lime,,,,,1,0.8,0.8,-0.14582597213845488,0.15332981553816288,5,0
qt,FP,41ae544c40e0568bd627a992a23b8c8f8f5cc27d,lime,,,,,2,0.6,0.8,-0.11249156977108102,0.1348252071862973,5,0
qt,FP,41ae544c40e0568bd627a992a23b8c8f8f5cc27d,lime,,,,,3,0.6,0.8,-0.11249156977108102,0.1348252071862973,5,0
qt,FP,41ae544c40e0568bd627a992a23b8c8f8f5cc27d,lime,,,,,4,0.6,0.8,-0.11249156977108103,0.1348252071862973,5,0
qt,FP,41ae544c40e0568bd627a992a23b8c8f8f5cc27d,lime,,,,,5,0.6,0.8,-0.11249156977108102,0.13482520718629734,5,0
qt,FN,895cb4681ee78caaf9b99c88390a74ff1d79ae61,lime,,,,,1,0.4,1.0,0.048753144971445075,0.09417983648721218,5,0
qt,FN,895cb4681ee78caaf9b99c88390a74ff1d79ae61,lime,,,,,2,0.4,1.0,0.0074998301195565945,0.09251679780467999,5,0
qt,FN,895cb4681ee78caaf9b99c88390a74ff1d79ae61,lime,,,,,3,0.4,1.0,0.007499830119556616,0.09251679780467996,5,0
qt,FN,895cb4681ee78caaf9b99c88390a74ff1d79ae61,lime,,,,,4,0.4,1.0,0.048753144971445075,0.09417983648721218,5,0
qt,FN,895cb4681ee78caaf9b99c88390a74ff1d79ae61,lime,,,,,5,0.4,1.0,0.048753144971445075,0.09417983648721218,5,0
qt,TP,dfda6f14b3e210a33b71ef1c6fa3c75a9c866cce,lime,,,,,1,0.8,0.6,-0.05298362478262586,0.06246105454037341,5,0
qt,TP,dfda6f14b3e210a33b71ef1c6fa3c75a9c866cce,lime,,,,,2,0.8,0.6,-0.05298362478262582,0.06246105454037341,5,0
qt,TP,dfda6f14b3e210a33b71ef1c6fa3c75a9c866cce,lime,,,,,3,0.8,0.6,-0.05298362478262584,0.06246105454037341,5,0
qt,TP,dfda6f14b3e210a33b71ef1c6fa3c75a9c866cce,lime,,,,,4,0.8,0.6,-0.052983624782625846,0.06246105454037344,5,0
qt,TP,dfda6f14b3e210a33b71ef1c6fa3c75a9c866cce,lime,,,,,5,0.8,0.6,-0.052983624782625825,0.062461054540373394,5,0
qt,TN,9b3d91237bf38492fd97457624d4cb5cd486bd56,lime,,,,,1,0.2,0.4,-0.0392181736906944,0.04113765607615851,5,0
qt,TN,9b3d91237bf38492fd97457624d4cb5cd486bd56,lime,,,,,2,0.2,0.4,-0.03921817369069443,0.04113765607615853,5,0
qt,TN,9b3d91237bf38492fd97457624d4cb5cd486bd56,lime,,,,,3,0.2,0.6,-0.046249250001795715,0.046249250001795715,5,0
qt,TN,9b3d91237bf38492fd97457624d4cb5cd486bd56,lime,,,,,4,0.2,0.4,-0.03921817369069443,0.04113765607615858,5,0
qt,TN,9b3d91237bf38492fd97457624d4cb5cd486bd56,lime,,,,,5,0.2,0.6,-0.046249250001795736,0.046249250001795736,5,0
qt,TN,2831fa76655c614ed3df0816401514950e79b5e6,lime,,,,,1,0.4,0.0,-1.752171199600472e-05,0.01292207416717155,5,0
qt,TN,2831fa76655c614ed3df0816401514950e79b5e6,lime,,,,,2,0.4,0.0,-1.752171199607133e-05,0.01292207416717157,5,0
qt,TN,2831fa76655c614ed3df0816401514950e79b5e6,lime,,,,,3,0.4,0.0,-1.752171199600472e-05,0.01292207416717155,5,0
qt,TN,2831fa76655c614ed3df0816401514950e79b5e6,lime,,,,,4,0.4,0.0,-1.752171199600472e-05,0.01292207416717155,5,0
qt,TN,2831fa76655c614ed3df0816401514950e79b5e6,lime,,,,,5,0.4,0.0,-1.752171199607133e-05,0.01292207416717157,5,0
qt,FN,d8782b0cc680f09d605133bd37a44d290894c01e,lime,,,,,1,0.0,0.6,-0.038463074038130055,0.038463074038130055,5,0
qt,FN,d8782b0cc680f09d605133bd37a44d290894c01e,lime,,,,,2,0.0,0.6,-0.038463074038130055,0.038463074038130055,5,0
qt,FN,d8782b0cc680f09d605133bd37a44d290894c01e,lime,,,,,3,0.0,0.6,-0.03846307403813003,0.03846307403813003,5,0
qt,FN,d8782b0cc680f09d605133bd37a44d290894c01e,lime,,,,,4,0.0,0.4,-0.027982856204626417,0.03583471780729253,5,0
qt,FN,d8782b0cc680f09d605133bd37a44d290894c01e,lime,,,,,5,0.0,0.6,-0.038463074038130075,0.038463074038130075,5,0
qt,TP,5dd76ba31c3c7cb9c0d9d97cd62f0d2f535a23f7,lime,,,,,1,0.8,0.8,-0.09616171507408554,0.1028476886243448,5,0
qt,TP,5dd76ba31c3c7cb9c0d9d97cd62f0d2f535a23f7,lime,,,,,2,0.8,0.8,-0.09616171507408552,0.10284768862434482,5,0
qt,TP,5dd76ba31c3c7cb9c0d9d97cd62f0d2f535a23f7,lime,,,,,3,0.8,0.8,-0.09616171507408554,0.1028476886243448,5,0
qt,TP,5dd76ba31c3c7cb9c0d9d97cd62f0d2f535a23f7,lime,,,,,4,0.8,0.8,-0.09616171507408552,0.10284768862434479,5,0
qt,TP,5dd76ba31c3c7cb9c0d9d97cd62f0d2f535a23f7,lime,,,,,5,0.8,0.8,-0.09616171507408551,0.10284768862434482,5,0
qt,FP,237c867a002c8035aac7ff8a870da717eb7b0878,lime,,,,,1,0.8,0.8,-0.07744998552972902,0.09308963047861765,5,0
qt,FP,237c867a002c8035aac7ff8a870da717eb7b0878,lime,,,,,2,0.8,0.8,-0.07744998552972901,0.09308963047861765,5,0
qt,FP,237c867a002c8035aac7ff8a870da717eb7b0878,lime,,,,,3,0.8,0.8,-0.07744998552972901,0.09308963047861765,5,0
qt,FP,237c867a002c8035aac7ff8a870da717eb7b0878,lime,,,,,4,0.8,0.8,-0.07744998552972902,0.09308963047861765,5,0
qt,FP,237c867a002c8035aac7ff8a870da717eb7b0878,lime,,,,,5,0.8,0.8,-0.07744998552972905,0.09308963047861768,5,0
qt,TN,f3ca13f3d12f52c60f4cd41d0b336c24a8d3359d,lime,,,,,1,0.0,0.8,-0.06126874501733544,0.06126874501733544,5,0
qt,TN,f3ca13f3d12f52c60f4cd41d0b336c24a8d3359d,lime,,,,,2,0.0,0.8,-0.036510733997442445,0.05710871447075492,5,0
qt,TN,f3ca13f3d12f52c60f4cd41d0b336c24a8d3359d,lime,,,,,3,0.0,0.8,-0.06126874501733548,0.06126874501733548,5,0
qt,TN,f3ca13f3d12f52c60f4cd41d0b336c24a8d3359d,lime,,,,,4,0.0,0.8,-0.06126874501733544,0.06126874501733544,5,0
qt,TN,f3ca13f3d12f52c60f4cd41d0b336c24a8d3359d,lime,,,,,5,0.0,0.8,-0.036510733997442466,0.05710871447075494,5,0
qt,TP,267edbec198a0cedbf7bed4c3c5fa93c1dbc86bd,lime,,,,,1,0.8,0.6,-0.0676976227259399,0.0676976227259399,5,0
qt,TP,267edbec198a0cedbf7bed4c3c5fa93c1dbc86bd,lime,,,,,2,0.8,0.6,-0.0676976227259399,0.0676976227259399,5,0
qt,TP,267edbec198a0cedbf7bed4c3c5fa93c1dbc86bd,lime,,,,,3,0.8,0.6,-0.06769762272593992,0.06769762272593992,5,0
qt,TP,267edbec198a0cedbf7bed4c3c5fa93c1dbc86bd,lime,,,,,4,0.8,0.6,-0.0676976227259399,0.0676976227259399,5,0
qt,TP,267edbec198a0cedbf7bed4c3c5fa93c1dbc86bd,lime,,,,,5,0.8,0.6,-0.06769762272593992,0.06769762272593992,5,0
qt,TN,e3b7957d6552e88aa23bd0ecc474db5f14981707,lime,,,,,1,0.2,0.4,-0.015576258368303675,0.026797533496636338,5,0
qt,TN,e3b7957d6552e88aa23bd0ecc474db5f14981707,lime,,,,,2,0.2,0.6,-0.02588142089659897,0.03255199955660408,5,0
qt,TN,e3b7957d6552e88aa23bd0ecc474db5f14981707,lime,,,,,3,0.2,0.6,-0.02588142089659904,0.03255199955660406,5,0
qt,TN,e3b7957d6552e88aa23bd0ecc474db5f14981707,lime,,,,,4,0.2,0.6,-0.025881420896599016,0.03255199955660404,5,0
qt,TN,e3b7957d6552e88aa23bd0ecc474db5f14981707,lime,,,,,5,0.2,0.6,-0.02588142089659895,0.03255199955660397,5,0
qt,FP,571b11d41c9dadd5ef11e4e954c16c5ca39d718e,lime,,,,,1,1.0,0.8,-0.06702737299755337,0.06702737299755337,5,0
qt,FP,571b11d41c9dadd5ef11e4e954c16c5ca39d718e,lime,,,,,2,1.0,0.8,-0.0670273729975534,0.0670273729975534,5,0
qt,FP,571b11d41c9dadd5ef11e4e954c16c5ca39d718e,lime,,,,,3,1.0,0.8,-0.06702737299755339,0.06702737299755339,5,0
qt,FP,571b11d41c9dadd5ef11e4e954c16c5ca39d718e,lime,,,,,4,1.0,0.8,-0.06702737299755336,0.06702737299755336,5,0
qt,FP,571b11d41c9dadd5ef11e4e954c16c5ca39d718e,lime,,,,,5,1.0,0.8,-0.06702737299755337,0.06702737299755337,5,0
qt,FN,8cf186cc7c56144b02d5b40d8f4832ff3021e68a,lime,,,,,1,0.0,1.0,-0.08362259912120629,0.08362259912120629,5,0
qt,FN,8cf186cc7c56144b02d5b40d8f4832ff3021e68a,lime,,,,,2,0.0,1.0,-0.08362259912120633,0.08362259912120633,5,0
qt,FN,8cf186cc7c56144b02d5b40d8f4832ff3021e68a,lime,,,,,3,0.0,1.0,-0.08362259912120633,0.08362259912120633,5,0
qt,FN,8cf186cc7c56144b02d5b40d8f4832ff3021e68a,lime,,,,,4,0.0,0.8,-0.0728823917746042,0.0808001544697881,5,0
qt,FN,8cf186cc7c56144b02d5b40d8f4832ff3021e68a,lime,,,,,5,0.0,0.8,-0.07590395821434934,0.07777858803004296,5,0
qt,FP,02b7ec05d5713aec67577cebc18e5906b5a98598,lime,,,,,1,1.0,0.8,-0.09750068671929568,0.09750068671929568,5,0
qt,FP,02b7ec05d5713aec67577cebc18e5906b5a98598,lime,,,,,2,1.0,0.8,-0.10017241855888466,0.10017241855888466,5,0
qt,FP,02b7ec05d5713aec67577cebc18e5906b5a98598,lime,,,,,3,1.0,0.8,-0.10017241855888465,0.10017241855888465,5,0
qt,FP,02b7ec05d5713aec67577cebc18e5906b5a98598,lime,,,,,4,1.0,0.8,-0.09750068671929568,0.09750068671929568,5,0
qt,FP,02b7ec05d5713aec67577cebc18e5906b5a98598,lime,,,,,5,1.0,0.8,-0.10017241855888465,0.10017241855888465,5,0
qt,TN,88a8deea86fe69448ca1586c2ee567a53dee1008,lime,,,,,1,0.0,0.2,-0.03540172208359362,0.03540172208359362,5,0
qt,TN,88a8deea86fe69448ca1586c2ee567a53dee1008,lime,,,,,2,0.0,0.2,-0.03540172208359367,0.03540172208359367,5,0
qt,TN,88a8deea86fe69448ca1586c2ee567a53dee1008,lime,,,,,3,0.0,0.2,-0.03540172208359364,0.03540172208359364,5,0
qt,TN,88a8deea86fe69448ca1586c2ee567a53dee1008,lime,,,,,4,0.0,0.2,-0.03540172208359367,0.03540172208359367,5,0
qt,TN,88a8deea86fe69448ca1586c2ee567a53dee1008,lime,,,,,5,0.0,0.2,-0.03540172208359367,0.03540172208359367,5,0
qt,FP,1af927976ac953f922e35d71a16a32d328bb2efd,lime,,,,,1,0.8,0.4,-0.03907604182220633,0.04090216569833022,5,0
qt,FP,1af927976ac953f922e35d71a16a32d328bb2efd,lime,,,,,2,0.8,0.4,-0.039076041822206344,0.0409021656983302,5,0
qt,FP,1af927976ac953f922e35d71a16a32d328bb2efd,lime,,,,,3,0.8,0.4,-0.039076041822206344,0.0409021656983302,5,0
qt,FP,1af927976ac953f922e35d71a16a32d328bb2efd,lime,,,,,4,0.8,0.4,-0.03907604182220633,0.04090216569833022,5,0
qt,FP,1af927976ac953f922e35d71a16a32d328bb2efd,lime,,,,,5,0.8,0.4,-0.03907604182220633,0.040902165698330196,5,0
qt,FN,eaa54a8f9884652513c7c3ab489f31ff1e5d712c,lime,,,,,1,0.6,0.4,0.011486992641283212,0.03424001113860535,5,0
qt,FN,eaa54a8f9884652513c7c3ab489f31ff1e5d712c,lime,,,,,2,0.6,0.4,0.011486992641283212,0.03424001113860535,5,0
qt,FN,eaa54a8f9884652513c7c3ab489f31ff1e5d712c,lime,,,,,3,0.6,0.4,0.011486992641283212,0.03424001113860535,5,0
qt,FN,eaa54a8f9884652513c7c3ab489f31ff1e5d712c,lime,,,,,4,0.6,0.4,0.011486992641283255,0.0342400111386054,5,0
qt,FN,eaa54a8f9884652513c7c3ab489f31ff1e5d712c,lime,,,,,5,0.6,0.4,0.01148699264128319,0.03424001113860533,5,0
qt,TP,9d23aebb271ea534a66cb3aceb2e63d9a1c870d6,lime,,,,,1,0.8,0.8,-0.21993610856930185,0.22389414814876996,5,0
qt,TP,9d23aebb271ea534a66cb3aceb2e63d9a1c870d6,lime,,,,,2,0.8,0.8,-0.21993610856930182,0.22389414814876993,5,0
qt,TP,9d23aebb271ea534a66cb3aceb2e63d9a1c870d6,lime,,,,,3,0.8,0.8,-0.21993610856930182,0.22389414814876993,5,0
qt,TP,9d23aebb271ea534a66cb3aceb2e63d9a1c870d6,lime,,,,,4,1.0,1.0,-0.21540759065864093,0.22842266605943073,5,0
qt,TP,9d23aebb271ea534a66cb3aceb2e63d9a1c870d6,lime,,,,,5,0.8,0.8,-0.21993610856930187,0.22389414814876993,5,0
qt,FN,4e3917587b11432d2d892f5146b367de2a3e4864,lime,,,,,1,0.2,0.6,-0.07302290003189611,0.07682628340959907,5,0
qt,FN,4e3917587b11432d2d892f5146b367de2a3e4864,lime,,,,,2,0.4,0.6,-0.07118526535784434,0.07498864873554738,5,0
qt,FN,4e3917587b11432d2d892f5146b367de2a3e4864,lime,,,,,3,0.2,0.6,-0.07302290003189607,0.07682628340959903,5,0
qt,FN,4e3917587b11432d2d892f5146b367de2a3e4864,lime,,,,,4,0.2,0.6,-0.07302290003189607,0.07682628340959903,5,0
qt,FN,4e3917587b11432d2d892f5146b367de2a3e4864,lime,,,,,5,0.4,0.6,-0.07118526535784424,0.0749886487355472,5,0
qt,TN,bcf1167ccb52341d72e6e2921077d2244803ee8d,lime,,,,,1,0.4,0.4,0.029067929808077996,0.04831767461722114,5,0
qt,TN,bcf1167ccb52341d72e6e2921077d2244803ee8d,lime,,,,,2,0.4,0.6,0.014657991379265156,0.05729344465058735,5,0
qt,TN,bcf1167ccb52341d72e6e2921077d2244803ee8d,lime,,,,,3,0.4,0.4,0.029067929808077975,0.04831767461722112,5,0
qt,TN,bcf1167ccb52341d72e6e2921077d2244803ee8d,lime,,,,,4,0.4,0.4,0.02906792980807795,0.04831767461722114,5,0
qt,TN,bcf1167ccb52341d72e6e2921077d2244803ee8d,lime,,,,,5,0.4,0.4,0.02906792980807795,0.04831767461722114,5,0
qt,TN,3e379bcc799edb6a78bc8cea093a278dbe32f33c,lime,,,,,1,0.0,0.6,-0.04607757576045,0.05319638620540919,5,0
qt,TN,3e379bcc799edb6a78bc8cea093a278dbe32f33c,lime,,,,,2,0.2,0.4,-0.028091863850189892,0.038733832019777314,5,0
qt,TN,3e379bcc799edb6a78bc8cea093a278dbe32f33c,lime,,,,,3,0.0,0.6,-0.04607757576044995,0.05319638620540914,5,0
qt,TN,3e379bcc799edb6a78bc8cea093a278dbe32f33c,lime,,,,,4,0.0,0.6,-0.04607757576044991,0.0531963862054091,5,0
qt,TN,3e379bcc799edb6a78bc8cea093a278dbe32f33c,lime,,,,,5,0.2,0.4,-0.02809186385018996,0.038733832019777384,5,0
qt,TN,4ebc2cf74e557b65a8ce1dc518ca92f399ce89e8,lime,,,,,1,0.6,1.0,0.0009698153752531358,0.06586263320859116,5,0
qt,TN,4ebc2cf74e557b65a8ce1dc518ca92f399ce89e8,lime,,,,,2,0.6,1.0,0.0009698153752531579,0.06586263320859113,5,0
qt,TN,4ebc2cf74e557b65a8ce1dc518ca92f399ce89e8,lime,,,,,3,0.6,1.0,0.0009698153752532024,0.06586263320859118,5,0
qt,TN,4ebc2cf74e557b65a8ce1dc518ca92f399ce89e8,lime,,,,,4,0.6,1.0,0.0009698153752531802,0.06586263320859116,5,0
qt,TN,4ebc2cf74e557b65a8ce1dc518ca92f399ce89e8,lime,,,,,5,0.6,1.0,0.0009698153752531802,0.06586263320859116,5,0
qt,FN,7e298e2f2ceeee1a2d1a81238ca019d9a0c9519f,lime,,,,,1,0.6,0.4,-0.006616629761160575,0.045023481067893625,5,0
qt,FN,7e298e2f2ceeee1a2d1a81238ca019d9a0c9519f,lime,,,,,2,0.6,0.4,-0.006616629761160597,0.04502348106789369,5,0
qt,FN,7e298e2f2ceeee1a2d1a81238ca019d9a0c9519f,lime,,,,,3,0.6,0.4,-0.006616629761160575,0.04502348106789371,5,0
qt,FN,7e298e2f2ceeee1a2d1a81238ca019d9a0c9519f,lime,,,,,4,0.6,0.4,-0.0066166297611606195,0.04502348106789367,5,0
qt,FN,7e298e2f2ceeee1a2d1a81238ca019d9a0c9519f,lime,,,,,5,0.6,0.4,-0.006616629761160597,0.045023481067893646,5,0
qt,FN,93dabeba9dc5f6cbab60e65b3cc8df5fe48745a9,lime,,,,,1,0.8,0.6,0.05268606613937436,0.054135164159149096,5,0
qt,FN,93dabeba9dc5f6cbab60e65b3cc8df5fe48745a9,lime,,,,,2,0.8,0.6,0.05268606613937434,0.054135164159149075,5,0
qt,FN,93dabeba9dc5f6cbab60e65b3cc8df5fe48745a9,lime,,,,,3,0.8,0.6,0.05268606613937432,0.054135164159149055,5,0
qt,FN,93dabeba9dc5f6cbab60e65b3cc8df5fe48745a9,lime,,,,,4,0.8,0.6,0.05268606613937439,0.05413516415914912,5,0
qt,FN,93dabeba9dc5f6cbab60e65b3cc8df5fe48745a9,lime,,,,,5,0.8,0.6,0.05268606613937436,0.054135164159149096,5,0
qt,TN,0234e5c96417f451f8de279b8ff92734836badd4,lime,,,,,1,0.4,0.2,0.014918702033520682,0.024270730173505096,5,0
qt,TN,0234e5c96417f451f8de279b8ff92734836badd4,lime,,,,,2,0.6,0.2,0.011831324963348622,0.021183353103333125,5,0
qt,TN,0234e5c96417f451f8de279b8ff92734836badd4,lime,,,,,3,0.6,0.2,0.011831324963348622,0.021183353103333125,5,0
qt,TN,0234e5c96417f451f8de279b8ff92734836badd4,lime,,,,,4,0.6,0.2,0.011831324963348645,0.021183353103333146,5,0
qt,TN,0234e5c96417f451f8de279b8ff92734836badd4,lime,,,,,5,0.4,0.2,0.011529064837497983,0.020881092977482484,5,0
qt,FP,eb93d7b51773b43e6a3e41961898a6033bcd9479,lime,,,,,1,0.6,0.8,-0.06071692547096135,0.08529754862931554,5,0
qt,FP,eb93d7b51773b43e6a3e41961898a6033bcd9479,lime,,,,,2,0.6,0.8,-0.060716925470961344,0.08529754862931557,5,0
qt,FP,eb93d7b51773b43e6a3e41961898a6033bcd9479,lime,,,,,3,0.6,0.8,-0.06452722914340563,0.08456488210668883,5,0
qt,FP,eb93d7b51773b43e6a3e41961898a6033bcd9479,lime,,,,,4,0.6,0.8,-0.060716925470961344,0.08529754862931554,5,0
qt,FP,eb93d7b51773b43e6a3e41961898a6033bcd9479,lime,,,,,5,0.6,0.8,-0.06071692547096133,0.08529754862931554,5,0
qt,FN,e6d17c8691bfafa033b82a4d81a9caf4a2fd1b85,lime,,,,,1,0.4,0.4,0.015426661468783177,0.0426341931527854,5,0
qt,FN,e6d17c8691bfafa033b82a4d81a9caf4a2fd1b85,lime,,,,,2,0.4,0.4,0.015426661468783132,0.0426341931527854,5,0
qt,FN,e6d17c8691bfafa033b82a4d81a9caf4a2fd1b85,lime,,,,,3,0.6,0.4,0.018271080145344665,0.03978977447622387,5,0
qt,FN,e6d17c8691bfafa033b82a4d81a9caf4a2fd1b85,lime,,,,,4,0.4,0.4,0.015426661468783288,0.042634193152785424,5,0
qt,FN,e6d17c8691bfafa033b82a4d81a9caf4a2fd1b85,lime,,,,,5,0.4,0.4,0.015426661468783154,0.04263419315278556,5,0
qt,FN,5303225aef739c534714c1ac1d4dd096f0cc38d0,lime,,,,,1,1.0,0.6,0.03756699904129699,0.04566086000567815,5,0
qt,FN,5303225aef739c534714c1ac1d4dd096f0cc38d0,lime,,,,,2,1.0,0.6,0.03756699904129692,0.04566086000567813,5,0
qt,FN,5303225aef739c534714c1ac1d4dd096f0cc38d0,lime,,,,,3,0.8,0.8,0.02036102801037003,0.06286683103660515,5,0
qt,FN,5303225aef739c534714c1ac1d4dd096f0cc38d0,lime,,,,,4,0.8,0.8,0.020361028010370097,0.06286683103660522,5,0
qt,FN,5303225aef739c534714c1ac1d4dd096f0cc38d0,lime,,,,,5,0.8,0.8,0.020361028010370052,0.06286683103660513,5,0
qt,FN,a69edf01cb0a2a06282dc7b89724ffa542f6546d,lime,,,,,1,0.6,0.6,-0.007221140979035123,0.05379946509061075,5,0
qt,FN,a69edf01cb0a2a06282dc7b89724ffa542f6546d,lime,,,,,2,0.6,0.6,-0.007221140979035123,0.05379946509061075,5,0
qt,FN,a69edf01cb0a2a06282dc7b89724ffa542f6546d,lime,,,,,3,0.6,0.6,-0.007221140979035079,0.05379946509061071,5,0
qt,FN,a69edf01cb0a2a06282dc7b89724ffa542f6546d,lime,,,,,4,0.6,0.6,-0.007221140979035079,0.05379946509061071,5,0
qt,FN,a69edf01cb0a2a06282dc7b89724ffa542f6546d,lime,,,,,5,0.6,0.6,-0.0072211409790350345,0.05379946509061066,5,0
qt,FP,e58fdbaeb033a801ac7b5dd1f63657b36d6e1305,lime,,,,,1,1.0,1.0,-0.1680976619569432,0.1680976619569432,5,0
qt,FP,e58fdbaeb033a801ac7b5dd1f63657b36d6e1305,lime,,,,,2,0.8,0.8,-0.16538715579643704,0.16538715579643704,5,0
qt,FP,e58fdbaeb033a801ac7b5dd1f63657b36d6e1305,lime,,,,,3,1.0,1.0,-0.1680976619569432,0.1680976619569432,5,0
qt,FP,e58fdbaeb033a801ac7b5dd1f63657b36d6e1305,lime,,,,,4,1.0,1.0,-0.16809766195694317,0.16809766195694317,5,0
qt,FP,e58fdbaeb033a801ac7b5dd1f63657b36d6e1305,lime,,,,,5,1.0,1.0,-0.1680976619569432,0.1680976619569432,5,0
qt,TP,d3393ce25833c0afd7f0fa6b85fd6f3bd7ad520a,lime,,,,,1,0.8,1.0,-0.09625892022248739,0.10920313553098841,5,0
qt,TP,d3393ce25833c0afd7f0fa6b85fd6f3bd7ad520a,lime,,,,,2,0.8,1.0,-0.11348690890047608,0.11348690890047608,5,0
qt,TP,d3393ce25833c0afd7f0fa6b85fd6f3bd7ad520a,lime,,,,,3,0.8,1.0,-0.09625892022248739,0.10920313553098841,5,0
qt,TP,d3393ce25833c0afd7f0fa6b85fd6f3bd7ad520a,lime,,,,,4,0.8,1.0,-0.09625892022248742,0.10920313553098844,5,0
qt,TP,d3393ce25833c0afd7f0fa6b85fd6f3bd7ad520a,lime,,,,,5,0.8,1.0,-0.09625892022248736,0.1092031355309884,5,0
qt,FN,6486a4bd196ca2bf0047ae80e78eee06e5e18e18,lime,,,,,1,0.6,0.6,0.01327148903727855,0.05563445176377504,5,0
qt,FN,6486a4bd196ca2bf0047ae80e78eee06e5e18e18,lime,,,,,2,0.6,0.8,0.0039038373906795875,0.05990128943737947,5,0
qt,FN,6486a4bd196ca2bf0047ae80e78eee06e5e18e18,lime,,,,,3,0.6,0.8,0.0039038373906796096,0.05990128943737949,5,0
qt,FN,6486a4bd196ca2bf0047ae80e78eee06e5e18e18,lime,,,,,4,0.6,0.8,0.0039038373906796096,0.05990128943737949,5,0
qt,FN,6486a4bd196ca2bf0047ae80e78eee06e5e18e18,lime,,,,,5,0.6,0.8,0.0039038373906795654,0.05990128943737945,5,0
qt,FP,ddb4fb4c60987ce6e0b9e50de9a5f3a7ff0e8757,lime,,,,,1,0.4,0.8,-0.005876636123520301,0.09201297839413976,5,0
qt,FP,ddb4fb4c60987ce6e0b9e50de9a5f3a7ff0e8757,lime,,,,,2,0.4,0.8,-0.05646356386983088,0.08665504949582604,5,0
qt,FP,ddb4fb4c60987ce6e0b9e50de9a5f3a7ff0e8757,lime,,,,,3,0.4,0.8,-0.056463563869830875,0.08665504949582603,5,0
qt,FP,ddb4fb4c60987ce6e0b9e50de9a5f3a7ff0e8757,lime,,,,,4,0.4,0.8,-0.005876636123520301,0.09201297839413976,5,0
qt,FP,ddb4fb4c60987ce6e0b9e50de9a5f3a7ff0e8757,lime,,,,,5,0.4,0.8,-0.005876636123520301,0.09201297839413976,5,0
qt,TP,03a1675eac4baf8c7a6e0602102bbafa3176771c,lime,,,,,1,0.8,0.4,-0.04553883043994518,0.049565690274788216,5,0
qt,TP,03a1675eac4baf8c7a6e0602102bbafa3176771c,lime,,,,,2,0.8,0.6,-0.05490391970052982,0.05490391970052982,5,0
qt,TP,03a1675eac4baf8c7a6e0602102bbafa3176771c,lime,,,,,3,0.8,0.4,-0.04553883043994518,0.049565690274788216,5,0
qt,TP,03a1675eac4baf8c7a6e0602102bbafa3176771c,lime,,,,,4,0.8,0.6,-0.05490391970052982,0.05490391970052982,5,0
qt,TP,03a1675eac4baf8c7a6e0602102bbafa3176771c,lime,,,,,5,0.8,0.6,-0.05490391970052982,0.05490391970052982,5,0
qt,FP,36997810d9fec492635152be89efaa55208e224a,lime,,,,,1,0.6,1.0,-0.06864122300373961,0.10256396930505732,5,0
qt,FP,36997810d9fec492635152be89efaa55208e224a,lime,,,,,2,0.6,1.0,-0.06864122300373958,0.10256396930505733,5,0
qt,FP,36997810d9fec492635152be89efaa55208e224a,lime,,,,,3,0.6,1.0,-0.06864122300373961,0.10256396930505732,5,0
qt,FP,36997810d9fec492635152be89efaa55208e224a,lime,,,,,4,0.6,1.0,-0.0686412230037396,0.1025639693050573,5,0
qt,FP,36997810d9fec492635152be89efaa55208e224a,lime,,,,,5,0.6,1.0,-0.06864122300373958,0.10256396930505732,5,0
qt,TN,4f4ad7c262ce4723417efa14c4d3fdb875be53d0,lime,,,,,1,0.2,0.6,-0.015416909711983218,0.03940704411757316,5,0
qt,TN,4f4ad7c262ce4723417efa14c4d3fdb875be53d0,lime,,,,,2,0.2,0.6,-0.015416909711983262,0.03940704411757312,5,0
qt,TN,4f4ad7c262ce4723417efa14c4d3fdb875be53d0,lime,,,,,3,0.2,0.6,-0.0344493102953811,0.038741640085591354,5,0
qt,TN,4f4ad7c262ce4723417efa14c4d3fdb875be53d0,lime,,,,,4,0.2,0.6,-0.03444931029538116,0.03874164008559115,5,0
qt,TN,4f4ad7c262ce4723417efa14c4d3fdb875be53d0,lime,,,,,5,0.2,0.6,-0.03444931029538114,0.03874164008559122,5,0
qt,TP,a50911bc0bfca1185e99ce6638fbf03cf592789d,lime,,,,,1,0.6,1.0,-0.014232356560292442,0.08269298293403055,5,0
qt,TP,a50911bc0bfca1185e99ce6638fbf03cf592789d,lime,,,,,2,0.6,1.0,-0.05555080020397366,0.07701121527320785,5,0
qt,TP,a50911bc0bfca1185e99ce6638fbf03cf592789d,lime,,,,,3,0.6,1.0,-0.055550800203973655,0.07701121527320785,5,0
qt,TP,a50911bc0bfca1185e99ce6638fbf03cf592789d,lime,,,,,4,0.6,1.0,-0.01423235656029242,0.08269298293403057,5,0
qt,TP,a50911bc0bfca1185e99ce6638fbf03cf592789d,lime,,,,,5,0.6,1.0,-0.05555080020397366,0.07701121527320785,5,0
qt,TP,bb199cc8ad4111808260f6255312b08c7d81dcbc,lime,,,,,1,0.8,0.6,-0.0762367074485952,0.08511631590441783,5,0
qt,TP,bb199cc8ad4111808260f6255312b08c7d81dcbc,lime,,,,,2,0.8,0.6,-0.0762367074485952,0.08511631590441783,5,0
qt,TP,bb199cc8ad4111808260f6255312b08c7d81dcbc,lime,,,,,3,0.8,0.6,-0.07623670744859523,0.08511631590441782,5,0
qt,TP,bb199cc8ad4111808260f6255312b08c7d81dcbc,lime,,,,,4,0.8,0.6,-0.07623670744859519,0.08511631590441784,5,0
qt,TP,bb199cc8ad4111808260f6255312b08c7d81dcbc,lime,,,,,5,0.8,0.6,-0.07623670744859523,0.08511631590441782,5,0
qt,FP,6a91dcba2e4fa85dc345c2d403c757ab7676e28c,lime,,,,,1,0.8,0.8,-0.06268167676713675,0.06574509905913045,5,0
qt,FP,6a91dcba2e4fa85dc345c2d403c757ab7676e28c,lime,,,,,2,0.8,0.8,-0.06743028054431197,0.06743028054431197,5,0
qt,FP,6a91dcba2e4fa85dc345c2d403c757ab7676e28c,lime,,,,,3,0.8,0.8,-0.06743028054431197,0.06743028054431197,5,0
qt,FP,6a91dcba2e4fa85dc345c2d403c757ab7676e28c,lime,,,,,4,0.8,0.8,-0.06268167676713673,0.06574509905913044,5,0
qt,FP,6a91dcba2e4fa85dc345c2d403c757ab7676e28c,lime,,,,,5,0.8,0.8,-0.06268167676713676,0.06574509905913047,5,0
qt,TN,e38a98ad4453974b2848eeed02d81e0c408ce0c6,lime,,,,,1,0.4,0.4,-0.046546268419509686,0.0590431332378367,5,0
qt,TN,e38a98ad4453974b2848eeed02d81e0c408ce0c6,lime,,,,,2,0.4,0.4,-0.046546268419509665,0.05904313323783672,5,0
qt,TN,e38a98ad4453974b2848eeed02d81e0c408ce0c6,lime,,,,,3,0.4,0.4,-0.04654626841950964,0.05904313323783665,5,0
qt,TN,e38a98ad4453974b2848eeed02d81e0c408ce0c6,lime,,,,,4,0.4,0.4,-0.046546268419509686,0.0590431332378367,5,0
qt,TN,e38a98ad4453974b2848eeed02d81e0c408ce0c6,lime,,,,,5,0.4,0.4,-0.046546268419509686,0.0590431332378367,5,0
qt,FP,1c6d5b0696f324495e95a12f7718ae7593c9b58a,lime,,,,,1,1.0,0.8,-0.11878317803750128,0.11914701470208983,5,0
qt,FP,1c6d5b0696f324495e95a12f7718ae7593c9b58a,lime,,,,,2,1.0,0.8,-0.11878317803750128,0.11914701470208983,5,0
qt,FP,1c6d5b0696f324495e95a12f7718ae7593c9b58a,lime,,,,,3,0.8,0.8,-0.11811065501283323,0.1198195377267579,5,0
qt,FP,1c6d5b0696f324495e95a12f7718ae7593c9b58a,lime,,,,,4,0.8,0.8,-0.11811065501283324,0.11981953772675791,5,0
qt,FP,1c6d5b0696f324495e95a12f7718ae7593c9b58a,lime,,,,,5,0.8,0.8,-0.11811065501283323,0.1198195377267579,5,0
qt,FP,cd542a82b0c2d5c9a4ea167a84e5ea8a25c5d969,lime,,,,,1,0.8,0.6,-0.06253729058056784,0.070954334321141,5,0
qt,FP,cd542a82b0c2d5c9a4ea167a84e5ea8a25c5d969,lime,,,,,2,0.8,0.6,-0.07735941639445615,0.0786477471113583,5,0
qt,FP,cd542a82b0c2d5c9a4ea167a84e5ea8a25c5d969,lime,,,,,3,0.8,0.8,-0.08917386441142516,0.09322946595274104,5,0
qt,FP,cd542a82b0c2d5c9a4ea167a84e5ea8a25c5d969,lime,,,,,4,0.8,0.8,-0.08208397828165563,0.0861395798229715,5,0
qt,FP,cd542a82b0c2d5c9a4ea167a84e5ea8a25c5d969,lime,,,,,5,1.0,0.8,-0.07979911289641431,0.08108744361331646,5,0
qt,TP,b254b03dc3b1cfcfc5f17158d2470e0a9a946a0e,lime,,,,,1,0.8,0.8,-0.106540554933788,0.1084180274612605,5,0
qt,TP,b254b03dc3b1cfcfc5f17158d2470e0a9a946a0e,lime,,,,,2,0.8,0.8,-0.10654055493378801,0.10841802746126052,5,0
qt,TP,b254b03dc3b1cfcfc5f17158d2470e0a9a946a0e,lime,,,,,3,0.8,0.8,-0.10654055493378801,0.10841802746126052,5,0
qt,TP,b254b03dc3b1cfcfc5f17158d2470e0a9a946a0e,lime,,,,,4,0.8,0.8,-0.10654055493378803,0.10841802746126053,5,0
qt,TP,b254b03dc3b1cfcfc5f17158d2470e0a9a946a0e,lime,,,,,5,1.0,1.0,-0.12519448220350413,0.12519448220350413,5,0
qt,TP,1a7bc520c5df4da80b7e65acbec1f546f9c87870,lime,,,,,1,1.0,0.6,-0.09794543640354914,0.09794543640354914,5,0
qt,TP,1a7bc520c5df4da80b7e65acbec1f546f9c87870,lime,,,,,2,1.0,0.6,-0.09794543640354916,0.09794543640354916,5,0
qt,TP,1a7bc520c5df4da80b7e65acbec1f546f9c87870,lime,,,,,3,1.0,0.6,-0.09794543640354915,0.09794543640354915,5,0
qt,TP,1a7bc520c5df4da80b7e65acbec1f546f9c87870,lime,,,,,4,1.0,0.6,-0.09794543640354918,0.09794543640354918,5,0
qt,TP,1a7bc520c5df4da80b7e65acbec1f546f9c87870,lime,,,,,5,1.0,0.6,-0.09794543640354915,0.09794543640354915,5,0
qt,FN,5629823b05ca7d24924ac879b5a0469a3cb03e78,lime,,,,,1,0.4,0.6,-0.05110499923904106,0.06784332277406033,5,0
qt,FN,5629823b05ca7d24924ac879b5a0469a3cb03e78,lime,,,,,2,0.4,0.6,-0.051104999239041035,0.06784332277406036,5,0
qt,FN,5629823b05ca7d24924ac879b5a0469a3cb03e78,lime,,,,,3,0.4,0.6,-0.05110499923904106,0.06784332277406033,5,0
qt,FN,5629823b05ca7d24924ac879b5a0469a3cb03e78,lime,,,,,4,0.2,0.6,-0.05080909455566136,0.06813922745744017,5,0
qt,FN,5629823b05ca7d24924ac879b5a0469a3cb03e78,lime,,,,,5,0.4,0.6,-0.051104999239041084,0.06784332277406036,5,0
qt,TN,9b54447e453e2cb7b7375e2c6104b2595ab1594e,lime,,,,,1,0.0,0.8,-0.06264062760141409,0.06264062760141409,5,0
qt,TN,9b54447e453e2cb7b7375e2c6104b2595ab1594e,lime,,,,,2,0.0,0.8,-0.06264062760141412,0.06264062760141412,5,0
qt,TN,9b54447e453e2cb7b7375e2c6104b2595ab1594e,lime,,,,,3,0.0,0.6,-0.04393175822776638,0.05339621232004008,5,0
qt,TN,9b54447e453e2cb7b7375e2c6104b2595ab1594e,lime,,,,,4,0.0,0.8,-0.06264062760141412,0.06264062760141412,5,0
qt,TN,9b54447e453e2cb7b7375e2c6104b2595ab1594e,lime,,,,,5,0.0,0.6,-0.04393175822776636,0.05339621232004006,5,0
qt,FP,3981a1f440914e8108af3d854a1b01dd596a8a0e,lime,,,,,1,0.6,0.6,-0.12570469228849118,0.12897731243983834,5,0
qt,FP,3981a1f440914e8108af3d854a1b01dd596a8a0e,lime,,,,,2,0.6,0.6,-0.06085475800788695,0.116964285333504,5,0
qt,FP,3981a1f440914e8108af3d854a1b01dd596a8a0e,lime,,,,,3,0.6,0.6,-0.12570469228849118,0.12897731243983837,5,0
qt,FP,3981a1f440914e8108af3d854a1b01dd596a8a0e,lime,,,,,4,0.6,0.6,-0.12570469228849118,0.12897731243983837,5,0
qt,FP,3981a1f440914e8108af3d854a1b01dd596a8a0e,lime,,,,,5,0.6,0.6,-0.12570469228849118,0.12897731243983837,5,0
qt,TN,4331ccd4b735d9d721a384193a3d42ee2ce6c805,lime,,,,,1,0.6,0.6,-0.016141222184217364,0.04403919883413539,5,0
qt,TN,4331ccd4b735d9d721a384193a3d42ee2ce6c805,lime,,,,,2,0.6,0.6,-0.01614122218421732,0.04403919883413547,5,0
qt,TN,4331ccd4b735d9d721a384193a3d42ee2ce6c805,lime,,,,,3,0.6,0.6,-0.016141222184217364,0.04403919883413543,5,0
qt,TN,4331ccd4b735d9d721a384193a3d42ee2ce6c805,lime,,,,,4,0.6,0.6,-0.01614122218421734,0.04403919883413545,5,0
qt,TN,4331ccd4b735d9d721a384193a3d42ee2ce6c805,lime,,,,,5,0.6,0.6,-0.01614122218421734,0.04403919883413541,5,0
qt,TP,afbb57ae84ecbee5fab9eb6e58356b19d7995ea5,lime,,,,,1,0.8,0.8,-0.16359897270649143,0.16599620404657997,5,0
qt,TP,afbb57ae84ecbee5fab9eb6e58356b19d7995ea5,lime,,,,,2,1.0,1.0,-0.1758491378824853,0.1758491378824853,5,0
qt,TP,afbb57ae84ecbee5fab9eb6e58356b19d7995ea5,lime,,,,,3,0.8,0.8,-0.16359897270649143,0.16599620404657997,5,0
qt,TP,afbb57ae84ecbee5fab9eb6e58356b19d7995ea5,lime,,,,,4,0.8,0.8,-0.16359897270649143,0.16599620404657997,5,0
qt,TP,afbb57ae84ecbee5fab9eb6e58356b19d7995ea5,lime,,,,,5,1.0,1.0,-0.1758491378824853,0.1758491378824853,5,0
qt,TP,17513266b81e88b84fda250734f07c94a198fabc,lime,,,,,1,1.0,0.8,-0.08333407277682801,0.08333407277682801,5,0
qt,TP,17513266b81e88b84fda250734f07c94a198fabc,lime,,,,,2,1.0,0.8,-0.083334072776828,0.083334072776828,5,0
qt,TP,17513266b81e88b84fda250734f07c94a198fabc,lime,,,,,3,1.0,0.8,-0.08333407277682794,0.08333407277682794,5,0
qt,TP,17513266b81e88b84fda250734f07c94a198fabc,lime,,,,,4,1.0,0.8,-0.083334072776828,0.083334072776828,5,0
qt,TP,17513266b81e88b84fda250734f07c94a198fabc,lime,,,,,5,1.0,0.8,-0.07863135938377845,0.0799930286668763,5,0
qt,FN,cdbc4b83d59e08189d6ece9ccd88a646be155c08,lime,,,,,1,0.4,0.2,-0.022839649135325924,0.02655189403328506,5,0
qt,FN,cdbc4b83d59e08189d6ece9ccd88a646be155c08,lime,,,,,2,0.2,0.2,-0.021040689761366572,0.02475293465932571,5,0
qt,FN,cdbc4b83d59e08189d6ece9ccd88a646be155c08,lime,,,,,3,0.2,0.2,-0.021040689761366506,0.024752934659325643,5,0
qt,FN,cdbc4b83d59e08189d6ece9ccd88a646be155c08,lime,,,,,4,0.2,0.2,-0.021040689761366593,0.02475293465932573,5,0
qt,FN,cdbc4b83d59e08189d6ece9ccd88a646be155c08,lime,,,,,5,0.2,0.2,-0.021040689761366572,0.02475293465932571,5,0
qt,FP,753c744b23abfecad6463890dfdf6e97c7eeaa5c,lime,,,,,1,0.6,1.0,0.00653237470917688,0.11906767937944406,5,0
qt,FP,753c744b23abfecad6463890dfdf6e97c7eeaa5c,lime,,,,,2,0.8,0.8,-0.021152353156941982,0.1024101595183528,5,0
qt,FP,753c744b23abfecad6463890dfdf6e97c7eeaa5c,lime,,,,,3,0.6,0.8,-0.009192765626677746,0.11436974704861705,5,0
qt,FP,753c744b23abfecad6463890dfdf6e97c7eeaa5c,lime,,,,,4,0.6,0.8,-0.009192765626677767,0.11436974704861702,5,0
qt,FP,753c744b23abfecad6463890dfdf6e97c7eeaa5c,lime,,,,,5,0.6,1.0,0.006532374709176908,0.11906767937944407,5,0
qt,TP,a4f8b9ae6dfacf9ad5c190cde6098ebf13102f41,lime,,,,,1,0.4,0.6,-0.03048933197865079,0.06629803755878497,5,0
qt,TP,a4f8b9ae6dfacf9ad5c190cde6098ebf13102f41,lime,,,,,2,0.4,0.6,-0.03048933197865079,0.06629803755878497,5,0
qt,TP,a4f8b9ae6dfacf9ad5c190cde6098ebf13102f41,lime,,,,,3,0.4,0.8,-0.01267512713587451,0.08411070346430809,5,0
qt,TP,a4f8b9ae6dfacf9ad5c190cde6098ebf13102f41,lime,,,,,4,0.4,0.8,-0.012675127135874487,0.08411070346430805,5,0
qt,TP,a4f8b9ae6dfacf9ad5c190cde6098ebf13102f41,lime,,,,,5,0.4,0.8,-0.012675127135874497,0.08411070346430803,5,0
qt,TP,fca89004d75412dd378cc44ad79ed3c1e05c765b,lime,,,,,1,0.4,0.8,-0.041119285080273606,0.08506605506220957,5,0
qt,TP,fca89004d75412dd378cc44ad79ed3c1e05c765b,lime,,,,,2,0.4,0.8,-0.041119285080273606,0.08506605506220957,5,0
qt,TP,fca89004d75412dd378cc44ad79ed3c1e05c765b,lime,,,,,3,0.4,0.8,-0.04111928508027356,0.08506605506220957,5,0
qt,TP,fca89004d75412dd378cc44ad79ed3c1e05c765b,lime,,,,,4,0.4,0.8,-0.041119285080273626,0.08506605506220957,5,0
qt,TP,fca89004d75412dd378cc44ad79ed3c1e05c765b,lime,,,,,5,0.4,0.8,-0.015182644340061419,0.09500988623104065,5,0
qt,FP,3d3ce2afe1937531f5fdc2af56697e93133e6d98,lofo,,,,,1,1.0,1.0,-0.03075689821092865,0.08420207047662415,5,0
qt,FP,3d3ce2afe1937531f5fdc2af56697e93133e6d98,lofo,,,,,2,1.0,1.0,-0.030756898210928658,0.08420207047662415,5,0
qt,FP,3d3ce2afe1937531f5fdc2af56697e93133e6d98,lofo,,,,,3,1.0,1.0,-0.030756898210928675,0.08420207047662412,5,0
qt,FP,3d3ce2afe1937531f5fdc2af56697e93133e6d98,lofo,,,,,4,1.0,1.0,-0.030756898210928647,0.08420207047662415,5,0
qt,FP,3d3ce2afe1937531f5fdc2af56697e93133e6d98,lofo,,,,,5,1.0,1.0,-0.03075689821092865,0.08420207047662415,5,0
qt,TN,eb5994df1307b2e17e729374e1f7ab1c8fe82750,lofo,,,,,1,1.0,0.6,-0.03809805626951297,0.03809805626951297,5,0
qt,TN,eb5994df1307b2e17e729374e1f7ab1c8fe82750,lofo,,,,,2,1.0,0.6,-0.038098056269512945,0.038098056269512945,5,0
qt,TN,eb5994df1307b2e17e729374e1f7ab1c8fe82750,lofo,,,,,3,1.0,0.6,-0.03809805626951297,0.03809805626951297,5,0
qt,TN,eb5994df1307b2e17e729374e1f7ab1c8fe82750,lofo,,,,,4,1.0,0.6,-0.0380980562695129,0.0380980562695129,5,0
qt,TN,eb5994df1307b2e17e729374e1f7ab1c8fe82750,lofo,,,,,5,1.0,0.6,-0.03809805626951297,0.03809805626951297,5,0
qt,FN,2ad213cc02094e003802530757fa4010720a22e6,lofo,,,,,1,1.0,0.6,-0.025230500310664473,0.043345375911254334,5,0
qt,FN,2ad213cc02094e003802530757fa4010720a22e6,lofo,,,,,2,1.0,0.6,-0.025230500310664518,0.04334537591125438,5,0
qt,FN,2ad213cc02094e003802530757fa4010720a22e6,lofo,,,,,3,1.0,0.6,-0.02523050031066454,0.043345375911254404,5,0
qt,FN,2ad213cc02094e003802530757fa4010720a22e6,lofo,,,,,4,1.0,0.6,-0.025230500310664494,0.043345375911254404,5,0
qt,FN,2ad213cc02094e003802530757fa4010720a22e6,lofo,,,,,5,1.0,0.6,-0.025230500310664473,0.043345375911254334,5,0
qt,TP,256bbc4f139036a780a63b80af8bb461a77d333a,lofo,,,,,1,1.0,1.0,-0.13498876141754007,0.16721053012502307,5,0
qt,TP,256bbc4f139036a780a63b80af8bb461a77d333a,lofo,,,,,2,1.0,1.0,-0.13498876141754007,0.16721053012502307,5,0
qt,TP,256bbc4f139036a780a63b80af8bb461a77d333a,lofo,,,,,3,1.0,1.0,-0.13498876141754007,0.16721053012502307,5,0
qt,TP,256bbc4f139036a780a63b80af8bb461a77d333a,lofo,,,,,4,1.0,1.0,-0.13498876141754007,0.16721053012502307,5,0
qt,TP,256bbc4f139036a780a63b80af8bb461a77d333a,lofo,,,,,5,1.0,1.0,-0.13498876141754007,0.16721053012502307,5,0
qt,TP,ae292be8690109940fdd9862321b2389a0957404,lofo,,,,,1,1.0,1.0,-0.12573979178072758,0.21061654681840694,5,0
qt,TP,ae292be8690109940fdd9862321b2389a0957404,lofo,,,,,2,1.0,1.0,-0.1257397917807276,0.21061654681840689,5,0
qt,TP,ae292be8690109940fdd9862321b2389a0957404,lofo,,,,,3,1.0,1.0,-0.12573979178072764,0.2106165468184069,5,0
qt,TP,ae292be8690109940fdd9862321b2389a0957404,lofo,,,,,4,1.0,1.0,-0.12573979178072764,0.2106165468184069,5,0
qt,TP,ae292be8690109940fdd9862321b2389a0957404,lofo,,,,,5,1.0,1.0,-0.12573979178072758,0.21061654681840694,5,0
qt,FN,3786411f7f8770f28ba2a97cb646a0eb7a5eaa99,lofo,,,,,1,0.6,0.4,0.03712669362230967,0.04009579851550051,5,0
qt,FN,3786411f7f8770f28ba2a97cb646a0eb7a5eaa99,lofo,,,,,2,0.6,0.4,0.037126693622309734,0.04009579851550049,5,0
qt,FN,3786411f7f8770f28ba2a97cb646a0eb7a5eaa99,lofo,,,,,3,0.6,0.4,0.037126693622309824,0.04009579851550058,5,0
qt,FN,3786411f7f8770f28ba2a97cb646a0eb7a5eaa99,lofo,,,,,4,0.6,0.4,0.03712669362230969,0.04009579851550053,5,0
qt,FN,3786411f7f8770f28ba2a97cb646a0eb7a5eaa99,lofo,,,,,5,0.6,0.4,0.037126693622309734,0.04009579851550058,5,0
qt,FP,8835c0376befd009702b9a17c506639e31c842b9,lofo,,,,,1,1.0,1.0,-0.1702476914006642,0.1702476914006642,5,0
qt,FP,8835c0376befd009702b9a17c506639e31c842b9,lofo,,,,,2,1.0,1.0,-0.1702476914006642,0.1702476914006642,5,0
qt,FP,8835c0376befd009702b9a17c506639e31c842b9,lofo,,,,,3,1.0,1.0,-0.1702476914006642,0.1702476914006642,5,0
qt,FP,8835c0376befd009702b9a17c506639e31c842b9,lofo,,,,,4,1.0,1.0,-0.17024769140066418,0.17024769140066418,5,0
qt,FP,8835c0376befd009702b9a17c506639e31c842b9,lofo,,,,,5,1.0,1.0,-0.1702476914006642,0.1702476914006642,5,0
qt,FN,9e99dba4a22bbf212b3e6d1e2607a16dbbd04d90,lofo,,,,,1,0.8,0.6,0.061664887555955915,0.07257181354313418,5,0
qt,FN,9e99dba4a22bbf212b3e6d1e2607a16dbbd04d90,lofo,,,,,2,0.8,0.6,0.061664887555955984,0.07257181354313424,5,0
qt,FN,9e99dba4a22bbf212b3e6d1e2607a16dbbd04d90,lofo,,,,,3,0.8,0.6,0.061664887555955984,0.07257181354313424,5,0
qt,FN,9e99dba4a22bbf212b3e6d1e2607a16dbbd04d90,lofo,,,,,4,0.8,0.6,0.06166488755595596,0.07257181354313422,5,0
qt,FN,9e99dba4a22bbf212b3e6d1e2607a16dbbd04d90,lofo,,,,,5,0.8,0.6,0.061664887555956005,0.07257181354313422,5,0
qt,FN,f506e01665c9bf689887ccf057a03588829efeea,lofo,,,,,1,1.0,0.8,-0.04112960791775071,0.04112960791775071,5,0
qt,FN,f506e01665c9bf689887ccf057a03588829efeea,lofo,,,,,2,1.0,0.8,-0.04112960791775071,0.04112960791775071,5,0
qt,FN,f506e01665c9bf689887ccf057a03588829efeea,lofo,,,,,3,1.0,0.8,-0.041129607917750756,0.041129607917750756,5,0
qt,FN,f506e01665c9bf689887ccf057a03588829efeea,lofo,,,,,4,1.0,0.8,-0.04112960791775071,0.04112960791775071,5,0
qt,FN,f506e01665c9bf689887ccf057a03588829efeea,lofo,,,,,5,1.0,0.8,-0.04112960791775078,0.04112960791775078,5,0
qt,TP,fa7626713b3a943609453459190e16c49d61dfd3,lofo,,,,,1,1.0,1.0,-0.08106324437285875,0.0980300965682824,5,0
qt,TP,fa7626713b3a943609453459190e16c49d61dfd3,lofo,,,,,2,1.0,1.0,-0.08106324437285875,0.0980300965682824,5,0
qt,TP,fa7626713b3a943609453459190e16c49d61dfd3,lofo,,,,,3,1.0,1.0,-0.08106324437285875,0.09803009656828236,5,0
qt,TP,fa7626713b3a943609453459190e16c49d61dfd3,lofo,,,,,4,1.0,1.0,-0.08106324437285878,0.09803009656828242,5,0
qt,TP,fa7626713b3a943609453459190e16c49d61dfd3,lofo,,,,,5,1.0,1.0,-0.08106324437285876,0.09803009656828239,5,0
qt,FP,093064fdeb6e777d2dc88dbb4f4adb8fddac3aa5,lofo,,,,,1,1.0,1.0,-0.28675814995179616,0.28675814995179616,5,0
qt,FP,093064fdeb6e777d2dc88dbb4f4adb8fddac3aa5,lofo,,,,,2,1.0,1.0,-0.28675814995179616,0.28675814995179616,5,0
qt,FP,093064fdeb6e777d2dc88dbb4f4adb8fddac3aa5,lofo,,,,,3,1.0,1.0,-0.28675814995179616,0.28675814995179616,5,0
qt,FP,093064fdeb6e777d2dc88dbb4f4adb8fddac3aa5,lofo,,,,,4,1.0,1.0,-0.2867581499517961,0.2867581499517961,5,0
qt,FP,093064fdeb6e777d2dc88dbb4f4adb8fddac3aa5,lofo,,,,,5,1.0,1.0,-0.28675814995179616,0.28675814995179616,5,0
qt,TP,da8ace713a19d2a8c9831ddf50d17607bc4856cc,lofo,,,,,1,1.0,1.0,-0.14932388413375247,0.14932388413375247,5,0
qt,TP,da8ace713a19d2a8c9831ddf50d17607bc4856cc,lofo,,,,,2,1.0,1.0,-0.14932388413375244,0.14932388413375244,5,0
qt,TP,da8ace713a19d2a8c9831ddf50d17607bc4856cc,lofo,,,,,3,1.0,1.0,-0.14932388413375247,0.14932388413375247,5,0
qt,TP,da8ace713a19d2a8c9831ddf50d17607bc4856cc,lofo,,,,,4,1.0,1.0,-0.14932388413375247,0.14932388413375247,5,0
qt,TP,da8ace713a19d2a8c9831ddf50d17607bc4856cc,lofo,,,,,5,1.0,1.0,-0.14932388413375247,0.14932388413375247,5,0
qt,FP,08cfd02312d21391c956b8bf50ab7d6caa0d8082,lofo,,,,,1,0.8,1.0,-0.12471281510758692,0.12471281510758692,5,0
qt,FP,08cfd02312d21391c956b8bf50ab7d6caa0d8082,lofo,,,,,2,0.8,1.0,-0.12471281510758693,0.12471281510758693,5,0
qt,FP,08cfd02312d21391c956b8bf50ab7d6caa0d8082,lofo,,,,,3,0.8,1.0,-0.12471281510758692,0.12471281510758692,5,0
qt,FP,08cfd02312d21391c956b8bf50ab7d6caa0d8082,lofo,,,,,4,0.8,1.0,-0.12471281510758692,0.12471281510758692,5,0
qt,FP,08cfd02312d21391c956b8bf50ab7d6caa0d8082,lofo,,,,,5,0.8,1.0,-0.12471281510758692,0.12471281510758692,5,0
qt,FP,a02b371eb2f34bf198c95cf0caa1fbad639f96bb,lofo,,,,,1,1.0,1.0,-0.07290793564585273,0.09094671591320437,5,0
qt,FP,a02b371eb2f34bf198c95cf0caa1fbad639f96bb,lofo,,,,,2,1.0,1.0,-0.07290793564585277,0.09094671591320436,5,0
qt,FP,a02b371eb2f34bf198c95cf0caa1fbad639f96bb,lofo,,,,,3,1.0,1.0,-0.07290793564585275,0.09094671591320434,5,0
qt,FP,a02b371eb2f34bf198c95cf0caa1fbad639f96bb,lofo,,,,,4,1.0,1.0,-0.07290793564585275,0.09094671591320438,5,0
qt,FP,a02b371eb2f34bf198c95cf0caa1fbad639f96bb,lofo,,,,,5,1.0,1.0,-0.07290793564585277,0.09094671591320436,5,0
qt,TN,5cb54cb5ebae99fab121061e25e26eec3056203a,lofo,,,,,1,1.0,0.8,0.0720429068489252,0.0720429068489252,5,0
qt,TN,5cb54cb5ebae99fab121061e25e26eec3056203a,lofo,,,,,2,1.0,0.8,0.07204290684892511,0.07204290684892511,5,0
qt,TN,5cb54cb5ebae99fab121061e25e26eec3056203a,lofo,,,,,3,1.0,0.8,0.07204290684892516,0.07204290684892516,5,0
qt,TN,5cb54cb5ebae99fab121061e25e26eec3056203a,lofo,,,,,4,1.0,0.8,0.07204290684892516,0.07204290684892516,5,0
qt,TN,5cb54cb5ebae99fab121061e25e26eec3056203a,lofo,,,,,5,1.0,0.8,0.0720429068489252,0.0720429068489252,5,0
qt,TN,9a50333dd03969abb3f09c0f90dcb4afd048e47a,lofo,,,,,1,0.6,0.6,-0.042871707360971435,0.055204443274426064,5,0
qt,TN,9a50333dd03969abb3f09c0f90dcb4afd048e47a,lofo,,,,,2,0.6,0.6,-0.04287170736097148,0.055204443274426106,5,0
qt,TN,9a50333dd03969abb3f09c0f90dcb4afd048e47a,lofo,,,,,3,0.6,0.6,-0.042871707360971435,0.055204443274426064,5,0
qt,TN,9a50333dd03969abb3f09c0f90dcb4afd048e47a,lofo,,,,,4,0.6,0.6,-0.04287170736097139,0.055204443274426106,5,0
qt,TN,9a50333dd03969abb3f09c0f90dcb4afd048e47a,lofo,,,,,5,0.6,0.6,-0.042871707360971435,0.055204443274426106,5,0
qt,FN,18f7e6dc9f59159b70cb7e6a8745738f42d4f46f,lofo,,,,,1,1.0,1.0,0.07535202334659838,0.1091068801365723,5,0
qt,FN,18f7e6dc9f59159b70cb7e6a8745738f42d4f46f,lofo,,,,,2,1.0,1.0,0.07535202334659837,0.10910688013657228,5,0
qt,FN,18f7e6dc9f59159b70cb7e6a8745738f42d4f46f,lofo,,,,,3,1.0,1.0,0.07535202334659838,0.10910688013657226,5,0
qt,FN,18f7e6dc9f59159b70cb7e6a8745738f42d4f46f,lofo,,,,,4,1.0,1.0,0.07535202334659834,0.10910688013657226,5,0
qt,FN,18f7e6dc9f59159b70cb7e6a8745738f42d4f46f,lofo,,,,,5,1.0,1.0,0.07535202334659837,0.10910688013657228,5,0
qt,TP,d31304eab9e7424edc20fb83a8a19cd979458029,lofo,,,,,1,1.0,0.8,-0.0027276460798719205,0.10060561834477914,5,0
qt,TP,d31304eab9e7424edc20fb83a8a19cd979458029,lofo,,,,,2,1.0,0.8,-0.0027276460798719205,0.10060561834477914,5,0
qt,TP,d31304eab9e7424edc20fb83a8a19cd979458029,lofo,,,,,3,1.0,0.8,-0.0027276460798719205,0.10060561834477914,5,0
qt,TP,d31304eab9e7424edc20fb83a8a19cd979458029,lofo,,,,,4,1.0,0.8,-0.0027276460798719205,0.10060561834477914,5,0
qt,TP,d31304eab9e7424edc20fb83a8a19cd979458029,lofo,,,,,5,1.0,0.8,-0.0027276460798719205,0.10060561834477914,5,0
qt,TN,bd79c331f14e6cfab9e0b5815404c8194526e8f1,lofo,,,,,1,1.0,0.8,-0.014464522541256186,0.05747817954546901,5,0
qt,TN,bd79c331f14e6cfab9e0b5815404c8194526e8f1,lofo,,,,,2,1.0,0.8,-0.014464522541256186,0.05747817954546901,5,0
qt,TN,bd79c331f14e6cfab9e0b5815404c8194526e8f1,lofo,,,,,3,1.0,0.8,-0.014464522541256186,0.05747817954546901,5,0
qt,TN,bd79c331f14e6cfab9e0b5815404c8194526e8f1,lofo,,,,,4,1.0,0.8,-0.014464522541256252,0.05747817954546908,5,0
qt,TN,bd79c331f14e6cfab9e0b5815404c8194526e8f1,lofo,,,,,5,1.0,0.8,-0.014464522541256186,0.05747817954546901,5,0
qt,TN,67ee72f3145fd14b36af408918ed3420504d3035,lofo,,,,,1,0.8,1.0,-0.04695133170161079,0.07378351596287518,5,0
qt,TN,67ee72f3145fd14b36af408918ed3420504d3035,lofo,,,,,2,0.8,1.0,-0.04695133170161074,0.07378351596287513,5,0
qt,TN,67ee72f3145fd14b36af408918ed3420504d3035,lofo,,,,,3,0.8,1.0,-0.04695133170161079,0.07378351596287513,5,0
qt,TN,67ee72f3145fd14b36af408918ed3420504d3035,lofo,,,,,4,0.8,1.0,-0.04695133170161077,0.07378351596287516,5,0
qt,TN,67ee72f3145fd14b36af408918ed3420504d3035,lofo,,,,,5,0.8,1.0,-0.04695133170161079,0.07378351596287518,5,0
qt,FN,67ced4791ddabebfa19a2f101aa292b5eba60b90,lofo,,,,,1,0.8,1.0,0.043865186077374996,0.07755742700171686,5,0
qt,FN,67ced4791ddabebfa19a2f101aa292b5eba60b90,lofo,,,,,2,0.8,1.0,0.04386518607737502,0.07755742700171689,5,0
qt,FN,67ced4791ddabebfa19a2f101aa292b5eba60b90,lofo,,,,,3,0.8,1.0,0.043865186077374996,0.07755742700171686,5,0
qt,FN,67ced4791ddabebfa19a2f101aa292b5eba60b90,lofo,,,,,4,0.8,1.0,0.043865186077374975,0.07755742700171683,5,0
qt,FN,67ced4791ddabebfa19a2f101aa292b5eba60b90,lofo,,,,,5,0.8,1.0,0.043865186077374996,0.07755742700171682,5,0
qt,FP,86d91d2bf8e7ac7a75f88f0e4886140abc06fd4c,lofo,,,,,1,0.8,0.6,-0.1625160117455281,0.17277806048110625,5,0
qt,FP,86d91d2bf8e7ac7a75f88f0e4886140abc06fd4c,lofo,,,,,2,0.8,0.6,-0.1625160117455281,0.17277806048110622,5,0
qt,FP,86d91d2bf8e7ac7a75f88f0e4886140abc06fd4c,lofo,,,,,3,0.8,0.6,-0.1625160117455281,0.17277806048110622,5,0
qt,FP,86d91d2bf8e7ac7a75f88f0e4886140abc06fd4c,lofo,,,,,4,0.8,0.6,-0.1625160117455281,0.17277806048110622,5,0
qt,FP,86d91d2bf8e7ac7a75f88f0e4886140abc06fd4c,lofo,,,,,5,0.8,0.6,-0.1625160117455281,0.17277806048110622,5,0
qt,TN,121cdbdd30de1bee58e349859409dd08865c17f5,lofo,,,,,1,1.0,0.6,-0.03672448245240403,0.047074550930292045,5,0
qt,TN,121cdbdd30de1bee58e349859409dd08865c17f5,lofo,,,,,2,1.0,0.6,-0.036724482452403936,0.047074550930292045,5,0
qt,TN,121cdbdd30de1bee58e349859409dd08865c17f5,lofo,,,,,3,1.0,0.6,-0.03672448245240403,0.047074550930292045,5,0
qt,TN,121cdbdd30de1bee58e349859409dd08865c17f5,lofo,,,,,4,1.0,0.6,-0.036724482452403895,0.04707455093029191,5,0
qt,TN,121cdbdd30de1bee58e349859409dd08865c17f5,lofo,,,,,5,1.0,0.6,-0.03672448245240385,0.04707455093029196,5,0
qt,TP,9bd30943bae136d28d42b9a9188a8586c963d461,lofo,,,,,1,1.0,0.6,-0.05455552618067892,0.07380845996368798,5,0
qt,TP,9bd30943bae136d28d42b9a9188a8586c963d461,lofo,,,,,2,1.0,0.6,-0.0545555261806789,0.07380845996368798,5,0
qt,TP,9bd30943bae136d28d42b9a9188a8586c963d461,lofo,,,,,3,1.0,0.6,-0.0545555261806789,0.073808459963688,5,0
qt,TP,9bd30943bae136d28d42b9a9188a8586c963d461,lofo,,,,,4,1.0,0.6,-0.054555526180678916,0.07380845996368798,5,0
qt,TP,9bd30943bae136d28d42b9a9188a8586c963d461,lofo,,,,,5,1.0,0.6,-0.0545555261806789,0.07380845996368798,5,0
qt,FN,ac48071b185d17022d48c6379a2549ac2736cb8c,lofo,,,,,1,1.0,0.8,-0.07484629654458544,0.07484629654458544,5,0
qt,FN,ac48071b185d17022d48c6379a2549ac2736cb8c,lofo,,,,,2,1.0,0.8,-0.07484629654458545,0.07484629654458545,5,0
qt,FN,ac48071b185d17022d48c6379a2549ac2736cb8c,lofo,,,,,3,1.0,0.8,-0.0748462965445855,0.0748462965445855,5,0
qt,FN,ac48071b185d17022d48c6379a2549ac2736cb8c,lofo,,,,,4,1.0,0.8,-0.07484629654458548,0.07484629654458548,5,0
qt,FN,ac48071b185d17022d48c6379a2549ac2736cb8c,lofo,,,,,5,1.0,0.8,-0.07484629654458555,0.07484629654458555,5,0
qt,TN,fc2f0fb39008f95133f6fd24662fe92195431808,lofo,,,,,1,1.0,0.4,-0.034032053451506214,0.034032053451506214,5,0
qt,TN,fc2f0fb39008f95133f6fd24662fe92195431808,lofo,,,,,2,1.0,0.4,-0.03403205345150619,0.03403205345150619,5,0
qt,TN,fc2f0fb39008f95133f6fd24662fe92195431808,lofo,,,,,3,1.0,0.4,-0.03403205345150619,0.03403205345150619,5,0
qt,TN,fc2f0fb39008f95133f6fd24662fe92195431808,lofo,,,,,4,1.0,0.4,-0.034032053451506214,0.034032053451506214,5,0
qt,TN,fc2f0fb39008f95133f6fd24662fe92195431808,lofo,,,,,5,1.0,0.4,-0.034032053451506214,0.034032053451506214,5,0
qt,FP,41ae544c40e0568bd627a992a23b8c8f8f5cc27d,lofo,,,,,1,1.0,1.0,-0.17535143431412006,0.17535143431412006,5,0
qt,FP,41ae544c40e0568bd627a992a23b8c8f8f5cc27d,lofo,,,,,2,1.0,1.0,-0.17535143431412004,0.17535143431412004,5,0
qt,FP,41ae544c40e0568bd627a992a23b8c8f8f5cc27d,lofo,,,,,3,1.0,1.0,-0.17535143431412004,0.17535143431412004,5,0
qt,FP,41ae544c40e0568bd627a992a23b8c8f8f5cc27d,lofo,,,,,4,1.0,1.0,-0.17535143431412004,0.17535143431412004,5,0
qt,FP,41ae544c40e0568bd627a992a23b8c8f8f5cc27d,lofo,,,,,5,1.0,1.0,-0.17535143431412004,0.17535143431412004,5,0
qt,FN,895cb4681ee78caaf9b99c88390a74ff1d79ae61,lofo,,,,,1,1.0,1.0,-0.0021663499228945504,0.10218297784713112,5,0
qt,FN,895cb4681ee78caaf9b99c88390a74ff1d79ae61,lofo,,,,,2,1.0,1.0,-0.0021663499228945283,0.10218297784713111,5,0
qt,FN,895cb4681ee78caaf9b99c88390a74ff1d79ae61,lofo,,,,,3,1.0,1.0,-0.0021663499228945504,0.10218297784713112,5,0
qt,FN,895cb4681ee78caaf9b99c88390a74ff1d79ae61,lofo,,,,,4,1.0,1.0,-0.0021663499228945947,0.10218297784713112,5,0
qt,FN,895cb4681ee78caaf9b99c88390a74ff1d79ae61,lofo,,,,,5,1.0,1.0,-0.0021663499228945947,0.10218297784713108,5,0
qt,TP,dfda6f14b3e210a33b71ef1c6fa3c75a9c866cce,lofo,,,,,1,1.0,0.6,-0.04913800304149958,0.05861543279924717,5,0
qt,TP,dfda6f14b3e210a33b71ef1c6fa3c75a9c866cce,lofo,,,,,2,1.0,0.6,-0.04913800304149961,0.05861543279924718,5,0
qt,TP,dfda6f14b3e210a33b71ef1c6fa3c75a9c866cce,lofo,,,,,3,1.0,0.6,-0.0491380030414996,0.05861543279924717,5,0
qt,TP,dfda6f14b3e210a33b71ef1c6fa3c75a9c866cce,lofo,,,,,4,1.0,0.6,-0.04913800304149961,0.05861543279924716,5,0
qt,TP,dfda6f14b3e210a33b71ef1c6fa3c75a9c866cce,lofo,,,,,5,1.0,0.6,-0.04913800304149959,0.05861543279924718,5,0
qt,TN,9b3d91237bf38492fd97457624d4cb5cd486bd56,lofo,,,,,1,1.0,0.6,-0.03795776296260629,0.047822710119409154,5,0
qt,TN,9b3d91237bf38492fd97457624d4cb5cd486bd56,lofo,,,,,2,1.0,0.6,-0.037957762962606334,0.047822710119409154,5,0
qt,TN,9b3d91237bf38492fd97457624d4cb5cd486bd56,lofo,,,,,3,1.0,0.6,-0.037957762962606376,0.04782271011940924,5,0
qt,TN,9b3d91237bf38492fd97457624d4cb5cd486bd56,lofo,,,,,4,1.0,0.6,-0.03795776296260631,0.047822710119409174,5,0
qt,TN,9b3d91237bf38492fd97457624d4cb5cd486bd56,lofo,,,,,5,1.0,0.6,-0.037957762962606334,0.047822710119409195,5,0
qt,TN,2831fa76655c614ed3df0816401514950e79b5e6,lofo,,,,,1,0.8,0.4,-0.021346427257387314,0.034250979712562815,5,0
qt,TN,2831fa76655c614ed3df0816401514950e79b5e6,lofo,,,,,2,0.8,0.4,-0.021346427257387224,0.03425097971256277,5,0
qt,TN,2831fa76655c614ed3df0816401514950e79b5e6,lofo,,,,,3,0.8,0.4,-0.02134642725738729,0.034250979712562836,5,0
qt,TN,2831fa76655c614ed3df0816401514950e79b5e6,lofo,,,,,4,0.8,0.4,-0.021346427257387224,0.03425097971256277,5,0
qt,TN,2831fa76655c614ed3df0816401514950e79b5e6,lofo,,,,,5,0.8,0.4,-0.021346427257387314,0.034250979712562815,5,0
qt,FN,d8782b0cc680f09d605133bd37a44d290894c01e,lofo,,,,,1,0.8,0.6,-0.03275253410934113,0.040604395712007246,5,0
qt,FN,d8782b0cc680f09d605133bd37a44d290894c01e,lofo,,,,,2,0.8,0.6,-0.03275253410934113,0.040604395712007246,5,0
qt,FN,d8782b0cc680f09d605133bd37a44d290894c01e,lofo,,,,,3,0.8,0.6,-0.03275253410934113,0.040604395712007246,5,0
qt,FN,d8782b0cc680f09d605133bd37a44d290894c01e,lofo,,,,,4,0.8,0.6,-0.03275253410934113,0.040604395712007246,5,0
qt,FN,d8782b0cc680f09d605133bd37a44d290894c01e,lofo,,,,,5,0.8,0.6,-0.03275253410934113,0.040604395712007246,5,0
qt,TP,5dd76ba31c3c7cb9c0d9d97cd62f0d2f535a23f7,lofo,,,,,1,1.0,1.0,-0.08013224733671721,0.11545867091314076,5,0
qt,TP,5dd76ba31c3c7cb9c0d9d97cd62f0d2f535a23f7,lofo,,,,,2,1.0,1.0,-0.08013224733671721,0.11545867091314076,5,0
qt,TP,5dd76ba31c3c7cb9c0d9d97cd62f0d2f535a23f7,lofo,,,,,3,1.0,1.0,-0.08013224733671723,0.11545867091314077,5,0
qt,TP,5dd76ba31c3c7cb9c0d9d97cd62f0d2f535a23f7,lofo,,,,,4,1.0,1.0,-0.08013224733671723,0.11545867091314077,5,0
qt,TP,5dd76ba31c3c7cb9c0d9d97cd62f0d2f535a23f7,lofo,,,,,5,1.0,1.0,-0.0801322473367172,0.11545867091314074,5,0
qt,FP,237c867a002c8035aac7ff8a870da717eb7b0878,lofo,,,,,1,1.0,0.8,-0.09504491716819227,0.09504491716819227,5,0
qt,FP,237c867a002c8035aac7ff8a870da717eb7b0878,lofo,,,,,2,1.0,0.8,-0.09504491716819229,0.09504491716819229,5,0
qt,FP,237c867a002c8035aac7ff8a870da717eb7b0878,lofo,,,,,3,1.0,0.8,-0.09504491716819229,0.09504491716819229,5,0
qt,FP,237c867a002c8035aac7ff8a870da717eb7b0878,lofo,,,,,4,1.0,0.8,-0.09504491716819226,0.09504491716819226,5,0
qt,FP,237c867a002c8035aac7ff8a870da717eb7b0878,lofo,,,,,5,1.0,0.8,-0.09504491716819229,0.09504491716819229,5,0
qt,TN,f3ca13f3d12f52c60f4cd41d0b336c24a8d3359d,lofo,,,,,1,0.8,0.2,-0.015694651724380025,0.02828296011619975,5,0
qt,TN,f3ca13f3d12f52c60f4cd41d0b336c24a8d3359d,lofo,,,,,2,0.8,0.2,-0.01569465172437996,0.02828296011619973,5,0
qt,TN,f3ca13f3d12f52c60f4cd41d0b336c24a8d3359d,lofo,,,,,3,0.8,0.2,-0.01569465172438005,0.028282960116199685,5,0
qt,TN,f3ca13f3d12f52c60f4cd41d0b336c24a8d3359d,lofo,,,,,4,0.8,0.2,-0.015694651724380025,0.02828296011619975,5,0
qt,TN,f3ca13f3d12f52c60f4cd41d0b336c24a8d3359d,lofo,,,,,5,0.8,0.2,-0.015694651724380004,0.028282960116199775,5,0
qt,TP,267edbec198a0cedbf7bed4c3c5fa93c1dbc86bd,lofo,,,,,1,1.0,1.0,-0.036423150464305984,0.09479520059345246,5,0
qt,TP,267edbec198a0cedbf7bed4c3c5fa93c1dbc86bd,lofo,,,,,2,1.0,1.0,-0.036423150464305984,0.09479520059345246,5,0
qt,TP,267edbec198a0cedbf7bed4c3c5fa93c1dbc86bd,lofo,,,,,3,1.0,1.0,-0.036423150464305984,0.09479520059345246,5,0
qt,TP,267edbec198a0cedbf7bed4c3c5fa93c1dbc86bd,lofo,,,,,4,1.0,1.0,-0.036423150464305984,0.09479520059345246,5,0
qt,TP,267edbec198a0cedbf7bed4c3c5fa93c1dbc86bd,lofo,,,,,5,1.0,1.0,-0.036423150464305984,0.09479520059345248,5,0
qt,TN,e3b7957d6552e88aa23bd0ecc474db5f14981707,lofo,,,,,1,0.8,0.4,-0.014602288923806305,0.0254330244815411,5,0
qt,TN,e3b7957d6552e88aa23bd0ecc474db5f14981707,lofo,,,,,2,0.8,0.4,-0.01460228892380635,0.025433024481541187,5,0
qt,TN,e3b7957d6552e88aa23bd0ecc474db5f14981707,lofo,,,,,3,0.8,0.4,-0.014602288923806283,0.02543302448154112,5,0
qt,TN,e3b7957d6552e88aa23bd0ecc474db5f14981707,lofo,,,,,4,0.8,0.4,-0.014602288923806262,0.025433024481541187,5,0
qt,TN,e3b7957d6552e88aa23bd0ecc474db5f14981707,lofo,,,,,5,0.8,0.4,-0.01460228892380624,0.025433024481541076,5,0
qt,FP,571b11d41c9dadd5ef11e4e954c16c5ca39d718e,lofo,,,,,1,0.8,1.0,-0.09655867716432316,0.09655867716432316,5,0
qt,FP,571b11d41c9dadd5ef11e4e954c16c5ca39d718e,lofo,,,,,2,0.8,1.0,-0.09655867716432316,0.09655867716432316,5,0
qt,FP,571b11d41c9dadd5ef11e4e954c16c5ca39d718e,lofo,,,,,3,0.8,1.0,-0.09655867716432315,0.09655867716432315,5,0
qt,FP,571b11d41c9dadd5ef11e4e954c16c5ca39d718e,lofo,,,,,4,0.8,1.0,-0.09655867716432315,0.09655867716432315,5,0
qt,FP,571b11d41c9dadd5ef11e4e954c16c5ca39d718e,lofo,,,,,5,0.8,1.0,-0.09655867716432315,0.09655867716432315,5,0
qt,FN,8cf186cc7c56144b02d5b40d8f4832ff3021e68a,lofo,,,,,1,0.8,0.6,-0.07157189897219188,0.07344652878788549,5,0
qt,FN,8cf186cc7c56144b02d5b40d8f4832ff3021e68a,lofo,,,,,2,0.8,0.6,-0.07157189897219185,0.07344652878788546,5,0
qt,FN,8cf186cc7c56144b02d5b40d8f4832ff3021e68a,lofo,,,,,3,0.8,0.6,-0.07157189897219192,0.07344652878788553,5,0
qt,FN,8cf186cc7c56144b02d5b40d8f4832ff3021e68a,lofo,,,,,4,0.8,0.6,-0.07157189897219192,0.07344652878788553,5,0
qt,FN,8cf186cc7c56144b02d5b40d8f4832ff3021e68a,lofo,,,,,5,0.8,0.6,-0.07157189897219188,0.07344652878788549,5,0
qt,FP,02b7ec05d5713aec67577cebc18e5906b5a98598,lofo,,,,,1,1.0,1.0,-0.07423883757930445,0.11610461520850915,5,0
qt,FP,02b7ec05d5713aec67577cebc18e5906b5a98598,lofo,,,,,2,1.0,1.0,-0.07423883757930443,0.11610461520850912,5,0
qt,FP,02b7ec05d5713aec67577cebc18e5906b5a98598,lofo,,,,,3,1.0,1.0,-0.07423883757930443,0.11610461520850912,5,0
qt,FP,02b7ec05d5713aec67577cebc18e5906b5a98598,lofo,,,,,4,1.0,1.0,-0.07423883757930443,0.11610461520850912,5,0
qt,FP,02b7ec05d5713aec67577cebc18e5906b5a98598,lofo,,,,,5,1.0,1.0,-0.07423883757930445,0.11610461520850915,5,0
qt,TN,88a8deea86fe69448ca1586c2ee567a53dee1008,lofo,,,,,1,0.8,0.2,-0.03240751741551018,0.03240751741551018,5,0
qt,TN,88a8deea86fe69448ca1586c2ee567a53dee1008,lofo,,,,,2,0.8,0.2,-0.03240751741551018,0.03240751741551018,5,0
qt,TN,88a8deea86fe69448ca1586c2ee567a53dee1008,lofo,,,,,3,0.8,0.2,-0.03240751741551022,0.03240751741551022,5,0
qt,TN,88a8deea86fe69448ca1586c2ee567a53dee1008,lofo,,,,,4,0.8,0.2,-0.03240751741551016,0.03240751741551016,5,0
qt,TN,88a8deea86fe69448ca1586c2ee567a53dee1008,lofo,,,,,5,0.8,0.2,-0.03240751741551011,0.03240751741551011,5,0
qt,FP,1af927976ac953f922e35d71a16a32d328bb2efd,lofo,,,,,1,1.0,0.2,-0.044469549072633785,0.044469549072633785,5,0
qt,FP,1af927976ac953f922e35d71a16a32d328bb2efd,lofo,,,,,2,1.0,0.2,-0.04446954907263377,0.04446954907263377,5,0
qt,FP,1af927976ac953f922e35d71a16a32d328bb2efd,lofo,,,,,3,1.0,0.2,-0.04446954907263377,0.04446954907263377,5,0
qt,FP,1af927976ac953f922e35d71a16a32d328bb2efd,lofo,,,,,4,1.0,0.2,-0.044469549072633785,0.044469549072633785,5,0
qt,FP,1af927976ac953f922e35d71a16a32d328bb2efd,lofo,,,,,5,1.0,0.2,-0.04446954907263377,0.04446954907263377,5,0
qt,FN,eaa54a8f9884652513c7c3ab489f31ff1e5d712c,lofo,,,,,1,0.8,0.4,0.015107042022385109,0.03707213387078765,5,0
qt,FN,eaa54a8f9884652513c7c3ab489f31ff1e5d712c,lofo,,,,,2,0.8,0.4,0.015107042022385109,0.03707213387078765,5,0
qt,FN,eaa54a8f9884652513c7c3ab489f31ff1e5d712c,lofo,,,,,3,0.8,0.4,0.015107042022385109,0.03707213387078765,5,0
qt,FN,eaa54a8f9884652513c7c3ab489f31ff1e5d712c,lofo,,,,,4,0.8,0.4,0.015107042022385109,0.03707213387078765,5,0
qt,FN,eaa54a8f9884652513c7c3ab489f31ff1e5d712c,lofo,,,,,5,0.8,0.4,0.015107042022385131,0.03707213387078763,5,0
qt,TP,9d23aebb271ea534a66cb3aceb2e63d9a1c870d6,lofo,,,,,1,1.0,1.0,-0.25140094173156075,0.25140094173156075,5,0
qt,TP,9d23aebb271ea534a66cb3aceb2e63d9a1c870d6,lofo,,,,,2,1.0,1.0,-0.25140094173156075,0.25140094173156075,5,0
qt,TP,9d23aebb271ea534a66cb3aceb2e63d9a1c870d6,lofo,,,,,3,1.0,1.0,-0.2514009417315608,0.2514009417315608,5,0
qt,TP,9d23aebb271ea534a66cb3aceb2e63d9a1c870d6,lofo,,,,,4,1.0,1.0,-0.2514009417315607,0.2514009417315607,5,0
qt,TP,9d23aebb271ea534a66cb3aceb2e63d9a1c870d6,lofo,,,,,5,1.0,1.0,-0.25140094173156075,0.25140094173156075,5,0
qt,FN,4e3917587b11432d2d892f5146b367de2a3e4864,lofo,,,,,1,1.0,0.8,-0.0802188701960451,0.0802188701960451,5,0
qt,FN,4e3917587b11432d2d892f5146b367de2a3e4864,lofo,,,,,2,1.0,0.8,-0.08021887019604519,0.08021887019604519,5,0
qt,FN,4e3917587b11432d2d892f5146b367de2a3e4864,lofo,,,,,3,1.0,0.8,-0.08021887019604515,0.08021887019604515,5,0
qt,FN,4e3917587b11432d2d892f5146b367de2a3e4864,lofo,,,,,4,1.0,0.8,-0.08021887019604505,0.08021887019604505,5,0
qt,FN,4e3917587b11432d2d892f5146b367de2a3e4864,lofo,,,,,5,1.0,0.8,-0.08021887019604523,0.08021887019604523,5,0
qt,TN,bcf1167ccb52341d72e6e2921077d2244803ee8d,lofo,,,,,1,1.0,0.8,0.08198068996503005,0.08198068996503005,5,0
qt,TN,bcf1167ccb52341d72e6e2921077d2244803ee8d,lofo,,,,,2,1.0,0.8,0.08198068996503005,0.08198068996503005,5,0
qt,TN,bcf1167ccb52341d72e6e2921077d2244803ee8d,lofo,,,,,3,1.0,0.8,0.08198068996503009,0.08198068996503009,5,0
qt,TN,bcf1167ccb52341d72e6e2921077d2244803ee8d,lofo,,,,,4,1.0,0.8,0.08198068996503005,0.08198068996503005,5,0
qt,TN,bcf1167ccb52341d72e6e2921077d2244803ee8d,lofo,,,,,5,1.0,0.8,0.08198068996503005,0.08198068996503005,5,0
qt,TN,3e379bcc799edb6a78bc8cea093a278dbe32f33c,lofo,,,,,1,0.8,0.4,-0.02625373717911872,0.04057195869084849,5,0
qt,TN,3e379bcc799edb6a78bc8cea093a278dbe32f33c,lofo,,,,,2,0.8,0.4,-0.026253737179118785,0.04057195869084855,5,0
qt,TN,3e379bcc799edb6a78bc8cea093a278dbe32f33c,lofo,,,,,3,0.8,0.4,-0.02625373717911883,0.0405719586908486,5,0
qt,TN,3e379bcc799edb6a78bc8cea093a278dbe32f33c,lofo,,,,,4,0.8,0.4,-0.02625373717911872,0.04057195869084849,5,0
qt,TN,3e379bcc799edb6a78bc8cea093a278dbe32f33c,lofo,,,,,5,0.8,0.4,-0.02625373717911874,0.04057195869084847,5,0
qt,TN,4ebc2cf74e557b65a8ce1dc518ca92f399ce89e8,lofo,,,,,1,1.0,1.0,0.02275902998399202,0.07079318432198005,5,0
qt,TN,4ebc2cf74e557b65a8ce1dc518ca92f399ce89e8,lofo,,,,,2,1.0,1.0,0.022759029983991996,0.07079318432198003,5,0
qt,TN,4ebc2cf74e557b65a8ce1dc518ca92f399ce89e8,lofo,,,,,3,1.0,1.0,0.022759029983991996,0.07079318432198003,5,0
qt,TN,4ebc2cf74e557b65a8ce1dc518ca92f399ce89e8,lofo,,,,,4,1.0,1.0,0.02275902998399204,0.07079318432198008,5,0
qt,TN,4ebc2cf74e557b65a8ce1dc518ca92f399ce89e8,lofo,,,,,5,1.0,1.0,0.022759029983991996,0.07079318432197998,5,0
qt,FN,7e298e2f2ceeee1a2d1a81238ca019d9a0c9519f,lofo,,,,,1,0.6,0.2,0.01797226912190899,0.020434582184824145,5,0
qt,FN,7e298e2f2ceeee1a2d1a81238ca019d9a0c9519f,lofo,,,,,2,0.6,0.2,0.017972269121909013,0.02043458218482417,5,0
qt,FN,7e298e2f2ceeee1a2d1a81238ca019d9a0c9519f,lofo,,,,,3,0.6,0.2,0.017972269121908968,0.02043458218482408,5,0
qt,FN,7e298e2f2ceeee1a2d1a81238ca019d9a0c9519f,lofo,,,,,4,0.6,0.2,0.017972269121909034,0.02043458218482419,5,0
qt,FN,7e298e2f2ceeee1a2d1a81238ca019d9a0c9519f,lofo,,,,,5,0.6,0.2,0.017972269121909013,0.020434582184824125,5,0
qt,FN,93dabeba9dc5f6cbab60e65b3cc8df5fe48745a9,lofo,,,,,1,1.0,0.8,0.0645897117187609,0.0645897117187609,5,0
qt,FN,93dabeba9dc5f6cbab60e65b3cc8df5fe48745a9,lofo,,,,,2,1.0,0.8,0.06458971171876093,0.06458971171876093,5,0
qt,FN,93dabeba9dc5f6cbab60e65b3cc8df5fe48745a9,lofo,,,,,3,1.0,0.8,0.0645897117187609,0.0645897117187609,5,0
qt,FN,93dabeba9dc5f6cbab60e65b3cc8df5fe48745a9,lofo,,,,,4,1.0,0.8,0.0645897117187609,0.0645897117187609,5,0
qt,FN,93dabeba9dc5f6cbab60e65b3cc8df5fe48745a9,lofo,,,,,5,1.0,0.8,0.06458971171876093,0.06458971171876093,5,0
qt,TN,0234e5c96417f451f8de279b8ff92734836badd4,lofo,,,,,1,1.0,0.6,0.04356551122599437,0.049613609186285455,5,0
qt,TN,0234e5c96417f451f8de279b8ff92734836badd4,lofo,,,,,2,1.0,0.6,0.04356551122599432,0.049613609186285504,5,0
qt,TN,0234e5c96417f451f8de279b8ff92734836badd4,lofo,,,,,3,1.0,0.6,0.04356551122599432,0.049613609186285504,5,0
qt,TN,0234e5c96417f451f8de279b8ff92734836badd4,lofo,,,,,4,1.0,0.6,0.04356551122599432,0.049613609186285504,5,0
qt,TN,0234e5c96417f451f8de279b8ff92734836badd4,lofo,,,,,5,1.0,0.6,0.04356551122599437,0.049613609186285455,5,0
qt,FP,eb93d7b51773b43e6a3e41961898a6033bcd9479,lofo,,,,,1,1.0,0.8,-0.08840079194157979,0.08840079194157979,5,0
qt,FP,eb93d7b51773b43e6a3e41961898a6033bcd9479,lofo,,,,,2,1.0,0.8,-0.08840079194157979,0.08840079194157979,5,0
qt,FP,eb93d7b51773b43e6a3e41961898a6033bcd9479,lofo,,,,,3,1.0,0.8,-0.08840079194157979,0.08840079194157979,5,0
qt,FP,eb93d7b51773b43e6a3e41961898a6033bcd9479,lofo,,,,,4,1.0,0.8,-0.08840079194157979,0.08840079194157979,5,0
qt,FP,eb93d7b51773b43e6a3e41961898a6033bcd9479,lofo,,,,,5,1.0,0.8,-0.08840079194157979,0.08840079194157979,5,0
qt,FN,e6d17c8691bfafa033b82a4d81a9caf4a2fd1b85,lofo,,,,,1,1.0,1.0,-0.031242017884129124,0.08481684900538863,5,0
qt,FN,e6d17c8691bfafa033b82a4d81a9caf4a2fd1b85,lofo,,,,,2,1.0,1.0,-0.031242017884129215,0.08481684900538859,5,0
qt,FN,e6d17c8691bfafa033b82a4d81a9caf4a2fd1b85,lofo,,,,,3,1.0,1.0,-0.031242017884129235,0.08481684900538874,5,0
qt,FN,e6d17c8691bfafa033b82a4d81a9caf4a2fd1b85,lofo,,,,,4,1.0,1.0,-0.03124201788412919,0.0848168490053887,5,0
qt,FN,e6d17c8691bfafa033b82a4d81a9caf4a2fd1b85,lofo,,,,,5,1.0,1.0,-0.031242017884129235,0.08481684900538862,5,0
qt,FN,5303225aef739c534714c1ac1d4dd096f0cc38d0,lofo,,,,,1,0.8,0.4,0.02733992468079922,0.041176424717739836,5,0
qt,FN,5303225aef739c534714c1ac1d4dd096f0cc38d0,lofo,,,,,2,0.8,0.4,0.02733992468079922,0.041176424717739836,5,0
qt,FN,5303225aef739c534714c1ac1d4dd096f0cc38d0,lofo,,,,,3,0.8,0.4,0.027339924680799266,0.04117642471773979,5,0
qt,FN,5303225aef739c534714c1ac1d4dd096f0cc38d0,lofo,,,,,4,0.8,0.4,0.0273399246807992,0.041176424717739815,5,0
qt,FN,5303225aef739c534714c1ac1d4dd096f0cc38d0,lofo,,,,,5,0.8,0.4,0.02733992468079922,0.041176424717739836,5,0
qt,FN,a69edf01cb0a2a06282dc7b89724ffa542f6546d,lofo,,,,,1,1.0,0.6,0.0001120811268834121,0.033780322237740947,5,0
qt,FN,a69edf01cb0a2a06282dc7b89724ffa542f6546d,lofo,,,,,2,1.0,0.6,0.0001120811268834121,0.033780322237740947,5,0
qt,FN,a69edf01cb0a2a06282dc7b89724ffa542f6546d,lofo,,,,,3,1.0,0.6,0.0001120811268834121,0.033780322237740947,5,0
qt,FN,a69edf01cb0a2a06282dc7b89724ffa542f6546d,lofo,,,,,4,1.0,0.6,0.0001120811268834121,0.033780322237740947,5,0
qt,FN,a69edf01cb0a2a06282dc7b89724ffa542f6546d,lofo,,,,,5,1.0,0.6,0.0001120811268834121,0.033780322237740947,5,0
qt,FP,e58fdbaeb033a801ac7b5dd1f63657b36d6e1305,lofo,,,,,1,1.0,1.0,-0.21462741481093398,0.21462741481093398,5,0
qt,FP,e58fdbaeb033a801ac7b5dd1f63657b36d6e1305,lofo,,,,,2,1.0,1.0,-0.21462741481093398,0.21462741481093398,5,0
qt,FP,e58fdbaeb033a801ac7b5dd1f63657b36d6e1305,lofo,,,,,3,1.0,1.0,-0.21462741481093398,0.21462741481093398,5,0
qt,FP,e58fdbaeb033a801ac7b5dd1f63657b36d6e1305,lofo,,,,,4,1.0,1.0,-0.21462741481093395,0.21462741481093395,5,0
qt,FP,e58fdbaeb033a801ac7b5dd1f63657b36d6e1305,lofo,,,,,5,1.0,1.0,-0.21462741481093398,0.21462741481093398,5,0
qt,TP,d3393ce25833c0afd7f0fa6b85fd6f3bd7ad520a,lofo,,,,,1,1.0,1.0,-0.11951292342046853,0.11951292342046853,5,0
qt,TP,d3393ce25833c0afd7f0fa6b85fd6f3bd7ad520a,lofo,,,,,2,1.0,1.0,-0.11951292342046847,0.11951292342046847,5,0
qt,TP,d3393ce25833c0afd7f0fa6b85fd6f3bd7ad520a,lofo,,,,,3,1.0,1.0,-0.11951292342046856,0.11951292342046856,5,0
qt,TP,d3393ce25833c0afd7f0fa6b85fd6f3bd7ad520a,lofo,,,,,4,1.0,1.0,-0.11951292342046857,0.11951292342046857,5,0
qt,TP,d3393ce25833c0afd7f0fa6b85fd6f3bd7ad520a,lofo,,,,,5,1.0,1.0,-0.11951292342046858,0.11951292342046858,5,0
qt,FN,6486a4bd196ca2bf0047ae80e78eee06e5e18e18,lofo,,,,,1,1.0,0.8,0.004052880014722126,0.05858708578389023,5,0
qt,FN,6486a4bd196ca2bf0047ae80e78eee06e5e18e18,lofo,,,,,2,1.0,0.8,0.00405288001472206,0.05858708578389016,5,0
qt,FN,6486a4bd196ca2bf0047ae80e78eee06e5e18e18,lofo,,,,,3,1.0,0.8,0.004052880014722126,0.05858708578389023,5,0
qt,FN,6486a4bd196ca2bf0047ae80e78eee06e5e18e18,lofo,,,,,4,1.0,0.8,0.004052880014722082,0.05858708578389027,5,0
qt,FN,6486a4bd196ca2bf0047ae80e78eee06e5e18e18,lofo,,,,,5,1.0,0.8,0.004052880014722149,0.0585870857838902,5,0
qt,FP,ddb4fb4c60987ce6e0b9e50de9a5f3a7ff0e8757,lofo,,,,,1,0.8,1.0,-0.03835967845777103,0.09831568205019246,5,0
qt,FP,ddb4fb4c60987ce6e0b9e50de9a5f3a7ff0e8757,lofo,,,,,2,0.8,1.0,-0.038359678457771024,0.09831568205019246,5,0
qt,FP,ddb4fb4c60987ce6e0b9e50de9a5f3a7ff0e8757,lofo,,,,,3,0.8,1.0,-0.03835967845777103,0.09831568205019246,5,0
qt,FP,ddb4fb4c60987ce6e0b9e50de9a5f3a7ff0e8757,lofo,,,,,4,0.8,1.0,-0.038359678457771045,0.09831568205019244,5,0
qt,FP,ddb4fb4c60987ce6e0b9e50de9a5f3a7ff0e8757,lofo,,,,,5,0.8,1.0,-0.038359678457771024,0.09831568205019246,5,0
qt,TP,03a1675eac4baf8c7a6e0602102bbafa3176771c,lofo,,,,,1,1.0,1.0,-0.05616967203407165,0.09666953208703656,5,0
qt,TP,03a1675eac4baf8c7a6e0602102bbafa3176771c,lofo,,,,,2,1.0,1.0,-0.05616967203407168,0.09666953208703655,5,0
qt,TP,03a1675eac4baf8c7a6e0602102bbafa3176771c,lofo,,,,,3,1.0,1.0,-0.056169672034071645,0.09666953208703655,5,0
qt,TP,03a1675eac4baf8c7a6e0602102bbafa3176771c,lofo,,,,,4,1.0,1.0,-0.056169672034071645,0.09666953208703655,5,0
qt,TP,03a1675eac4baf8c7a6e0602102bbafa3176771c,lofo,,,,,5,1.0,1.0,-0.05616967203407168,0.09666953208703655,5,0
qt,FP,36997810d9fec492635152be89efaa55208e224a,lofo,,,,,1,1.0,0.8,-0.08137699199665141,0.09869855852536082,5,0
qt,FP,36997810d9fec492635152be89efaa55208e224a,lofo,,,,,2,1.0,0.8,-0.08137699199665145,0.09869855852536083,5,0
qt,FP,36997810d9fec492635152be89efaa55208e224a,lofo,,,,,3,1.0,0.8,-0.08137699199665144,0.09869855852536083,5,0
qt,FP,36997810d9fec492635152be89efaa55208e224a,lofo,,,,,4,1.0,0.8,-0.08137699199665147,0.09869855852536083,5,0
qt,FP,36997810d9fec492635152be89efaa55208e224a,lofo,,,,,5,1.0,0.8,-0.08137699199665145,0.0986985585253608,5,0
qt,TN,4f4ad7c262ce4723417efa14c4d3fdb875be53d0,lofo,,,,,1,1.0,0.8,0.0008850845883987546,0.04414223342879411,5,0
qt,TN,4f4ad7c262ce4723417efa14c4d3fdb875be53d0,lofo,,,,,2,1.0,0.8,0.0008850845883987324,0.04414223342879413,5,0
qt,TN,4f4ad7c262ce4723417efa14c4d3fdb875be53d0,lofo,,,,,3,1.0,0.8,0.000885084588398799,0.044142233428794156,5,0
qt,TN,4f4ad7c262ce4723417efa14c4d3fdb875be53d0,lofo,,,,,4,1.0,0.8,0.0008850845883988212,0.044142233428794045,5,0
qt,TN,4f4ad7c262ce4723417efa14c4d3fdb875be53d0,lofo,,,,,5,1.0,0.8,0.0008850845883988434,0.04414223342879411,5,0
qt,TP,a50911bc0bfca1185e99ce6638fbf03cf592789d,lofo,,,,,1,0.8,0.6,-0.034818818897297356,0.05627923396653155,5,0
qt,TP,a50911bc0bfca1185e99ce6638fbf03cf592789d,lofo,,,,,2,0.8,0.6,-0.034818818897297356,0.05627923396653155,5,0
qt,TP,a50911bc0bfca1185e99ce6638fbf03cf592789d,lofo,,,,,3,0.8,0.6,-0.03481881889729736,0.05627923396653156,5,0
qt,TP,a50911bc0bfca1185e99ce6638fbf03cf592789d,lofo,,,,,4,0.8,0.6,-0.03481881889729736,0.056279233966531554,5,0
qt,TP,a50911bc0bfca1185e99ce6638fbf03cf592789d,lofo,,,,,5,0.8,0.6,-0.03481881889729734,0.05627923396653154,5,0
qt,TP,bb199cc8ad4111808260f6255312b08c7d81dcbc,lofo,,,,,1,1.0,1.0,-0.09477959404792691,0.09477959404792691,5,0
qt,TP,bb199cc8ad4111808260f6255312b08c7d81dcbc,lofo,,,,,2,1.0,1.0,-0.09477959404792691,0.09477959404792691,5,0
qt,TP,bb199cc8ad4111808260f6255312b08c7d81dcbc,lofo,,,,,3,1.0,1.0,-0.09477959404792691,0.09477959404792691,5,0
qt,TP,bb199cc8ad4111808260f6255312b08c7d81dcbc,lofo,,,,,4,1.0,1.0,-0.09477959404792691,0.09477959404792691,5,0
qt,TP,bb199cc8ad4111808260f6255312b08c7d81dcbc,lofo,,,,,5,1.0,1.0,-0.09477959404792691,0.09477959404792691,5,0
qt,FP,6a91dcba2e4fa85dc345c2d403c757ab7676e28c,lofo,,,,,1,1.0,1.0,-0.056221787846533575,0.07895268202238567,5,0
qt,FP,6a91dcba2e4fa85dc345c2d403c757ab7676e28c,lofo,,,,,2,1.0,1.0,-0.056221787846533575,0.0789526820223857,5,0
qt,FP,6a91dcba2e4fa85dc345c2d403c757ab7676e28c,lofo,,,,,3,1.0,1.0,-0.05622178784653356,0.0789526820223857,5,0
qt,FP,6a91dcba2e4fa85dc345c2d403c757ab7676e28c,lofo,,,,,4,1.0,1.0,-0.056221787846533575,0.07895268202238567,5,0
qt,FP,6a91dcba2e4fa85dc345c2d403c757ab7676e28c,lofo,,,,,5,1.0,1.0,-0.056221787846533575,0.07895268202238571,5,0
qt,TN,e38a98ad4453974b2848eeed02d81e0c408ce0c6,lofo,,,,,1,1.0,1.0,-0.054367415439230474,0.07659520911051187,5,0
qt,TN,e38a98ad4453974b2848eeed02d81e0c408ce0c6,lofo,,,,,2,1.0,1.0,-0.054367415439230425,0.07659520911051183,5,0
qt,TN,e38a98ad4453974b2848eeed02d81e0c408ce0c6,lofo,,,,,3,1.0,1.0,-0.054367415439230474,0.07659520911051187,5,0
qt,TN,e38a98ad4453974b2848eeed02d81e0c408ce0c6,lofo,,,,,4,1.0,1.0,-0.054367415439230425,0.07659520911051183,5,0
qt,TN,e38a98ad4453974b2848eeed02d81e0c408ce0c6,lofo,,,,,5,1.0,1.0,-0.054367415439230425,0.07659520911051183,5,0
qt,FP,1c6d5b0696f324495e95a12f7718ae7593c9b58a,lofo,,,,,1,1.0,1.0,-0.14514680696407192,0.14514680696407192,5,0
qt,FP,1c6d5b0696f324495e95a12f7718ae7593c9b58a,lofo,,,,,2,1.0,1.0,-0.1451468069640719,0.1451468069640719,5,0
qt,FP,1c6d5b0696f324495e95a12f7718ae7593c9b58a,lofo,,,,,3,1.0,1.0,-0.1451468069640719,0.1451468069640719,5,0
qt,FP,1c6d5b0696f324495e95a12f7718ae7593c9b58a,lofo,,,,,4,1.0,1.0,-0.1451468069640719,0.1451468069640719,5,0
qt,FP,1c6d5b0696f324495e95a12f7718ae7593c9b58a,lofo,,,,,5,1.0,1.0,-0.1451468069640719,0.1451468069640719,5,0
qt,FP,cd542a82b0c2d5c9a4ea167a84e5ea8a25c5d969,lofo,,,,,1,1.0,1.0,-0.10489913098609405,0.10489913098609405,5,0
qt,FP,cd542a82b0c2d5c9a4ea167a84e5ea8a25c5d969,lofo,,,,,2,1.0,1.0,-0.10489913098609405,0.10489913098609405,5,0
qt,FP,cd542a82b0c2d5c9a4ea167a84e5ea8a25c5d969,lofo,,,,,3,1.0,1.0,-0.10489913098609406,0.10489913098609406,5,0
qt,FP,cd542a82b0c2d5c9a4ea167a84e5ea8a25c5d969,lofo,,,,,4,1.0,1.0,-0.10489913098609403,0.10489913098609403,5,0
qt,FP,cd542a82b0c2d5c9a4ea167a84e5ea8a25c5d969,lofo,,,,,5,1.0,1.0,-0.10489913098609406,0.10489913098609406,5,0
qt,TP,b254b03dc3b1cfcfc5f17158d2470e0a9a946a0e,lofo,,,,,1,1.0,1.0,-0.11357009867645176,0.11357009867645176,5,0
qt,TP,b254b03dc3b1cfcfc5f17158d2470e0a9a946a0e,lofo,,,,,2,1.0,1.0,-0.11357009867645178,0.11357009867645178,5,0
qt,TP,b254b03dc3b1cfcfc5f17158d2470e0a9a946a0e,lofo,,,,,3,1.0,1.0,-0.11357009867645176,0.11357009867645176,5,0
qt,TP,b254b03dc3b1cfcfc5f17158d2470e0a9a946a0e,lofo,,,,,4,1.0,1.0,-0.11357009867645171,0.11357009867645171,5,0
qt,TP,b254b03dc3b1cfcfc5f17158d2470e0a9a946a0e,lofo,,,,,5,1.0,1.0,-0.11357009867645178,0.11357009867645178,5,0
qt,TP,1a7bc520c5df4da80b7e65acbec1f546f9c87870,lofo,,,,,1,0.8,0.8,-0.11192072587140511,0.11192072587140511,5,0
qt,TP,1a7bc520c5df4da80b7e65acbec1f546f9c87870,lofo,,,,,2,0.8,0.8,-0.11192072587140509,0.11192072587140509,5,0
qt,TP,1a7bc520c5df4da80b7e65acbec1f546f9c87870,lofo,,,,,3,0.8,0.8,-0.11192072587140513,0.11192072587140513,5,0
qt,TP,1a7bc520c5df4da80b7e65acbec1f546f9c87870,lofo,,,,,4,0.8,0.8,-0.1119207258714051,0.1119207258714051,5,0
qt,TP,1a7bc520c5df4da80b7e65acbec1f546f9c87870,lofo,,,,,5,0.8,0.8,-0.11192072587140511,0.11192072587140511,5,0
qt,FN,5629823b05ca7d24924ac879b5a0469a3cb03e78,lofo,,,,,1,1.0,0.2,-0.011597469963317519,0.03343581105027551,5,0
qt,FN,5629823b05ca7d24924ac879b5a0469a3cb03e78,lofo,,,,,2,1.0,0.2,-0.011597469963317519,0.03343581105027551,5,0
qt,FN,5629823b05ca7d24924ac879b5a0469a3cb03e78,lofo,,,,,3,1.0,0.2,-0.011597469963317541,0.03343581105027553,5,0
qt,FN,5629823b05ca7d24924ac879b5a0469a3cb03e78,lofo,,,,,4,1.0,0.2,-0.011597469963317519,0.03343581105027551,5,0
qt,FN,5629823b05ca7d24924ac879b5a0469a3cb03e78,lofo,,,,,5,1.0,0.2,-0.011597469963317541,0.03343581105027553,5,0
qt,TN,9b54447e453e2cb7b7375e2c6104b2595ab1594e,lofo,,,,,1,1.0,0.4,-0.030420140218084146,0.039884594310357846,5,0
qt,TN,9b54447e453e2cb7b7375e2c6104b2595ab1594e,lofo,,,,,2,1.0,0.4,-0.030420140218084146,0.039884594310357846,5,0
qt,TN,9b54447e453e2cb7b7375e2c6104b2595ab1594e,lofo,,,,,3,1.0,0.4,-0.030420140218084146,0.039884594310357846,5,0
qt,TN,9b54447e453e2cb7b7375e2c6104b2595ab1594e,lofo,,,,,4,1.0,0.4,-0.030420140218084146,0.039884594310357846,5,0
qt,TN,9b54447e453e2cb7b7375e2c6104b2595ab1594e,lofo,,,,,5,1.0,0.4,-0.030420140218084146,0.039884594310357846,5,0
qt,FP,3981a1f440914e8108af3d854a1b01dd596a8a0e,lofo,,,,,1,0.8,1.0,-0.1346961440612507,0.16638354075298095,5,0
qt,FP,3981a1f440914e8108af3d854a1b01dd596a8a0e,lofo,,,,,2,0.8,1.0,-0.1346961440612507,0.16638354075298095,5,0
qt,FP,3981a1f440914e8108af3d854a1b01dd596a8a0e,lofo,,,,,3,0.8,1.0,-0.13469614406125072,0.16638354075298092,5,0
qt,FP,3981a1f440914e8108af3d854a1b01dd596a8a0e,lofo,,,,,4,0.8,1.0,-0.1346961440612507,0.16638354075298095,5,0
qt,FP,3981a1f440914e8108af3d854a1b01dd596a8a0e,lofo,,,,,5,0.8,1.0,-0.13469614406125072,0.16638354075298092,5,0
qt,TN,4331ccd4b735d9d721a384193a3d42ee2ce6c805,lofo,,,,,1,1.0,0.8,0.014109983660477799,0.052836679942840845,5,0
qt,TN,4331ccd4b735d9d721a384193a3d42ee2ce6c805,lofo,,,,,2,1.0,0.8,0.014109983660477731,0.052836679942840824,5,0
qt,TN,4331ccd4b735d9d721a384193a3d42ee2ce6c805,lofo,,,,,3,1.0,0.8,0.014109983660477731,0.05283667994284078,5,0
qt,TN,4331ccd4b735d9d721a384193a3d42ee2ce6c805,lofo,,,,,4,1.0,0.8,0.014109983660477754,0.05283667994284076,5,0
qt,TN,4331ccd4b735d9d721a384193a3d42ee2ce6c805,lofo,,,,,5,1.0,0.8,0.014109983660477842,0.052836679942840845,5,0
qt,TP,afbb57ae84ecbee5fab9eb6e58356b19d7995ea5,lofo,,,,,1,1.0,1.0,-0.14103566934318812,0.18855950740988325,5,0
qt,TP,afbb57ae84ecbee5fab9eb6e58356b19d7995ea5,lofo,,,,,2,1.0,1.0,-0.14103566934318812,0.18855950740988325,5,0
qt,TP,afbb57ae84ecbee5fab9eb6e58356b19d7995ea5,lofo,,,,,3,1.0,1.0,-0.14103566934318812,0.18855950740988325,5,0
qt,TP,afbb57ae84ecbee5fab9eb6e58356b19d7995ea5,lofo,,,,,4,1.0,1.0,-0.14103566934318812,0.18855950740988325,5,0
qt,TP,afbb57ae84ecbee5fab9eb6e58356b19d7995ea5,lofo,,,,,5,1.0,1.0,-0.14103566934318812,0.18855950740988325,5,0
qt,TP,17513266b81e88b84fda250734f07c94a198fabc,lofo,,,,,1,1.0,1.0,-0.1018070552840882,0.1018070552840882,5,0
qt,TP,17513266b81e88b84fda250734f07c94a198fabc,lofo,,,,,2,1.0,1.0,-0.1018070552840882,0.1018070552840882,5,0
qt,TP,17513266b81e88b84fda250734f07c94a198fabc,lofo,,,,,3,1.0,1.0,-0.10180705528408819,0.10180705528408819,5,0
qt,TP,17513266b81e88b84fda250734f07c94a198fabc,lofo,,,,,4,1.0,1.0,-0.10180705528408819,0.10180705528408819,5,0
qt,TP,17513266b81e88b84fda250734f07c94a198fabc,lofo,,,,,5,1.0,1.0,-0.10180705528408818,0.10180705528408818,5,0
qt,FN,cdbc4b83d59e08189d6ece9ccd88a646be155c08,lofo,,,,,1,1.0,0.8,-0.059385441707552646,0.059385441707552646,5,0
qt,FN,cdbc4b83d59e08189d6ece9ccd88a646be155c08,lofo,,,,,2,1.0,0.8,-0.059385441707552646,0.059385441707552646,5,0
qt,FN,cdbc4b83d59e08189d6ece9ccd88a646be155c08,lofo,,,,,3,1.0,0.8,-0.059385441707552646,0.059385441707552646,5,0
qt,FN,cdbc4b83d59e08189d6ece9ccd88a646be155c08,lofo,,,,,4,1.0,0.8,-0.0593854417075526,0.0593854417075526,5,0
qt,FN,cdbc4b83d59e08189d6ece9ccd88a646be155c08,lofo,,,,,5,1.0,0.8,-0.059385441707552646,0.059385441707552646,5,0
qt,FP,753c744b23abfecad6463890dfdf6e97c7eeaa5c,lofo,,,,,1,1.0,0.8,-0.05269732400554245,0.0810950434540137,5,0
qt,FP,753c744b23abfecad6463890dfdf6e97c7eeaa5c,lofo,,,,,2,1.0,0.8,-0.05269732400554245,0.0810950434540137,5,0
qt,FP,753c744b23abfecad6463890dfdf6e97c7eeaa5c,lofo,,,,,3,1.0,0.8,-0.05269732400554243,0.08109504345401368,5,0
qt,FP,753c744b23abfecad6463890dfdf6e97c7eeaa5c,lofo,,,,,4,1.0,0.8,-0.05269732400554245,0.0810950434540137,5,0
qt,FP,753c744b23abfecad6463890dfdf6e97c7eeaa5c,lofo,,,,,5,1.0,0.8,-0.05269732400554245,0.0810950434540137,5,0
qt,TP,a4f8b9ae6dfacf9ad5c190cde6098ebf13102f41,lofo,,,,,1,1.0,0.8,-0.010662850988113936,0.08612297961206862,5,0
qt,TP,a4f8b9ae6dfacf9ad5c190cde6098ebf13102f41,lofo,,,,,2,1.0,0.8,-0.010662850988113926,0.08612297961206863,5,0
qt,TP,a4f8b9ae6dfacf9ad5c190cde6098ebf13102f41,lofo,,,,,3,1.0,0.8,-0.01066285098811397,0.08612297961206858,5,0
qt,TP,a4f8b9ae6dfacf9ad5c190cde6098ebf13102f41,lofo,,,,,4,1.0,0.8,-0.010662850988113958,0.08612297961206858,5,0
qt,TP,a4f8b9ae6dfacf9ad5c190cde6098ebf13102f41,lofo,,,,,5,1.0,0.8,-0.010662850988113936,0.08612297961206859,5,0
qt,TP,fca89004d75412dd378cc44ad79ed3c1e05c765b,lofo,,,,,1,1.0,1.0,-0.051684784426865346,0.09056099765463128,5,0
qt,TP,fca89004d75412dd378cc44ad79ed3c1e05c765b,lofo,,,,,2,1.0,1.0,-0.051684784426865346,0.09056099765463128,5,0
qt,TP,fca89004d75412dd378cc44ad79ed3c1e05c765b,lofo,,,,,3,1.0,1.0,-0.05168478442686535,0.09056099765463124,5,0
qt,TP,fca89004d75412dd378cc44ad79ed3c1e05c765b,lofo,,,,,4,1.0,1.0,-0.05168478442686532,0.09056099765463124,5,0
qt,TP,fca89004d75412dd378cc44ad79ed3c1e05c765b,lofo,,,,,5,1.0,1.0,-0.051684784426865325,0.09056099765463126,5,0
