dataset,category,instance_id,method,llm_model,prompt_variant,temperature,top_p,run_id,direction_consistency_rate,meaningful_effect_rate,mean_delta_probability,mean_absolute_delta_probability,valid_interventions,invalid_interventions
openstack,FP,4b53e4edf9f7f8c794316d3a0920d727723d1bab,counterfactual,,,,,1,1.0,1.0,-0.28,0.28,5,0
openstack,FP,4b53e4edf9f7f8c794316d3a0920d727723d1bab,counterfactual,,,,,2,1.0,1.0,-0.28,0.28,5,0
openstack,FP,4b53e4edf9f7f8c794316d3a0920d727723d1bab,counterfactual,,,,,3,1.0,1.0,-0.28,0.28,5,0
openstack,FP,4b53e4edf9f7f8c794316d3a0920d727723d1bab,counterfactual,,,,,4,1.0,1.0,-0.28,0.28,5,0
openstack,FP,4b53e4edf9f7f8c794316d3a0920d727723d1bab,counterfactual,,,,,5,1.0,1.0,-0.28,0.28,5,0
openstack,TN,467b4e4d419f0ca5db8468516d64ffec5cedc67e,counterfactual,,,,,1,1.0,1.0,-0.1404,0.1404,5,0
openstack,TN,467b4e4d419f0ca5db8468516d64ffec5cedc67e,counterfactual,,,,,2,1.0,1.0,-0.1404,0.1404,5,0
openstack,TN,467b4e4d419f0ca5db8468516d64ffec5cedc67e,counterfactual,,,,,3,1.0,1.0,-0.1404,0.1404,5,0
openstack,TN,467b4e4d419f0ca5db8468516d64ffec5cedc67e,counterfactual,,,,,4,1.0,1.0,-0.1404,0.1404,5,0
openstack,TN,467b4e4d419f0ca5db8468516d64ffec5cedc67e,counterfactual,,,,,5,1.0,1.0,-0.1404,0.1404,5,0
openstack,TP,eaf6340847c35ace3b4b681a95b8a79a7a3f2491,counterfactual,,,,,1,1.0,1.0,-0.192,0.192,5,0
openstack,TP,eaf6340847c35ace3b4b681a95b8a79a7a3f2491,counterfactual,,,,,2,1.0,1.0,-0.192,0.192,5,0
openstack,TP,eaf6340847c35ace3b4b681a95b8a79a7a3f2491,counterfactual,,,,,3,1.0,1.0,-0.192,0.192,5,0
openstack,TP,eaf6340847c35ace3b4b681a95b8a79a7a3f2491,counterfactual,,,,,4,1.0,1.0,-0.192,0.192,5,0
openstack,TP,eaf6340847c35ace3b4b681a95b8a79a7a3f2491,counterfactual,,,,,5,1.0,1.0,-0.192,0.192,5,0
openstack,TP,fd351903a1759109f66d0c66d42cd3a1b7f23861,counterfactual,,,,,1,0.8,0.8,-0.1648,0.1664,5,0
openstack,TP,fd351903a1759109f66d0c66d42cd3a1b7f23861,counterfactual,,,,,2,0.8,0.8,-0.1648,0.1664,5,0
openstack,TP,fd351903a1759109f66d0c66d42cd3a1b7f23861,counterfactual,,,,,3,0.8,0.8,-0.1648,0.1664,5,0
openstack,TP,fd351903a1759109f66d0c66d42cd3a1b7f23861,counterfactual,,,,,4,0.8,0.8,-0.1648,0.1664,5,0
openstack,TP,fd351903a1759109f66d0c66d42cd3a1b7f23861,counterfactual,,,,,5,0.8,0.8,-0.1648,0.1664,5,0
openstack,FP,2530ccff8f0a0105d1626c65616080b27682e129,counterfactual,,,,,1,0.8,1.0,-0.1799999999999999,0.1959999999999999,5,0
openstack,FP,2530ccff8f0a0105d1626c65616080b27682e129,counterfactual,,,,,2,0.8,1.0,-0.1799999999999999,0.1959999999999999,5,0
openstack,FP,2530ccff8f0a0105d1626c65616080b27682e129,counterfactual,,,,,3,0.8,1.0,-0.1799999999999999,0.1959999999999999,5,0
openstack,FP,2530ccff8f0a0105d1626c65616080b27682e129,counterfactual,,,,,4,0.8,1.0,-0.1799999999999999,0.1959999999999999,5,0
openstack,FP,2530ccff8f0a0105d1626c65616080b27682e129,counterfactual,,,,,5,0.8,1.0,-0.1799999999999999,0.1959999999999999,5,0
openstack,FN,1476b030bd53deddd85468c0d8b545d8f8f30f19,counterfactual,,,,,1,1.0,1.0,-0.0727999999999999,0.0727999999999999,5,0
openstack,FN,1476b030bd53deddd85468c0d8b545d8f8f30f19,counterfactual,,,,,2,1.0,1.0,-0.0727999999999999,0.0727999999999999,5,0
openstack,FN,1476b030bd53deddd85468c0d8b545d8f8f30f19,counterfactual,,,,,3,1.0,1.0,-0.0727999999999999,0.0727999999999999,5,0
openstack,FN,1476b030bd53deddd85468c0d8b545d8f8f30f19,counterfactual,,,,,4,1.0,1.0,-0.0727999999999999,0.0727999999999999,5,0
openstack,FN,1476b030bd53deddd85468c0d8b545d8f8f30f19,counterfactual,,,,,5,1.0,1.0,-0.0727999999999999,0.0727999999999999,5,0
openstack,TP,83a5f90f82b40be4c74685f557d6af0f8a3b1a30,counterfactual,,,,,1,1.0,1.0,-0.2524,0.2524,5,0
openstack,TP,83a5f90f82b40be4c74685f557d6af0f8a3b1a30,counterfactual,,,,,2,1.0,1.0,-0.2524,0.2524,5,0
openstack,TP,83a5f90f82b40be4c74685f557d6af0f8a3b1a30,counterfactual,,,,,3,1.0,1.0,-0.2524,0.2524,5,0
openstack,TP,83a5f90f82b40be4c74685f557d6af0f8a3b1a30,counterfactual,,,,,4,1.0,1.0,-0.2524,0.2524,5,0
openstack,TP,83a5f90f82b40be4c74685f557d6af0f8a3b1a30,counterfactual,,,,,5,1.0,1.0,-0.2524,0.2524,5,0
openstack,TP,6f1a1f5e8ead9ceb145e13927cd9ae7fdca9add4,counterfactual,,,,,1,0.6,0.6,-0.1684,0.1796,5,0
openstack,TP,6f1a1f5e8ead9ceb145e13927cd9ae7fdca9add4,counterfactual,,,,,2,0.6,0.6,-0.1684,0.1796,5,0
openstack,TP,6f1a1f5e8ead9ceb145e13927cd9ae7fdca9add4,counterfactual,,,,,3,0.6,0.6,-0.1684,0.1796,5,0
openstack,TP,6f1a1f5e8ead9ceb145e13927cd9ae7fdca9add4,counterfactual,,,,,4,0.6,0.6,-0.1684,0.1796,5,0
openstack,TP,6f1a1f5e8ead9ceb145e13927cd9ae7fdca9add4,counterfactual,,,,,5,0.6,0.6,-0.1684,0.1796,5,0
openstack,FP,e847eed4a5600b6812338bb4903a0cffcde7f1f3,counterfactual,,,,,1,1.0,1.0,-0.2456,0.2456,5,0
openstack,FP,e847eed4a5600b6812338bb4903a0cffcde7f1f3,counterfactual,,,,,2,1.0,1.0,-0.2456,0.2456,5,0
openstack,FP,e847eed4a5600b6812338bb4903a0cffcde7f1f3,counterfactual,,,,,3,1.0,1.0,-0.2456,0.2456,5,0
openstack,FP,e847eed4a5600b6812338bb4903a0cffcde7f1f3,counterfactual,,,,,4,1.0,1.0,-0.2456,0.2456,5,0
openstack,FP,e847eed4a5600b6812338bb4903a0cffcde7f1f3,counterfactual,,,,,5,1.0,1.0,-0.2456,0.2456,5,0
openstack,TP,e7bdd19f0ed7d4c61d195735ee43a11da78f97d6,counterfactual,,,,,1,0.8,0.8,-0.318,0.3196,5,0
openstack,TP,e7bdd19f0ed7d4c61d195735ee43a11da78f97d6,counterfactual,,,,,2,0.8,0.8,-0.318,0.3196,5,0
openstack,TP,e7bdd19f0ed7d4c61d195735ee43a11da78f97d6,counterfactual,,,,,3,0.8,0.8,-0.318,0.3196,5,0
openstack,TP,e7bdd19f0ed7d4c61d195735ee43a11da78f97d6,counterfactual,,,,,4,0.8,0.8,-0.318,0.3196,5,0
openstack,TP,e7bdd19f0ed7d4c61d195735ee43a11da78f97d6,counterfactual,,,,,5,0.8,0.8,-0.318,0.3196,5,0
openstack,TN,936f765b855d7af14ae557383f0dcc6fd9e8655c,counterfactual,,,,,1,1.0,1.0,-0.0723999999999999,0.0723999999999999,5,0
openstack,TN,936f765b855d7af14ae557383f0dcc6fd9e8655c,counterfactual,,,,,2,1.0,1.0,-0.0723999999999999,0.0723999999999999,5,0
openstack,TN,936f765b855d7af14ae557383f0dcc6fd9e8655c,counterfactual,,,,,3,1.0,1.0,-0.0723999999999999,0.0723999999999999,5,0
openstack,TN,936f765b855d7af14ae557383f0dcc6fd9e8655c,counterfactual,,,,,4,1.0,1.0,-0.0723999999999999,0.0723999999999999,5,0
openstack,TN,936f765b855d7af14ae557383f0dcc6fd9e8655c,counterfactual,,,,,5,1.0,1.0,-0.0723999999999999,0.0723999999999999,5,0
openstack,FP,034db863a02ce38a520e4b8aa3a65e1ccdb37f30,counterfactual,,,,,1,0.8,1.0,-0.208,0.2304,5,0
openstack,FP,034db863a02ce38a520e4b8aa3a65e1ccdb37f30,counterfactual,,,,,2,0.8,1.0,-0.208,0.2304,5,0
openstack,FP,034db863a02ce38a520e4b8aa3a65e1ccdb37f30,counterfactual,,,,,3,0.8,1.0,-0.208,0.2304,5,0
openstack,FP,034db863a02ce38a520e4b8aa3a65e1ccdb37f30,counterfactual,,,,,4,0.8,1.0,-0.208,0.2304,5,0
openstack,FP,034db863a02ce38a520e4b8aa3a65e1ccdb37f30,counterfactual,,,,,5,0.8,1.0,-0.208,0.2304,5,0
openstack,FN,ab1cb6378f136ae8adcb0027385b43763e402cca,counterfactual,,,,,1,1.0,0.8,0.054,0.078,5,0
openstack,FN,ab1cb6378f136ae8adcb0027385b43763e402cca,counterfactual,,,,,2,1.0,0.8,0.054,0.078,5,0
openstack,FN,ab1cb6378f136ae8adcb0027385b43763e402cca,counterfactual,,,,,3,1.0,0.8,0.054,0.078,5,0
openstack,FN,ab1cb6378f136ae8adcb0027385b43763e402cca,counterfactual,,,,,4,1.0,0.8,0.054,0.078,5,0
openstack,FN,ab1cb6378f136ae8adcb0027385b43763e402cca,counterfactual,,,,,5,1.0,0.8,0.054,0.078,5,0
openstack,TP,7cfdf4aa811fb708d9fed4e36aec79c26d19cfee,counterfactual,,,,,1,1.0,1.0,-0.2608,0.2608,5,0
openstack,TP,7cfdf4aa811fb708d9fed4e36aec79c26d19cfee,counterfactual,,,,,2,1.0,1.0,-0.2608,0.2608,5,0
openstack,TP,7cfdf4aa811fb708d9fed4e36aec79c26d19cfee,counterfactual,,,,,3,1.0,1.0,-0.2608,0.2608,5,0
openstack,TP,7cfdf4aa811fb708d9fed4e36aec79c26d19cfee,counterfactual,,,,,4,1.0,1.0,-0.2608,0.2608,5,0
openstack,TP,7cfdf4aa811fb708d9fed4e36aec79c26d19cfee,counterfactual,,,,,5,1.0,1.0,-0.2608,0.2608,5,0
openstack,TP,e55a5f412bf6bc343eb8bb11348afe57c2012066,counterfactual,,,,,1,1.0,1.0,-0.3051999999999999,0.3051999999999999,5,0
openstack,TP,e55a5f412bf6bc343eb8bb11348afe57c2012066,counterfactual,,,,,2,1.0,1.0,-0.3051999999999999,0.3051999999999999,5,0
openstack,TP,e55a5f412bf6bc343eb8bb11348afe57c2012066,counterfactual,,,,,3,1.0,1.0,-0.3051999999999999,0.3051999999999999,5,0
openstack,TP,e55a5f412bf6bc343eb8bb11348afe57c2012066,counterfactual,,,,,4,1.0,1.0,-0.3051999999999999,0.3051999999999999,5,0
openstack,TP,e55a5f412bf6bc343eb8bb11348afe57c2012066,counterfactual,,,,,5,1.0,1.0,-0.3051999999999999,0.3051999999999999,5,0
openstack,TN,8b44c9df29572efca928c1d36fa3e7a90e94caa0,counterfactual,,,,,1,0.8,0.4,-0.0616,0.064,5,0
openstack,TN,8b44c9df29572efca928c1d36fa3e7a90e94caa0,counterfactual,,,,,2,0.8,0.4,-0.0616,0.064,5,0
openstack,TN,8b44c9df29572efca928c1d36fa3e7a90e94caa0,counterfactual,,,,,3,0.8,0.4,-0.0616,0.064,5,0
openstack,TN,8b44c9df29572efca928c1d36fa3e7a90e94caa0,counterfactual,,,,,4,0.8,0.4,-0.0616,0.064,5,0
openstack,TN,8b44c9df29572efca928c1d36fa3e7a90e94caa0,counterfactual,,,,,5,0.8,0.4,-0.0616,0.064,5,0
openstack,TN,4d75cbf3c35a8aa917d3970beac99d612f13eed3,counterfactual,,,,,1,1.0,0.8,-0.0271999999999999,0.0864,5,0
openstack,TN,4d75cbf3c35a8aa917d3970beac99d612f13eed3,counterfactual,,,,,2,1.0,0.8,-0.0271999999999999,0.0864,5,0
openstack,TN,4d75cbf3c35a8aa917d3970beac99d612f13eed3,counterfactual,,,,,3,1.0,0.8,-0.0271999999999999,0.0864,5,0
openstack,TN,4d75cbf3c35a8aa917d3970beac99d612f13eed3,counterfactual,,,,,4,1.0,0.8,-0.0271999999999999,0.0864,5,0
openstack,TN,4d75cbf3c35a8aa917d3970beac99d612f13eed3,counterfactual,,,,,5,1.0,0.8,-0.0271999999999999,0.0864,5,0
openstack,TN,2ecaad46a737c24965ae81fc19947db9264de684,counterfactual,,,,,1,0.8,0.6,-0.0204,0.0428,5,0
openstack,TN,2ecaad46a737c24965ae81fc19947db9264de684,counterfactual,,,,,2,0.8,0.6,-0.0204,0.0428,5,0
openstack,TN,2ecaad46a737c24965ae81fc19947db9264de684,counterfactual,,,,,3,0.8,0.6,-0.0204,0.0428,5,0
openstack,TN,2ecaad46a737c24965ae81fc19947db9264de684,counterfactual,,,,,4,0.8,0.6,-0.0204,0.0428,5,0
openstack,TN,2ecaad46a737c24965ae81fc19947db9264de684,counterfactual,,,,,5,0.8,0.6,-0.0204,0.0428,5,0
openstack,TN,bfb9d3f179607c25f91d77585f97df6d0704c253,counterfactual,,,,,1,1.0,1.0,-0.0864,0.0864,5,0
openstack,TN,bfb9d3f179607c25f91d77585f97df6d0704c253,counterfactual,,,,,2,1.0,1.0,-0.0864,0.0864,5,0
openstack,TN,bfb9d3f179607c25f91d77585f97df6d0704c253,counterfactual,,,,,3,1.0,1.0,-0.0864,0.0864,5,0
openstack,TN,bfb9d3f179607c25f91d77585f97df6d0704c253,counterfactual,,,,,4,1.0,1.0,-0.0864,0.0864,5,0
openstack,TN,bfb9d3f179607c25f91d77585f97df6d0704c253,counterfactual,,,,,5,1.0,1.0,-0.0864,0.0864,5,0
openstack,FP,bfcd4b2f1be3ab37ae0801dd523ce952577cda14,counterfactual,,,,,1,1.0,1.0,-0.2296,0.2296,5,0
openstack,FP,bfcd4b2f1be3ab37ae0801dd523ce952577cda14,counterfactual,,,,,2,1.0,1.0,-0.2296,0.2296,5,0
openstack,FP,bfcd4b2f1be3ab37ae0801dd523ce952577cda14,counterfactual,,,,,3,1.0,1.0,-0.2296,0.2296,5,0
openstack,FP,bfcd4b2f1be3ab37ae0801dd523ce952577cda14,counterfactual,,,,,4,1.0,1.0,-0.2296,0.2296,5,0
openstack,FP,bfcd4b2f1be3ab37ae0801dd523ce952577cda14,counterfactual,,,,,5,1.0,1.0,-0.2296,0.2296,5,0
openstack,TP,c08f99c7e072e349632684d565bcac357ce93b6d,counterfactual,,,,,1,1.0,0.8,-0.1436,0.2332,5,0
openstack,TP,c08f99c7e072e349632684d565bcac357ce93b6d,counterfactual,,,,,2,1.0,0.8,-0.1436,0.2332,5,0
openstack,TP,c08f99c7e072e349632684d565bcac357ce93b6d,counterfactual,,,,,3,1.0,0.8,-0.1436,0.2332,5,0
openstack,TP,c08f99c7e072e349632684d565bcac357ce93b6d,counterfactual,,,,,4,1.0,0.8,-0.1436,0.2332,5,0
openstack,TP,c08f99c7e072e349632684d565bcac357ce93b6d,counterfactual,,,,,5,1.0,0.8,-0.1436,0.2332,5,0
openstack,TN,1a3f2e8f44f0138d0328312e07b1341970c7903a,counterfactual,,,,,1,1.0,0.8,-0.1036,0.1036,5,0
openstack,TN,1a3f2e8f44f0138d0328312e07b1341970c7903a,counterfactual,,,,,2,1.0,0.8,-0.1036,0.1036,5,0
openstack,TN,1a3f2e8f44f0138d0328312e07b1341970c7903a,counterfactual,,,,,3,1.0,0.8,-0.1036,0.1036,5,0
openstack,TN,1a3f2e8f44f0138d0328312e07b1341970c7903a,counterfactual,,,,,4,1.0,0.8,-0.1036,0.1036,5,0
openstack,TN,1a3f2e8f44f0138d0328312e07b1341970c7903a,counterfactual,,,,,5,1.0,0.8,-0.1036,0.1036,5,0
openstack,TP,45662d77a2da77714f8e792e86ebd64a52270ef5,counterfactual,,,,,1,1.0,1.0,-0.2572,0.2572,5,0
openstack,TP,45662d77a2da77714f8e792e86ebd64a52270ef5,counterfactual,,,,,2,1.0,1.0,-0.2572,0.2572,5,0
openstack,TP,45662d77a2da77714f8e792e86ebd64a52270ef5,counterfactual,,,,,3,1.0,1.0,-0.2572,0.2572,5,0
openstack,TP,45662d77a2da77714f8e792e86ebd64a52270ef5,counterfactual,,,,,4,1.0,1.0,-0.2572,0.2572,5,0
openstack,TP,45662d77a2da77714f8e792e86ebd64a52270ef5,counterfactual,,,,,5,1.0,1.0,-0.2572,0.2572,5,0
openstack,TP,6f31523b314e7ac4ad83d13842cf2fa1014c39b2,counterfactual,,,,,1,1.0,1.0,-0.2367999999999999,0.2367999999999999,5,0
openstack,TP,6f31523b314e7ac4ad83d13842cf2fa1014c39b2,counterfactual,,,,,2,1.0,1.0,-0.2367999999999999,0.2367999999999999,5,0
openstack,TP,6f31523b314e7ac4ad83d13842cf2fa1014c39b2,counterfactual,,,,,3,1.0,1.0,-0.2367999999999999,0.2367999999999999,5,0
openstack,TP,6f31523b314e7ac4ad83d13842cf2fa1014c39b2,counterfactual,,,,,4,1.0,1.0,-0.2367999999999999,0.2367999999999999,5,0
openstack,TP,6f31523b314e7ac4ad83d13842cf2fa1014c39b2,counterfactual,,,,,5,1.0,1.0,-0.2367999999999999,0.2367999999999999,5,0
openstack,FP,410a83c89de9912207574999b3736a550ed253ba,counterfactual,,,,,1,0.8,0.8,-0.2136,0.216,5,0
openstack,FP,410a83c89de9912207574999b3736a550ed253ba,counterfactual,,,,,2,0.8,0.8,-0.2136,0.216,5,0
openstack,FP,410a83c89de9912207574999b3736a550ed253ba,counterfactual,,,,,3,0.8,0.8,-0.2136,0.216,5,0
openstack,FP,410a83c89de9912207574999b3736a550ed253ba,counterfactual,,,,,4,0.8,0.8,-0.2136,0.216,5,0
openstack,FP,410a83c89de9912207574999b3736a550ed253ba,counterfactual,,,,,5,0.8,0.8,-0.2136,0.216,5,0
openstack,FP,4e2919e6b208a2e95d75782f9cad0a6f0892d983,counterfactual,,,,,1,0.8,0.8,-0.1568,0.1576,5,0
openstack,FP,4e2919e6b208a2e95d75782f9cad0a6f0892d983,counterfactual,,,,,2,0.8,0.8,-0.1568,0.1576,5,0
openstack,FP,4e2919e6b208a2e95d75782f9cad0a6f0892d983,counterfactual,,,,,3,0.8,0.8,-0.1568,0.1576,5,0
openstack,FP,4e2919e6b208a2e95d75782f9cad0a6f0892d983,counterfactual,,,,,4,0.8,0.8,-0.1568,0.1576,5,0
openstack,FP,4e2919e6b208a2e95d75782f9cad0a6f0892d983,counterfactual,,,,,5,0.8,0.8,-0.1568,0.1576,5,0
openstack,FP,558f7b00f56f37adaa68239c9ce95d25b2d65f56,counterfactual,,,,,1,0.8,1.0,-0.1808,0.1928,5,0
openstack,FP,558f7b00f56f37adaa68239c9ce95d25b2d65f56,counterfactual,,,,,2,0.8,1.0,-0.1808,0.1928,5,0
openstack,FP,558f7b00f56f37adaa68239c9ce95d25b2d65f56,counterfactual,,,,,3,0.8,1.0,-0.1808,0.1928,5,0
openstack,FP,558f7b00f56f37adaa68239c9ce95d25b2d65f56,counterfactual,,,,,4,0.8,1.0,-0.1808,0.1928,5,0
openstack,FP,558f7b00f56f37adaa68239c9ce95d25b2d65f56,counterfactual,,,,,5,0.8,1.0,-0.1808,0.1928,5,0
openstack,TN,70fad48add19cc565726f098e1e7a2165b24cc77,counterfactual,,,,,1,1.0,0.8,-0.0756,0.0756,5,0
openstack,TN,70fad48add19cc565726f098e1e7a2165b24cc77,counterfactual,,,,,2,1.0,0.8,-0.0756,0.0756,5,0
openstack,TN,70fad48add19cc565726f098e1e7a2165b24cc77,counterfactual,,,,,3,1.0,0.8,-0.0756,0.0756,5,0
openstack,TN,70fad48add19cc565726f098e1e7a2165b24cc77,counterfactual,,,,,4,1.0,0.8,-0.0756,0.0756,5,0
openstack,TN,70fad48add19cc565726f098e1e7a2165b24cc77,counterfactual,,,,,5,1.0,0.8,-0.0756,0.0756,5,0
openstack,TP,76d3c644f3f5866a5c07f80b66132d81b8b57e78,counterfactual,,,,,1,1.0,1.0,-0.3336,0.3336,5,0
openstack,TP,76d3c644f3f5866a5c07f80b66132d81b8b57e78,counterfactual,,,,,2,1.0,1.0,-0.3336,0.3336,5,0
openstack,TP,76d3c644f3f5866a5c07f80b66132d81b8b57e78,counterfactual,,,,,3,1.0,1.0,-0.3336,0.3336,5,0
openstack,TP,76d3c644f3f5866a5c07f80b66132d81b8b57e78,counterfactual,,,,,4,1.0,1.0,-0.3336,0.3336,5,0
openstack,TP,76d3c644f3f5866a5c07f80b66132d81b8b57e78,counterfactual,,,,,5,1.0,1.0,-0.3336,0.3336,5,0
openstack,FN,2b60912d5667350eae7ecbc67d4dba3658518d10,counterfactual,,,,,1,1.0,0.8,-0.0936,0.1551999999999999,5,0
openstack,FN,2b60912d5667350eae7ecbc67d4dba3658518d10,counterfactual,,,,,2,1.0,0.8,-0.0936,0.1551999999999999,5,0
openstack,FN,2b60912d5667350eae7ecbc67d4dba3658518d10,counterfactual,,,,,3,1.0,0.8,-0.0936,0.1551999999999999,5,0
openstack,FN,2b60912d5667350eae7ecbc67d4dba3658518d10,counterfactual,,,,,4,1.0,0.8,-0.0936,0.1551999999999999,5,0
openstack,FN,2b60912d5667350eae7ecbc67d4dba3658518d10,counterfactual,,,,,5,1.0,0.8,-0.0936,0.1551999999999999,5,0
openstack,TP,88c62c1ca290c1d2a33ff192a302e492a4b11cb3,counterfactual,,,,,1,0.8,0.8,-0.0928,0.1248,5,0
openstack,TP,88c62c1ca290c1d2a33ff192a302e492a4b11cb3,counterfactual,,,,,2,0.8,0.8,-0.0928,0.1248,5,0
openstack,TP,88c62c1ca290c1d2a33ff192a302e492a4b11cb3,counterfactual,,,,,3,0.8,0.8,-0.0928,0.1248,5,0
openstack,TP,88c62c1ca290c1d2a33ff192a302e492a4b11cb3,counterfactual,,,,,4,0.8,0.8,-0.0928,0.1248,5,0
openstack,TP,88c62c1ca290c1d2a33ff192a302e492a4b11cb3,counterfactual,,,,,5,0.8,0.8,-0.0928,0.1248,5,0
openstack,FP,296da649452f66dd15a15ee4274ab0f8609250e2,counterfactual,,,,,1,0.8,1.0,-0.1604,0.2292,5,0
openstack,FP,296da649452f66dd15a15ee4274ab0f8609250e2,counterfactual,,,,,2,0.8,1.0,-0.1604,0.2292,5,0
openstack,FP,296da649452f66dd15a15ee4274ab0f8609250e2,counterfactual,,,,,3,0.8,1.0,-0.1604,0.2292,5,0
openstack,FP,296da649452f66dd15a15ee4274ab0f8609250e2,counterfactual,,,,,4,0.8,1.0,-0.1604,0.2292,5,0
openstack,FP,296da649452f66dd15a15ee4274ab0f8609250e2,counterfactual,,,,,5,0.8,1.0,-0.1604,0.2292,5,0
openstack,TP,379cf65d82b11f5e6f8732a585d5373beda85046,counterfactual,,,,,1,1.0,1.0,-0.1799999999999999,0.1799999999999999,5,0
openstack,TP,379cf65d82b11f5e6f8732a585d5373beda85046,counterfactual,,,,,2,1.0,1.0,-0.1799999999999999,0.1799999999999999,5,0
openstack,TP,379cf65d82b11f5e6f8732a585d5373beda85046,counterfactual,,,,,3,1.0,1.0,-0.1799999999999999,0.1799999999999999,5,0
openstack,TP,379cf65d82b11f5e6f8732a585d5373beda85046,counterfactual,,,,,4,1.0,1.0,-0.1799999999999999,0.1799999999999999,5,0
openstack,TP,379cf65d82b11f5e6f8732a585d5373beda85046,counterfactual,,,,,5,1.0,1.0,-0.1799999999999999,0.1799999999999999,5,0
openstack,TN,79a1a113775df87d420b242cea4bbf953df3779c,counterfactual,,,,,1,0.8,0.6,-0.0724,0.0804,5,0
openstack,TN,79a1a113775df87d420b242cea4bbf953df3779c,counterfactual,,,,,2,0.8,0.6,-0.0724,0.0804,5,0
openstack,TN,79a1a113775df87d420b242cea4bbf953df3779c,counterfactual,,,,,3,0.8,0.6,-0.0724,0.0804,5,0
openstack,TN,79a1a113775df87d420b242cea4bbf953df3779c,counterfactual,,,,,4,0.8,0.6,-0.0724,0.0804,5,0
openstack,TN,79a1a113775df87d420b242cea4bbf953df3779c,counterfactual,,,,,5,0.8,0.6,-0.0724,0.0804,5,0
openstack,TN,dd444d84759d7b3c17e7c3e97f9565546f9d3df2,counterfactual,,,,,1,1.0,1.0,-0.102,0.102,5,0
openstack,TN,dd444d84759d7b3c17e7c3e97f9565546f9d3df2,counterfactual,,,,,2,1.0,1.0,-0.102,0.102,5,0
openstack,TN,dd444d84759d7b3c17e7c3e97f9565546f9d3df2,counterfactual,,,,,3,1.0,1.0,-0.102,0.102,5,0
openstack,TN,dd444d84759d7b3c17e7c3e97f9565546f9d3df2,counterfactual,,,,,4,1.0,1.0,-0.102,0.102,5,0
openstack,TN,dd444d84759d7b3c17e7c3e97f9565546f9d3df2,counterfactual,,,,,5,1.0,1.0,-0.102,0.102,5,0
openstack,TN,747373f4bdfe4814000a88e4443b56545d5d55bd,counterfactual,,,,,1,0.8,0.8,-0.0351999999999999,0.0423999999999999,5,0
openstack,TN,747373f4bdfe4814000a88e4443b56545d5d55bd,counterfactual,,,,,2,0.8,0.8,-0.0351999999999999,0.0423999999999999,5,0
openstack,TN,747373f4bdfe4814000a88e4443b56545d5d55bd,counterfactual,,,,,3,0.8,0.8,-0.0351999999999999,0.0423999999999999,5,0
openstack,TN,747373f4bdfe4814000a88e4443b56545d5d55bd,counterfactual,,,,,4,0.8,0.8,-0.0351999999999999,0.0423999999999999,5,0
openstack,TN,747373f4bdfe4814000a88e4443b56545d5d55bd,counterfactual,,,,,5,0.8,0.8,-0.0351999999999999,0.0423999999999999,5,0
openstack,FN,763fd62464e9a0753e061171cc1fd826055bbc01,counterfactual,,,,,1,0.8,0.6,0.0735999999999999,0.0767999999999999,5,0
openstack,FN,763fd62464e9a0753e061171cc1fd826055bbc01,counterfactual,,,,,2,0.8,0.6,0.0735999999999999,0.0767999999999999,5,0
openstack,FN,763fd62464e9a0753e061171cc1fd826055bbc01,counterfactual,,,,,3,0.8,0.6,0.0735999999999999,0.0767999999999999,5,0
openstack,FN,763fd62464e9a0753e061171cc1fd826055bbc01,counterfactual,,,,,4,0.8,0.6,0.0735999999999999,0.0767999999999999,5,0
openstack,FN,763fd62464e9a0753e061171cc1fd826055bbc01,counterfactual,,,,,5,0.8,0.6,0.0735999999999999,0.0767999999999999,5,0
openstack,FN,267eea50fd9e9c74faa96d529a7ec2fd8aa8d51f,counterfactual,,,,,1,0.8,1.0,-0.0559999999999999,0.1175999999999999,5,0
openstack,FN,267eea50fd9e9c74faa96d529a7ec2fd8aa8d51f,counterfactual,,,,,2,0.8,1.0,-0.0559999999999999,0.1175999999999999,5,0
openstack,FN,267eea50fd9e9c74faa96d529a7ec2fd8aa8d51f,counterfactual,,,,,3,0.8,1.0,-0.0559999999999999,0.1175999999999999,5,0
openstack,FN,267eea50fd9e9c74faa96d529a7ec2fd8aa8d51f,counterfactual,,,,,4,0.8,1.0,-0.0559999999999999,0.1175999999999999,5,0
openstack,FN,267eea50fd9e9c74faa96d529a7ec2fd8aa8d51f,counterfactual,,,,,5,0.8,1.0,-0.0559999999999999,0.1175999999999999,5,0
openstack,TN,978066fe31a5331f143a05e1fd753c729b2dcf09,counterfactual,,,,,1,0.8,0.6,-0.0167999999999999,0.0423999999999999,5,0
openstack,TN,978066fe31a5331f143a05e1fd753c729b2dcf09,counterfactual,,,,,2,0.8,0.6,-0.0167999999999999,0.0423999999999999,5,0
openstack,TN,978066fe31a5331f143a05e1fd753c729b2dcf09,counterfactual,,,,,3,0.8,0.6,-0.0167999999999999,0.0423999999999999,5,0
openstack,TN,978066fe31a5331f143a05e1fd753c729b2dcf09,counterfactual,,,,,4,0.8,0.6,-0.0167999999999999,0.0423999999999999,5,0
openstack,TN,978066fe31a5331f143a05e1fd753c729b2dcf09,counterfactual,,,,,5,0.8,0.6,-0.0167999999999999,0.0423999999999999,5,0
openstack,TN,545925c66cb3ee005aa7e497ad4b3c97eb2f410b,counterfactual,,,,,1,1.0,0.8,-0.062,0.062,5,0
openstack,TN,545925c66cb3ee005aa7e497ad4b3c97eb2f410b,counterfactual,,,,,2,1.0,0.8,-0.062,0.062,5,0
openstack,TN,545925c66cb3ee005aa7e497ad4b3c97eb2f410b,counterfactual,,,,,3,1.0,0.8,-0.062,0.062,5,0
openstack,TN,545925c66cb3ee005aa7e497ad4b3c97eb2f410b,counterfactual,,,,,4,1.0,0.8,-0.062,0.062,5,0
openstack,TN,545925c66cb3ee005aa7e497ad4b3c97eb2f410b,counterfactual,,,,,5,1.0,0.8,-0.062,0.062,5,0
openstack,FN,bc6ca87a6a01ecbda926a78d07cadbd4e3ab97e0,counterfactual,,,,,1,1.0,1.0,0.0907999999999999,0.0907999999999999,5,0
openstack,FN,bc6ca87a6a01ecbda926a78d07cadbd4e3ab97e0,counterfactual,,,,,2,1.0,1.0,0.0907999999999999,0.0907999999999999,5,0
openstack,FN,bc6ca87a6a01ecbda926a78d07cadbd4e3ab97e0,counterfactual,,,,,3,1.0,1.0,0.0907999999999999,0.0907999999999999,5,0
openstack,FN,bc6ca87a6a01ecbda926a78d07cadbd4e3ab97e0,counterfactual,,,,,4,1.0,1.0,0.0907999999999999,0.0907999999999999,5,0
openstack,FN,bc6ca87a6a01ecbda926a78d07cadbd4e3ab97e0,counterfactual,,,,,5,1.0,1.0,0.0907999999999999,0.0907999999999999,5,0
openstack,FP,280cc7c5ae4b07a9a1e23b8f9cc925be9872c8e1,counterfactual,,,,,1,1.0,1.0,-0.2307999999999999,0.2307999999999999,5,0
openstack,FP,280cc7c5ae4b07a9a1e23b8f9cc925be9872c8e1,counterfactual,,,,,2,1.0,1.0,-0.2307999999999999,0.2307999999999999,5,0
openstack,FP,280cc7c5ae4b07a9a1e23b8f9cc925be9872c8e1,counterfactual,,,,,3,1.0,1.0,-0.2307999999999999,0.2307999999999999,5,0
openstack,FP,280cc7c5ae4b07a9a1e23b8f9cc925be9872c8e1,counterfactual,,,,,4,1.0,1.0,-0.2307999999999999,0.2307999999999999,5,0
openstack,FP,280cc7c5ae4b07a9a1e23b8f9cc925be9872c8e1,counterfactual,,,,,5,1.0,1.0,-0.2307999999999999,0.2307999999999999,5,0
openstack,FP,6aecf475dbff9c7d477378c021749b987d47deae,counterfactual,,,,,1,1.0,0.8,-0.2376,0.2376,5,0
openstack,FP,6aecf475dbff9c7d477378c021749b987d47deae,counterfactual,,,,,2,1.0,0.8,-0.2376,0.2376,5,0
openstack,FP,6aecf475dbff9c7d477378c021749b987d47deae,counterfactual,,,,,3,1.0,0.8,-0.2376,0.2376,5,0
openstack,FP,6aecf475dbff9c7d477378c021749b987d47deae,counterfactual,,,,,4,1.0,0.8,-0.2376,0.2376,5,0
openstack,FP,6aecf475dbff9c7d477378c021749b987d47deae,counterfactual,,,,,5,1.0,0.8,-0.2376,0.2376,5,0
openstack,FP,baa52224dc73e8ca3bdcbdaa5d62bc26fb38052f,counterfactual,,,,,1,0.8,0.8,-0.1483999999999999,0.1987999999999999,5,0
openstack,FP,baa52224dc73e8ca3bdcbdaa5d62bc26fb38052f,counterfactual,,,,,2,0.8,0.8,-0.1483999999999999,0.1987999999999999,5,0
openstack,FP,baa52224dc73e8ca3bdcbdaa5d62bc26fb38052f,counterfactual,,,,,3,0.8,0.8,-0.1483999999999999,0.1987999999999999,5,0
openstack,FP,baa52224dc73e8ca3bdcbdaa5d62bc26fb38052f,counterfactual,,,,,4,0.8,0.8,-0.1483999999999999,0.1987999999999999,5,0
openstack,FP,baa52224dc73e8ca3bdcbdaa5d62bc26fb38052f,counterfactual,,,,,5,0.8,0.8,-0.1483999999999999,0.1987999999999999,5,0
openstack,TN,d2e40a3e49819dace92975de3e3d7ba3a3fac79d,counterfactual,,,,,1,1.0,0.2,-0.0636,0.0708,5,0
openstack,TN,d2e40a3e49819dace92975de3e3d7ba3a3fac79d,counterfactual,,,,,2,1.0,0.2,-0.0636,0.0708,5,0
openstack,TN,d2e40a3e49819dace92975de3e3d7ba3a3fac79d,counterfactual,,,,,3,1.0,0.2,-0.0636,0.0708,5,0
openstack,TN,d2e40a3e49819dace92975de3e3d7ba3a3fac79d,counterfactual,,,,,4,1.0,0.2,-0.0636,0.0708,5,0
openstack,TN,d2e40a3e49819dace92975de3e3d7ba3a3fac79d,counterfactual,,,,,5,1.0,0.2,-0.0636,0.0708,5,0
openstack,TN,57566f4c8d2929c25e76564883369a7c6eda720a,counterfactual,,,,,1,0.8,1.0,-0.0419999999999999,0.0547999999999999,5,0
openstack,TN,57566f4c8d2929c25e76564883369a7c6eda720a,counterfactual,,,,,2,0.8,1.0,-0.0419999999999999,0.0547999999999999,5,0
openstack,TN,57566f4c8d2929c25e76564883369a7c6eda720a,counterfactual,,,,,3,0.8,1.0,-0.0419999999999999,0.0547999999999999,5,0
openstack,TN,57566f4c8d2929c25e76564883369a7c6eda720a,counterfactual,,,,,4,0.8,1.0,-0.0419999999999999,0.0547999999999999,5,0
openstack,TN,57566f4c8d2929c25e76564883369a7c6eda720a,counterfactual,,,,,5,0.8,1.0,-0.0419999999999999,0.0547999999999999,5,0
openstack,TP,03db94ebaa3fc2c76694fd566e2c9eefbf851a7f,counterfactual,,,,,1,1.0,0.8,-0.2528,0.2528,5,0
openstack,TP,03db94ebaa3fc2c76694fd566e2c9eefbf851a7f,counterfactual,,,,,2,1.0,0.8,-0.2528,0.2528,5,0
openstack,TP,03db94ebaa3fc2c76694fd566e2c9eefbf851a7f,counterfactual,,,,,3,1.0,0.8,-0.2528,0.2528,5,0
openstack,TP,03db94ebaa3fc2c76694fd566e2c9eefbf851a7f,counterfactual,,,,,4,1.0,0.8,-0.2528,0.2528,5,0
openstack,TP,03db94ebaa3fc2c76694fd566e2c9eefbf851a7f,counterfactual,,,,,5,1.0,0.8,-0.2528,0.2528,5,0
openstack,FN,703ba3c4e3d0b442c3097b6c844a59e560c09fe8,counterfactual,,,,,1,0.8,0.6,-0.0248,0.0368,5,0
openstack,FN,703ba3c4e3d0b442c3097b6c844a59e560c09fe8,counterfactual,,,,,2,0.8,0.6,-0.0248,0.0368,5,0
openstack,FN,703ba3c4e3d0b442c3097b6c844a59e560c09fe8,counterfactual,,,,,3,0.8,0.6,-0.0248,0.0368,5,0
openstack,FN,703ba3c4e3d0b442c3097b6c844a59e560c09fe8,counterfactual,,,,,4,0.8,0.6,-0.0248,0.0368,5,0
openstack,FN,703ba3c4e3d0b442c3097b6c844a59e560c09fe8,counterfactual,,,,,5,0.8,0.6,-0.0248,0.0368,5,0
openstack,FN,e3df049cad2b7a264acbad4d6baecbc813546e5d,counterfactual,,,,,1,1.0,1.0,-0.0395999999999999,0.1219999999999999,5,0
openstack,FN,e3df049cad2b7a264acbad4d6baecbc813546e5d,counterfactual,,,,,2,1.0,1.0,-0.0395999999999999,0.1219999999999999,5,0
openstack,FN,e3df049cad2b7a264acbad4d6baecbc813546e5d,counterfactual,,,,,3,1.0,1.0,-0.0395999999999999,0.1219999999999999,5,0
openstack,FN,e3df049cad2b7a264acbad4d6baecbc813546e5d,counterfactual,,,,,4,1.0,1.0,-0.0395999999999999,0.1219999999999999,5,0
openstack,FN,e3df049cad2b7a264acbad4d6baecbc813546e5d,counterfactual,,,,,5,1.0,1.0,-0.0395999999999999,0.1219999999999999,5,0
openstack,FN,d1b3adfbe471ad99ddf0dd2b483b77435c157aea,counterfactual,,,,,1,0.8,1.0,0.0764,0.1076,5,0
openstack,FN,d1b3adfbe471ad99ddf0dd2b483b77435c157aea,counterfactual,,,,,2,0.8,1.0,0.0764,0.1076,5,0
openstack,FN,d1b3adfbe471ad99ddf0dd2b483b77435c157aea,counterfactual,,,,,3,0.8,1.0,0.0764,0.1076,5,0
openstack,FN,d1b3adfbe471ad99ddf0dd2b483b77435c157aea,counterfactual,,,,,4,0.8,1.0,0.0764,0.1076,5,0
openstack,FN,d1b3adfbe471ad99ddf0dd2b483b77435c157aea,counterfactual,,,,,5,0.8,1.0,0.0764,0.1076,5,0
openstack,TN,87be408b126e81ded85b03896f9c85f8a8d4ac90,counterfactual,,,,,1,1.0,0.6,-0.0684,0.0684,5,0
openstack,TN,87be408b126e81ded85b03896f9c85f8a8d4ac90,counterfactual,,,,,2,1.0,0.6,-0.0684,0.0684,5,0
openstack,TN,87be408b126e81ded85b03896f9c85f8a8d4ac90,counterfactual,,,,,3,1.0,0.6,-0.0684,0.0684,5,0
openstack,TN,87be408b126e81ded85b03896f9c85f8a8d4ac90,counterfactual,,,,,4,1.0,0.6,-0.0684,0.0684,5,0
openstack,TN,87be408b126e81ded85b03896f9c85f8a8d4ac90,counterfactual,,,,,5,1.0,0.6,-0.0684,0.0684,5,0
openstack,TP,22c9cf3d95c3d14351045bac2920b4e0994ec42f,counterfactual,,,,,1,0.8,1.0,-0.2771999999999999,0.2924,5,0
openstack,TP,22c9cf3d95c3d14351045bac2920b4e0994ec42f,counterfactual,,,,,2,0.8,1.0,-0.2771999999999999,0.2924,5,0
openstack,TP,22c9cf3d95c3d14351045bac2920b4e0994ec42f,counterfactual,,,,,3,0.8,1.0,-0.2771999999999999,0.2924,5,0
openstack,TP,22c9cf3d95c3d14351045bac2920b4e0994ec42f,counterfactual,,,,,4,0.8,1.0,-0.2771999999999999,0.2924,5,0
openstack,TP,22c9cf3d95c3d14351045bac2920b4e0994ec42f,counterfactual,,,,,5,0.8,1.0,-0.2771999999999999,0.2924,5,0
openstack,TP,092820939d53268152893a15fdaf5129554fbcb3,counterfactual,,,,,1,0.8,1.0,-0.226,0.2724,5,0
openstack,TP,092820939d53268152893a15fdaf5129554fbcb3,counterfactual,,,,,2,0.8,1.0,-0.226,0.2724,5,0
openstack,TP,092820939d53268152893a15fdaf5129554fbcb3,counterfactual,,,,,3,0.8,1.0,-0.226,0.2724,5,0
openstack,TP,092820939d53268152893a15fdaf5129554fbcb3,counterfactual,,,,,4,0.8,1.0,-0.226,0.2724,5,0
openstack,TP,092820939d53268152893a15fdaf5129554fbcb3,counterfactual,,,,,5,0.8,1.0,-0.226,0.2724,5,0
openstack,TN,dd13c2784b5aec539197d1b76fafc6a6b38a33e8,counterfactual,,,,,1,0.6,0.6,0.0343999999999999,0.0663999999999999,5,0
openstack,TN,dd13c2784b5aec539197d1b76fafc6a6b38a33e8,counterfactual,,,,,2,0.6,0.6,0.0343999999999999,0.0663999999999999,5,0
openstack,TN,dd13c2784b5aec539197d1b76fafc6a6b38a33e8,counterfactual,,,,,3,0.6,0.6,0.0343999999999999,0.0663999999999999,5,0
openstack,TN,dd13c2784b5aec539197d1b76fafc6a6b38a33e8,counterfactual,,,,,4,0.6,0.6,0.0343999999999999,0.0663999999999999,5,0
openstack,TN,dd13c2784b5aec539197d1b76fafc6a6b38a33e8,counterfactual,,,,,5,0.6,0.6,0.0343999999999999,0.0663999999999999,5,0
openstack,TP,40eaa89a9001edda3e1146831b26aaf7ded64c4a,counterfactual,,,,,1,1.0,1.0,-0.1368,0.2183999999999999,5,0
openstack,TP,40eaa89a9001edda3e1146831b26aaf7ded64c4a,counterfactual,,,,,2,1.0,1.0,-0.1368,0.2183999999999999,5,0
openstack,TP,40eaa89a9001edda3e1146831b26aaf7ded64c4a,counterfactual,,,,,3,1.0,1.0,-0.1368,0.2183999999999999,5,0
openstack,TP,40eaa89a9001edda3e1146831b26aaf7ded64c4a,counterfactual,,,,,4,1.0,1.0,-0.1368,0.2183999999999999,5,0
openstack,TP,40eaa89a9001edda3e1146831b26aaf7ded64c4a,counterfactual,,,,,5,1.0,1.0,-0.1368,0.2183999999999999,5,0
openstack,TN,1e6538d43e76b867776cf226e1d6d6c900412f99,counterfactual,,,,,1,1.0,1.0,-0.0824,0.0824,5,0
openstack,TN,1e6538d43e76b867776cf226e1d6d6c900412f99,counterfactual,,,,,2,1.0,1.0,-0.0824,0.0824,5,0
openstack,TN,1e6538d43e76b867776cf226e1d6d6c900412f99,counterfactual,,,,,3,1.0,1.0,-0.0824,0.0824,5,0
openstack,TN,1e6538d43e76b867776cf226e1d6d6c900412f99,counterfactual,,,,,4,1.0,1.0,-0.0824,0.0824,5,0
openstack,TN,1e6538d43e76b867776cf226e1d6d6c900412f99,counterfactual,,,,,5,1.0,1.0,-0.0824,0.0824,5,0
openstack,FP,70de423255fd01822188bb9082a0c0cc1c8ec2d0,counterfactual,,,,,1,1.0,1.0,-0.33,0.33,5,0
openstack,FP,70de423255fd01822188bb9082a0c0cc1c8ec2d0,counterfactual,,,,,2,1.0,1.0,-0.33,0.33,5,0
openstack,FP,70de423255fd01822188bb9082a0c0cc1c8ec2d0,counterfactual,,,,,3,1.0,1.0,-0.33,0.33,5,0
openstack,FP,70de423255fd01822188bb9082a0c0cc1c8ec2d0,counterfactual,,,,,4,1.0,1.0,-0.33,0.33,5,0
openstack,FP,70de423255fd01822188bb9082a0c0cc1c8ec2d0,counterfactual,,,,,5,1.0,1.0,-0.33,0.33,5,0
openstack,TP,56324c12aa58ff9cf46582611b071f3abb743ddf,counterfactual,,,,,1,1.0,0.8,-0.1796,0.1796,5,0
openstack,TP,56324c12aa58ff9cf46582611b071f3abb743ddf,counterfactual,,,,,2,1.0,0.8,-0.1796,0.1796,5,0
openstack,TP,56324c12aa58ff9cf46582611b071f3abb743ddf,counterfactual,,,,,3,1.0,0.8,-0.1796,0.1796,5,0
openstack,TP,56324c12aa58ff9cf46582611b071f3abb743ddf,counterfactual,,,,,4,1.0,0.8,-0.1796,0.1796,5,0
openstack,TP,56324c12aa58ff9cf46582611b071f3abb743ddf,counterfactual,,,,,5,1.0,0.8,-0.1796,0.1796,5,0
openstack,FN,848664f646bf087df59778434daa6feae1e71c74,counterfactual,,,,,1,1.0,1.0,-0.1099999999999999,0.1099999999999999,5,0
openstack,FN,848664f646bf087df59778434daa6feae1e71c74,counterfactual,,,,,2,1.0,1.0,-0.1099999999999999,0.1099999999999999,5,0
openstack,FN,848664f646bf087df59778434daa6feae1e71c74,counterfactual,,,,,3,1.0,1.0,-0.1099999999999999,0.1099999999999999,5,0
openstack,FN,848664f646bf087df59778434daa6feae1e71c74,counterfactual,,,,,4,1.0,1.0,-0.1099999999999999,0.1099999999999999,5,0
openstack,FN,848664f646bf087df59778434daa6feae1e71c74,counterfactual,,,,,5,1.0,1.0,-0.1099999999999999,0.1099999999999999,5,0
openstack,FN,91a8cd2952a25b340f5778cace95910e43cbcbb6,counterfactual,,,,,1,0.8,1.0,-0.028,0.084,5,0
openstack,FN,91a8cd2952a25b340f5778cace95910e43cbcbb6,counterfactual,,,,,2,0.8,1.0,-0.028,0.084,5,0
openstack,FN,91a8cd2952a25b340f5778cace95910e43cbcbb6,counterfactual,,,,,3,0.8,1.0,-0.028,0.084,5,0
openstack,FN,91a8cd2952a25b340f5778cace95910e43cbcbb6,counterfactual,,,,,4,0.8,1.0,-0.028,0.084,5,0
openstack,FN,91a8cd2952a25b340f5778cace95910e43cbcbb6,counterfactual,,,,,5,0.8,1.0,-0.028,0.084,5,0
openstack,FN,d402747547e1a356c6c2c20b57f52af39b63e831,counterfactual,,,,,1,0.6,1.0,-0.0643999999999999,0.0988,5,0
openstack,FN,d402747547e1a356c6c2c20b57f52af39b63e831,counterfactual,,,,,2,0.6,1.0,-0.0643999999999999,0.0988,5,0
openstack,FN,d402747547e1a356c6c2c20b57f52af39b63e831,counterfactual,,,,,3,0.6,1.0,-0.0643999999999999,0.0988,5,0
openstack,FN,d402747547e1a356c6c2c20b57f52af39b63e831,counterfactual,,,,,4,0.6,1.0,-0.0643999999999999,0.0988,5,0
openstack,FN,d402747547e1a356c6c2c20b57f52af39b63e831,counterfactual,,,,,5,0.6,1.0,-0.0643999999999999,0.0988,5,0
openstack,TN,348b7a9f7d64094d60ece0460aed02b66c52f1b1,counterfactual,,,,,1,0.6,0.2,-0.0911999999999999,0.1048,5,0
openstack,TN,348b7a9f7d64094d60ece0460aed02b66c52f1b1,counterfactual,,,,,2,0.6,0.2,-0.0911999999999999,0.1048,5,0
openstack,TN,348b7a9f7d64094d60ece0460aed02b66c52f1b1,counterfactual,,,,,3,0.6,0.2,-0.0911999999999999,0.1048,5,0
openstack,TN,348b7a9f7d64094d60ece0460aed02b66c52f1b1,counterfactual,,,,,4,0.6,0.2,-0.0911999999999999,0.1048,5,0
openstack,TN,348b7a9f7d64094d60ece0460aed02b66c52f1b1,counterfactual,,,,,5,0.6,0.2,-0.0911999999999999,0.1048,5,0
openstack,FP,2bb9e5563c69f79d5da23668b08dd9c88f9d4348,counterfactual,,,,,1,1.0,1.0,-0.1835999999999999,0.1835999999999999,5,0
openstack,FP,2bb9e5563c69f79d5da23668b08dd9c88f9d4348,counterfactual,,,,,2,1.0,1.0,-0.1835999999999999,0.1835999999999999,5,0
openstack,FP,2bb9e5563c69f79d5da23668b08dd9c88f9d4348,counterfactual,,,,,3,1.0,1.0,-0.1835999999999999,0.1835999999999999,5,0
openstack,FP,2bb9e5563c69f79d5da23668b08dd9c88f9d4348,counterfactual,,,,,4,1.0,1.0,-0.1835999999999999,0.1835999999999999,5,0
openstack,FP,2bb9e5563c69f79d5da23668b08dd9c88f9d4348,counterfactual,,,,,5,1.0,1.0,-0.1835999999999999,0.1835999999999999,5,0
openstack,TP,5f2b88b1aafb9a35638e54f796685f633428b6a5,counterfactual,,,,,1,1.0,1.0,-0.1967999999999999,0.1967999999999999,5,0
openstack,TP,5f2b88b1aafb9a35638e54f796685f633428b6a5,counterfactual,,,,,2,1.0,1.0,-0.1967999999999999,0.1967999999999999,5,0
openstack,TP,5f2b88b1aafb9a35638e54f796685f633428b6a5,counterfactual,,,,,3,1.0,1.0,-0.1967999999999999,0.1967999999999999,5,0
openstack,TP,5f2b88b1aafb9a35638e54f796685f633428b6a5,counterfactual,,,,,4,1.0,1.0,-0.1967999999999999,0.1967999999999999,5,0
openstack,TP,5f2b88b1aafb9a35638e54f796685f633428b6a5,counterfactual,,,,,5,1.0,1.0,-0.1967999999999999,0.1967999999999999,5,0
openstack,FN,017dd6b4bcf92c14d49421268cb571c00879f3cc,counterfactual,,,,,1,0.8,0.8,0.0364,0.1148,5,0
openstack,FN,017dd6b4bcf92c14d49421268cb571c00879f3cc,counterfactual,,,,,2,0.8,0.8,0.0364,0.1148,5,0
openstack,FN,017dd6b4bcf92c14d49421268cb571c00879f3cc,counterfactual,,,,,3,0.8,0.8,0.0364,0.1148,5,0
openstack,FN,017dd6b4bcf92c14d49421268cb571c00879f3cc,counterfactual,,,,,4,0.8,0.8,0.0364,0.1148,5,0
openstack,FN,017dd6b4bcf92c14d49421268cb571c00879f3cc,counterfactual,,,,,5,0.8,0.8,0.0364,0.1148,5,0
openstack,FP,41d6b479fe8baf66578044b8773c3b892d64a2c4,counterfactual,,,,,1,1.0,1.0,-0.1779999999999999,0.1779999999999999,5,0
openstack,FP,41d6b479fe8baf66578044b8773c3b892d64a2c4,counterfactual,,,,,2,1.0,1.0,-0.1779999999999999,0.1779999999999999,5,0
openstack,FP,41d6b479fe8baf66578044b8773c3b892d64a2c4,counterfactual,,,,,3,1.0,1.0,-0.1779999999999999,0.1779999999999999,5,0
openstack,FP,41d6b479fe8baf66578044b8773c3b892d64a2c4,counterfactual,,,,,4,1.0,1.0,-0.1779999999999999,0.1779999999999999,5,0
openstack,FP,41d6b479fe8baf66578044b8773c3b892d64a2c4,counterfactual,,,,,5,1.0,1.0,-0.1779999999999999,0.1779999999999999,5,0
openstack,FN,913a99c79456abbfef1642e6dc70e6a4ff4e25db,counterfactual,,,,,1,0.8,1.0,0.1048,0.1472,5,0
openstack,FN,913a99c79456abbfef1642e6dc70e6a4ff4e25db,counterfactual,,,,,2,0.8,1.0,0.1048,0.1472,5,0
openstack,FN,913a99c79456abbfef1642e6dc70e6a4ff4e25db,counterfactual,,,,,3,0.8,1.0,0.1048,0.1472,5,0
openstack,FN,913a99c79456abbfef1642e6dc70e6a4ff4e25db,counterfactual,,,,,4,0.8,1.0,0.1048,0.1472,5,0
openstack,FN,913a99c79456abbfef1642e6dc70e6a4ff4e25db,counterfactual,,,,,5,0.8,1.0,0.1048,0.1472,5,0
openstack,FP,e4ea54104ec38f5fe4c792d4d3d1865de34bb4c3,counterfactual,,,,,1,1.0,1.0,-0.2039999999999999,0.2039999999999999,5,0
openstack,FP,e4ea54104ec38f5fe4c792d4d3d1865de34bb4c3,counterfactual,,,,,2,1.0,1.0,-0.2039999999999999,0.2039999999999999,5,0
openstack,FP,e4ea54104ec38f5fe4c792d4d3d1865de34bb4c3,counterfactual,,,,,3,1.0,1.0,-0.2039999999999999,0.2039999999999999,5,0
openstack,FP,e4ea54104ec38f5fe4c792d4d3d1865de34bb4c3,counterfactual,,,,,4,1.0,1.0,-0.2039999999999999,0.2039999999999999,5,0
openstack,FP,e4ea54104ec38f5fe4c792d4d3d1865de34bb4c3,counterfactual,,,,,5,1.0,1.0,-0.2039999999999999,0.2039999999999999,5,0
openstack,FN,1c6b2fce289b68af92afeddf8d30efcda1903f06,counterfactual,,,,,1,0.8,0.8,-0.0535999999999999,0.1007999999999999,5,0
openstack,FN,1c6b2fce289b68af92afeddf8d30efcda1903f06,counterfactual,,,,,2,0.8,0.8,-0.0535999999999999,0.1007999999999999,5,0
openstack,FN,1c6b2fce289b68af92afeddf8d30efcda1903f06,counterfactual,,,,,3,0.8,0.8,-0.0535999999999999,0.1007999999999999,5,0
openstack,FN,1c6b2fce289b68af92afeddf8d30efcda1903f06,counterfactual,,,,,4,0.8,0.8,-0.0535999999999999,0.1007999999999999,5,0
openstack,FN,1c6b2fce289b68af92afeddf8d30efcda1903f06,counterfactual,,,,,5,0.8,0.8,-0.0535999999999999,0.1007999999999999,5,0
openstack,FN,8ccdc4ac5053c6e39660044a9f8c1f695370e9a7,counterfactual,,,,,1,1.0,1.0,0.0447999999999999,0.1008,5,0
openstack,FN,8ccdc4ac5053c6e39660044a9f8c1f695370e9a7,counterfactual,,,,,2,1.0,1.0,0.0447999999999999,0.1008,5,0
openstack,FN,8ccdc4ac5053c6e39660044a9f8c1f695370e9a7,counterfactual,,,,,3,1.0,1.0,0.0447999999999999,0.1008,5,0
openstack,FN,8ccdc4ac5053c6e39660044a9f8c1f695370e9a7,counterfactual,,,,,4,1.0,1.0,0.0447999999999999,0.1008,5,0
openstack,FN,8ccdc4ac5053c6e39660044a9f8c1f695370e9a7,counterfactual,,,,,5,1.0,1.0,0.0447999999999999,0.1008,5,0
openstack,FP,a985e34cdeef777fe7ff943e363a5f1be6d991b7,counterfactual,,,,,1,1.0,1.0,-0.1464,0.1464,5,0
openstack,FP,a985e34cdeef777fe7ff943e363a5f1be6d991b7,counterfactual,,,,,2,1.0,1.0,-0.1464,0.1464,5,0
openstack,FP,a985e34cdeef777fe7ff943e363a5f1be6d991b7,counterfactual,,,,,3,1.0,1.0,-0.1464,0.1464,5,0
openstack,FP,a985e34cdeef777fe7ff943e363a5f1be6d991b7,counterfactual,,,,,4,1.0,1.0,-0.1464,0.1464,5,0
openstack,FP,a985e34cdeef777fe7ff943e363a5f1be6d991b7,counterfactual,,,,,5,1.0,1.0,-0.1464,0.1464,5,0
openstack,TP,3b28cb2a10f7746a32cb7f7b62b6fc92ebcfb1e5,counterfactual,,,,,1,0.8,0.8,-0.2328,0.2376,5,0
openstack,TP,3b28cb2a10f7746a32cb7f7b62b6fc92ebcfb1e5,counterfactual,,,,,2,0.8,0.8,-0.2328,0.2376,5,0
openstack,TP,3b28cb2a10f7746a32cb7f7b62b6fc92ebcfb1e5,counterfactual,,,,,3,0.8,0.8,-0.2328,0.2376,5,0
openstack,TP,3b28cb2a10f7746a32cb7f7b62b6fc92ebcfb1e5,counterfactual,,,,,4,0.8,0.8,-0.2328,0.2376,5,0
openstack,TP,3b28cb2a10f7746a32cb7f7b62b6fc92ebcfb1e5,counterfactual,,,,,5,0.8,0.8,-0.2328,0.2376,5,0
openstack,FN,c2c37272bf788aac63399127cddd487dc0f15c38,counterfactual,,,,,1,0.4,0.4,-0.02,0.0304,5,0
openstack,FN,c2c37272bf788aac63399127cddd487dc0f15c38,counterfactual,,,,,2,0.4,0.4,-0.02,0.0304,5,0
openstack,FN,c2c37272bf788aac63399127cddd487dc0f15c38,counterfactual,,,,,3,0.4,0.4,-0.02,0.0304,5,0
openstack,FN,c2c37272bf788aac63399127cddd487dc0f15c38,counterfactual,,,,,4,0.4,0.4,-0.02,0.0304,5,0
openstack,FN,c2c37272bf788aac63399127cddd487dc0f15c38,counterfactual,,,,,5,0.4,0.4,-0.02,0.0304,5,0
openstack,FN,37510ac03478704bafba89e8c4f4e0e9041d661d,counterfactual,,,,,1,0.8,0.8,0.1123999999999999,0.1123999999999999,5,0
openstack,FN,37510ac03478704bafba89e8c4f4e0e9041d661d,counterfactual,,,,,2,0.8,0.8,0.1123999999999999,0.1123999999999999,5,0
openstack,FN,37510ac03478704bafba89e8c4f4e0e9041d661d,counterfactual,,,,,3,0.8,0.8,0.1123999999999999,0.1123999999999999,5,0
openstack,FN,37510ac03478704bafba89e8c4f4e0e9041d661d,counterfactual,,,,,4,0.8,0.8,0.1123999999999999,0.1123999999999999,5,0
openstack,FN,37510ac03478704bafba89e8c4f4e0e9041d661d,counterfactual,,,,,5,0.8,0.8,0.1123999999999999,0.1123999999999999,5,0
openstack,TN,5cc9d999352c21d3f4b5c39d3ea9d4378ca86544,counterfactual,,,,,1,1.0,1.0,-0.0335999999999999,0.1472,5,0
openstack,TN,5cc9d999352c21d3f4b5c39d3ea9d4378ca86544,counterfactual,,,,,2,1.0,1.0,-0.0335999999999999,0.1472,5,0
openstack,TN,5cc9d999352c21d3f4b5c39d3ea9d4378ca86544,counterfactual,,,,,3,1.0,1.0,-0.0335999999999999,0.1472,5,0
openstack,TN,5cc9d999352c21d3f4b5c39d3ea9d4378ca86544,counterfactual,,,,,4,1.0,1.0,-0.0335999999999999,0.1472,5,0
openstack,TN,5cc9d999352c21d3f4b5c39d3ea9d4378ca86544,counterfactual,,,,,5,1.0,1.0,-0.0335999999999999,0.1472,5,0
openstack,FP,ce12d7a1e53fffce57baab18de2ab885ba1df8ee,counterfactual,,,,,1,1.0,0.6,-0.116,0.116,5,0
openstack,FP,ce12d7a1e53fffce57baab18de2ab885ba1df8ee,counterfactual,,,,,2,1.0,0.6,-0.116,0.116,5,0
openstack,FP,ce12d7a1e53fffce57baab18de2ab885ba1df8ee,counterfactual,,,,,3,1.0,0.6,-0.116,0.116,5,0
openstack,FP,ce12d7a1e53fffce57baab18de2ab885ba1df8ee,counterfactual,,,,,4,1.0,0.6,-0.116,0.116,5,0
openstack,FP,ce12d7a1e53fffce57baab18de2ab885ba1df8ee,counterfactual,,,,,5,1.0,0.6,-0.116,0.116,5,0
openstack,FN,221f386029faf499c5a445374685cba5b67df31e,counterfactual,,,,,1,1.0,1.0,-0.0079999999999999,0.1664,5,0
openstack,FN,221f386029faf499c5a445374685cba5b67df31e,counterfactual,,,,,2,1.0,1.0,-0.0079999999999999,0.1664,5,0
openstack,FN,221f386029faf499c5a445374685cba5b67df31e,counterfactual,,,,,3,1.0,1.0,-0.0079999999999999,0.1664,5,0
openstack,FN,221f386029faf499c5a445374685cba5b67df31e,counterfactual,,,,,4,1.0,1.0,-0.0079999999999999,0.1664,5,0
openstack,FN,221f386029faf499c5a445374685cba5b67df31e,counterfactual,,,,,5,1.0,1.0,-0.0079999999999999,0.1664,5,0
openstack,FP,3eea37b85b1abc72786a2b24baf01141b4d95f08,counterfactual,,,,,1,1.0,1.0,-0.1624,0.1624,5,0
openstack,FP,3eea37b85b1abc72786a2b24baf01141b4d95f08,counterfactual,,,,,2,1.0,1.0,-0.1624,0.1624,5,0
openstack,FP,3eea37b85b1abc72786a2b24baf01141b4d95f08,counterfactual,,,,,3,1.0,1.0,-0.1624,0.1624,5,0
openstack,FP,3eea37b85b1abc72786a2b24baf01141b4d95f08,counterfactual,,,,,4,1.0,1.0,-0.1624,0.1624,5,0
openstack,FP,3eea37b85b1abc72786a2b24baf01141b4d95f08,counterfactual,,,,,5,1.0,1.0,-0.1624,0.1624,5,0
openstack,FN,589c495c1ae62129e20ab5e2641e330541eee01f,counterfactual,,,,,1,0.8,0.8,0.0411999999999999,0.1563999999999999,5,0
openstack,FN,589c495c1ae62129e20ab5e2641e330541eee01f,counterfactual,,,,,2,0.8,0.8,0.0411999999999999,0.1563999999999999,5,0
openstack,FN,589c495c1ae62129e20ab5e2641e330541eee01f,counterfactual,,,,,3,0.8,0.8,0.0411999999999999,0.1563999999999999,5,0
openstack,FN,589c495c1ae62129e20ab5e2641e330541eee01f,counterfactual,,,,,4,0.8,0.8,0.0411999999999999,0.1563999999999999,5,0
openstack,FN,589c495c1ae62129e20ab5e2641e330541eee01f,counterfactual,,,,,5,0.8,0.8,0.0411999999999999,0.1563999999999999,5,0
openstack,FP,750e065d6d137715dd03d5c90623145177f64cbb,counterfactual,,,,,1,0.8,1.0,-0.15,0.1732,5,0
openstack,FP,750e065d6d137715dd03d5c90623145177f64cbb,counterfactual,,,,,2,0.8,1.0,-0.15,0.1732,5,0
openstack,FP,750e065d6d137715dd03d5c90623145177f64cbb,counterfactual,,,,,3,0.8,1.0,-0.15,0.1732,5,0
openstack,FP,750e065d6d137715dd03d5c90623145177f64cbb,counterfactual,,,,,4,0.8,1.0,-0.15,0.1732,5,0
openstack,FP,750e065d6d137715dd03d5c90623145177f64cbb,counterfactual,,,,,5,0.8,1.0,-0.15,0.1732,5,0
openstack,FP,4b53e4edf9f7f8c794316d3a0920d727723d1bab,kernelshap,,,,,1,1.0,1.0,-0.2808,0.2808,5,0
openstack,FP,4b53e4edf9f7f8c794316d3a0920d727723d1bab,kernelshap,,,,,2,1.0,1.0,-0.2808,0.2808,5,0
openstack,FP,4b53e4edf9f7f8c794316d3a0920d727723d1bab,kernelshap,,,,,3,1.0,1.0,-0.2808,0.2808,5,0
openstack,FP,4b53e4edf9f7f8c794316d3a0920d727723d1bab,kernelshap,,,,,4,1.0,1.0,-0.2808,0.2808,5,0
openstack,FP,4b53e4edf9f7f8c794316d3a0920d727723d1bab,kernelshap,,,,,5,1.0,1.0,-0.2808,0.2808,5,0
openstack,TN,467b4e4d419f0ca5db8468516d64ffec5cedc67e,kernelshap,,,,,1,0.8,1.0,-0.132,0.132,5,0
openstack,TN,467b4e4d419f0ca5db8468516d64ffec5cedc67e,kernelshap,,,,,2,0.8,1.0,-0.132,0.132,5,0
openstack,TN,467b4e4d419f0ca5db8468516d64ffec5cedc67e,kernelshap,,,,,3,0.8,1.0,-0.132,0.132,5,0
openstack,TN,467b4e4d419f0ca5db8468516d64ffec5cedc67e,kernelshap,,,,,4,0.8,1.0,-0.132,0.132,5,0
openstack,TN,467b4e4d419f0ca5db8468516d64ffec5cedc67e,kernelshap,,,,,5,0.8,1.0,-0.132,0.132,5,0
openstack,TP,eaf6340847c35ace3b4b681a95b8a79a7a3f2491,kernelshap,,,,,1,1.0,1.0,-0.1911999999999999,0.1911999999999999,5,0
openstack,TP,eaf6340847c35ace3b4b681a95b8a79a7a3f2491,kernelshap,,,,,2,1.0,1.0,-0.1911999999999999,0.1911999999999999,5,0
openstack,TP,eaf6340847c35ace3b4b681a95b8a79a7a3f2491,kernelshap,,,,,3,1.0,1.0,-0.1911999999999999,0.1911999999999999,5,0
openstack,TP,eaf6340847c35ace3b4b681a95b8a79a7a3f2491,kernelshap,,,,,4,1.0,1.0,-0.1911999999999999,0.1911999999999999,5,0
openstack,TP,eaf6340847c35ace3b4b681a95b8a79a7a3f2491,kernelshap,,,,,5,1.0,1.0,-0.1911999999999999,0.1911999999999999,5,0
openstack,TP,fd351903a1759109f66d0c66d42cd3a1b7f23861,kernelshap,,,,,1,1.0,1.0,-0.198,0.198,5,0
openstack,TP,fd351903a1759109f66d0c66d42cd3a1b7f23861,kernelshap,,,,,2,1.0,1.0,-0.198,0.198,5,0
openstack,TP,fd351903a1759109f66d0c66d42cd3a1b7f23861,kernelshap,,,,,3,1.0,1.0,-0.1952,0.1952,5,0
openstack,TP,fd351903a1759109f66d0c66d42cd3a1b7f23861,kernelshap,,,,,4,1.0,1.0,-0.1804,0.1804,5,0
openstack,TP,fd351903a1759109f66d0c66d42cd3a1b7f23861,kernelshap,,,,,5,1.0,1.0,-0.198,0.198,5,0
openstack,FP,2530ccff8f0a0105d1626c65616080b27682e129,kernelshap,,,,,1,1.0,1.0,-0.2115999999999999,0.2115999999999999,5,0
openstack,FP,2530ccff8f0a0105d1626c65616080b27682e129,kernelshap,,,,,2,1.0,1.0,-0.2115999999999999,0.2115999999999999,5,0
openstack,FP,2530ccff8f0a0105d1626c65616080b27682e129,kernelshap,,,,,3,1.0,1.0,-0.2115999999999999,0.2115999999999999,5,0
openstack,FP,2530ccff8f0a0105d1626c65616080b27682e129,kernelshap,,,,,4,1.0,1.0,-0.2115999999999999,0.2115999999999999,5,0
openstack,FP,2530ccff8f0a0105d1626c65616080b27682e129,kernelshap,,,,,5,1.0,1.0,-0.2115999999999999,0.2115999999999999,5,0
openstack,FN,1476b030bd53deddd85468c0d8b545d8f8f30f19,kernelshap,,,,,1,1.0,0.8,-0.0431999999999999,0.0623999999999999,5,0
openstack,FN,1476b030bd53deddd85468c0d8b545d8f8f30f19,kernelshap,,,,,2,1.0,0.8,-0.0431999999999999,0.0623999999999999,5,0
openstack,FN,1476b030bd53deddd85468c0d8b545d8f8f30f19,kernelshap,,,,,3,1.0,0.8,-0.0431999999999999,0.0623999999999999,5,0
openstack,FN,1476b030bd53deddd85468c0d8b545d8f8f30f19,kernelshap,,,,,4,1.0,0.8,-0.0431999999999999,0.0623999999999999,5,0
openstack,FN,1476b030bd53deddd85468c0d8b545d8f8f30f19,kernelshap,,,,,5,1.0,0.8,-0.0431999999999999,0.0623999999999999,5,0
openstack,TP,83a5f90f82b40be4c74685f557d6af0f8a3b1a30,kernelshap,,,,,1,1.0,1.0,-0.2528,0.2528,5,0
openstack,TP,83a5f90f82b40be4c74685f557d6af0f8a3b1a30,kernelshap,,,,,2,1.0,1.0,-0.2904,0.2904,5,0
openstack,TP,83a5f90f82b40be4c74685f557d6af0f8a3b1a30,kernelshap,,,,,3,1.0,1.0,-0.2528,0.2528,5,0
openstack,TP,83a5f90f82b40be4c74685f557d6af0f8a3b1a30,kernelshap,,,,,4,1.0,1.0,-0.2528,0.2528,5,0
openstack,TP,83a5f90f82b40be4c74685f557d6af0f8a3b1a30,kernelshap,,,,,5,1.0,1.0,-0.2528,0.2528,5,0
openstack,TP,6f1a1f5e8ead9ceb145e13927cd9ae7fdca9add4,kernelshap,,,,,1,1.0,1.0,-0.1772,0.2364,5,0
openstack,TP,6f1a1f5e8ead9ceb145e13927cd9ae7fdca9add4,kernelshap,,,,,2,0.8,0.8,-0.2028,0.2108,5,0
openstack,TP,6f1a1f5e8ead9ceb145e13927cd9ae7fdca9add4,kernelshap,,,,,3,0.8,0.8,-0.1404,0.2076,5,0
openstack,TP,6f1a1f5e8ead9ceb145e13927cd9ae7fdca9add4,kernelshap,,,,,4,0.8,0.8,-0.2,0.208,5,0
openstack,TP,6f1a1f5e8ead9ceb145e13927cd9ae7fdca9add4,kernelshap,,,,,5,0.8,0.8,-0.2028,0.2108,5,0
openstack,FP,e847eed4a5600b6812338bb4903a0cffcde7f1f3,kernelshap,,,,,1,1.0,1.0,-0.2824,0.2824,5,0
openstack,FP,e847eed4a5600b6812338bb4903a0cffcde7f1f3,kernelshap,,,,,2,1.0,1.0,-0.2824,0.2824,5,0
openstack,FP,e847eed4a5600b6812338bb4903a0cffcde7f1f3,kernelshap,,,,,3,1.0,1.0,-0.2824,0.2824,5,0
openstack,FP,e847eed4a5600b6812338bb4903a0cffcde7f1f3,kernelshap,,,,,4,1.0,1.0,-0.2824,0.2824,5,0
openstack,FP,e847eed4a5600b6812338bb4903a0cffcde7f1f3,kernelshap,,,,,5,1.0,1.0,-0.2824,0.2824,5,0
openstack,TP,e7bdd19f0ed7d4c61d195735ee43a11da78f97d6,kernelshap,,,,,1,1.0,1.0,-0.414,0.414,5,0
openstack,TP,e7bdd19f0ed7d4c61d195735ee43a11da78f97d6,kernelshap,,,,,2,1.0,1.0,-0.414,0.414,5,0
openstack,TP,e7bdd19f0ed7d4c61d195735ee43a11da78f97d6,kernelshap,,,,,3,1.0,1.0,-0.414,0.414,5,0
openstack,TP,e7bdd19f0ed7d4c61d195735ee43a11da78f97d6,kernelshap,,,,,4,1.0,1.0,-0.414,0.414,5,0
openstack,TP,e7bdd19f0ed7d4c61d195735ee43a11da78f97d6,kernelshap,,,,,5,1.0,1.0,-0.414,0.414,5,0
openstack,TN,936f765b855d7af14ae557383f0dcc6fd9e8655c,kernelshap,,,,,1,1.0,1.0,-0.0767999999999999,0.0767999999999999,5,0
openstack,TN,936f765b855d7af14ae557383f0dcc6fd9e8655c,kernelshap,,,,,2,1.0,1.0,-0.0767999999999999,0.0767999999999999,5,0
openstack,TN,936f765b855d7af14ae557383f0dcc6fd9e8655c,kernelshap,,,,,3,1.0,1.0,-0.0767999999999999,0.0767999999999999,5,0
openstack,TN,936f765b855d7af14ae557383f0dcc6fd9e8655c,kernelshap,,,,,4,1.0,1.0,-0.0767999999999999,0.0767999999999999,5,0
openstack,TN,936f765b855d7af14ae557383f0dcc6fd9e8655c,kernelshap,,,,,5,1.0,1.0,-0.0767999999999999,0.0767999999999999,5,0
openstack,FP,034db863a02ce38a520e4b8aa3a65e1ccdb37f30,kernelshap,,,,,1,1.0,1.0,-0.256,0.256,5,0
openstack,FP,034db863a02ce38a520e4b8aa3a65e1ccdb37f30,kernelshap,,,,,2,1.0,1.0,-0.276,0.276,5,0
openstack,FP,034db863a02ce38a520e4b8aa3a65e1ccdb37f30,kernelshap,,,,,3,1.0,1.0,-0.2652,0.2652,5,0
openstack,FP,034db863a02ce38a520e4b8aa3a65e1ccdb37f30,kernelshap,,,,,4,1.0,1.0,-0.276,0.276,5,0
openstack,FP,034db863a02ce38a520e4b8aa3a65e1ccdb37f30,kernelshap,,,,,5,1.0,1.0,-0.276,0.276,5,0
openstack,FN,ab1cb6378f136ae8adcb0027385b43763e402cca,kernelshap,,,,,1,1.0,0.8,0.054,0.078,5,0
openstack,FN,ab1cb6378f136ae8adcb0027385b43763e402cca,kernelshap,,,,,2,1.0,0.8,0.054,0.078,5,0
openstack,FN,ab1cb6378f136ae8adcb0027385b43763e402cca,kernelshap,,,,,3,1.0,0.8,0.054,0.078,5,0
openstack,FN,ab1cb6378f136ae8adcb0027385b43763e402cca,kernelshap,,,,,4,1.0,0.8,0.054,0.078,5,0
openstack,FN,ab1cb6378f136ae8adcb0027385b43763e402cca,kernelshap,,,,,5,1.0,0.8,0.054,0.078,5,0
openstack,TP,7cfdf4aa811fb708d9fed4e36aec79c26d19cfee,kernelshap,,,,,1,1.0,1.0,-0.3011999999999999,0.3011999999999999,5,0
openstack,TP,7cfdf4aa811fb708d9fed4e36aec79c26d19cfee,kernelshap,,,,,2,1.0,1.0,-0.3011999999999999,0.3011999999999999,5,0
openstack,TP,7cfdf4aa811fb708d9fed4e36aec79c26d19cfee,kernelshap,,,,,3,1.0,1.0,-0.3011999999999999,0.3011999999999999,5,0
openstack,TP,7cfdf4aa811fb708d9fed4e36aec79c26d19cfee,kernelshap,,,,,4,1.0,1.0,-0.3011999999999999,0.3011999999999999,5,0
openstack,TP,7cfdf4aa811fb708d9fed4e36aec79c26d19cfee,kernelshap,,,,,5,1.0,1.0,-0.3011999999999999,0.3011999999999999,5,0
openstack,TP,e55a5f412bf6bc343eb8bb11348afe57c2012066,kernelshap,,,,,1,1.0,1.0,-0.2836,0.2836,5,0
openstack,TP,e55a5f412bf6bc343eb8bb11348afe57c2012066,kernelshap,,,,,2,1.0,1.0,-0.2748,0.2748,5,0
openstack,TP,e55a5f412bf6bc343eb8bb11348afe57c2012066,kernelshap,,,,,3,1.0,1.0,-0.2684,0.2684,5,0
openstack,TP,e55a5f412bf6bc343eb8bb11348afe57c2012066,kernelshap,,,,,4,1.0,1.0,-0.2836,0.2836,5,0
openstack,TP,e55a5f412bf6bc343eb8bb11348afe57c2012066,kernelshap,,,,,5,1.0,1.0,-0.2508,0.2508,5,0
openstack,TN,8b44c9df29572efca928c1d36fa3e7a90e94caa0,kernelshap,,,,,1,0.8,0.6,-0.0656,0.0656,5,0
openstack,TN,8b44c9df29572efca928c1d36fa3e7a90e94caa0,kernelshap,,,,,2,0.8,0.6,-0.066,0.066,5,0
openstack,TN,8b44c9df29572efca928c1d36fa3e7a90e94caa0,kernelshap,,,,,3,0.8,0.6,-0.066,0.066,5,0
openstack,TN,8b44c9df29572efca928c1d36fa3e7a90e94caa0,kernelshap,,,,,4,0.8,0.6,-0.0656,0.0656,5,0
openstack,TN,8b44c9df29572efca928c1d36fa3e7a90e94caa0,kernelshap,,,,,5,0.8,0.6,-0.0656,0.0656,5,0
openstack,TN,4d75cbf3c35a8aa917d3970beac99d612f13eed3,kernelshap,,,,,1,1.0,0.4,0.0184,0.0352,5,0
openstack,TN,4d75cbf3c35a8aa917d3970beac99d612f13eed3,kernelshap,,,,,2,1.0,0.4,0.0184,0.0352,5,0
openstack,TN,4d75cbf3c35a8aa917d3970beac99d612f13eed3,kernelshap,,,,,3,1.0,0.4,0.0184,0.0352,5,0
openstack,TN,4d75cbf3c35a8aa917d3970beac99d612f13eed3,kernelshap,,,,,4,1.0,0.4,0.0184,0.0352,5,0
openstack,TN,4d75cbf3c35a8aa917d3970beac99d612f13eed3,kernelshap,,,,,5,1.0,0.4,0.0184,0.0352,5,0
openstack,TN,2ecaad46a737c24965ae81fc19947db9264de684,kernelshap,,,,,1,1.0,0.8,0.0075999999999999,0.0459999999999999,5,0
openstack,TN,2ecaad46a737c24965ae81fc19947db9264de684,kernelshap,,,,,2,1.0,0.8,0.0075999999999999,0.0459999999999999,5,0
openstack,TN,2ecaad46a737c24965ae81fc19947db9264de684,kernelshap,,,,,3,1.0,0.8,0.0075999999999999,0.0459999999999999,5,0
openstack,TN,2ecaad46a737c24965ae81fc19947db9264de684,kernelshap,,,,,4,1.0,0.8,0.0075999999999999,0.0459999999999999,5,0
openstack,TN,2ecaad46a737c24965ae81fc19947db9264de684,kernelshap,,,,,5,1.0,0.8,0.0075999999999999,0.0459999999999999,5,0
openstack,TN,bfb9d3f179607c25f91d77585f97df6d0704c253,kernelshap,,,,,1,1.0,1.0,-0.096,0.096,5,0
openstack,TN,bfb9d3f179607c25f91d77585f97df6d0704c253,kernelshap,,,,,2,1.0,1.0,-0.096,0.096,5,0
openstack,TN,bfb9d3f179607c25f91d77585f97df6d0704c253,kernelshap,,,,,3,1.0,1.0,-0.096,0.096,5,0
openstack,TN,bfb9d3f179607c25f91d77585f97df6d0704c253,kernelshap,,,,,4,1.0,1.0,-0.096,0.096,5,0
openstack,TN,bfb9d3f179607c25f91d77585f97df6d0704c253,kernelshap,,,,,5,1.0,1.0,-0.096,0.096,5,0
openstack,FP,bfcd4b2f1be3ab37ae0801dd523ce952577cda14,kernelshap,,,,,1,1.0,1.0,-0.2296,0.2296,5,0
openstack,FP,bfcd4b2f1be3ab37ae0801dd523ce952577cda14,kernelshap,,,,,2,1.0,1.0,-0.2296,0.2296,5,0
openstack,FP,bfcd4b2f1be3ab37ae0801dd523ce952577cda14,kernelshap,,,,,3,1.0,1.0,-0.2296,0.2296,5,0
openstack,FP,bfcd4b2f1be3ab37ae0801dd523ce952577cda14,kernelshap,,,,,4,1.0,1.0,-0.2296,0.2296,5,0
openstack,FP,bfcd4b2f1be3ab37ae0801dd523ce952577cda14,kernelshap,,,,,5,1.0,1.0,-0.2296,0.2296,5,0
openstack,TP,c08f99c7e072e349632684d565bcac357ce93b6d,kernelshap,,,,,1,1.0,1.0,-0.1752,0.2648,5,0
openstack,TP,c08f99c7e072e349632684d565bcac357ce93b6d,kernelshap,,,,,2,1.0,1.0,-0.1752,0.2648,5,0
openstack,TP,c08f99c7e072e349632684d565bcac357ce93b6d,kernelshap,,,,,3,1.0,1.0,-0.1752,0.2648,5,0
openstack,TP,c08f99c7e072e349632684d565bcac357ce93b6d,kernelshap,,,,,4,1.0,1.0,-0.1752,0.2648,5,0
openstack,TP,c08f99c7e072e349632684d565bcac357ce93b6d,kernelshap,,,,,5,1.0,1.0,-0.1752,0.2648,5,0
openstack,TN,1a3f2e8f44f0138d0328312e07b1341970c7903a,kernelshap,,,,,1,1.0,1.0,-0.1159999999999999,0.1159999999999999,5,0
openstack,TN,1a3f2e8f44f0138d0328312e07b1341970c7903a,kernelshap,,,,,2,1.0,1.0,-0.1159999999999999,0.1159999999999999,5,0
openstack,TN,1a3f2e8f44f0138d0328312e07b1341970c7903a,kernelshap,,,,,3,1.0,1.0,-0.1159999999999999,0.1159999999999999,5,0
openstack,TN,1a3f2e8f44f0138d0328312e07b1341970c7903a,kernelshap,,,,,4,1.0,1.0,-0.1159999999999999,0.1159999999999999,5,0
openstack,TN,1a3f2e8f44f0138d0328312e07b1341970c7903a,kernelshap,,,,,5,1.0,1.0,-0.1159999999999999,0.1159999999999999,5,0
openstack,TP,45662d77a2da77714f8e792e86ebd64a52270ef5,kernelshap,,,,,1,1.0,1.0,-0.2348,0.2348,5,0
openstack,TP,45662d77a2da77714f8e792e86ebd64a52270ef5,kernelshap,,,,,2,1.0,1.0,-0.2348,0.2348,5,0
openstack,TP,45662d77a2da77714f8e792e86ebd64a52270ef5,kernelshap,,,,,3,1.0,1.0,-0.2348,0.2348,5,0
openstack,TP,45662d77a2da77714f8e792e86ebd64a52270ef5,kernelshap,,,,,4,1.0,1.0,-0.2348,0.2348,5,0
openstack,TP,45662d77a2da77714f8e792e86ebd64a52270ef5,kernelshap,,,,,5,1.0,1.0,-0.2348,0.2348,5,0
openstack,TP,6f31523b314e7ac4ad83d13842cf2fa1014c39b2,kernelshap,,,,,1,1.0,1.0,-0.2568,0.2568,5,0
openstack,TP,6f31523b314e7ac4ad83d13842cf2fa1014c39b2,kernelshap,,,,,2,1.0,1.0,-0.2568,0.2568,5,0
openstack,TP,6f31523b314e7ac4ad83d13842cf2fa1014c39b2,kernelshap,,,,,3,1.0,1.0,-0.2079999999999999,0.2079999999999999,5,0
openstack,TP,6f31523b314e7ac4ad83d13842cf2fa1014c39b2,kernelshap,,,,,4,1.0,1.0,-0.2568,0.2568,5,0
openstack,TP,6f31523b314e7ac4ad83d13842cf2fa1014c39b2,kernelshap,,,,,5,1.0,1.0,-0.2079999999999999,0.2079999999999999,5,0
openstack,FP,410a83c89de9912207574999b3736a550ed253ba,kernelshap,,,,,1,0.8,0.8,-0.204,0.204,5,0
openstack,FP,410a83c89de9912207574999b3736a550ed253ba,kernelshap,,,,,2,0.8,0.8,-0.204,0.204,5,0
openstack,FP,410a83c89de9912207574999b3736a550ed253ba,kernelshap,,,,,3,0.8,0.8,-0.204,0.204,5,0
openstack,FP,410a83c89de9912207574999b3736a550ed253ba,kernelshap,,,,,4,0.8,0.8,-0.204,0.204,5,0
openstack,FP,410a83c89de9912207574999b3736a550ed253ba,kernelshap,,,,,5,0.8,0.8,-0.204,0.204,5,0
openstack,FP,4e2919e6b208a2e95d75782f9cad0a6f0892d983,kernelshap,,,,,1,1.0,0.6,-0.1408,0.1416,5,0
openstack,FP,4e2919e6b208a2e95d75782f9cad0a6f0892d983,kernelshap,,,,,2,1.0,0.6,-0.1408,0.1416,5,0
openstack,FP,4e2919e6b208a2e95d75782f9cad0a6f0892d983,kernelshap,,,,,3,1.0,0.6,-0.1408,0.1416,5,0
openstack,FP,4e2919e6b208a2e95d75782f9cad0a6f0892d983,kernelshap,,,,,4,1.0,0.6,-0.1408,0.1416,5,0
openstack,FP,4e2919e6b208a2e95d75782f9cad0a6f0892d983,kernelshap,,,,,5,1.0,0.6,-0.1408,0.1416,5,0
openstack,FP,558f7b00f56f37adaa68239c9ce95d25b2d65f56,kernelshap,,,,,1,1.0,1.0,-0.152,0.1864,5,0
openstack,FP,558f7b00f56f37adaa68239c9ce95d25b2d65f56,kernelshap,,,,,2,1.0,1.0,-0.152,0.1864,5,0
openstack,FP,558f7b00f56f37adaa68239c9ce95d25b2d65f56,kernelshap,,,,,3,1.0,1.0,-0.1504,0.1848,5,0
openstack,FP,558f7b00f56f37adaa68239c9ce95d25b2d65f56,kernelshap,,,,,4,1.0,1.0,-0.152,0.1864,5,0
openstack,FP,558f7b00f56f37adaa68239c9ce95d25b2d65f56,kernelshap,,,,,5,1.0,1.0,-0.1504,0.1848,5,0
openstack,TN,70fad48add19cc565726f098e1e7a2165b24cc77,kernelshap,,,,,1,1.0,0.8,-0.0804,0.0804,5,0
openstack,TN,70fad48add19cc565726f098e1e7a2165b24cc77,kernelshap,,,,,2,1.0,0.8,-0.0804,0.0804,5,0
openstack,TN,70fad48add19cc565726f098e1e7a2165b24cc77,kernelshap,,,,,3,1.0,0.8,-0.0804,0.0804,5,0
openstack,TN,70fad48add19cc565726f098e1e7a2165b24cc77,kernelshap,,,,,4,1.0,0.8,-0.0804,0.0804,5,0
openstack,TN,70fad48add19cc565726f098e1e7a2165b24cc77,kernelshap,,,,,5,1.0,0.8,-0.0804,0.0804,5,0
openstack,TP,76d3c644f3f5866a5c07f80b66132d81b8b57e78,kernelshap,,,,,1,1.0,1.0,-0.3728,0.3728,5,0
openstack,TP,76d3c644f3f5866a5c07f80b66132d81b8b57e78,kernelshap,,,,,2,1.0,1.0,-0.372,0.372,5,0
openstack,TP,76d3c644f3f5866a5c07f80b66132d81b8b57e78,kernelshap,,,,,3,1.0,1.0,-0.372,0.372,5,0
openstack,TP,76d3c644f3f5866a5c07f80b66132d81b8b57e78,kernelshap,,,,,4,1.0,1.0,-0.3728,0.3728,5,0
openstack,TP,76d3c644f3f5866a5c07f80b66132d81b8b57e78,kernelshap,,,,,5,1.0,1.0,-0.3728,0.3728,5,0
openstack,FN,2b60912d5667350eae7ecbc67d4dba3658518d10,kernelshap,,,,,1,0.8,0.8,-0.0772,0.1387999999999999,5,0
openstack,FN,2b60912d5667350eae7ecbc67d4dba3658518d10,kernelshap,,,,,2,0.8,0.8,-0.0772,0.1387999999999999,5,0
openstack,FN,2b60912d5667350eae7ecbc67d4dba3658518d10,kernelshap,,,,,3,0.8,0.8,-0.0772,0.1387999999999999,5,0
openstack,FN,2b60912d5667350eae7ecbc67d4dba3658518d10,kernelshap,,,,,4,0.8,0.8,-0.0772,0.1387999999999999,5,0
openstack,FN,2b60912d5667350eae7ecbc67d4dba3658518d10,kernelshap,,,,,5,0.8,0.8,-0.0772,0.1387999999999999,5,0
openstack,TP,88c62c1ca290c1d2a33ff192a302e492a4b11cb3,kernelshap,,,,,1,1.0,1.0,-0.0984,0.1352,5,0
openstack,TP,88c62c1ca290c1d2a33ff192a302e492a4b11cb3,kernelshap,,,,,2,1.0,1.0,-0.0984,0.1352,5,0
openstack,TP,88c62c1ca290c1d2a33ff192a302e492a4b11cb3,kernelshap,,,,,3,0.8,1.0,-0.0716,0.1404,5,0
openstack,TP,88c62c1ca290c1d2a33ff192a302e492a4b11cb3,kernelshap,,,,,4,1.0,1.0,-0.0984,0.1352,5,0
openstack,TP,88c62c1ca290c1d2a33ff192a302e492a4b11cb3,kernelshap,,,,,5,1.0,1.0,-0.0984,0.1352,5,0
openstack,FP,296da649452f66dd15a15ee4274ab0f8609250e2,kernelshap,,,,,1,1.0,1.0,-0.2028,0.2028,5,0
openstack,FP,296da649452f66dd15a15ee4274ab0f8609250e2,kernelshap,,,,,2,1.0,1.0,-0.2028,0.2028,5,0
openstack,FP,296da649452f66dd15a15ee4274ab0f8609250e2,kernelshap,,,,,3,1.0,1.0,-0.2028,0.2028,5,0
openstack,FP,296da649452f66dd15a15ee4274ab0f8609250e2,kernelshap,,,,,4,1.0,1.0,-0.2028,0.2028,5,0
openstack,FP,296da649452f66dd15a15ee4274ab0f8609250e2,kernelshap,,,,,5,1.0,1.0,-0.2028,0.2028,5,0
openstack,TP,379cf65d82b11f5e6f8732a585d5373beda85046,kernelshap,,,,,1,1.0,1.0,-0.2051999999999999,0.2051999999999999,5,0
openstack,TP,379cf65d82b11f5e6f8732a585d5373beda85046,kernelshap,,,,,2,1.0,1.0,-0.1943999999999999,0.1943999999999999,5,0
openstack,TP,379cf65d82b11f5e6f8732a585d5373beda85046,kernelshap,,,,,3,1.0,1.0,-0.2051999999999999,0.2051999999999999,5,0
openstack,TP,379cf65d82b11f5e6f8732a585d5373beda85046,kernelshap,,,,,4,1.0,1.0,-0.1943999999999999,0.1943999999999999,5,0
openstack,TP,379cf65d82b11f5e6f8732a585d5373beda85046,kernelshap,,,,,5,1.0,1.0,-0.1943999999999999,0.1943999999999999,5,0
openstack,TN,79a1a113775df87d420b242cea4bbf953df3779c,kernelshap,,,,,1,1.0,1.0,-0.0732,0.0948,5,0
openstack,TN,79a1a113775df87d420b242cea4bbf953df3779c,kernelshap,,,,,2,1.0,1.0,-0.0732,0.0948,5,0
openstack,TN,79a1a113775df87d420b242cea4bbf953df3779c,kernelshap,,,,,3,1.0,1.0,-0.0732,0.0948,5,0
openstack,TN,79a1a113775df87d420b242cea4bbf953df3779c,kernelshap,,,,,4,1.0,1.0,-0.0732,0.0948,5,0
openstack,TN,79a1a113775df87d420b242cea4bbf953df3779c,kernelshap,,,,,5,1.0,1.0,-0.0732,0.0948,5,0
openstack,TN,dd444d84759d7b3c17e7c3e97f9565546f9d3df2,kernelshap,,,,,1,0.8,1.0,-0.1027999999999999,0.1027999999999999,5,0
openstack,TN,dd444d84759d7b3c17e7c3e97f9565546f9d3df2,kernelshap,,,,,2,0.8,1.0,-0.1027999999999999,0.1027999999999999,5,0
openstack,TN,dd444d84759d7b3c17e7c3e97f9565546f9d3df2,kernelshap,,,,,3,0.8,1.0,-0.1027999999999999,0.1027999999999999,5,0
openstack,TN,dd444d84759d7b3c17e7c3e97f9565546f9d3df2,kernelshap,,,,,4,0.8,1.0,-0.1027999999999999,0.1027999999999999,5,0
openstack,TN,dd444d84759d7b3c17e7c3e97f9565546f9d3df2,kernelshap,,,,,5,0.8,1.0,-0.1027999999999999,0.1027999999999999,5,0
openstack,TN,747373f4bdfe4814000a88e4443b56545d5d55bd,kernelshap,,,,,1,0.8,0.8,-0.0352,0.0424,5,0
openstack,TN,747373f4bdfe4814000a88e4443b56545d5d55bd,kernelshap,,,,,2,0.8,0.8,-0.0352,0.0424,5,0
openstack,TN,747373f4bdfe4814000a88e4443b56545d5d55bd,kernelshap,,,,,3,0.8,0.8,-0.0352,0.0424,5,0
openstack,TN,747373f4bdfe4814000a88e4443b56545d5d55bd,kernelshap,,,,,4,0.8,0.8,-0.0363999999999999,0.0435999999999999,5,0
openstack,TN,747373f4bdfe4814000a88e4443b56545d5d55bd,kernelshap,,,,,5,0.8,0.8,-0.0352,0.0424,5,0
openstack,FN,763fd62464e9a0753e061171cc1fd826055bbc01,kernelshap,,,,,1,0.8,0.6,0.0663999999999999,0.0759999999999999,5,0
openstack,FN,763fd62464e9a0753e061171cc1fd826055bbc01,kernelshap,,,,,2,0.8,0.6,0.0607999999999999,0.0703999999999999,5,0
openstack,FN,763fd62464e9a0753e061171cc1fd826055bbc01,kernelshap,,,,,3,0.8,0.6,0.0663999999999999,0.0759999999999999,5,0
openstack,FN,763fd62464e9a0753e061171cc1fd826055bbc01,kernelshap,,,,,4,0.8,0.6,0.0607999999999999,0.0703999999999999,5,0
openstack,FN,763fd62464e9a0753e061171cc1fd826055bbc01,kernelshap,,,,,5,1.0,0.8,0.0783999999999999,0.0847999999999999,5,0
openstack,FN,267eea50fd9e9c74faa96d529a7ec2fd8aa8d51f,kernelshap,,,,,1,1.0,1.0,-0.0255999999999999,0.0967999999999999,5,0
openstack,FN,267eea50fd9e9c74faa96d529a7ec2fd8aa8d51f,kernelshap,,,,,2,1.0,1.0,-0.0255999999999999,0.0967999999999999,5,0
openstack,FN,267eea50fd9e9c74faa96d529a7ec2fd8aa8d51f,kernelshap,,,,,3,1.0,1.0,-0.0255999999999999,0.0967999999999999,5,0
openstack,FN,267eea50fd9e9c74faa96d529a7ec2fd8aa8d51f,kernelshap,,,,,4,1.0,1.0,-0.0255999999999999,0.0967999999999999,5,0
openstack,FN,267eea50fd9e9c74faa96d529a7ec2fd8aa8d51f,kernelshap,,,,,5,1.0,1.0,-0.0255999999999999,0.0967999999999999,5,0
openstack,TN,978066fe31a5331f143a05e1fd753c729b2dcf09,kernelshap,,,,,1,1.0,0.4,-0.0295999999999999,0.0343999999999999,5,0
openstack,TN,978066fe31a5331f143a05e1fd753c729b2dcf09,kernelshap,,,,,2,1.0,0.4,-0.0295999999999999,0.0343999999999999,5,0
openstack,TN,978066fe31a5331f143a05e1fd753c729b2dcf09,kernelshap,,,,,3,1.0,0.4,-0.0295999999999999,0.0343999999999999,5,0
openstack,TN,978066fe31a5331f143a05e1fd753c729b2dcf09,kernelshap,,,,,4,1.0,0.4,-0.0295999999999999,0.0343999999999999,5,0
openstack,TN,978066fe31a5331f143a05e1fd753c729b2dcf09,kernelshap,,,,,5,1.0,0.4,-0.0295999999999999,0.0343999999999999,5,0
openstack,TN,545925c66cb3ee005aa7e497ad4b3c97eb2f410b,kernelshap,,,,,1,1.0,1.0,-0.0492,0.0716,5,0
openstack,TN,545925c66cb3ee005aa7e497ad4b3c97eb2f410b,kernelshap,,,,,2,1.0,1.0,-0.0492,0.0716,5,0
openstack,TN,545925c66cb3ee005aa7e497ad4b3c97eb2f410b,kernelshap,,,,,3,1.0,1.0,-0.0492,0.0716,5,0
openstack,TN,545925c66cb3ee005aa7e497ad4b3c97eb2f410b,kernelshap,,,,,4,1.0,1.0,-0.0492,0.0716,5,0
openstack,TN,545925c66cb3ee005aa7e497ad4b3c97eb2f410b,kernelshap,,,,,5,1.0,1.0,-0.0492,0.0716,5,0
openstack,FN,bc6ca87a6a01ecbda926a78d07cadbd4e3ab97e0,kernelshap,,,,,1,1.0,0.6,0.0251999999999999,0.0595999999999999,5,0
openstack,FN,bc6ca87a6a01ecbda926a78d07cadbd4e3ab97e0,kernelshap,,,,,2,1.0,0.6,0.0251999999999999,0.0595999999999999,5,0
openstack,FN,bc6ca87a6a01ecbda926a78d07cadbd4e3ab97e0,kernelshap,,,,,3,1.0,0.6,0.0251999999999999,0.0595999999999999,5,0
openstack,FN,bc6ca87a6a01ecbda926a78d07cadbd4e3ab97e0,kernelshap,,,,,4,1.0,0.6,0.0251999999999999,0.0595999999999999,5,0
openstack,FN,bc6ca87a6a01ecbda926a78d07cadbd4e3ab97e0,kernelshap,,,,,5,1.0,0.6,0.0251999999999999,0.0595999999999999,5,0
openstack,FP,280cc7c5ae4b07a9a1e23b8f9cc925be9872c8e1,kernelshap,,,,,1,1.0,1.0,-0.2251999999999999,0.2251999999999999,5,0
openstack,FP,280cc7c5ae4b07a9a1e23b8f9cc925be9872c8e1,kernelshap,,,,,2,1.0,1.0,-0.2251999999999999,0.2251999999999999,5,0
openstack,FP,280cc7c5ae4b07a9a1e23b8f9cc925be9872c8e1,kernelshap,,,,,3,1.0,1.0,-0.2251999999999999,0.2251999999999999,5,0
openstack,FP,280cc7c5ae4b07a9a1e23b8f9cc925be9872c8e1,kernelshap,,,,,4,1.0,1.0,-0.2251999999999999,0.2251999999999999,5,0
openstack,FP,280cc7c5ae4b07a9a1e23b8f9cc925be9872c8e1,kernelshap,,,,,5,1.0,1.0,-0.2251999999999999,0.2251999999999999,5,0
openstack,FP,6aecf475dbff9c7d477378c021749b987d47deae,kernelshap,,,,,1,1.0,1.0,-0.2544,0.2544,5,0
openstack,FP,6aecf475dbff9c7d477378c021749b987d47deae,kernelshap,,,,,2,1.0,1.0,-0.2472,0.2472,5,0
openstack,FP,6aecf475dbff9c7d477378c021749b987d47deae,kernelshap,,,,,3,1.0,1.0,-0.2472,0.2472,5,0
openstack,FP,6aecf475dbff9c7d477378c021749b987d47deae,kernelshap,,,,,4,1.0,1.0,-0.2472,0.2472,5,0
openstack,FP,6aecf475dbff9c7d477378c021749b987d47deae,kernelshap,,,,,5,1.0,1.0,-0.2472,0.2472,5,0
openstack,FP,baa52224dc73e8ca3bdcbdaa5d62bc26fb38052f,kernelshap,,,,,1,1.0,1.0,-0.2299999999999999,0.2299999999999999,5,0
openstack,FP,baa52224dc73e8ca3bdcbdaa5d62bc26fb38052f,kernelshap,,,,,2,1.0,1.0,-0.2299999999999999,0.2299999999999999,5,0
openstack,FP,baa52224dc73e8ca3bdcbdaa5d62bc26fb38052f,kernelshap,,,,,3,1.0,1.0,-0.2299999999999999,0.2299999999999999,5,0
openstack,FP,baa52224dc73e8ca3bdcbdaa5d62bc26fb38052f,kernelshap,,,,,4,0.8,1.0,-0.1604,0.2108,5,0
openstack,FP,baa52224dc73e8ca3bdcbdaa5d62bc26fb38052f,kernelshap,,,,,5,1.0,1.0,-0.2299999999999999,0.2299999999999999,5,0
openstack,TN,d2e40a3e49819dace92975de3e3d7ba3a3fac79d,kernelshap,,,,,1,1.0,0.8,-0.0723999999999999,0.086,5,0
openstack,TN,d2e40a3e49819dace92975de3e3d7ba3a3fac79d,kernelshap,,,,,2,1.0,0.8,-0.0723999999999999,0.086,5,0
openstack,TN,d2e40a3e49819dace92975de3e3d7ba3a3fac79d,kernelshap,,,,,3,1.0,0.8,-0.0723999999999999,0.086,5,0
openstack,TN,d2e40a3e49819dace92975de3e3d7ba3a3fac79d,kernelshap,,,,,4,1.0,0.8,-0.0723999999999999,0.086,5,0
openstack,TN,d2e40a3e49819dace92975de3e3d7ba3a3fac79d,kernelshap,,,,,5,1.0,0.8,-0.0723999999999999,0.086,5,0
openstack,TN,57566f4c8d2929c25e76564883369a7c6eda720a,kernelshap,,,,,1,1.0,0.6,-0.0367999999999999,0.0455999999999999,5,0
openstack,TN,57566f4c8d2929c25e76564883369a7c6eda720a,kernelshap,,,,,2,1.0,0.4,-0.0279999999999999,0.0367999999999999,5,0
openstack,TN,57566f4c8d2929c25e76564883369a7c6eda720a,kernelshap,,,,,3,1.0,0.4,-0.0279999999999999,0.0367999999999999,5,0
openstack,TN,57566f4c8d2929c25e76564883369a7c6eda720a,kernelshap,,,,,4,1.0,0.6,-0.0367999999999999,0.0455999999999999,5,0
openstack,TN,57566f4c8d2929c25e76564883369a7c6eda720a,kernelshap,,,,,5,1.0,0.6,-0.0367999999999999,0.0455999999999999,5,0
openstack,TP,03db94ebaa3fc2c76694fd566e2c9eefbf851a7f,kernelshap,,,,,1,1.0,1.0,-0.26,0.26,5,0
openstack,TP,03db94ebaa3fc2c76694fd566e2c9eefbf851a7f,kernelshap,,,,,2,1.0,1.0,-0.2868,0.2868,5,0
openstack,TP,03db94ebaa3fc2c76694fd566e2c9eefbf851a7f,kernelshap,,,,,3,1.0,1.0,-0.274,0.274,5,0
openstack,TP,03db94ebaa3fc2c76694fd566e2c9eefbf851a7f,kernelshap,,,,,4,1.0,1.0,-0.274,0.274,5,0
openstack,TP,03db94ebaa3fc2c76694fd566e2c9eefbf851a7f,kernelshap,,,,,5,1.0,1.0,-0.2868,0.2868,5,0
openstack,FN,703ba3c4e3d0b442c3097b6c844a59e560c09fe8,kernelshap,,,,,1,0.4,0.4,-0.006,0.0339999999999999,5,0
openstack,FN,703ba3c4e3d0b442c3097b6c844a59e560c09fe8,kernelshap,,,,,2,0.4,0.4,-0.006,0.0339999999999999,5,0
openstack,FN,703ba3c4e3d0b442c3097b6c844a59e560c09fe8,kernelshap,,,,,3,0.6,0.4,-0.0032,0.0311999999999999,5,0
openstack,FN,703ba3c4e3d0b442c3097b6c844a59e560c09fe8,kernelshap,,,,,4,0.4,0.4,-0.006,0.0339999999999999,5,0
openstack,FN,703ba3c4e3d0b442c3097b6c844a59e560c09fe8,kernelshap,,,,,5,0.4,0.4,-0.006,0.0339999999999999,5,0
openstack,FN,e3df049cad2b7a264acbad4d6baecbc813546e5d,kernelshap,,,,,1,1.0,1.0,-0.0315999999999999,0.1139999999999999,5,0
openstack,FN,e3df049cad2b7a264acbad4d6baecbc813546e5d,kernelshap,,,,,2,1.0,1.0,-0.0323999999999999,0.1147999999999999,5,0
openstack,FN,e3df049cad2b7a264acbad4d6baecbc813546e5d,kernelshap,,,,,3,1.0,1.0,-0.0315999999999999,0.1139999999999999,5,0
openstack,FN,e3df049cad2b7a264acbad4d6baecbc813546e5d,kernelshap,,,,,4,1.0,1.0,-0.0323999999999999,0.1147999999999999,5,0
openstack,FN,e3df049cad2b7a264acbad4d6baecbc813546e5d,kernelshap,,,,,5,1.0,1.0,-0.0315999999999999,0.1139999999999999,5,0
openstack,FN,d1b3adfbe471ad99ddf0dd2b483b77435c157aea,kernelshap,,,,,1,1.0,0.8,0.0612,0.094,5,0
openstack,FN,d1b3adfbe471ad99ddf0dd2b483b77435c157aea,kernelshap,,,,,2,0.8,0.6,0.0464,0.0792,5,0
openstack,FN,d1b3adfbe471ad99ddf0dd2b483b77435c157aea,kernelshap,,,,,3,0.8,0.8,0.062,0.0932,5,0
openstack,FN,d1b3adfbe471ad99ddf0dd2b483b77435c157aea,kernelshap,,,,,4,1.0,0.8,0.0612,0.094,5,0
openstack,FN,d1b3adfbe471ad99ddf0dd2b483b77435c157aea,kernelshap,,,,,5,1.0,0.8,0.0612,0.094,5,0
openstack,TN,87be408b126e81ded85b03896f9c85f8a8d4ac90,kernelshap,,,,,1,1.0,0.6,-0.0536,0.072,5,0
openstack,TN,87be408b126e81ded85b03896f9c85f8a8d4ac90,kernelshap,,,,,2,1.0,0.6,-0.0536,0.072,5,0
openstack,TN,87be408b126e81ded85b03896f9c85f8a8d4ac90,kernelshap,,,,,3,1.0,0.6,-0.0536,0.072,5,0
openstack,TN,87be408b126e81ded85b03896f9c85f8a8d4ac90,kernelshap,,,,,4,1.0,0.6,-0.0536,0.072,5,0
openstack,TN,87be408b126e81ded85b03896f9c85f8a8d4ac90,kernelshap,,,,,5,1.0,0.6,-0.0536,0.072,5,0
openstack,TP,22c9cf3d95c3d14351045bac2920b4e0994ec42f,kernelshap,,,,,1,1.0,1.0,-0.3643999999999999,0.3643999999999999,5,0
openstack,TP,22c9cf3d95c3d14351045bac2920b4e0994ec42f,kernelshap,,,,,2,1.0,1.0,-0.3351999999999999,0.3351999999999999,5,0
openstack,TP,22c9cf3d95c3d14351045bac2920b4e0994ec42f,kernelshap,,,,,3,1.0,1.0,-0.3351999999999999,0.3351999999999999,5,0
openstack,TP,22c9cf3d95c3d14351045bac2920b4e0994ec42f,kernelshap,,,,,4,1.0,1.0,-0.3351999999999999,0.3351999999999999,5,0
openstack,TP,22c9cf3d95c3d14351045bac2920b4e0994ec42f,kernelshap,,,,,5,1.0,1.0,-0.3495999999999999,0.3495999999999999,5,0
openstack,TP,092820939d53268152893a15fdaf5129554fbcb3,kernelshap,,,,,1,1.0,1.0,-0.2348,0.2636,5,0
openstack,TP,092820939d53268152893a15fdaf5129554fbcb3,kernelshap,,,,,2,1.0,1.0,-0.2348,0.2636,5,0
openstack,TP,092820939d53268152893a15fdaf5129554fbcb3,kernelshap,,,,,3,1.0,1.0,-0.2348,0.2636,5,0
openstack,TP,092820939d53268152893a15fdaf5129554fbcb3,kernelshap,,,,,4,1.0,1.0,-0.2348,0.2636,5,0
openstack,TP,092820939d53268152893a15fdaf5129554fbcb3,kernelshap,,,,,5,1.0,1.0,-0.2348,0.2636,5,0
openstack,TN,dd13c2784b5aec539197d1b76fafc6a6b38a33e8,kernelshap,,,,,1,0.8,0.8,-0.004,0.0536,5,0
openstack,TN,dd13c2784b5aec539197d1b76fafc6a6b38a33e8,kernelshap,,,,,2,0.8,0.8,-0.004,0.0536,5,0
openstack,TN,dd13c2784b5aec539197d1b76fafc6a6b38a33e8,kernelshap,,,,,3,0.8,0.8,-0.004,0.0536,5,0
openstack,TN,dd13c2784b5aec539197d1b76fafc6a6b38a33e8,kernelshap,,,,,4,0.8,0.8,-0.004,0.0536,5,0
openstack,TN,dd13c2784b5aec539197d1b76fafc6a6b38a33e8,kernelshap,,,,,5,0.8,0.8,-0.004,0.0536,5,0
openstack,TP,40eaa89a9001edda3e1146831b26aaf7ded64c4a,kernelshap,,,,,1,1.0,1.0,-0.1744,0.256,5,0
openstack,TP,40eaa89a9001edda3e1146831b26aaf7ded64c4a,kernelshap,,,,,2,1.0,1.0,-0.1744,0.256,5,0
openstack,TP,40eaa89a9001edda3e1146831b26aaf7ded64c4a,kernelshap,,,,,3,1.0,1.0,-0.1744,0.256,5,0
openstack,TP,40eaa89a9001edda3e1146831b26aaf7ded64c4a,kernelshap,,,,,4,1.0,1.0,-0.1744,0.256,5,0
openstack,TP,40eaa89a9001edda3e1146831b26aaf7ded64c4a,kernelshap,,,,,5,1.0,1.0,-0.1744,0.256,5,0
openstack,TN,1e6538d43e76b867776cf226e1d6d6c900412f99,kernelshap,,,,,1,1.0,1.0,-0.0812,0.0812,5,0
openstack,TN,1e6538d43e76b867776cf226e1d6d6c900412f99,kernelshap,,,,,2,1.0,1.0,-0.0812,0.0812,5,0
openstack,TN,1e6538d43e76b867776cf226e1d6d6c900412f99,kernelshap,,,,,3,1.0,1.0,-0.0812,0.0812,5,0
openstack,TN,1e6538d43e76b867776cf226e1d6d6c900412f99,kernelshap,,,,,4,1.0,1.0,-0.0812,0.0812,5,0
openstack,TN,1e6538d43e76b867776cf226e1d6d6c900412f99,kernelshap,,,,,5,1.0,1.0,-0.0812,0.0812,5,0
openstack,FP,70de423255fd01822188bb9082a0c0cc1c8ec2d0,kernelshap,,,,,1,1.0,1.0,-0.3692000000000001,0.3692000000000001,5,0
openstack,FP,70de423255fd01822188bb9082a0c0cc1c8ec2d0,kernelshap,,,,,2,1.0,1.0,-0.3692000000000001,0.3692000000000001,5,0
openstack,FP,70de423255fd01822188bb9082a0c0cc1c8ec2d0,kernelshap,,,,,3,1.0,1.0,-0.3664,0.3664,5,0
openstack,FP,70de423255fd01822188bb9082a0c0cc1c8ec2d0,kernelshap,,,,,4,1.0,1.0,-0.3692000000000001,0.3692000000000001,5,0
openstack,FP,70de423255fd01822188bb9082a0c0cc1c8ec2d0,kernelshap,,,,,5,1.0,1.0,-0.3692000000000001,0.3692000000000001,5,0
openstack,TP,56324c12aa58ff9cf46582611b071f3abb743ddf,kernelshap,,,,,1,1.0,1.0,-0.2,0.2,5,0
openstack,TP,56324c12aa58ff9cf46582611b071f3abb743ddf,kernelshap,,,,,2,1.0,1.0,-0.2,0.2,5,0
openstack,TP,56324c12aa58ff9cf46582611b071f3abb743ddf,kernelshap,,,,,3,1.0,1.0,-0.2,0.2,5,0
openstack,TP,56324c12aa58ff9cf46582611b071f3abb743ddf,kernelshap,,,,,4,1.0,0.8,-0.1776,0.1776,5,0
openstack,TP,56324c12aa58ff9cf46582611b071f3abb743ddf,kernelshap,,,,,5,1.0,1.0,-0.2,0.2,5,0
openstack,FN,848664f646bf087df59778434daa6feae1e71c74,kernelshap,,,,,1,1.0,1.0,-0.1087999999999999,0.1087999999999999,5,0
openstack,FN,848664f646bf087df59778434daa6feae1e71c74,kernelshap,,,,,2,1.0,1.0,-0.0931999999999999,0.0931999999999999,5,0
openstack,FN,848664f646bf087df59778434daa6feae1e71c74,kernelshap,,,,,3,1.0,1.0,-0.1063999999999999,0.1063999999999999,5,0
openstack,FN,848664f646bf087df59778434daa6feae1e71c74,kernelshap,,,,,4,1.0,1.0,-0.1087999999999999,0.1087999999999999,5,0
openstack,FN,848664f646bf087df59778434daa6feae1e71c74,kernelshap,,,,,5,1.0,1.0,-0.1063999999999999,0.1063999999999999,5,0
openstack,FN,91a8cd2952a25b340f5778cace95910e43cbcbb6,kernelshap,,,,,1,1.0,0.6,-0.0248,0.0776,5,0
openstack,FN,91a8cd2952a25b340f5778cace95910e43cbcbb6,kernelshap,,,,,2,1.0,0.6,-0.0248,0.0776,5,0
openstack,FN,91a8cd2952a25b340f5778cace95910e43cbcbb6,kernelshap,,,,,3,1.0,0.6,-0.0248,0.0776,5,0
openstack,FN,91a8cd2952a25b340f5778cace95910e43cbcbb6,kernelshap,,,,,4,1.0,0.6,-0.0248,0.0776,5,0
openstack,FN,91a8cd2952a25b340f5778cace95910e43cbcbb6,kernelshap,,,,,5,1.0,0.6,-0.0248,0.0776,5,0
openstack,FN,d402747547e1a356c6c2c20b57f52af39b63e831,kernelshap,,,,,1,0.8,1.0,-0.0547999999999999,0.0907999999999999,5,0
openstack,FN,d402747547e1a356c6c2c20b57f52af39b63e831,kernelshap,,,,,2,0.8,1.0,-0.0547999999999999,0.0907999999999999,5,0
openstack,FN,d402747547e1a356c6c2c20b57f52af39b63e831,kernelshap,,,,,3,0.8,1.0,-0.0547999999999999,0.0907999999999999,5,0
openstack,FN,d402747547e1a356c6c2c20b57f52af39b63e831,kernelshap,,,,,4,0.8,1.0,-0.0547999999999999,0.0907999999999999,5,0
openstack,FN,d402747547e1a356c6c2c20b57f52af39b63e831,kernelshap,,,,,5,0.8,1.0,-0.0547999999999999,0.0907999999999999,5,0
openstack,TN,348b7a9f7d64094d60ece0460aed02b66c52f1b1,kernelshap,,,,,1,1.0,0.4,-0.0931999999999999,0.1116,5,0
openstack,TN,348b7a9f7d64094d60ece0460aed02b66c52f1b1,kernelshap,,,,,2,1.0,0.2,-0.0883999999999999,0.1068,5,0
openstack,TN,348b7a9f7d64094d60ece0460aed02b66c52f1b1,kernelshap,,,,,3,1.0,0.4,-0.0931999999999999,0.1116,5,0
openstack,TN,348b7a9f7d64094d60ece0460aed02b66c52f1b1,kernelshap,,,,,4,1.0,0.2,-0.0883999999999999,0.1068,5,0
openstack,TN,348b7a9f7d64094d60ece0460aed02b66c52f1b1,kernelshap,,,,,5,1.0,0.4,-0.0955999999999999,0.1124,5,0
openstack,FP,2bb9e5563c69f79d5da23668b08dd9c88f9d4348,kernelshap,,,,,1,1.0,1.0,-0.2063999999999999,0.2063999999999999,5,0
openstack,FP,2bb9e5563c69f79d5da23668b08dd9c88f9d4348,kernelshap,,,,,2,1.0,1.0,-0.2063999999999999,0.2063999999999999,5,0
openstack,FP,2bb9e5563c69f79d5da23668b08dd9c88f9d4348,kernelshap,,,,,3,1.0,1.0,-0.2063999999999999,0.2063999999999999,5,0
openstack,FP,2bb9e5563c69f79d5da23668b08dd9c88f9d4348,kernelshap,,,,,4,1.0,1.0,-0.2063999999999999,0.2063999999999999,5,0
openstack,FP,2bb9e5563c69f79d5da23668b08dd9c88f9d4348,kernelshap,,,,,5,1.0,1.0,-0.2063999999999999,0.2063999999999999,5,0
openstack,TP,5f2b88b1aafb9a35638e54f796685f633428b6a5,kernelshap,,,,,1,1.0,1.0,-0.1724,0.1724,5,0
openstack,TP,5f2b88b1aafb9a35638e54f796685f633428b6a5,kernelshap,,,,,2,1.0,1.0,-0.1944,0.1944,5,0
openstack,TP,5f2b88b1aafb9a35638e54f796685f633428b6a5,kernelshap,,,,,3,1.0,1.0,-0.1944,0.1944,5,0
openstack,TP,5f2b88b1aafb9a35638e54f796685f633428b6a5,kernelshap,,,,,4,1.0,1.0,-0.1944,0.1944,5,0
openstack,TP,5f2b88b1aafb9a35638e54f796685f633428b6a5,kernelshap,,,,,5,1.0,1.0,-0.1944,0.1944,5,0
openstack,FN,017dd6b4bcf92c14d49421268cb571c00879f3cc,kernelshap,,,,,1,0.8,0.8,0.0056,0.1167999999999999,5,0
openstack,FN,017dd6b4bcf92c14d49421268cb571c00879f3cc,kernelshap,,,,,2,0.8,0.8,0.0056,0.1167999999999999,5,0
openstack,FN,017dd6b4bcf92c14d49421268cb571c00879f3cc,kernelshap,,,,,3,0.8,0.8,0.0056,0.1167999999999999,5,0
openstack,FN,017dd6b4bcf92c14d49421268cb571c00879f3cc,kernelshap,,,,,4,0.8,0.8,0.0056,0.1167999999999999,5,0
openstack,FN,017dd6b4bcf92c14d49421268cb571c00879f3cc,kernelshap,,,,,5,0.8,0.8,0.0056,0.1167999999999999,5,0
openstack,FP,41d6b479fe8baf66578044b8773c3b892d64a2c4,kernelshap,,,,,1,1.0,1.0,-0.1567999999999999,0.1567999999999999,5,0
openstack,FP,41d6b479fe8baf66578044b8773c3b892d64a2c4,kernelshap,,,,,2,1.0,1.0,-0.1731999999999999,0.1731999999999999,5,0
openstack,FP,41d6b479fe8baf66578044b8773c3b892d64a2c4,kernelshap,,,,,3,1.0,1.0,-0.1587999999999999,0.1587999999999999,5,0
openstack,FP,41d6b479fe8baf66578044b8773c3b892d64a2c4,kernelshap,,,,,4,1.0,1.0,-0.1587999999999999,0.1587999999999999,5,0
openstack,FP,41d6b479fe8baf66578044b8773c3b892d64a2c4,kernelshap,,,,,5,1.0,1.0,-0.1763999999999999,0.1763999999999999,5,0
openstack,FN,913a99c79456abbfef1642e6dc70e6a4ff4e25db,kernelshap,,,,,1,1.0,1.0,0.0712,0.1424,5,0
openstack,FN,913a99c79456abbfef1642e6dc70e6a4ff4e25db,kernelshap,,,,,2,1.0,1.0,0.0712,0.1424,5,0
openstack,FN,913a99c79456abbfef1642e6dc70e6a4ff4e25db,kernelshap,,,,,3,1.0,1.0,0.0712,0.1424,5,0
openstack,FN,913a99c79456abbfef1642e6dc70e6a4ff4e25db,kernelshap,,,,,4,1.0,1.0,0.0712,0.1424,5,0
openstack,FN,913a99c79456abbfef1642e6dc70e6a4ff4e25db,kernelshap,,,,,5,1.0,1.0,0.0712,0.1424,5,0
openstack,FP,e4ea54104ec38f5fe4c792d4d3d1865de34bb4c3,kernelshap,,,,,1,1.0,1.0,-0.2355999999999999,0.2355999999999999,5,0
openstack,FP,e4ea54104ec38f5fe4c792d4d3d1865de34bb4c3,kernelshap,,,,,2,1.0,1.0,-0.2355999999999999,0.2355999999999999,5,0
openstack,FP,e4ea54104ec38f5fe4c792d4d3d1865de34bb4c3,kernelshap,,,,,3,1.0,1.0,-0.2355999999999999,0.2355999999999999,5,0
openstack,FP,e4ea54104ec38f5fe4c792d4d3d1865de34bb4c3,kernelshap,,,,,4,1.0,1.0,-0.2355999999999999,0.2355999999999999,5,0
openstack,FP,e4ea54104ec38f5fe4c792d4d3d1865de34bb4c3,kernelshap,,,,,5,1.0,1.0,-0.2355999999999999,0.2355999999999999,5,0
openstack,FN,1c6b2fce289b68af92afeddf8d30efcda1903f06,kernelshap,,,,,1,1.0,0.6,-0.0167999999999999,0.084,5,0
openstack,FN,1c6b2fce289b68af92afeddf8d30efcda1903f06,kernelshap,,,,,2,1.0,0.8,-0.0335999999999999,0.096,5,0
openstack,FN,1c6b2fce289b68af92afeddf8d30efcda1903f06,kernelshap,,,,,3,1.0,0.6,-0.0167999999999999,0.084,5,0
openstack,FN,1c6b2fce289b68af92afeddf8d30efcda1903f06,kernelshap,,,,,4,1.0,0.8,-0.0335999999999999,0.096,5,0
openstack,FN,1c6b2fce289b68af92afeddf8d30efcda1903f06,kernelshap,,,,,5,1.0,0.6,-0.0167999999999999,0.084,5,0
openstack,FN,8ccdc4ac5053c6e39660044a9f8c1f695370e9a7,kernelshap,,,,,1,1.0,0.8,0.0356,0.0916,5,0
openstack,FN,8ccdc4ac5053c6e39660044a9f8c1f695370e9a7,kernelshap,,,,,2,1.0,0.8,0.0356,0.0916,5,0
openstack,FN,8ccdc4ac5053c6e39660044a9f8c1f695370e9a7,kernelshap,,,,,3,1.0,0.8,0.0356,0.0916,5,0
openstack,FN,8ccdc4ac5053c6e39660044a9f8c1f695370e9a7,kernelshap,,,,,4,1.0,0.8,0.0356,0.0916,5,0
openstack,FN,8ccdc4ac5053c6e39660044a9f8c1f695370e9a7,kernelshap,,,,,5,1.0,0.8,0.0356,0.0916,5,0
openstack,FP,a985e34cdeef777fe7ff943e363a5f1be6d991b7,kernelshap,,,,,1,1.0,1.0,-0.124,0.124,5,0
openstack,FP,a985e34cdeef777fe7ff943e363a5f1be6d991b7,kernelshap,,,,,2,1.0,1.0,-0.1456,0.1456,5,0
openstack,FP,a985e34cdeef777fe7ff943e363a5f1be6d991b7,kernelshap,,,,,3,1.0,1.0,-0.1456,0.1456,5,0
openstack,FP,a985e34cdeef777fe7ff943e363a5f1be6d991b7,kernelshap,,,,,4,1.0,1.0,-0.1456,0.1456,5,0
openstack,FP,a985e34cdeef777fe7ff943e363a5f1be6d991b7,kernelshap,,,,,5,1.0,1.0,-0.1456,0.1456,5,0
openstack,TP,3b28cb2a10f7746a32cb7f7b62b6fc92ebcfb1e5,kernelshap,,,,,1,1.0,1.0,-0.246,0.246,5,0
openstack,TP,3b28cb2a10f7746a32cb7f7b62b6fc92ebcfb1e5,kernelshap,,,,,2,1.0,1.0,-0.1911999999999999,0.2184,5,0
openstack,TP,3b28cb2a10f7746a32cb7f7b62b6fc92ebcfb1e5,kernelshap,,,,,3,1.0,1.0,-0.1911999999999999,0.2184,5,0
openstack,TP,3b28cb2a10f7746a32cb7f7b62b6fc92ebcfb1e5,kernelshap,,,,,4,1.0,1.0,-0.246,0.246,5,0
openstack,TP,3b28cb2a10f7746a32cb7f7b62b6fc92ebcfb1e5,kernelshap,,,,,5,1.0,1.0,-0.1911999999999999,0.2184,5,0
openstack,FN,c2c37272bf788aac63399127cddd487dc0f15c38,kernelshap,,,,,1,0.4,0.4,-0.0104,0.0208,5,0
openstack,FN,c2c37272bf788aac63399127cddd487dc0f15c38,kernelshap,,,,,2,0.4,0.4,-0.0104,0.0208,5,0
openstack,FN,c2c37272bf788aac63399127cddd487dc0f15c38,kernelshap,,,,,3,0.4,0.4,-0.01,0.0204,5,0
openstack,FN,c2c37272bf788aac63399127cddd487dc0f15c38,kernelshap,,,,,4,0.4,0.4,-0.01,0.0204,5,0
openstack,FN,c2c37272bf788aac63399127cddd487dc0f15c38,kernelshap,,,,,5,0.4,0.4,-0.01,0.0204,5,0
openstack,FN,37510ac03478704bafba89e8c4f4e0e9041d661d,kernelshap,,,,,1,0.8,0.8,0.1075999999999999,0.1075999999999999,5,0
openstack,FN,37510ac03478704bafba89e8c4f4e0e9041d661d,kernelshap,,,,,2,0.8,0.8,0.1075999999999999,0.1075999999999999,5,0
openstack,FN,37510ac03478704bafba89e8c4f4e0e9041d661d,kernelshap,,,,,3,0.8,0.8,0.1075999999999999,0.1075999999999999,5,0
openstack,FN,37510ac03478704bafba89e8c4f4e0e9041d661d,kernelshap,,,,,4,0.8,0.8,0.1075999999999999,0.1075999999999999,5,0
openstack,FN,37510ac03478704bafba89e8c4f4e0e9041d661d,kernelshap,,,,,5,0.8,0.8,0.1075999999999999,0.1075999999999999,5,0
openstack,TN,5cc9d999352c21d3f4b5c39d3ea9d4378ca86544,kernelshap,,,,,1,1.0,1.0,-0.0335999999999999,0.1472,5,0
openstack,TN,5cc9d999352c21d3f4b5c39d3ea9d4378ca86544,kernelshap,,,,,2,1.0,1.0,-0.0335999999999999,0.1472,5,0
openstack,TN,5cc9d999352c21d3f4b5c39d3ea9d4378ca86544,kernelshap,,,,,3,1.0,1.0,-0.0335999999999999,0.1472,5,0
openstack,TN,5cc9d999352c21d3f4b5c39d3ea9d4378ca86544,kernelshap,,,,,4,1.0,1.0,-0.0335999999999999,0.1472,5,0
openstack,TN,5cc9d999352c21d3f4b5c39d3ea9d4378ca86544,kernelshap,,,,,5,1.0,1.0,-0.0335999999999999,0.1472,5,0
openstack,FP,ce12d7a1e53fffce57baab18de2ab885ba1df8ee,kernelshap,,,,,1,1.0,0.8,-0.0692,0.1244,5,0
openstack,FP,ce12d7a1e53fffce57baab18de2ab885ba1df8ee,kernelshap,,,,,2,1.0,0.8,-0.0692,0.1244,5,0
openstack,FP,ce12d7a1e53fffce57baab18de2ab885ba1df8ee,kernelshap,,,,,3,1.0,0.8,-0.0692,0.1244,5,0
openstack,FP,ce12d7a1e53fffce57baab18de2ab885ba1df8ee,kernelshap,,,,,4,1.0,0.8,-0.0692,0.1244,5,0
openstack,FP,ce12d7a1e53fffce57baab18de2ab885ba1df8ee,kernelshap,,,,,5,1.0,0.8,-0.0692,0.1244,5,0
openstack,FN,221f386029faf499c5a445374685cba5b67df31e,kernelshap,,,,,1,1.0,1.0,-0.0019999999999999,0.1604,5,0
openstack,FN,221f386029faf499c5a445374685cba5b67df31e,kernelshap,,,,,2,1.0,1.0,-0.0019999999999999,0.1604,5,0
openstack,FN,221f386029faf499c5a445374685cba5b67df31e,kernelshap,,,,,3,1.0,1.0,-0.0019999999999999,0.1604,5,0
openstack,FN,221f386029faf499c5a445374685cba5b67df31e,kernelshap,,,,,4,1.0,1.0,-0.0019999999999999,0.1604,5,0
openstack,FN,221f386029faf499c5a445374685cba5b67df31e,kernelshap,,,,,5,1.0,1.0,-0.0019999999999999,0.1604,5,0
openstack,FP,3eea37b85b1abc72786a2b24baf01141b4d95f08,kernelshap,,,,,1,1.0,1.0,-0.1548,0.1548,5,0
openstack,FP,3eea37b85b1abc72786a2b24baf01141b4d95f08,kernelshap,,,,,2,1.0,1.0,-0.1492,0.1492,5,0
openstack,FP,3eea37b85b1abc72786a2b24baf01141b4d95f08,kernelshap,,,,,3,1.0,1.0,-0.1068,0.1532,5,0
openstack,FP,3eea37b85b1abc72786a2b24baf01141b4d95f08,kernelshap,,,,,4,1.0,1.0,-0.1548,0.1548,5,0
openstack,FP,3eea37b85b1abc72786a2b24baf01141b4d95f08,kernelshap,,,,,5,1.0,1.0,-0.1548,0.1548,5,0
openstack,FN,589c495c1ae62129e20ab5e2641e330541eee01f,kernelshap,,,,,1,1.0,1.0,0.0423999999999999,0.1575999999999999,5,0
openstack,FN,589c495c1ae62129e20ab5e2641e330541eee01f,kernelshap,,,,,2,1.0,1.0,0.0423999999999999,0.1575999999999999,5,0
openstack,FN,589c495c1ae62129e20ab5e2641e330541eee01f,kernelshap,,,,,3,1.0,1.0,0.0423999999999999,0.1575999999999999,5,0
openstack,FN,589c495c1ae62129e20ab5e2641e330541eee01f,kernelshap,,,,,4,1.0,1.0,0.0423999999999999,0.1575999999999999,5,0
openstack,FN,589c495c1ae62129e20ab5e2641e330541eee01f,kernelshap,,,,,5,1.0,1.0,0.0423999999999999,0.1575999999999999,5,0
openstack,FP,750e065d6d137715dd03d5c90623145177f64cbb,kernelshap,,,,,1,1.0,0.8,-0.152,0.1552,5,0
openstack,FP,750e065d6d137715dd03d5c90623145177f64cbb,kernelshap,,,,,2,1.0,0.8,-0.156,0.1592,5,0
openstack,FP,750e065d6d137715dd03d5c90623145177f64cbb,kernelshap,,,,,3,1.0,0.8,-0.15,0.1532,5,0
openstack,FP,750e065d6d137715dd03d5c90623145177f64cbb,kernelshap,,,,,4,1.0,0.8,-0.16,0.1632,5,0
openstack,FP,750e065d6d137715dd03d5c90623145177f64cbb,kernelshap,,,,,5,1.0,0.8,-0.156,0.1592,5,0
openstack,FP,4b53e4edf9f7f8c794316d3a0920d727723d1bab,lime,,,,,1,0.6,0.8,-0.2288,0.232,5,0
openstack,FP,4b53e4edf9f7f8c794316d3a0920d727723d1bab,lime,,,,,2,0.8,1.0,-0.2716,0.2716,5,0
openstack,FP,4b53e4edf9f7f8c794316d3a0920d727723d1bab,lime,,,,,3,0.8,1.0,-0.2716,0.2716,5,0
openstack,FP,4b53e4edf9f7f8c794316d3a0920d727723d1bab,lime,,,,,4,0.6,1.0,-0.2444,0.2444,5,0
openstack,FP,4b53e4edf9f7f8c794316d3a0920d727723d1bab,lime,,,,,5,0.6,1.0,-0.2476,0.2476,5,0
openstack,TN,467b4e4d419f0ca5db8468516d64ffec5cedc67e,lime,,,,,1,0.4,0.8,-0.0868,0.0868,5,0
openstack,TN,467b4e4d419f0ca5db8468516d64ffec5cedc67e,lime,,,,,2,0.4,0.8,-0.0868,0.0868,5,0
openstack,TN,467b4e4d419f0ca5db8468516d64ffec5cedc67e,lime,,,,,3,0.4,0.8,-0.0868,0.0868,5,0
openstack,TN,467b4e4d419f0ca5db8468516d64ffec5cedc67e,lime,,,,,4,0.4,0.8,-0.0868,0.0868,5,0
openstack,TN,467b4e4d419f0ca5db8468516d64ffec5cedc67e,lime,,,,,5,0.4,0.8,-0.0868,0.0868,5,0
openstack,TP,eaf6340847c35ace3b4b681a95b8a79a7a3f2491,lime,,,,,1,0.8,1.0,-0.1884,0.1884,5,0
openstack,TP,eaf6340847c35ace3b4b681a95b8a79a7a3f2491,lime,,,,,2,0.8,1.0,-0.1884,0.1884,5,0
openstack,TP,eaf6340847c35ace3b4b681a95b8a79a7a3f2491,lime,,,,,3,0.8,1.0,-0.1884,0.1884,5,0
openstack,TP,eaf6340847c35ace3b4b681a95b8a79a7a3f2491,lime,,,,,4,0.8,1.0,-0.1884,0.1884,5,0
openstack,TP,eaf6340847c35ace3b4b681a95b8a79a7a3f2491,lime,,,,,5,0.6,1.0,-0.176,0.176,5,0
openstack,TP,fd351903a1759109f66d0c66d42cd3a1b7f23861,lime,,,,,1,0.8,0.8,-0.164,0.1656,5,0
openstack,TP,fd351903a1759109f66d0c66d42cd3a1b7f23861,lime,,,,,2,0.8,1.0,-0.1952,0.1952,5,0
openstack,TP,fd351903a1759109f66d0c66d42cd3a1b7f23861,lime,,,,,3,0.8,0.8,-0.164,0.1656,5,0
openstack,TP,fd351903a1759109f66d0c66d42cd3a1b7f23861,lime,,,,,4,0.8,0.8,-0.164,0.1656,5,0
openstack,TP,fd351903a1759109f66d0c66d42cd3a1b7f23861,lime,,,,,5,0.8,0.8,-0.164,0.1656,5,0
openstack,FP,2530ccff8f0a0105d1626c65616080b27682e129,lime,,,,,1,0.8,0.8,-0.1919999999999999,0.1919999999999999,5,0
openstack,FP,2530ccff8f0a0105d1626c65616080b27682e129,lime,,,,,2,0.8,0.8,-0.1919999999999999,0.1919999999999999,5,0
openstack,FP,2530ccff8f0a0105d1626c65616080b27682e129,lime,,,,,3,0.8,0.8,-0.1919999999999999,0.1919999999999999,5,0
openstack,FP,2530ccff8f0a0105d1626c65616080b27682e129,lime,,,,,4,0.8,0.8,-0.1483999999999999,0.1644,5,0
openstack,FP,2530ccff8f0a0105d1626c65616080b27682e129,lime,,,,,5,0.8,0.8,-0.1483999999999999,0.1644,5,0
openstack,FN,1476b030bd53deddd85468c0d8b545d8f8f30f19,lime,,,,,1,0.2,0.6,-0.0447999999999999,0.0503999999999999,5,0
openstack,FN,1476b030bd53deddd85468c0d8b545d8f8f30f19,lime,,,,,2,0.2,0.6,-0.0447999999999999,0.0503999999999999,5,0
openstack,FN,1476b030bd53deddd85468c0d8b545d8f8f30f19,lime,,,,,3,0.2,0.6,-0.0447999999999999,0.0503999999999999,5,0
openstack,FN,1476b030bd53deddd85468c0d8b545d8f8f30f19,lime,,,,,4,0.2,0.6,-0.0447999999999999,0.0503999999999999,5,0
openstack,FN,1476b030bd53deddd85468c0d8b545d8f8f30f19,lime,,,,,5,0.2,0.8,-0.0519999999999999,0.0575999999999999,5,0
openstack,TP,83a5f90f82b40be4c74685f557d6af0f8a3b1a30,lime,,,,,1,0.6,1.0,-0.2204,0.2204,5,0
openstack,TP,83a5f90f82b40be4c74685f557d6af0f8a3b1a30,lime,,,,,2,0.6,1.0,-0.2204,0.2204,5,0
openstack,TP,83a5f90f82b40be4c74685f557d6af0f8a3b1a30,lime,,,,,3,0.8,1.0,-0.2584,0.2584,5,0
openstack,TP,83a5f90f82b40be4c74685f557d6af0f8a3b1a30,lime,,,,,4,0.8,1.0,-0.2584,0.2584,5,0
openstack,TP,83a5f90f82b40be4c74685f557d6af0f8a3b1a30,lime,,,,,5,0.8,1.0,-0.2584,0.2584,5,0
openstack,TP,6f1a1f5e8ead9ceb145e13927cd9ae7fdca9add4,lime,,,,,1,1.0,0.8,-0.1868,0.1948,5,0
openstack,TP,6f1a1f5e8ead9ceb145e13927cd9ae7fdca9add4,lime,,,,,2,1.0,0.8,-0.1908,0.1988,5,0
openstack,TP,6f1a1f5e8ead9ceb145e13927cd9ae7fdca9add4,lime,,,,,3,1.0,0.8,-0.1908,0.1988,5,0
openstack,TP,6f1a1f5e8ead9ceb145e13927cd9ae7fdca9add4,lime,,,,,4,1.0,0.8,-0.1908,0.1988,5,0
openstack,TP,6f1a1f5e8ead9ceb145e13927cd9ae7fdca9add4,lime,,,,,5,1.0,0.8,-0.2112,0.2192,5,0
openstack,FP,e847eed4a5600b6812338bb4903a0cffcde7f1f3,lime,,,,,1,0.6,1.0,-0.1856,0.1856,5,0
openstack,FP,e847eed4a5600b6812338bb4903a0cffcde7f1f3,lime,,,,,2,0.6,1.0,-0.1856,0.1856,5,0
openstack,FP,e847eed4a5600b6812338bb4903a0cffcde7f1f3,lime,,,,,3,0.6,1.0,-0.1856,0.1856,5,0
openstack,FP,e847eed4a5600b6812338bb4903a0cffcde7f1f3,lime,,,,,4,0.6,1.0,-0.1856,0.1856,5,0
openstack,FP,e847eed4a5600b6812338bb4903a0cffcde7f1f3,lime,,,,,5,0.6,1.0,-0.1856,0.1856,5,0
openstack,TP,e7bdd19f0ed7d4c61d195735ee43a11da78f97d6,lime,,,,,1,1.0,0.8,-0.3516,0.3532,5,0
openstack,TP,e7bdd19f0ed7d4c61d195735ee43a11da78f97d6,lime,,,,,2,1.0,0.8,-0.3516,0.3532,5,0
openstack,TP,e7bdd19f0ed7d4c61d195735ee43a11da78f97d6,lime,,,,,3,0.8,0.8,-0.318,0.3196,5,0
openstack,TP,e7bdd19f0ed7d4c61d195735ee43a11da78f97d6,lime,,,,,4,0.8,0.8,-0.318,0.3196,5,0
openstack,TP,e7bdd19f0ed7d4c61d195735ee43a11da78f97d6,lime,,,,,5,1.0,0.8,-0.3516,0.3532,5,0
openstack,TN,936f765b855d7af14ae557383f0dcc6fd9e8655c,lime,,,,,1,0.2,0.8,-0.0571999999999999,0.0587999999999999,5,0
openstack,TN,936f765b855d7af14ae557383f0dcc6fd9e8655c,lime,,,,,2,0.2,0.8,-0.0571999999999999,0.0587999999999999,5,0
openstack,TN,936f765b855d7af14ae557383f0dcc6fd9e8655c,lime,,,,,3,0.2,0.8,-0.0571999999999999,0.0587999999999999,5,0
openstack,TN,936f765b855d7af14ae557383f0dcc6fd9e8655c,lime,,,,,4,0.2,1.0,-0.0683999999999999,0.0683999999999999,5,0
openstack,TN,936f765b855d7af14ae557383f0dcc6fd9e8655c,lime,,,,,5,0.2,0.8,-0.0499999999999999,0.0515999999999999,5,0
openstack,FP,034db863a02ce38a520e4b8aa3a65e1ccdb37f30,lime,,,,,1,0.8,1.0,-0.21,0.2324,5,0
openstack,FP,034db863a02ce38a520e4b8aa3a65e1ccdb37f30,lime,,,,,2,0.8,1.0,-0.21,0.2324,5,0
openstack,FP,034db863a02ce38a520e4b8aa3a65e1ccdb37f30,lime,,,,,3,0.8,1.0,-0.1968,0.2192,5,0
openstack,FP,034db863a02ce38a520e4b8aa3a65e1ccdb37f30,lime,,,,,4,0.8,1.0,-0.1968,0.2192,5,0
openstack,FP,034db863a02ce38a520e4b8aa3a65e1ccdb37f30,lime,,,,,5,0.8,1.0,-0.21,0.2324,5,0
openstack,FN,ab1cb6378f136ae8adcb0027385b43763e402cca,lime,,,,,1,0.2,0.6,0.0103999999999999,0.0392,5,0
openstack,FN,ab1cb6378f136ae8adcb0027385b43763e402cca,lime,,,,,2,0.2,0.6,0.0103999999999999,0.0392,5,0
openstack,FN,ab1cb6378f136ae8adcb0027385b43763e402cca,lime,,,,,3,0.4,0.8,0.0223999999999999,0.0464,5,0
openstack,FN,ab1cb6378f136ae8adcb0027385b43763e402cca,lime,,,,,4,0.2,0.6,0.0103999999999999,0.0392,5,0
openstack,FN,ab1cb6378f136ae8adcb0027385b43763e402cca,lime,,,,,5,0.2,0.6,0.0103999999999999,0.0392,5,0
openstack,TP,7cfdf4aa811fb708d9fed4e36aec79c26d19cfee,lime,,,,,1,1.0,1.0,-0.2219999999999999,0.2219999999999999,5,0
openstack,TP,7cfdf4aa811fb708d9fed4e36aec79c26d19cfee,lime,,,,,2,1.0,1.0,-0.2299999999999999,0.2299999999999999,5,0
openstack,TP,7cfdf4aa811fb708d9fed4e36aec79c26d19cfee,lime,,,,,3,1.0,1.0,-0.2215999999999999,0.2215999999999999,5,0
openstack,TP,7cfdf4aa811fb708d9fed4e36aec79c26d19cfee,lime,,,,,4,1.0,1.0,-0.2023999999999999,0.2023999999999999,5,0
openstack,TP,7cfdf4aa811fb708d9fed4e36aec79c26d19cfee,lime,,,,,5,1.0,1.0,-0.1755999999999999,0.1755999999999999,5,0
openstack,TP,e55a5f412bf6bc343eb8bb11348afe57c2012066,lime,,,,,1,0.6,1.0,-0.2496,0.2496,5,0
openstack,TP,e55a5f412bf6bc343eb8bb11348afe57c2012066,lime,,,,,2,0.6,1.0,-0.2496,0.2496,5,0
openstack,TP,e55a5f412bf6bc343eb8bb11348afe57c2012066,lime,,,,,3,0.6,1.0,-0.2408,0.2408,5,0
openstack,TP,e55a5f412bf6bc343eb8bb11348afe57c2012066,lime,,,,,4,0.6,1.0,-0.2496,0.2496,5,0
openstack,TP,e55a5f412bf6bc343eb8bb11348afe57c2012066,lime,,,,,5,0.6,1.0,-0.2496,0.2496,5,0
openstack,TN,8b44c9df29572efca928c1d36fa3e7a90e94caa0,lime,,,,,1,0.6,0.6,-0.066,0.0684,5,0
openstack,TN,8b44c9df29572efca928c1d36fa3e7a90e94caa0,lime,,,,,2,0.6,0.6,-0.066,0.0684,5,0
openstack,TN,8b44c9df29572efca928c1d36fa3e7a90e94caa0,lime,,,,,3,0.6,0.6,-0.066,0.0684,5,0
openstack,TN,8b44c9df29572efca928c1d36fa3e7a90e94caa0,lime,,,,,4,0.6,0.6,-0.066,0.0684,5,0
openstack,TN,8b44c9df29572efca928c1d36fa3e7a90e94caa0,lime,,,,,5,0.6,0.6,-0.066,0.0684,5,0
openstack,TN,4d75cbf3c35a8aa917d3970beac99d612f13eed3,lime,,,,,1,0.6,0.8,-0.0363999999999999,0.0668,5,0
openstack,TN,4d75cbf3c35a8aa917d3970beac99d612f13eed3,lime,,,,,2,0.6,0.8,-0.0363999999999999,0.0668,5,0
openstack,TN,4d75cbf3c35a8aa917d3970beac99d612f13eed3,lime,,,,,3,0.6,0.8,-0.0363999999999999,0.0668,5,0
openstack,TN,4d75cbf3c35a8aa917d3970beac99d612f13eed3,lime,,,,,4,0.6,0.8,-0.0363999999999999,0.0668,5,0
openstack,TN,4d75cbf3c35a8aa917d3970beac99d612f13eed3,lime,,,,,5,0.6,0.8,-0.0363999999999999,0.0668,5,0
openstack,TN,2ecaad46a737c24965ae81fc19947db9264de684,lime,,,,,1,0.6,0.4,-0.0172,0.0356,5,0
openstack,TN,2ecaad46a737c24965ae81fc19947db9264de684,lime,,,,,2,0.6,0.4,-0.0172,0.0356,5,0
openstack,TN,2ecaad46a737c24965ae81fc19947db9264de684,lime,,,,,3,0.4,0.4,-0.0332,0.0332,5,0
openstack,TN,2ecaad46a737c24965ae81fc19947db9264de684,lime,,,,,4,0.6,0.4,-0.0172,0.0356,5,0
openstack,TN,2ecaad46a737c24965ae81fc19947db9264de684,lime,,,,,5,0.6,0.4,-0.0172,0.0356,5,0
openstack,TN,bfb9d3f179607c25f91d77585f97df6d0704c253,lime,,,,,1,0.4,1.0,-0.072,0.072,5,0
openstack,TN,bfb9d3f179607c25f91d77585f97df6d0704c253,lime,,,,,2,0.4,1.0,-0.072,0.072,5,0
openstack,TN,bfb9d3f179607c25f91d77585f97df6d0704c253,lime,,,,,3,0.4,1.0,-0.072,0.072,5,0
openstack,TN,bfb9d3f179607c25f91d77585f97df6d0704c253,lime,,,,,4,0.4,1.0,-0.072,0.072,5,0
openstack,TN,bfb9d3f179607c25f91d77585f97df6d0704c253,lime,,,,,5,0.4,1.0,-0.072,0.072,5,0
openstack,FP,bfcd4b2f1be3ab37ae0801dd523ce952577cda14,lime,,,,,1,0.6,1.0,-0.2104,0.2104,5,0
openstack,FP,bfcd4b2f1be3ab37ae0801dd523ce952577cda14,lime,,,,,2,0.6,1.0,-0.208,0.208,5,0
openstack,FP,bfcd4b2f1be3ab37ae0801dd523ce952577cda14,lime,,,,,3,0.6,1.0,-0.2104,0.2104,5,0
openstack,FP,bfcd4b2f1be3ab37ae0801dd523ce952577cda14,lime,,,,,4,0.6,1.0,-0.2104,0.2104,5,0
openstack,FP,bfcd4b2f1be3ab37ae0801dd523ce952577cda14,lime,,,,,5,0.6,1.0,-0.2104,0.2104,5,0
openstack,TP,c08f99c7e072e349632684d565bcac357ce93b6d,lime,,,,,1,0.8,0.8,-0.1436,0.2332,5,0
openstack,TP,c08f99c7e072e349632684d565bcac357ce93b6d,lime,,,,,2,0.8,0.8,-0.1436,0.2332,5,0
openstack,TP,c08f99c7e072e349632684d565bcac357ce93b6d,lime,,,,,3,1.0,1.0,-0.1684,0.258,5,0
openstack,TP,c08f99c7e072e349632684d565bcac357ce93b6d,lime,,,,,4,0.8,0.8,-0.1436,0.2332,5,0
openstack,TP,c08f99c7e072e349632684d565bcac357ce93b6d,lime,,,,,5,0.8,0.8,-0.1436,0.2332,5,0
openstack,TN,1a3f2e8f44f0138d0328312e07b1341970c7903a,lime,,,,,1,0.6,0.8,-0.0984,0.0984,5,0
openstack,TN,1a3f2e8f44f0138d0328312e07b1341970c7903a,lime,,,,,2,0.4,0.8,-0.0972,0.0972,5,0
openstack,TN,1a3f2e8f44f0138d0328312e07b1341970c7903a,lime,,,,,3,0.6,0.8,-0.0984,0.0984,5,0
openstack,TN,1a3f2e8f44f0138d0328312e07b1341970c7903a,lime,,,,,4,0.6,0.8,-0.0984,0.0984,5,0
openstack,TN,1a3f2e8f44f0138d0328312e07b1341970c7903a,lime,,,,,5,0.6,0.8,-0.0984,0.0984,5,0
openstack,TP,45662d77a2da77714f8e792e86ebd64a52270ef5,lime,,,,,1,0.6,1.0,-0.2252,0.2252,5,0
openstack,TP,45662d77a2da77714f8e792e86ebd64a52270ef5,lime,,,,,2,0.8,1.0,-0.2408,0.2408,5,0
openstack,TP,45662d77a2da77714f8e792e86ebd64a52270ef5,lime,,,,,3,0.8,1.0,-0.2408,0.2408,5,0
openstack,TP,45662d77a2da77714f8e792e86ebd64a52270ef5,lime,,,,,4,0.6,1.0,-0.2252,0.2252,5,0
openstack,TP,45662d77a2da77714f8e792e86ebd64a52270ef5,lime,,,,,5,0.6,1.0,-0.2252,0.2252,5,0
openstack,TP,6f31523b314e7ac4ad83d13842cf2fa1014c39b2,lime,,,,,1,0.6,1.0,-0.1923999999999999,0.1923999999999999,5,0
openstack,TP,6f31523b314e7ac4ad83d13842cf2fa1014c39b2,lime,,,,,2,0.6,1.0,-0.1923999999999999,0.1923999999999999,5,0
openstack,TP,6f31523b314e7ac4ad83d13842cf2fa1014c39b2,lime,,,,,3,0.6,1.0,-0.1923999999999999,0.1923999999999999,5,0
openstack,TP,6f31523b314e7ac4ad83d13842cf2fa1014c39b2,lime,,,,,4,0.6,1.0,-0.1923999999999999,0.1923999999999999,5,0
openstack,TP,6f31523b314e7ac4ad83d13842cf2fa1014c39b2,lime,,,,,5,0.6,1.0,-0.1923999999999999,0.1923999999999999,5,0
openstack,FP,410a83c89de9912207574999b3736a550ed253ba,lime,,,,,1,0.8,0.6,-0.1732,0.1756,5,0
openstack,FP,410a83c89de9912207574999b3736a550ed253ba,lime,,,,,2,0.8,0.6,-0.1732,0.1756,5,0
openstack,FP,410a83c89de9912207574999b3736a550ed253ba,lime,,,,,3,0.8,0.8,-0.2168,0.2168,5,0
openstack,FP,410a83c89de9912207574999b3736a550ed253ba,lime,,,,,4,0.8,0.8,-0.2168,0.2168,5,0
openstack,FP,410a83c89de9912207574999b3736a550ed253ba,lime,,,,,5,0.8,0.6,-0.1732,0.1756,5,0
openstack,FP,4e2919e6b208a2e95d75782f9cad0a6f0892d983,lime,,,,,1,0.8,1.0,-0.1732,0.1732,5,0
openstack,FP,4e2919e6b208a2e95d75782f9cad0a6f0892d983,lime,,,,,2,0.8,1.0,-0.1732,0.1732,5,0
openstack,FP,4e2919e6b208a2e95d75782f9cad0a6f0892d983,lime,,,,,3,0.8,1.0,-0.1732,0.1732,5,0
openstack,FP,4e2919e6b208a2e95d75782f9cad0a6f0892d983,lime,,,,,4,0.8,0.8,-0.142,0.1428,5,0
openstack,FP,4e2919e6b208a2e95d75782f9cad0a6f0892d983,lime,,,,,5,0.8,0.8,-0.142,0.1428,5,0
openstack,FP,558f7b00f56f37adaa68239c9ce95d25b2d65f56,lime,,,,,1,1.0,1.0,-0.1268,0.1732,5,0
openstack,FP,558f7b00f56f37adaa68239c9ce95d25b2d65f56,lime,,,,,2,1.0,1.0,-0.1268,0.1732,5,0
openstack,FP,558f7b00f56f37adaa68239c9ce95d25b2d65f56,lime,,,,,3,1.0,1.0,-0.1268,0.1732,5,0
openstack,FP,558f7b00f56f37adaa68239c9ce95d25b2d65f56,lime,,,,,4,0.8,0.8,-0.1028,0.1524,5,0
openstack,FP,558f7b00f56f37adaa68239c9ce95d25b2d65f56,lime,,,,,5,1.0,1.0,-0.1268,0.1732,5,0
openstack,TN,70fad48add19cc565726f098e1e7a2165b24cc77,lime,,,,,1,0.2,0.6,-0.0552,0.0592,5,0
openstack,TN,70fad48add19cc565726f098e1e7a2165b24cc77,lime,,,,,2,0.2,0.6,-0.0552,0.0592,5,0
openstack,TN,70fad48add19cc565726f098e1e7a2165b24cc77,lime,,,,,3,0.2,0.4,-0.0436,0.0475999999999999,5,0
openstack,TN,70fad48add19cc565726f098e1e7a2165b24cc77,lime,,,,,4,0.2,0.6,-0.0552,0.0592,5,0
openstack,TN,70fad48add19cc565726f098e1e7a2165b24cc77,lime,,,,,5,0.2,0.4,-0.0436,0.0475999999999999,5,0
openstack,TP,76d3c644f3f5866a5c07f80b66132d81b8b57e78,lime,,,,,1,0.8,0.8,-0.2748,0.2868,5,0
openstack,TP,76d3c644f3f5866a5c07f80b66132d81b8b57e78,lime,,,,,2,0.8,0.8,-0.2748,0.2868,5,0
openstack,TP,76d3c644f3f5866a5c07f80b66132d81b8b57e78,lime,,,,,3,0.8,0.6,-0.2644000000000001,0.2835999999999999,5,0
openstack,TP,76d3c644f3f5866a5c07f80b66132d81b8b57e78,lime,,,,,4,0.8,0.8,-0.2748,0.2868,5,0
openstack,TP,76d3c644f3f5866a5c07f80b66132d81b8b57e78,lime,,,,,5,0.8,0.8,-0.2748,0.2868,5,0
openstack,FN,2b60912d5667350eae7ecbc67d4dba3658518d10,lime,,,,,1,0.6,0.4,-0.0952,0.1192,5,0
openstack,FN,2b60912d5667350eae7ecbc67d4dba3658518d10,lime,,,,,2,0.6,0.4,-0.0952,0.1192,5,0
openstack,FN,2b60912d5667350eae7ecbc67d4dba3658518d10,lime,,,,,3,0.6,0.4,-0.0952,0.1192,5,0
openstack,FN,2b60912d5667350eae7ecbc67d4dba3658518d10,lime,,,,,4,0.6,0.4,-0.0952,0.1192,5,0
openstack,FN,2b60912d5667350eae7ecbc67d4dba3658518d10,lime,,,,,5,0.6,0.4,-0.0952,0.1192,5,0
openstack,TP,88c62c1ca290c1d2a33ff192a302e492a4b11cb3,lime,,,,,1,0.8,0.8,-0.094,0.126,5,0
openstack,TP,88c62c1ca290c1d2a33ff192a302e492a4b11cb3,lime,,,,,2,0.8,0.8,-0.094,0.126,5,0
openstack,TP,88c62c1ca290c1d2a33ff192a302e492a4b11cb3,lime,,,,,3,0.8,0.8,-0.0864,0.1184,5,0
openstack,TP,88c62c1ca290c1d2a33ff192a302e492a4b11cb3,lime,,,,,4,0.8,0.8,-0.094,0.126,5,0
openstack,TP,88c62c1ca290c1d2a33ff192a302e492a4b11cb3,lime,,,,,5,0.8,0.8,-0.094,0.126,5,0
openstack,FP,296da649452f66dd15a15ee4274ab0f8609250e2,lime,,,,,1,0.8,1.0,-0.1604,0.2292,5,0
openstack,FP,296da649452f66dd15a15ee4274ab0f8609250e2,lime,,,,,2,0.8,1.0,-0.1604,0.2292,5,0
openstack,FP,296da649452f66dd15a15ee4274ab0f8609250e2,lime,,,,,3,0.8,1.0,-0.1604,0.2292,5,0
openstack,FP,296da649452f66dd15a15ee4274ab0f8609250e2,lime,,,,,4,0.8,1.0,-0.1604,0.2292,5,0
openstack,FP,296da649452f66dd15a15ee4274ab0f8609250e2,lime,,,,,5,0.8,1.0,-0.1604,0.2292,5,0
openstack,TP,379cf65d82b11f5e6f8732a585d5373beda85046,lime,,,,,1,0.8,1.0,-0.2051999999999999,0.2051999999999999,5,0
openstack,TP,379cf65d82b11f5e6f8732a585d5373beda85046,lime,,,,,2,0.6,1.0,-0.1799999999999999,0.1799999999999999,5,0
openstack,TP,379cf65d82b11f5e6f8732a585d5373beda85046,lime,,,,,3,0.8,1.0,-0.2051999999999999,0.2051999999999999,5,0
openstack,TP,379cf65d82b11f5e6f8732a585d5373beda85046,lime,,,,,4,0.8,1.0,-0.2051999999999999,0.2051999999999999,5,0
openstack,TP,379cf65d82b11f5e6f8732a585d5373beda85046,lime,,,,,5,0.6,1.0,-0.1799999999999999,0.1799999999999999,5,0
openstack,TN,79a1a113775df87d420b242cea4bbf953df3779c,lime,,,,,1,0.6,0.8,-0.0724,0.0884,5,0
openstack,TN,79a1a113775df87d420b242cea4bbf953df3779c,lime,,,,,2,0.6,0.8,-0.0724,0.0884,5,0
openstack,TN,79a1a113775df87d420b242cea4bbf953df3779c,lime,,,,,3,0.6,0.8,-0.0724,0.0884,5,0
openstack,TN,79a1a113775df87d420b242cea4bbf953df3779c,lime,,,,,4,0.6,0.6,-0.0788,0.082,5,0
openstack,TN,79a1a113775df87d420b242cea4bbf953df3779c,lime,,,,,5,0.6,0.8,-0.0724,0.0884,5,0
openstack,TN,dd444d84759d7b3c17e7c3e97f9565546f9d3df2,lime,,,,,1,0.4,0.6,-0.0504,0.0504,5,0
openstack,TN,dd444d84759d7b3c17e7c3e97f9565546f9d3df2,lime,,,,,2,0.4,0.6,-0.0504,0.0504,5,0
openstack,TN,dd444d84759d7b3c17e7c3e97f9565546f9d3df2,lime,,,,,3,0.4,0.6,-0.0504,0.0504,5,0
openstack,TN,dd444d84759d7b3c17e7c3e97f9565546f9d3df2,lime,,,,,4,0.4,0.6,-0.0504,0.0504,5,0
openstack,TN,dd444d84759d7b3c17e7c3e97f9565546f9d3df2,lime,,,,,5,0.4,0.6,-0.0504,0.0504,5,0
openstack,TN,747373f4bdfe4814000a88e4443b56545d5d55bd,lime,,,,,1,0.6,0.6,-0.0055999999999999,0.036,5,0
openstack,TN,747373f4bdfe4814000a88e4443b56545d5d55bd,lime,,,,,2,0.4,0.6,-0.0203999999999999,0.0356,5,0
openstack,TN,747373f4bdfe4814000a88e4443b56545d5d55bd,lime,,,,,3,0.4,0.6,-0.0203999999999999,0.0356,5,0
openstack,TN,747373f4bdfe4814000a88e4443b56545d5d55bd,lime,,,,,4,0.4,0.6,-0.0203999999999999,0.0356,5,0
openstack,TN,747373f4bdfe4814000a88e4443b56545d5d55bd,lime,,,,,5,0.4,0.6,-0.0203999999999999,0.0356,5,0
openstack,FN,763fd62464e9a0753e061171cc1fd826055bbc01,lime,,,,,1,0.8,0.6,0.0679999999999999,0.0743999999999999,5,0
openstack,FN,763fd62464e9a0753e061171cc1fd826055bbc01,lime,,,,,2,0.8,0.6,0.0679999999999999,0.0743999999999999,5,0
openstack,FN,763fd62464e9a0753e061171cc1fd826055bbc01,lime,,,,,3,0.8,0.4,0.0575999999999999,0.0639999999999999,5,0
openstack,FN,763fd62464e9a0753e061171cc1fd826055bbc01,lime,,,,,4,1.0,0.6,0.0755999999999999,0.0787999999999999,5,0
openstack,FN,763fd62464e9a0753e061171cc1fd826055bbc01,lime,,,,,5,1.0,0.6,0.0755999999999999,0.0787999999999999,5,0
openstack,FN,267eea50fd9e9c74faa96d529a7ec2fd8aa8d51f,lime,,,,,1,0.6,0.8,-0.0323999999999999,0.0899999999999999,5,0
openstack,FN,267eea50fd9e9c74faa96d529a7ec2fd8aa8d51f,lime,,,,,2,0.4,0.6,-0.0407999999999999,0.0855999999999999,5,0
openstack,FN,267eea50fd9e9c74faa96d529a7ec2fd8aa8d51f,lime,,,,,3,0.4,0.6,-0.0195999999999999,0.0828,5,0
openstack,FN,267eea50fd9e9c74faa96d529a7ec2fd8aa8d51f,lime,,,,,4,0.4,0.6,-0.0407999999999999,0.0855999999999999,5,0
openstack,FN,267eea50fd9e9c74faa96d529a7ec2fd8aa8d51f,lime,,,,,5,0.6,0.8,-0.0295999999999999,0.0927999999999999,5,0
openstack,TN,978066fe31a5331f143a05e1fd753c729b2dcf09,lime,,,,,1,0.6,0.4,-0.0291999999999999,0.0315999999999999,5,0
openstack,TN,978066fe31a5331f143a05e1fd753c729b2dcf09,lime,,,,,2,0.6,0.4,-0.0291999999999999,0.0315999999999999,5,0
openstack,TN,978066fe31a5331f143a05e1fd753c729b2dcf09,lime,,,,,3,0.6,0.4,-0.0291999999999999,0.0315999999999999,5,0
openstack,TN,978066fe31a5331f143a05e1fd753c729b2dcf09,lime,,,,,4,0.6,0.4,-0.0291999999999999,0.0315999999999999,5,0
openstack,TN,978066fe31a5331f143a05e1fd753c729b2dcf09,lime,,,,,5,0.6,0.4,-0.0291999999999999,0.0315999999999999,5,0
openstack,TN,545925c66cb3ee005aa7e497ad4b3c97eb2f410b,lime,,,,,1,0.4,0.8,-0.0628,0.0628,5,0
openstack,TN,545925c66cb3ee005aa7e497ad4b3c97eb2f410b,lime,,,,,2,0.6,0.8,-0.0372,0.0596,5,0
openstack,TN,545925c66cb3ee005aa7e497ad4b3c97eb2f410b,lime,,,,,3,0.4,0.8,-0.0628,0.0628,5,0
openstack,TN,545925c66cb3ee005aa7e497ad4b3c97eb2f410b,lime,,,,,4,0.4,0.8,-0.0628,0.0628,5,0
openstack,TN,545925c66cb3ee005aa7e497ad4b3c97eb2f410b,lime,,,,,5,0.6,0.8,-0.0372,0.0596,5,0
openstack,FN,bc6ca87a6a01ecbda926a78d07cadbd4e3ab97e0,lime,,,,,1,0.8,0.8,0.0555999999999999,0.0795999999999999,5,0
openstack,FN,bc6ca87a6a01ecbda926a78d07cadbd4e3ab97e0,lime,,,,,2,0.8,0.8,0.0543999999999999,0.0783999999999999,5,0
openstack,FN,bc6ca87a6a01ecbda926a78d07cadbd4e3ab97e0,lime,,,,,3,0.8,1.0,0.0591999999999999,0.0831999999999999,5,0
openstack,FN,bc6ca87a6a01ecbda926a78d07cadbd4e3ab97e0,lime,,,,,4,0.8,0.8,0.0555999999999999,0.0795999999999999,5,0
openstack,FN,bc6ca87a6a01ecbda926a78d07cadbd4e3ab97e0,lime,,,,,5,0.8,0.8,0.0555999999999999,0.0795999999999999,5,0
openstack,FP,280cc7c5ae4b07a9a1e23b8f9cc925be9872c8e1,lime,,,,,1,0.6,1.0,-0.1887999999999999,0.1887999999999999,5,0
openstack,FP,280cc7c5ae4b07a9a1e23b8f9cc925be9872c8e1,lime,,,,,2,0.6,1.0,-0.1887999999999999,0.1887999999999999,5,0
openstack,FP,280cc7c5ae4b07a9a1e23b8f9cc925be9872c8e1,lime,,,,,3,0.6,1.0,-0.1887999999999999,0.1887999999999999,5,0
openstack,FP,280cc7c5ae4b07a9a1e23b8f9cc925be9872c8e1,lime,,,,,4,0.6,1.0,-0.1887999999999999,0.1887999999999999,5,0
openstack,FP,280cc7c5ae4b07a9a1e23b8f9cc925be9872c8e1,lime,,,,,5,0.4,0.8,-0.1591999999999999,0.1664,5,0
openstack,FP,6aecf475dbff9c7d477378c021749b987d47deae,lime,,,,,1,0.6,0.8,-0.2152,0.2152,5,0
openstack,FP,6aecf475dbff9c7d477378c021749b987d47deae,lime,,,,,2,0.8,1.0,-0.2464,0.2464,5,0
openstack,FP,6aecf475dbff9c7d477378c021749b987d47deae,lime,,,,,3,0.6,0.8,-0.2144,0.2144,5,0
openstack,FP,6aecf475dbff9c7d477378c021749b987d47deae,lime,,,,,4,0.8,1.0,-0.2464,0.2464,5,0
openstack,FP,6aecf475dbff9c7d477378c021749b987d47deae,lime,,,,,5,0.8,1.0,-0.2464,0.2464,5,0
openstack,FP,baa52224dc73e8ca3bdcbdaa5d62bc26fb38052f,lime,,,,,1,0.8,0.8,-0.1304,0.1808,5,0
openstack,FP,baa52224dc73e8ca3bdcbdaa5d62bc26fb38052f,lime,,,,,2,0.8,0.8,-0.1304,0.1808,5,0
openstack,FP,baa52224dc73e8ca3bdcbdaa5d62bc26fb38052f,lime,,,,,3,0.8,0.8,-0.1304,0.1808,5,0
openstack,FP,baa52224dc73e8ca3bdcbdaa5d62bc26fb38052f,lime,,,,,4,0.8,0.8,-0.1304,0.1808,5,0
openstack,FP,baa52224dc73e8ca3bdcbdaa5d62bc26fb38052f,lime,,,,,5,0.8,0.8,-0.1304,0.1808,5,0
openstack,TN,d2e40a3e49819dace92975de3e3d7ba3a3fac79d,lime,,,,,1,0.0,0.6,-0.0559999999999999,0.0768,5,0
openstack,TN,d2e40a3e49819dace92975de3e3d7ba3a3fac79d,lime,,,,,2,0.0,0.6,-0.0559999999999999,0.0768,5,0
openstack,TN,d2e40a3e49819dace92975de3e3d7ba3a3fac79d,lime,,,,,3,0.0,0.6,-0.0559999999999999,0.0768,5,0
openstack,TN,d2e40a3e49819dace92975de3e3d7ba3a3fac79d,lime,,,,,4,0.0,0.6,-0.0583999999999999,0.0792,5,0
openstack,TN,d2e40a3e49819dace92975de3e3d7ba3a3fac79d,lime,,,,,5,0.0,0.4,-0.0676,0.0748,5,0
openstack,TN,57566f4c8d2929c25e76564883369a7c6eda720a,lime,,,,,1,0.6,0.6,-0.0143999999999999,0.0399999999999999,5,0
openstack,TN,57566f4c8d2929c25e76564883369a7c6eda720a,lime,,,,,2,0.6,0.6,-0.0143999999999999,0.0399999999999999,5,0
openstack,TN,57566f4c8d2929c25e76564883369a7c6eda720a,lime,,,,,3,0.6,0.6,-0.0143999999999999,0.0399999999999999,5,0
openstack,TN,57566f4c8d2929c25e76564883369a7c6eda720a,lime,,,,,4,0.6,0.6,-0.0147999999999999,0.0395999999999999,5,0
openstack,TN,57566f4c8d2929c25e76564883369a7c6eda720a,lime,,,,,5,0.6,0.6,-0.0143999999999999,0.0399999999999999,5,0
openstack,TP,03db94ebaa3fc2c76694fd566e2c9eefbf851a7f,lime,,,,,1,0.8,0.8,-0.1956,0.2116,5,0
openstack,TP,03db94ebaa3fc2c76694fd566e2c9eefbf851a7f,lime,,,,,2,0.8,0.8,-0.1956,0.2116,5,0
openstack,TP,03db94ebaa3fc2c76694fd566e2c9eefbf851a7f,lime,,,,,3,0.8,0.8,-0.1956,0.2116,5,0
openstack,TP,03db94ebaa3fc2c76694fd566e2c9eefbf851a7f,lime,,,,,4,0.8,0.8,-0.1956,0.2116,5,0
openstack,TP,03db94ebaa3fc2c76694fd566e2c9eefbf851a7f,lime,,,,,5,0.8,0.8,-0.1956,0.2116,5,0
openstack,FN,703ba3c4e3d0b442c3097b6c844a59e560c09fe8,lime,,,,,1,0.4,0.4,-0.0064,0.0343999999999999,5,0
openstack,FN,703ba3c4e3d0b442c3097b6c844a59e560c09fe8,lime,,,,,2,0.4,0.4,-0.0064,0.0343999999999999,5,0
openstack,FN,703ba3c4e3d0b442c3097b6c844a59e560c09fe8,lime,,,,,3,0.4,0.4,-0.0064,0.0343999999999999,5,0
openstack,FN,703ba3c4e3d0b442c3097b6c844a59e560c09fe8,lime,,,,,4,0.4,0.4,-0.0064,0.0343999999999999,5,0
openstack,FN,703ba3c4e3d0b442c3097b6c844a59e560c09fe8,lime,,,,,5,0.4,0.4,-0.0064,0.0343999999999999,5,0
openstack,FN,e3df049cad2b7a264acbad4d6baecbc813546e5d,lime,,,,,1,0.4,0.6,-0.0051999999999999,0.0988,5,0
openstack,FN,e3df049cad2b7a264acbad4d6baecbc813546e5d,lime,,,,,2,0.6,0.4,-0.0099999999999999,0.094,5,0
openstack,FN,e3df049cad2b7a264acbad4d6baecbc813546e5d,lime,,,,,3,0.4,0.6,-0.0051999999999999,0.0988,5,0
openstack,FN,e3df049cad2b7a264acbad4d6baecbc813546e5d,lime,,,,,4,0.4,0.6,-0.0051999999999999,0.0988,5,0
openstack,FN,e3df049cad2b7a264acbad4d6baecbc813546e5d,lime,,,,,5,0.4,0.6,-0.0051999999999999,0.0988,5,0
openstack,FN,d1b3adfbe471ad99ddf0dd2b483b77435c157aea,lime,,,,,1,0.8,1.0,0.0708,0.102,5,0
openstack,FN,d1b3adfbe471ad99ddf0dd2b483b77435c157aea,lime,,,,,2,0.8,1.0,0.0708,0.102,5,0
openstack,FN,d1b3adfbe471ad99ddf0dd2b483b77435c157aea,lime,,,,,3,0.8,1.0,0.0708,0.102,5,0
openstack,FN,d1b3adfbe471ad99ddf0dd2b483b77435c157aea,lime,,,,,4,0.8,1.0,0.0708,0.102,5,0
openstack,FN,d1b3adfbe471ad99ddf0dd2b483b77435c157aea,lime,,,,,5,0.8,1.0,0.0708,0.102,5,0
openstack,TN,87be408b126e81ded85b03896f9c85f8a8d4ac90,lime,,,,,1,0.6,0.6,-0.0648,0.0664,5,0
openstack,TN,87be408b126e81ded85b03896f9c85f8a8d4ac90,lime,,,,,2,0.6,0.6,-0.0648,0.0664,5,0
openstack,TN,87be408b126e81ded85b03896f9c85f8a8d4ac90,lime,,,,,3,0.6,0.6,-0.0648,0.0664,5,0
openstack,TN,87be408b126e81ded85b03896f9c85f8a8d4ac90,lime,,,,,4,0.6,0.6,-0.0648,0.0664,5,0
openstack,TN,87be408b126e81ded85b03896f9c85f8a8d4ac90,lime,,,,,5,0.4,0.6,-0.0664,0.068,5,0
openstack,TP,22c9cf3d95c3d14351045bac2920b4e0994ec42f,lime,,,,,1,0.8,1.0,-0.2771999999999999,0.2924,5,0
openstack,TP,22c9cf3d95c3d14351045bac2920b4e0994ec42f,lime,,,,,2,0.8,1.0,-0.2771999999999999,0.2924,5,0
openstack,TP,22c9cf3d95c3d14351045bac2920b4e0994ec42f,lime,,,,,3,0.8,1.0,-0.2771999999999999,0.2924,5,0
openstack,TP,22c9cf3d95c3d14351045bac2920b4e0994ec42f,lime,,,,,4,0.8,1.0,-0.2771999999999999,0.2924,5,0
openstack,TP,22c9cf3d95c3d14351045bac2920b4e0994ec42f,lime,,,,,5,0.8,1.0,-0.2771999999999999,0.2924,5,0
openstack,TP,092820939d53268152893a15fdaf5129554fbcb3,lime,,,,,1,0.6,1.0,-0.1512,0.212,5,0
openstack,TP,092820939d53268152893a15fdaf5129554fbcb3,lime,,,,,2,0.6,1.0,-0.1512,0.212,5,0
openstack,TP,092820939d53268152893a15fdaf5129554fbcb3,lime,,,,,3,0.6,1.0,-0.1512,0.212,5,0
openstack,TP,092820939d53268152893a15fdaf5129554fbcb3,lime,,,,,4,0.6,1.0,-0.1512,0.212,5,0
openstack,TP,092820939d53268152893a15fdaf5129554fbcb3,lime,,,,,5,0.6,1.0,-0.1512,0.212,5,0
openstack,TN,dd13c2784b5aec539197d1b76fafc6a6b38a33e8,lime,,,,,1,0.8,0.8,0.0267999999999999,0.074,5,0
openstack,TN,dd13c2784b5aec539197d1b76fafc6a6b38a33e8,lime,,,,,2,0.8,0.8,0.0267999999999999,0.074,5,0
openstack,TN,dd13c2784b5aec539197d1b76fafc6a6b38a33e8,lime,,,,,3,0.8,0.8,0.0267999999999999,0.074,5,0
openstack,TN,dd13c2784b5aec539197d1b76fafc6a6b38a33e8,lime,,,,,4,0.8,0.8,0.0267999999999999,0.074,5,0
openstack,TN,dd13c2784b5aec539197d1b76fafc6a6b38a33e8,lime,,,,,5,0.8,0.8,0.0267999999999999,0.074,5,0
openstack,TP,40eaa89a9001edda3e1146831b26aaf7ded64c4a,lime,,,,,1,0.8,1.0,-0.1368,0.2183999999999999,5,0
openstack,TP,40eaa89a9001edda3e1146831b26aaf7ded64c4a,lime,,,,,2,0.8,1.0,-0.1368,0.2183999999999999,5,0
openstack,TP,40eaa89a9001edda3e1146831b26aaf7ded64c4a,lime,,,,,3,0.8,1.0,-0.1368,0.2183999999999999,5,0
openstack,TP,40eaa89a9001edda3e1146831b26aaf7ded64c4a,lime,,,,,4,0.8,1.0,-0.1368,0.2183999999999999,5,0
openstack,TP,40eaa89a9001edda3e1146831b26aaf7ded64c4a,lime,,,,,5,0.8,1.0,-0.1368,0.2183999999999999,5,0
openstack,TN,1e6538d43e76b867776cf226e1d6d6c900412f99,lime,,,,,1,0.0,0.8,-0.0704,0.0776,5,0
openstack,TN,1e6538d43e76b867776cf226e1d6d6c900412f99,lime,,,,,2,0.0,0.6,-0.056,0.064,5,0
openstack,TN,1e6538d43e76b867776cf226e1d6d6c900412f99,lime,,,,,3,0.0,0.6,-0.056,0.064,5,0
openstack,TN,1e6538d43e76b867776cf226e1d6d6c900412f99,lime,,,,,4,0.0,0.6,-0.056,0.064,5,0
openstack,TN,1e6538d43e76b867776cf226e1d6d6c900412f99,lime,,,,,5,0.0,0.6,-0.0616,0.0696,5,0
openstack,FP,70de423255fd01822188bb9082a0c0cc1c8ec2d0,lime,,,,,1,1.0,1.0,-0.2824,0.3072,5,0
openstack,FP,70de423255fd01822188bb9082a0c0cc1c8ec2d0,lime,,,,,2,0.8,1.0,-0.2468,0.2716,5,0
openstack,FP,70de423255fd01822188bb9082a0c0cc1c8ec2d0,lime,,,,,3,1.0,1.0,-0.2824,0.3072,5,0
openstack,FP,70de423255fd01822188bb9082a0c0cc1c8ec2d0,lime,,,,,4,0.8,1.0,-0.2468,0.2716,5,0
openstack,FP,70de423255fd01822188bb9082a0c0cc1c8ec2d0,lime,,,,,5,0.8,1.0,-0.2468,0.2716,5,0
openstack,TP,56324c12aa58ff9cf46582611b071f3abb743ddf,lime,,,,,1,0.6,0.8,-0.1704,0.1704,5,0
openstack,TP,56324c12aa58ff9cf46582611b071f3abb743ddf,lime,,,,,2,0.6,0.8,-0.1704,0.1704,5,0
openstack,TP,56324c12aa58ff9cf46582611b071f3abb743ddf,lime,,,,,3,0.6,0.6,-0.1528,0.1528,5,0
openstack,TP,56324c12aa58ff9cf46582611b071f3abb743ddf,lime,,,,,4,0.8,0.8,-0.1672,0.1672,5,0
openstack,TP,56324c12aa58ff9cf46582611b071f3abb743ddf,lime,,,,,5,0.6,0.8,-0.1704,0.1704,5,0
openstack,FN,848664f646bf087df59778434daa6feae1e71c74,lime,,,,,1,0.2,0.8,-0.0595999999999999,0.0659999999999999,5,0
openstack,FN,848664f646bf087df59778434daa6feae1e71c74,lime,,,,,2,0.2,0.8,-0.0503999999999999,0.0567999999999999,5,0
openstack,FN,848664f646bf087df59778434daa6feae1e71c74,lime,,,,,3,0.2,0.8,-0.0595999999999999,0.0659999999999999,5,0
openstack,FN,848664f646bf087df59778434daa6feae1e71c74,lime,,,,,4,0.2,0.8,-0.0595999999999999,0.0659999999999999,5,0
openstack,FN,848664f646bf087df59778434daa6feae1e71c74,lime,,,,,5,0.2,0.8,-0.0595999999999999,0.0659999999999999,5,0
openstack,FN,91a8cd2952a25b340f5778cace95910e43cbcbb6,lime,,,,,1,0.4,0.6,-0.0044,0.0603999999999999,5,0
openstack,FN,91a8cd2952a25b340f5778cace95910e43cbcbb6,lime,,,,,2,0.4,0.6,-0.0304,0.0728,5,0
openstack,FN,91a8cd2952a25b340f5778cace95910e43cbcbb6,lime,,,,,3,0.4,0.6,-0.0044,0.0603999999999999,5,0
openstack,FN,91a8cd2952a25b340f5778cace95910e43cbcbb6,lime,,,,,4,0.4,0.6,-0.0304,0.0728,5,0
openstack,FN,91a8cd2952a25b340f5778cace95910e43cbcbb6,lime,,,,,5,0.4,0.4,-0.0152,0.0576,5,0
openstack,FN,d402747547e1a356c6c2c20b57f52af39b63e831,lime,,,,,1,0.8,0.8,-0.0667999999999999,0.0835999999999999,5,0
openstack,FN,d402747547e1a356c6c2c20b57f52af39b63e831,lime,,,,,2,0.6,0.8,-0.0727999999999999,0.0847999999999999,5,0
openstack,FN,d402747547e1a356c6c2c20b57f52af39b63e831,lime,,,,,3,0.8,0.8,-0.0667999999999999,0.0835999999999999,5,0
openstack,FN,d402747547e1a356c6c2c20b57f52af39b63e831,lime,,,,,4,0.8,0.8,-0.0667999999999999,0.0835999999999999,5,0
openstack,FN,d402747547e1a356c6c2c20b57f52af39b63e831,lime,,,,,5,0.8,1.0,-0.0579999999999999,0.0924,5,0
openstack,TN,348b7a9f7d64094d60ece0460aed02b66c52f1b1,lime,,,,,1,0.6,0.2,-0.0928,0.1056,5,0
openstack,TN,348b7a9f7d64094d60ece0460aed02b66c52f1b1,lime,,,,,2,0.8,0.2,-0.0928,0.1056,5,0
openstack,TN,348b7a9f7d64094d60ece0460aed02b66c52f1b1,lime,,,,,3,0.6,0.4,-0.1,0.1112,5,0
openstack,TN,348b7a9f7d64094d60ece0460aed02b66c52f1b1,lime,,,,,4,0.8,0.2,-0.0915999999999999,0.1068,5,0
openstack,TN,348b7a9f7d64094d60ece0460aed02b66c52f1b1,lime,,,,,5,0.8,0.2,-0.0928,0.1056,5,0
openstack,FP,2bb9e5563c69f79d5da23668b08dd9c88f9d4348,lime,,,,,1,0.6,1.0,-0.1451999999999999,0.1451999999999999,5,0
openstack,FP,2bb9e5563c69f79d5da23668b08dd9c88f9d4348,lime,,,,,2,0.6,1.0,-0.1451999999999999,0.1451999999999999,5,0
openstack,FP,2bb9e5563c69f79d5da23668b08dd9c88f9d4348,lime,,,,,3,0.6,1.0,-0.1451999999999999,0.1451999999999999,5,0
openstack,FP,2bb9e5563c69f79d5da23668b08dd9c88f9d4348,lime,,,,,4,0.6,1.0,-0.1451999999999999,0.1451999999999999,5,0
openstack,FP,2bb9e5563c69f79d5da23668b08dd9c88f9d4348,lime,,,,,5,0.6,1.0,-0.1451999999999999,0.1451999999999999,5,0
openstack,TP,5f2b88b1aafb9a35638e54f796685f633428b6a5,lime,,,,,1,0.6,0.8,-0.1327999999999999,0.1416,5,0
openstack,TP,5f2b88b1aafb9a35638e54f796685f633428b6a5,lime,,,,,2,0.6,1.0,-0.1588,0.1588,5,0
openstack,TP,5f2b88b1aafb9a35638e54f796685f633428b6a5,lime,,,,,3,0.6,0.8,-0.1327999999999999,0.1416,5,0
openstack,TP,5f2b88b1aafb9a35638e54f796685f633428b6a5,lime,,,,,4,0.6,1.0,-0.1588,0.1588,5,0
openstack,TP,5f2b88b1aafb9a35638e54f796685f633428b6a5,lime,,,,,5,0.8,1.0,-0.1724,0.1724,5,0
openstack,FN,017dd6b4bcf92c14d49421268cb571c00879f3cc,lime,,,,,1,1.0,0.8,0.0364,0.1148,5,0
openstack,FN,017dd6b4bcf92c14d49421268cb571c00879f3cc,lime,,,,,2,1.0,0.8,0.0364,0.1148,5,0
openstack,FN,017dd6b4bcf92c14d49421268cb571c00879f3cc,lime,,,,,3,1.0,0.8,0.0364,0.1148,5,0
openstack,FN,017dd6b4bcf92c14d49421268cb571c00879f3cc,lime,,,,,4,1.0,0.8,0.0828,0.086,5,0
openstack,FN,017dd6b4bcf92c14d49421268cb571c00879f3cc,lime,,,,,5,1.0,0.8,0.0364,0.1148,5,0
openstack,FP,41d6b479fe8baf66578044b8773c3b892d64a2c4,lime,,,,,1,0.6,1.0,-0.1551999999999999,0.1551999999999999,5,0
openstack,FP,41d6b479fe8baf66578044b8773c3b892d64a2c4,lime,,,,,2,0.6,1.0,-0.1551999999999999,0.1551999999999999,5,0
openstack,FP,41d6b479fe8baf66578044b8773c3b892d64a2c4,lime,,,,,3,0.6,1.0,-0.1659999999999999,0.1659999999999999,5,0
openstack,FP,41d6b479fe8baf66578044b8773c3b892d64a2c4,lime,,,,,4,0.6,1.0,-0.1659999999999999,0.1659999999999999,5,0
openstack,FP,41d6b479fe8baf66578044b8773c3b892d64a2c4,lime,,,,,5,0.6,1.0,-0.1551999999999999,0.1551999999999999,5,0
openstack,FN,913a99c79456abbfef1642e6dc70e6a4ff4e25db,lime,,,,,1,1.0,1.0,0.0752,0.1464,5,0
openstack,FN,913a99c79456abbfef1642e6dc70e6a4ff4e25db,lime,,,,,2,1.0,1.0,0.0752,0.1464,5,0
openstack,FN,913a99c79456abbfef1642e6dc70e6a4ff4e25db,lime,,,,,3,1.0,1.0,0.0752,0.1464,5,0
openstack,FN,913a99c79456abbfef1642e6dc70e6a4ff4e25db,lime,,,,,4,1.0,1.0,0.0752,0.1464,5,0
openstack,FN,913a99c79456abbfef1642e6dc70e6a4ff4e25db,lime,,,,,5,1.0,1.0,0.0752,0.1464,5,0
openstack,FP,e4ea54104ec38f5fe4c792d4d3d1865de34bb4c3,lime,,,,,1,0.6,1.0,-0.1763999999999999,0.1763999999999999,5,0
openstack,FP,e4ea54104ec38f5fe4c792d4d3d1865de34bb4c3,lime,,,,,2,0.6,1.0,-0.2107999999999999,0.2107999999999999,5,0
openstack,FP,e4ea54104ec38f5fe4c792d4d3d1865de34bb4c3,lime,,,,,3,0.6,1.0,-0.1763999999999999,0.1763999999999999,5,0
openstack,FP,e4ea54104ec38f5fe4c792d4d3d1865de34bb4c3,lime,,,,,4,0.6,1.0,-0.2107999999999999,0.2107999999999999,5,0
openstack,FP,e4ea54104ec38f5fe4c792d4d3d1865de34bb4c3,lime,,,,,5,0.6,1.0,-0.1763999999999999,0.1763999999999999,5,0
openstack,FN,1c6b2fce289b68af92afeddf8d30efcda1903f06,lime,,,,,1,0.8,0.8,-0.0279999999999999,0.0904,5,0
openstack,FN,1c6b2fce289b68af92afeddf8d30efcda1903f06,lime,,,,,2,0.6,0.6,-0.0331999999999999,0.0852,5,0
openstack,FN,1c6b2fce289b68af92afeddf8d30efcda1903f06,lime,,,,,3,0.8,0.6,-0.0167999999999999,0.084,5,0
openstack,FN,1c6b2fce289b68af92afeddf8d30efcda1903f06,lime,,,,,4,0.8,0.6,-0.0167999999999999,0.084,5,0
openstack,FN,1c6b2fce289b68af92afeddf8d30efcda1903f06,lime,,,,,5,0.6,0.4,-0.0291999999999999,0.0812,5,0
openstack,FN,8ccdc4ac5053c6e39660044a9f8c1f695370e9a7,lime,,,,,1,0.8,0.6,0.0164,0.0724,5,0
openstack,FN,8ccdc4ac5053c6e39660044a9f8c1f695370e9a7,lime,,,,,2,0.8,0.6,0.0164,0.0724,5,0
openstack,FN,8ccdc4ac5053c6e39660044a9f8c1f695370e9a7,lime,,,,,3,0.8,0.6,0.0164,0.0724,5,0
openstack,FN,8ccdc4ac5053c6e39660044a9f8c1f695370e9a7,lime,,,,,4,0.8,0.4,0.048,0.048,5,0
openstack,FN,8ccdc4ac5053c6e39660044a9f8c1f695370e9a7,lime,,,,,5,0.8,0.6,0.0164,0.0724,5,0
openstack,FP,a985e34cdeef777fe7ff943e363a5f1be6d991b7,lime,,,,,1,0.6,1.0,-0.1416,0.1416,5,0
openstack,FP,a985e34cdeef777fe7ff943e363a5f1be6d991b7,lime,,,,,2,0.8,1.0,-0.1568,0.1568,5,0
openstack,FP,a985e34cdeef777fe7ff943e363a5f1be6d991b7,lime,,,,,3,0.6,1.0,-0.1352,0.1352,5,0
openstack,FP,a985e34cdeef777fe7ff943e363a5f1be6d991b7,lime,,,,,4,0.6,1.0,-0.1416,0.1416,5,0
openstack,FP,a985e34cdeef777fe7ff943e363a5f1be6d991b7,lime,,,,,5,0.8,1.0,-0.1568,0.1568,5,0
openstack,TP,3b28cb2a10f7746a32cb7f7b62b6fc92ebcfb1e5,lime,,,,,1,1.0,1.0,-0.2052,0.2324,5,0
openstack,TP,3b28cb2a10f7746a32cb7f7b62b6fc92ebcfb1e5,lime,,,,,2,1.0,1.0,-0.2052,0.2324,5,0
openstack,TP,3b28cb2a10f7746a32cb7f7b62b6fc92ebcfb1e5,lime,,,,,3,1.0,1.0,-0.2052,0.2324,5,0
openstack,TP,3b28cb2a10f7746a32cb7f7b62b6fc92ebcfb1e5,lime,,,,,4,1.0,1.0,-0.2052,0.2324,5,0
openstack,TP,3b28cb2a10f7746a32cb7f7b62b6fc92ebcfb1e5,lime,,,,,5,1.0,1.0,-0.2052,0.2324,5,0
openstack,FN,c2c37272bf788aac63399127cddd487dc0f15c38,lime,,,,,1,0.8,0.2,-0.0084,0.0244,5,0
openstack,FN,c2c37272bf788aac63399127cddd487dc0f15c38,lime,,,,,2,0.8,0.2,-0.0084,0.0244,5,0
openstack,FN,c2c37272bf788aac63399127cddd487dc0f15c38,lime,,,,,3,0.6,0.4,-0.0216,0.0336,5,0
openstack,FN,c2c37272bf788aac63399127cddd487dc0f15c38,lime,,,,,4,0.6,0.4,-0.0216,0.0336,5,0
openstack,FN,c2c37272bf788aac63399127cddd487dc0f15c38,lime,,,,,5,0.6,0.4,-0.0216,0.0336,5,0
openstack,FN,37510ac03478704bafba89e8c4f4e0e9041d661d,lime,,,,,1,0.8,0.8,0.1088,0.1088,5,0
openstack,FN,37510ac03478704bafba89e8c4f4e0e9041d661d,lime,,,,,2,0.6,0.8,0.0936,0.0936,5,0
openstack,FN,37510ac03478704bafba89e8c4f4e0e9041d661d,lime,,,,,3,0.6,0.8,0.0992,0.0992,5,0
openstack,FN,37510ac03478704bafba89e8c4f4e0e9041d661d,lime,,,,,4,0.6,0.8,0.0936,0.0936,5,0
openstack,FN,37510ac03478704bafba89e8c4f4e0e9041d661d,lime,,,,,5,0.6,0.8,0.0936,0.0936,5,0
openstack,TN,5cc9d999352c21d3f4b5c39d3ea9d4378ca86544,lime,,,,,1,0.6,0.8,-0.0199999999999999,0.1336,5,0
openstack,TN,5cc9d999352c21d3f4b5c39d3ea9d4378ca86544,lime,,,,,2,0.6,0.8,-0.0199999999999999,0.1336,5,0
openstack,TN,5cc9d999352c21d3f4b5c39d3ea9d4378ca86544,lime,,,,,3,0.6,0.8,-0.0199999999999999,0.1336,5,0
openstack,TN,5cc9d999352c21d3f4b5c39d3ea9d4378ca86544,lime,,,,,4,0.4,0.8,-0.0487999999999999,0.136,5,0
openstack,TN,5cc9d999352c21d3f4b5c39d3ea9d4378ca86544,lime,,,,,5,0.6,0.8,-0.0199999999999999,0.1336,5,0
openstack,FP,ce12d7a1e53fffce57baab18de2ab885ba1df8ee,lime,,,,,1,0.4,0.6,-0.0432,0.0984,5,0
openstack,FP,ce12d7a1e53fffce57baab18de2ab885ba1df8ee,lime,,,,,2,0.4,0.6,-0.0432,0.0984,5,0
openstack,FP,ce12d7a1e53fffce57baab18de2ab885ba1df8ee,lime,,,,,3,0.4,0.6,-0.0432,0.0984,5,0
openstack,FP,ce12d7a1e53fffce57baab18de2ab885ba1df8ee,lime,,,,,4,0.6,0.8,-0.0603999999999999,0.1156,5,0
openstack,FP,ce12d7a1e53fffce57baab18de2ab885ba1df8ee,lime,,,,,5,0.4,0.6,-0.0432,0.0984,5,0
openstack,FN,221f386029faf499c5a445374685cba5b67df31e,lime,,,,,1,0.6,0.8,-0.0083999999999999,0.1252,5,0
openstack,FN,221f386029faf499c5a445374685cba5b67df31e,lime,,,,,2,0.6,0.8,-0.0083999999999999,0.1252,5,0
openstack,FN,221f386029faf499c5a445374685cba5b67df31e,lime,,,,,3,0.6,0.8,-0.0083999999999999,0.1252,5,0
openstack,FN,221f386029faf499c5a445374685cba5b67df31e,lime,,,,,4,0.6,0.8,-0.0083999999999999,0.1252,5,0
openstack,FN,221f386029faf499c5a445374685cba5b67df31e,lime,,,,,5,0.6,0.8,-0.0083999999999999,0.1252,5,0
openstack,FP,3eea37b85b1abc72786a2b24baf01141b4d95f08,lime,,,,,1,0.6,1.0,-0.1608,0.1608,5,0
openstack,FP,3eea37b85b1abc72786a2b24baf01141b4d95f08,lime,,,,,2,0.6,1.0,-0.1608,0.1608,5,0
openstack,FP,3eea37b85b1abc72786a2b24baf01141b4d95f08,lime,,,,,3,0.6,1.0,-0.1608,0.1608,5,0
openstack,FP,3eea37b85b1abc72786a2b24baf01141b4d95f08,lime,,,,,4,0.6,1.0,-0.1608,0.1608,5,0
openstack,FP,3eea37b85b1abc72786a2b24baf01141b4d95f08,lime,,,,,5,0.8,1.0,-0.162,0.162,5,0
openstack,FN,589c495c1ae62129e20ab5e2641e330541eee01f,lime,,,,,1,0.8,1.0,0.0519999999999999,0.1671999999999999,5,0
openstack,FN,589c495c1ae62129e20ab5e2641e330541eee01f,lime,,,,,2,0.8,1.0,0.0519999999999999,0.1671999999999999,5,0
openstack,FN,589c495c1ae62129e20ab5e2641e330541eee01f,lime,,,,,3,0.8,1.0,0.0519999999999999,0.1671999999999999,5,0
openstack,FN,589c495c1ae62129e20ab5e2641e330541eee01f,lime,,,,,4,0.8,1.0,0.0519999999999999,0.1671999999999999,5,0
openstack,FN,589c495c1ae62129e20ab5e2641e330541eee01f,lime,,,,,5,0.8,1.0,0.0519999999999999,0.1671999999999999,5,0
openstack,FP,750e065d6d137715dd03d5c90623145177f64cbb,lime,,,,,1,1.0,0.8,-0.1204,0.1467999999999999,5,0
openstack,FP,750e065d6d137715dd03d5c90623145177f64cbb,lime,,,,,2,1.0,1.0,-0.146,0.1692,5,0
openstack,FP,750e065d6d137715dd03d5c90623145177f64cbb,lime,,,,,3,1.0,0.8,-0.1204,0.1467999999999999,5,0
openstack,FP,750e065d6d137715dd03d5c90623145177f64cbb,lime,,,,,4,1.0,0.8,-0.1204,0.1467999999999999,5,0
openstack,FP,750e065d6d137715dd03d5c90623145177f64cbb,lime,,,,,5,1.0,0.8,-0.1204,0.1467999999999999,5,0
openstack,FP,4b53e4edf9f7f8c794316d3a0920d727723d1bab,lofo,,,,,1,1.0,1.0,-0.2928,0.2928,5,0
openstack,FP,4b53e4edf9f7f8c794316d3a0920d727723d1bab,lofo,,,,,2,1.0,1.0,-0.2928,0.2928,5,0
openstack,FP,4b53e4edf9f7f8c794316d3a0920d727723d1bab,lofo,,,,,3,1.0,1.0,-0.2928,0.2928,5,0
openstack,FP,4b53e4edf9f7f8c794316d3a0920d727723d1bab,lofo,,,,,4,1.0,1.0,-0.2928,0.2928,5,0
openstack,FP,4b53e4edf9f7f8c794316d3a0920d727723d1bab,lofo,,,,,5,1.0,1.0,-0.2928,0.2928,5,0
openstack,TN,467b4e4d419f0ca5db8468516d64ffec5cedc67e,lofo,,,,,1,1.0,1.0,-0.13,0.13,5,0
openstack,TN,467b4e4d419f0ca5db8468516d64ffec5cedc67e,lofo,,,,,2,1.0,1.0,-0.13,0.13,5,0
openstack,TN,467b4e4d419f0ca5db8468516d64ffec5cedc67e,lofo,,,,,3,1.0,1.0,-0.13,0.13,5,0
openstack,TN,467b4e4d419f0ca5db8468516d64ffec5cedc67e,lofo,,,,,4,1.0,1.0,-0.13,0.13,5,0
openstack,TN,467b4e4d419f0ca5db8468516d64ffec5cedc67e,lofo,,,,,5,1.0,1.0,-0.13,0.13,5,0
openstack,TP,eaf6340847c35ace3b4b681a95b8a79a7a3f2491,lofo,,,,,1,1.0,1.0,-0.2032,0.2032,5,0
openstack,TP,eaf6340847c35ace3b4b681a95b8a79a7a3f2491,lofo,,,,,2,1.0,1.0,-0.2032,0.2032,5,0
openstack,TP,eaf6340847c35ace3b4b681a95b8a79a7a3f2491,lofo,,,,,3,1.0,1.0,-0.2032,0.2032,5,0
openstack,TP,eaf6340847c35ace3b4b681a95b8a79a7a3f2491,lofo,,,,,4,1.0,1.0,-0.2032,0.2032,5,0
openstack,TP,eaf6340847c35ace3b4b681a95b8a79a7a3f2491,lofo,,,,,5,1.0,1.0,-0.2032,0.2032,5,0
openstack,TP,fd351903a1759109f66d0c66d42cd3a1b7f23861,lofo,,,,,1,1.0,1.0,-0.206,0.206,5,0
openstack,TP,fd351903a1759109f66d0c66d42cd3a1b7f23861,lofo,,,,,2,1.0,1.0,-0.206,0.206,5,0
openstack,TP,fd351903a1759109f66d0c66d42cd3a1b7f23861,lofo,,,,,3,1.0,1.0,-0.206,0.206,5,0
openstack,TP,fd351903a1759109f66d0c66d42cd3a1b7f23861,lofo,,,,,4,1.0,1.0,-0.206,0.206,5,0
openstack,TP,fd351903a1759109f66d0c66d42cd3a1b7f23861,lofo,,,,,5,1.0,1.0,-0.206,0.206,5,0
openstack,FP,2530ccff8f0a0105d1626c65616080b27682e129,lofo,,,,,1,1.0,1.0,-0.2135999999999999,0.2135999999999999,5,0
openstack,FP,2530ccff8f0a0105d1626c65616080b27682e129,lofo,,,,,2,1.0,1.0,-0.2135999999999999,0.2135999999999999,5,0
openstack,FP,2530ccff8f0a0105d1626c65616080b27682e129,lofo,,,,,3,1.0,1.0,-0.2135999999999999,0.2135999999999999,5,0
openstack,FP,2530ccff8f0a0105d1626c65616080b27682e129,lofo,,,,,4,1.0,1.0,-0.2135999999999999,0.2135999999999999,5,0
openstack,FP,2530ccff8f0a0105d1626c65616080b27682e129,lofo,,,,,5,1.0,1.0,-0.2135999999999999,0.2135999999999999,5,0
openstack,FN,1476b030bd53deddd85468c0d8b545d8f8f30f19,lofo,,,,,1,1.0,1.0,-0.0523999999999999,0.0659999999999999,5,0
openstack,FN,1476b030bd53deddd85468c0d8b545d8f8f30f19,lofo,,,,,2,1.0,1.0,-0.0523999999999999,0.0659999999999999,5,0
openstack,FN,1476b030bd53deddd85468c0d8b545d8f8f30f19,lofo,,,,,3,1.0,1.0,-0.0523999999999999,0.0659999999999999,5,0
openstack,FN,1476b030bd53deddd85468c0d8b545d8f8f30f19,lofo,,,,,4,1.0,1.0,-0.0523999999999999,0.0659999999999999,5,0
openstack,FN,1476b030bd53deddd85468c0d8b545d8f8f30f19,lofo,,,,,5,1.0,1.0,-0.0523999999999999,0.0659999999999999,5,0
openstack,TP,83a5f90f82b40be4c74685f557d6af0f8a3b1a30,lofo,,,,,1,1.0,1.0,-0.2352,0.2352,5,0
openstack,TP,83a5f90f82b40be4c74685f557d6af0f8a3b1a30,lofo,,,,,2,1.0,1.0,-0.2352,0.2352,5,0
openstack,TP,83a5f90f82b40be4c74685f557d6af0f8a3b1a30,lofo,,,,,3,1.0,1.0,-0.2352,0.2352,5,0
openstack,TP,83a5f90f82b40be4c74685f557d6af0f8a3b1a30,lofo,,,,,4,1.0,1.0,-0.2352,0.2352,5,0
openstack,TP,83a5f90f82b40be4c74685f557d6af0f8a3b1a30,lofo,,,,,5,1.0,1.0,-0.2352,0.2352,5,0
openstack,TP,6f1a1f5e8ead9ceb145e13927cd9ae7fdca9add4,lofo,,,,,1,1.0,1.0,-0.1772,0.2364,5,0
openstack,TP,6f1a1f5e8ead9ceb145e13927cd9ae7fdca9add4,lofo,,,,,2,1.0,1.0,-0.1772,0.2364,5,0
openstack,TP,6f1a1f5e8ead9ceb145e13927cd9ae7fdca9add4,lofo,,,,,3,1.0,1.0,-0.1772,0.2364,5,0
openstack,TP,6f1a1f5e8ead9ceb145e13927cd9ae7fdca9add4,lofo,,,,,4,1.0,1.0,-0.1772,0.2364,5,0
openstack,TP,6f1a1f5e8ead9ceb145e13927cd9ae7fdca9add4,lofo,,,,,5,1.0,1.0,-0.1772,0.2364,5,0
openstack,FP,e847eed4a5600b6812338bb4903a0cffcde7f1f3,lofo,,,,,1,1.0,1.0,-0.1988,0.1988,5,0
openstack,FP,e847eed4a5600b6812338bb4903a0cffcde7f1f3,lofo,,,,,2,1.0,1.0,-0.1988,0.1988,5,0
openstack,FP,e847eed4a5600b6812338bb4903a0cffcde7f1f3,lofo,,,,,3,1.0,1.0,-0.1988,0.1988,5,0
openstack,FP,e847eed4a5600b6812338bb4903a0cffcde7f1f3,lofo,,,,,4,1.0,1.0,-0.1988,0.1988,5,0
openstack,FP,e847eed4a5600b6812338bb4903a0cffcde7f1f3,lofo,,,,,5,1.0,1.0,-0.1988,0.1988,5,0
openstack,TP,e7bdd19f0ed7d4c61d195735ee43a11da78f97d6,lofo,,,,,1,1.0,1.0,-0.416,0.416,5,0
openstack,TP,e7bdd19f0ed7d4c61d195735ee43a11da78f97d6,lofo,,,,,2,1.0,1.0,-0.416,0.416,5,0
openstack,TP,e7bdd19f0ed7d4c61d195735ee43a11da78f97d6,lofo,,,,,3,1.0,1.0,-0.416,0.416,5,0
openstack,TP,e7bdd19f0ed7d4c61d195735ee43a11da78f97d6,lofo,,,,,4,1.0,1.0,-0.416,0.416,5,0
openstack,TP,e7bdd19f0ed7d4c61d195735ee43a11da78f97d6,lofo,,,,,5,1.0,1.0,-0.416,0.416,5,0
openstack,TN,936f765b855d7af14ae557383f0dcc6fd9e8655c,lofo,,,,,1,1.0,1.0,-0.0827999999999999,0.0827999999999999,5,0
openstack,TN,936f765b855d7af14ae557383f0dcc6fd9e8655c,lofo,,,,,2,1.0,1.0,-0.0827999999999999,0.0827999999999999,5,0
openstack,TN,936f765b855d7af14ae557383f0dcc6fd9e8655c,lofo,,,,,3,1.0,1.0,-0.0827999999999999,0.0827999999999999,5,0
openstack,TN,936f765b855d7af14ae557383f0dcc6fd9e8655c,lofo,,,,,4,1.0,1.0,-0.0827999999999999,0.0827999999999999,5,0
openstack,TN,936f765b855d7af14ae557383f0dcc6fd9e8655c,lofo,,,,,5,1.0,1.0,-0.0827999999999999,0.0827999999999999,5,0
openstack,FP,034db863a02ce38a520e4b8aa3a65e1ccdb37f30,lofo,,,,,1,1.0,1.0,-0.2548,0.2548,5,0
openstack,FP,034db863a02ce38a520e4b8aa3a65e1ccdb37f30,lofo,,,,,2,1.0,1.0,-0.2548,0.2548,5,0
openstack,FP,034db863a02ce38a520e4b8aa3a65e1ccdb37f30,lofo,,,,,3,1.0,1.0,-0.2548,0.2548,5,0
openstack,FP,034db863a02ce38a520e4b8aa3a65e1ccdb37f30,lofo,,,,,4,1.0,1.0,-0.2548,0.2548,5,0
openstack,FP,034db863a02ce38a520e4b8aa3a65e1ccdb37f30,lofo,,,,,5,1.0,1.0,-0.2548,0.2548,5,0
openstack,FN,ab1cb6378f136ae8adcb0027385b43763e402cca,lofo,,,,,1,0.8,1.0,0.0136,0.0664,5,0
openstack,FN,ab1cb6378f136ae8adcb0027385b43763e402cca,lofo,,,,,2,0.8,1.0,0.0136,0.0664,5,0
openstack,FN,ab1cb6378f136ae8adcb0027385b43763e402cca,lofo,,,,,3,0.8,1.0,0.0136,0.0664,5,0
openstack,FN,ab1cb6378f136ae8adcb0027385b43763e402cca,lofo,,,,,4,0.8,1.0,0.0136,0.0664,5,0
openstack,FN,ab1cb6378f136ae8adcb0027385b43763e402cca,lofo,,,,,5,0.8,1.0,0.0136,0.0664,5,0
openstack,TP,7cfdf4aa811fb708d9fed4e36aec79c26d19cfee,lofo,,,,,1,1.0,1.0,-0.2971999999999999,0.2971999999999999,5,0
openstack,TP,7cfdf4aa811fb708d9fed4e36aec79c26d19cfee,lofo,,,,,2,1.0,1.0,-0.2971999999999999,0.2971999999999999,5,0
openstack,TP,7cfdf4aa811fb708d9fed4e36aec79c26d19cfee,lofo,,,,,3,1.0,1.0,-0.2971999999999999,0.2971999999999999,5,0
openstack,TP,7cfdf4aa811fb708d9fed4e36aec79c26d19cfee,lofo,,,,,4,1.0,1.0,-0.2971999999999999,0.2971999999999999,5,0
openstack,TP,7cfdf4aa811fb708d9fed4e36aec79c26d19cfee,lofo,,,,,5,1.0,1.0,-0.2971999999999999,0.2971999999999999,5,0
openstack,TP,e55a5f412bf6bc343eb8bb11348afe57c2012066,lofo,,,,,1,1.0,1.0,-0.3044,0.3044,5,0
openstack,TP,e55a5f412bf6bc343eb8bb11348afe57c2012066,lofo,,,,,2,1.0,1.0,-0.3044,0.3044,5,0
openstack,TP,e55a5f412bf6bc343eb8bb11348afe57c2012066,lofo,,,,,3,1.0,1.0,-0.3044,0.3044,5,0
openstack,TP,e55a5f412bf6bc343eb8bb11348afe57c2012066,lofo,,,,,4,1.0,1.0,-0.3044,0.3044,5,0
openstack,TP,e55a5f412bf6bc343eb8bb11348afe57c2012066,lofo,,,,,5,1.0,1.0,-0.3044,0.3044,5,0
openstack,TN,8b44c9df29572efca928c1d36fa3e7a90e94caa0,lofo,,,,,1,0.6,0.6,-0.0708,0.0708,5,0
openstack,TN,8b44c9df29572efca928c1d36fa3e7a90e94caa0,lofo,,,,,2,0.6,0.6,-0.0708,0.0708,5,0
openstack,TN,8b44c9df29572efca928c1d36fa3e7a90e94caa0,lofo,,,,,3,0.6,0.6,-0.0708,0.0708,5,0
openstack,TN,8b44c9df29572efca928c1d36fa3e7a90e94caa0,lofo,,,,,4,0.6,0.6,-0.0708,0.0708,5,0
openstack,TN,8b44c9df29572efca928c1d36fa3e7a90e94caa0,lofo,,,,,5,0.6,0.6,-0.0708,0.0708,5,0
openstack,TN,4d75cbf3c35a8aa917d3970beac99d612f13eed3,lofo,,,,,1,0.8,0.6,-0.0403999999999999,0.0723999999999999,5,0
openstack,TN,4d75cbf3c35a8aa917d3970beac99d612f13eed3,lofo,,,,,2,0.8,0.6,-0.0403999999999999,0.0723999999999999,5,0
openstack,TN,4d75cbf3c35a8aa917d3970beac99d612f13eed3,lofo,,,,,3,0.8,0.6,-0.0403999999999999,0.0723999999999999,5,0
openstack,TN,4d75cbf3c35a8aa917d3970beac99d612f13eed3,lofo,,,,,4,0.8,0.6,-0.0403999999999999,0.0723999999999999,5,0
openstack,TN,4d75cbf3c35a8aa917d3970beac99d612f13eed3,lofo,,,,,5,0.8,0.6,-0.0403999999999999,0.0723999999999999,5,0
openstack,TN,2ecaad46a737c24965ae81fc19947db9264de684,lofo,,,,,1,1.0,0.4,-0.018,0.0348,5,0
openstack,TN,2ecaad46a737c24965ae81fc19947db9264de684,lofo,,,,,2,1.0,0.4,-0.018,0.0348,5,0
openstack,TN,2ecaad46a737c24965ae81fc19947db9264de684,lofo,,,,,3,1.0,0.4,-0.018,0.0348,5,0
openstack,TN,2ecaad46a737c24965ae81fc19947db9264de684,lofo,,,,,4,1.0,0.4,-0.018,0.0348,5,0
openstack,TN,2ecaad46a737c24965ae81fc19947db9264de684,lofo,,,,,5,1.0,0.4,-0.018,0.0348,5,0
openstack,TN,bfb9d3f179607c25f91d77585f97df6d0704c253,lofo,,,,,1,1.0,1.0,-0.084,0.084,5,0
openstack,TN,bfb9d3f179607c25f91d77585f97df6d0704c253,lofo,,,,,2,1.0,1.0,-0.084,0.084,5,0
openstack,TN,bfb9d3f179607c25f91d77585f97df6d0704c253,lofo,,,,,3,1.0,1.0,-0.084,0.084,5,0
openstack,TN,bfb9d3f179607c25f91d77585f97df6d0704c253,lofo,,,,,4,1.0,1.0,-0.084,0.084,5,0
openstack,TN,bfb9d3f179607c25f91d77585f97df6d0704c253,lofo,,,,,5,1.0,1.0,-0.084,0.084,5,0
openstack,FP,bfcd4b2f1be3ab37ae0801dd523ce952577cda14,lofo,,,,,1,1.0,1.0,-0.2172,0.2172,5,0
openstack,FP,bfcd4b2f1be3ab37ae0801dd523ce952577cda14,lofo,,,,,2,1.0,1.0,-0.2172,0.2172,5,0
openstack,FP,bfcd4b2f1be3ab37ae0801dd523ce952577cda14,lofo,,,,,3,1.0,1.0,-0.2172,0.2172,5,0
openstack,FP,bfcd4b2f1be3ab37ae0801dd523ce952577cda14,lofo,,,,,4,1.0,1.0,-0.2172,0.2172,5,0
openstack,FP,bfcd4b2f1be3ab37ae0801dd523ce952577cda14,lofo,,,,,5,1.0,1.0,-0.2172,0.2172,5,0
openstack,TP,c08f99c7e072e349632684d565bcac357ce93b6d,lofo,,,,,1,1.0,1.0,-0.1752,0.2648,5,0
openstack,TP,c08f99c7e072e349632684d565bcac357ce93b6d,lofo,,,,,2,1.0,1.0,-0.1752,0.2648,5,0
openstack,TP,c08f99c7e072e349632684d565bcac357ce93b6d,lofo,,,,,3,1.0,1.0,-0.1752,0.2648,5,0
openstack,TP,c08f99c7e072e349632684d565bcac357ce93b6d,lofo,,,,,4,1.0,1.0,-0.1752,0.2648,5,0
openstack,TP,c08f99c7e072e349632684d565bcac357ce93b6d,lofo,,,,,5,1.0,1.0,-0.1752,0.2648,5,0
openstack,TN,1a3f2e8f44f0138d0328312e07b1341970c7903a,lofo,,,,,1,1.0,1.0,-0.1152,0.1152,5,0
openstack,TN,1a3f2e8f44f0138d0328312e07b1341970c7903a,lofo,,,,,2,1.0,1.0,-0.1152,0.1152,5,0
openstack,TN,1a3f2e8f44f0138d0328312e07b1341970c7903a,lofo,,,,,3,1.0,1.0,-0.1152,0.1152,5,0
openstack,TN,1a3f2e8f44f0138d0328312e07b1341970c7903a,lofo,,,,,4,1.0,1.0,-0.1152,0.1152,5,0
openstack,TN,1a3f2e8f44f0138d0328312e07b1341970c7903a,lofo,,,,,5,1.0,1.0,-0.1152,0.1152,5,0
openstack,TP,45662d77a2da77714f8e792e86ebd64a52270ef5,lofo,,,,,1,1.0,1.0,-0.2192,0.2192,5,0
openstack,TP,45662d77a2da77714f8e792e86ebd64a52270ef5,lofo,,,,,2,1.0,1.0,-0.2192,0.2192,5,0
openstack,TP,45662d77a2da77714f8e792e86ebd64a52270ef5,lofo,,,,,3,1.0,1.0,-0.2192,0.2192,5,0
openstack,TP,45662d77a2da77714f8e792e86ebd64a52270ef5,lofo,,,,,4,1.0,1.0,-0.2192,0.2192,5,0
openstack,TP,45662d77a2da77714f8e792e86ebd64a52270ef5,lofo,,,,,5,1.0,1.0,-0.2192,0.2192,5,0
openstack,TP,6f31523b314e7ac4ad83d13842cf2fa1014c39b2,lofo,,,,,1,0.8,1.0,-0.1447999999999999,0.1447999999999999,5,0
openstack,TP,6f31523b314e7ac4ad83d13842cf2fa1014c39b2,lofo,,,,,2,0.8,1.0,-0.1447999999999999,0.1447999999999999,5,0
openstack,TP,6f31523b314e7ac4ad83d13842cf2fa1014c39b2,lofo,,,,,3,0.8,1.0,-0.1447999999999999,0.1447999999999999,5,0
openstack,TP,6f31523b314e7ac4ad83d13842cf2fa1014c39b2,lofo,,,,,4,0.8,1.0,-0.1447999999999999,0.1447999999999999,5,0
openstack,TP,6f31523b314e7ac4ad83d13842cf2fa1014c39b2,lofo,,,,,5,0.8,1.0,-0.1447999999999999,0.1447999999999999,5,0
openstack,FP,410a83c89de9912207574999b3736a550ed253ba,lofo,,,,,1,1.0,1.0,-0.242,0.242,5,0
openstack,FP,410a83c89de9912207574999b3736a550ed253ba,lofo,,,,,2,1.0,1.0,-0.242,0.242,5,0
openstack,FP,410a83c89de9912207574999b3736a550ed253ba,lofo,,,,,3,1.0,1.0,-0.242,0.242,5,0
openstack,FP,410a83c89de9912207574999b3736a550ed253ba,lofo,,,,,4,1.0,1.0,-0.242,0.242,5,0
openstack,FP,410a83c89de9912207574999b3736a550ed253ba,lofo,,,,,5,1.0,1.0,-0.242,0.242,5,0
openstack,FP,4e2919e6b208a2e95d75782f9cad0a6f0892d983,lofo,,,,,1,0.8,0.6,-0.086,0.1284,5,0
openstack,FP,4e2919e6b208a2e95d75782f9cad0a6f0892d983,lofo,,,,,2,0.8,0.6,-0.086,0.1284,5,0
openstack,FP,4e2919e6b208a2e95d75782f9cad0a6f0892d983,lofo,,,,,3,0.8,0.6,-0.086,0.1284,5,0
openstack,FP,4e2919e6b208a2e95d75782f9cad0a6f0892d983,lofo,,,,,4,0.8,0.6,-0.086,0.1284,5,0
openstack,FP,4e2919e6b208a2e95d75782f9cad0a6f0892d983,lofo,,,,,5,0.8,0.6,-0.086,0.1284,5,0
openstack,FP,558f7b00f56f37adaa68239c9ce95d25b2d65f56,lofo,,,,,1,1.0,1.0,-0.15,0.1844,5,0
openstack,FP,558f7b00f56f37adaa68239c9ce95d25b2d65f56,lofo,,,,,2,1.0,1.0,-0.15,0.1844,5,0
openstack,FP,558f7b00f56f37adaa68239c9ce95d25b2d65f56,lofo,,,,,3,1.0,1.0,-0.15,0.1844,5,0
openstack,FP,558f7b00f56f37adaa68239c9ce95d25b2d65f56,lofo,,,,,4,1.0,1.0,-0.15,0.1844,5,0
openstack,FP,558f7b00f56f37adaa68239c9ce95d25b2d65f56,lofo,,,,,5,1.0,1.0,-0.15,0.1844,5,0
openstack,TN,70fad48add19cc565726f098e1e7a2165b24cc77,lofo,,,,,1,1.0,0.8,-0.0652,0.0652,5,0
openstack,TN,70fad48add19cc565726f098e1e7a2165b24cc77,lofo,,,,,2,1.0,0.8,-0.0652,0.0652,5,0
openstack,TN,70fad48add19cc565726f098e1e7a2165b24cc77,lofo,,,,,3,1.0,0.8,-0.0652,0.0652,5,0
openstack,TN,70fad48add19cc565726f098e1e7a2165b24cc77,lofo,,,,,4,1.0,0.8,-0.0652,0.0652,5,0
openstack,TN,70fad48add19cc565726f098e1e7a2165b24cc77,lofo,,,,,5,1.0,0.8,-0.0652,0.0652,5,0
openstack,TP,76d3c644f3f5866a5c07f80b66132d81b8b57e78,lofo,,,,,1,1.0,1.0,-0.3728,0.3728,5,0
openstack,TP,76d3c644f3f5866a5c07f80b66132d81b8b57e78,lofo,,,,,2,1.0,1.0,-0.3728,0.3728,5,0
openstack,TP,76d3c644f3f5866a5c07f80b66132d81b8b57e78,lofo,,,,,3,1.0,1.0,-0.3728,0.3728,5,0
openstack,TP,76d3c644f3f5866a5c07f80b66132d81b8b57e78,lofo,,,,,4,1.0,1.0,-0.3728,0.3728,5,0
openstack,TP,76d3c644f3f5866a5c07f80b66132d81b8b57e78,lofo,,,,,5,1.0,1.0,-0.3728,0.3728,5,0
openstack,FN,2b60912d5667350eae7ecbc67d4dba3658518d10,lofo,,,,,1,1.0,1.0,-0.0996,0.1611999999999999,5,0
openstack,FN,2b60912d5667350eae7ecbc67d4dba3658518d10,lofo,,,,,2,1.0,1.0,-0.0996,0.1611999999999999,5,0
openstack,FN,2b60912d5667350eae7ecbc67d4dba3658518d10,lofo,,,,,3,1.0,1.0,-0.0996,0.1611999999999999,5,0
openstack,FN,2b60912d5667350eae7ecbc67d4dba3658518d10,lofo,,,,,4,1.0,1.0,-0.0996,0.1611999999999999,5,0
openstack,FN,2b60912d5667350eae7ecbc67d4dba3658518d10,lofo,,,,,5,1.0,1.0,-0.0996,0.1611999999999999,5,0
openstack,TP,88c62c1ca290c1d2a33ff192a302e492a4b11cb3,lofo,,,,,1,0.8,1.0,-0.056,0.1248,5,0
openstack,TP,88c62c1ca290c1d2a33ff192a302e492a4b11cb3,lofo,,,,,2,0.8,1.0,-0.056,0.1248,5,0
openstack,TP,88c62c1ca290c1d2a33ff192a302e492a4b11cb3,lofo,,,,,3,0.8,1.0,-0.056,0.1248,5,0
openstack,TP,88c62c1ca290c1d2a33ff192a302e492a4b11cb3,lofo,,,,,4,0.8,1.0,-0.056,0.1248,5,0
openstack,TP,88c62c1ca290c1d2a33ff192a302e492a4b11cb3,lofo,,,,,5,0.8,1.0,-0.056,0.1248,5,0
openstack,FP,296da649452f66dd15a15ee4274ab0f8609250e2,lofo,,,,,1,1.0,1.0,-0.1532,0.2219999999999999,5,0
openstack,FP,296da649452f66dd15a15ee4274ab0f8609250e2,lofo,,,,,2,1.0,1.0,-0.1532,0.2219999999999999,5,0
openstack,FP,296da649452f66dd15a15ee4274ab0f8609250e2,lofo,,,,,3,1.0,1.0,-0.1532,0.2219999999999999,5,0
openstack,FP,296da649452f66dd15a15ee4274ab0f8609250e2,lofo,,,,,4,1.0,1.0,-0.1532,0.2219999999999999,5,0
openstack,FP,296da649452f66dd15a15ee4274ab0f8609250e2,lofo,,,,,5,1.0,1.0,-0.1532,0.2219999999999999,5,0
openstack,TP,379cf65d82b11f5e6f8732a585d5373beda85046,lofo,,,,,1,1.0,0.8,-0.1811999999999999,0.1859999999999999,5,0
openstack,TP,379cf65d82b11f5e6f8732a585d5373beda85046,lofo,,,,,2,1.0,0.8,-0.1811999999999999,0.1859999999999999,5,0
openstack,TP,379cf65d82b11f5e6f8732a585d5373beda85046,lofo,,,,,3,1.0,0.8,-0.1811999999999999,0.1859999999999999,5,0
openstack,TP,379cf65d82b11f5e6f8732a585d5373beda85046,lofo,,,,,4,1.0,0.8,-0.1811999999999999,0.1859999999999999,5,0
openstack,TP,379cf65d82b11f5e6f8732a585d5373beda85046,lofo,,,,,5,1.0,0.8,-0.1811999999999999,0.1859999999999999,5,0
openstack,TN,79a1a113775df87d420b242cea4bbf953df3779c,lofo,,,,,1,1.0,0.8,-0.068,0.0896,5,0
openstack,TN,79a1a113775df87d420b242cea4bbf953df3779c,lofo,,,,,2,1.0,0.8,-0.068,0.0896,5,0
openstack,TN,79a1a113775df87d420b242cea4bbf953df3779c,lofo,,,,,3,1.0,0.8,-0.068,0.0896,5,0
openstack,TN,79a1a113775df87d420b242cea4bbf953df3779c,lofo,,,,,4,1.0,0.8,-0.068,0.0896,5,0
openstack,TN,79a1a113775df87d420b242cea4bbf953df3779c,lofo,,,,,5,1.0,0.8,-0.068,0.0896,5,0
openstack,TN,dd444d84759d7b3c17e7c3e97f9565546f9d3df2,lofo,,,,,1,1.0,1.0,-0.0839999999999999,0.0839999999999999,5,0
openstack,TN,dd444d84759d7b3c17e7c3e97f9565546f9d3df2,lofo,,,,,2,1.0,1.0,-0.0839999999999999,0.0839999999999999,5,0
openstack,TN,dd444d84759d7b3c17e7c3e97f9565546f9d3df2,lofo,,,,,3,1.0,1.0,-0.0839999999999999,0.0839999999999999,5,0
openstack,TN,dd444d84759d7b3c17e7c3e97f9565546f9d3df2,lofo,,,,,4,1.0,1.0,-0.0839999999999999,0.0839999999999999,5,0
openstack,TN,dd444d84759d7b3c17e7c3e97f9565546f9d3df2,lofo,,,,,5,1.0,1.0,-0.0839999999999999,0.0839999999999999,5,0
openstack,TN,747373f4bdfe4814000a88e4443b56545d5d55bd,lofo,,,,,1,0.8,0.8,-0.0368,0.0408,5,0
openstack,TN,747373f4bdfe4814000a88e4443b56545d5d55bd,lofo,,,,,2,0.8,0.8,-0.0368,0.0408,5,0
openstack,TN,747373f4bdfe4814000a88e4443b56545d5d55bd,lofo,,,,,3,0.8,0.8,-0.0368,0.0408,5,0
openstack,TN,747373f4bdfe4814000a88e4443b56545d5d55bd,lofo,,,,,4,0.8,0.8,-0.0368,0.0408,5,0
openstack,TN,747373f4bdfe4814000a88e4443b56545d5d55bd,lofo,,,,,5,0.8,0.8,-0.0368,0.0408,5,0
openstack,FN,763fd62464e9a0753e061171cc1fd826055bbc01,lofo,,,,,1,1.0,1.0,0.0663999999999999,0.0831999999999999,5,0
openstack,FN,763fd62464e9a0753e061171cc1fd826055bbc01,lofo,,,,,2,1.0,1.0,0.0663999999999999,0.0831999999999999,5,0
openstack,FN,763fd62464e9a0753e061171cc1fd826055bbc01,lofo,,,,,3,1.0,1.0,0.0663999999999999,0.0831999999999999,5,0
openstack,FN,763fd62464e9a0753e061171cc1fd826055bbc01,lofo,,,,,4,1.0,1.0,0.0663999999999999,0.0831999999999999,5,0
openstack,FN,763fd62464e9a0753e061171cc1fd826055bbc01,lofo,,,,,5,1.0,1.0,0.0663999999999999,0.0831999999999999,5,0
openstack,FN,267eea50fd9e9c74faa96d529a7ec2fd8aa8d51f,lofo,,,,,1,1.0,0.8,-0.0475999999999999,0.106,5,0
openstack,FN,267eea50fd9e9c74faa96d529a7ec2fd8aa8d51f,lofo,,,,,2,1.0,0.8,-0.0475999999999999,0.106,5,0
openstack,FN,267eea50fd9e9c74faa96d529a7ec2fd8aa8d51f,lofo,,,,,3,1.0,0.8,-0.0475999999999999,0.106,5,0
openstack,FN,267eea50fd9e9c74faa96d529a7ec2fd8aa8d51f,lofo,,,,,4,1.0,0.8,-0.0475999999999999,0.106,5,0
openstack,FN,267eea50fd9e9c74faa96d529a7ec2fd8aa8d51f,lofo,,,,,5,1.0,0.8,-0.0475999999999999,0.106,5,0
openstack,TN,978066fe31a5331f143a05e1fd753c729b2dcf09,lofo,,,,,1,1.0,0.2,-0.0111999999999999,0.0239999999999999,5,0
openstack,TN,978066fe31a5331f143a05e1fd753c729b2dcf09,lofo,,,,,2,1.0,0.2,-0.0111999999999999,0.0239999999999999,5,0
openstack,TN,978066fe31a5331f143a05e1fd753c729b2dcf09,lofo,,,,,3,1.0,0.2,-0.0111999999999999,0.0239999999999999,5,0
openstack,TN,978066fe31a5331f143a05e1fd753c729b2dcf09,lofo,,,,,4,1.0,0.2,-0.0111999999999999,0.0239999999999999,5,0
openstack,TN,978066fe31a5331f143a05e1fd753c729b2dcf09,lofo,,,,,5,1.0,0.2,-0.0111999999999999,0.0239999999999999,5,0
openstack,TN,545925c66cb3ee005aa7e497ad4b3c97eb2f410b,lofo,,,,,1,1.0,1.0,-0.056,0.056,5,0
openstack,TN,545925c66cb3ee005aa7e497ad4b3c97eb2f410b,lofo,,,,,2,1.0,1.0,-0.056,0.056,5,0
openstack,TN,545925c66cb3ee005aa7e497ad4b3c97eb2f410b,lofo,,,,,3,1.0,1.0,-0.056,0.056,5,0
openstack,TN,545925c66cb3ee005aa7e497ad4b3c97eb2f410b,lofo,,,,,4,1.0,1.0,-0.056,0.056,5,0
openstack,TN,545925c66cb3ee005aa7e497ad4b3c97eb2f410b,lofo,,,,,5,1.0,1.0,-0.056,0.056,5,0
openstack,FN,bc6ca87a6a01ecbda926a78d07cadbd4e3ab97e0,lofo,,,,,1,1.0,1.0,0.0567999999999999,0.0807999999999999,5,0
openstack,FN,bc6ca87a6a01ecbda926a78d07cadbd4e3ab97e0,lofo,,,,,2,1.0,1.0,0.0567999999999999,0.0807999999999999,5,0
openstack,FN,bc6ca87a6a01ecbda926a78d07cadbd4e3ab97e0,lofo,,,,,3,1.0,1.0,0.0567999999999999,0.0807999999999999,5,0
openstack,FN,bc6ca87a6a01ecbda926a78d07cadbd4e3ab97e0,lofo,,,,,4,1.0,1.0,0.0567999999999999,0.0807999999999999,5,0
openstack,FN,bc6ca87a6a01ecbda926a78d07cadbd4e3ab97e0,lofo,,,,,5,1.0,1.0,0.0567999999999999,0.0807999999999999,5,0
openstack,FP,280cc7c5ae4b07a9a1e23b8f9cc925be9872c8e1,lofo,,,,,1,1.0,1.0,-0.1335999999999999,0.1656,5,0
openstack,FP,280cc7c5ae4b07a9a1e23b8f9cc925be9872c8e1,lofo,,,,,2,1.0,1.0,-0.1335999999999999,0.1656,5,0
openstack,FP,280cc7c5ae4b07a9a1e23b8f9cc925be9872c8e1,lofo,,,,,3,1.0,1.0,-0.1335999999999999,0.1656,5,0
openstack,FP,280cc7c5ae4b07a9a1e23b8f9cc925be9872c8e1,lofo,,,,,4,1.0,1.0,-0.1335999999999999,0.1656,5,0
openstack,FP,280cc7c5ae4b07a9a1e23b8f9cc925be9872c8e1,lofo,,,,,5,1.0,1.0,-0.1335999999999999,0.1656,5,0
openstack,FP,6aecf475dbff9c7d477378c021749b987d47deae,lofo,,,,,1,1.0,1.0,-0.258,0.258,5,0
openstack,FP,6aecf475dbff9c7d477378c021749b987d47deae,lofo,,,,,2,1.0,1.0,-0.258,0.258,5,0
openstack,FP,6aecf475dbff9c7d477378c021749b987d47deae,lofo,,,,,3,1.0,1.0,-0.258,0.258,5,0
openstack,FP,6aecf475dbff9c7d477378c021749b987d47deae,lofo,,,,,4,1.0,1.0,-0.258,0.258,5,0
openstack,FP,6aecf475dbff9c7d477378c021749b987d47deae,lofo,,,,,5,1.0,1.0,-0.258,0.258,5,0
openstack,FP,baa52224dc73e8ca3bdcbdaa5d62bc26fb38052f,lofo,,,,,1,0.8,1.0,-0.1688,0.2192,5,0
openstack,FP,baa52224dc73e8ca3bdcbdaa5d62bc26fb38052f,lofo,,,,,2,0.8,1.0,-0.1688,0.2192,5,0
openstack,FP,baa52224dc73e8ca3bdcbdaa5d62bc26fb38052f,lofo,,,,,3,0.8,1.0,-0.1688,0.2192,5,0
openstack,FP,baa52224dc73e8ca3bdcbdaa5d62bc26fb38052f,lofo,,,,,4,0.8,1.0,-0.1688,0.2192,5,0
openstack,FP,baa52224dc73e8ca3bdcbdaa5d62bc26fb38052f,lofo,,,,,5,0.8,1.0,-0.1688,0.2192,5,0
openstack,TN,d2e40a3e49819dace92975de3e3d7ba3a3fac79d,lofo,,,,,1,0.8,0.6,-0.0151999999999999,0.0359999999999999,5,0
openstack,TN,d2e40a3e49819dace92975de3e3d7ba3a3fac79d,lofo,,,,,2,0.8,0.6,-0.0151999999999999,0.0359999999999999,5,0
openstack,TN,d2e40a3e49819dace92975de3e3d7ba3a3fac79d,lofo,,,,,3,0.8,0.6,-0.0151999999999999,0.0359999999999999,5,0
openstack,TN,d2e40a3e49819dace92975de3e3d7ba3a3fac79d,lofo,,,,,4,0.8,0.6,-0.0151999999999999,0.0359999999999999,5,0
openstack,TN,d2e40a3e49819dace92975de3e3d7ba3a3fac79d,lofo,,,,,5,0.8,0.6,-0.0151999999999999,0.0359999999999999,5,0
openstack,TN,57566f4c8d2929c25e76564883369a7c6eda720a,lofo,,,,,1,0.8,0.2,-0.0179999999999999,0.0299999999999999,5,0
openstack,TN,57566f4c8d2929c25e76564883369a7c6eda720a,lofo,,,,,2,0.8,0.2,-0.0179999999999999,0.0299999999999999,5,0
openstack,TN,57566f4c8d2929c25e76564883369a7c6eda720a,lofo,,,,,3,0.8,0.2,-0.0179999999999999,0.0299999999999999,5,0
openstack,TN,57566f4c8d2929c25e76564883369a7c6eda720a,lofo,,,,,4,0.8,0.2,-0.0179999999999999,0.0299999999999999,5,0
openstack,TN,57566f4c8d2929c25e76564883369a7c6eda720a,lofo,,,,,5,0.8,0.2,-0.0179999999999999,0.0299999999999999,5,0
openstack,TP,03db94ebaa3fc2c76694fd566e2c9eefbf851a7f,lofo,,,,,1,1.0,1.0,-0.2256,0.2416,5,0
openstack,TP,03db94ebaa3fc2c76694fd566e2c9eefbf851a7f,lofo,,,,,2,1.0,1.0,-0.2256,0.2416,5,0
openstack,TP,03db94ebaa3fc2c76694fd566e2c9eefbf851a7f,lofo,,,,,3,1.0,1.0,-0.2256,0.2416,5,0
openstack,TP,03db94ebaa3fc2c76694fd566e2c9eefbf851a7f,lofo,,,,,4,1.0,1.0,-0.2256,0.2416,5,0
openstack,TP,03db94ebaa3fc2c76694fd566e2c9eefbf851a7f,lofo,,,,,5,1.0,1.0,-0.2256,0.2416,5,0
openstack,FN,703ba3c4e3d0b442c3097b6c844a59e560c09fe8,lofo,,,,,1,1.0,0.4,-0.0184,0.0304,5,0
openstack,FN,703ba3c4e3d0b442c3097b6c844a59e560c09fe8,lofo,,,,,2,1.0,0.4,-0.0184,0.0304,5,0
openstack,FN,703ba3c4e3d0b442c3097b6c844a59e560c09fe8,lofo,,,,,3,1.0,0.4,-0.0184,0.0304,5,0
openstack,FN,703ba3c4e3d0b442c3097b6c844a59e560c09fe8,lofo,,,,,4,1.0,0.4,-0.0184,0.0304,5,0
openstack,FN,703ba3c4e3d0b442c3097b6c844a59e560c09fe8,lofo,,,,,5,1.0,0.4,-0.0184,0.0304,5,0
openstack,FN,e3df049cad2b7a264acbad4d6baecbc813546e5d,lofo,,,,,1,1.0,0.8,-0.0555999999999999,0.0787999999999999,5,0
openstack,FN,e3df049cad2b7a264acbad4d6baecbc813546e5d,lofo,,,,,2,1.0,0.8,-0.0555999999999999,0.0787999999999999,5,0
openstack,FN,e3df049cad2b7a264acbad4d6baecbc813546e5d,lofo,,,,,3,1.0,0.8,-0.0555999999999999,0.0787999999999999,5,0
openstack,FN,e3df049cad2b7a264acbad4d6baecbc813546e5d,lofo,,,,,4,1.0,0.8,-0.0555999999999999,0.0787999999999999,5,0
openstack,FN,e3df049cad2b7a264acbad4d6baecbc813546e5d,lofo,,,,,5,1.0,0.8,-0.0555999999999999,0.0787999999999999,5,0
openstack,FN,d1b3adfbe471ad99ddf0dd2b483b77435c157aea,lofo,,,,,1,1.0,1.0,0.0752,0.1064,5,0
openstack,FN,d1b3adfbe471ad99ddf0dd2b483b77435c157aea,lofo,,,,,2,1.0,1.0,0.0752,0.1064,5,0
openstack,FN,d1b3adfbe471ad99ddf0dd2b483b77435c157aea,lofo,,,,,3,1.0,1.0,0.0752,0.1064,5,0
openstack,FN,d1b3adfbe471ad99ddf0dd2b483b77435c157aea,lofo,,,,,4,1.0,1.0,0.0752,0.1064,5,0
openstack,FN,d1b3adfbe471ad99ddf0dd2b483b77435c157aea,lofo,,,,,5,1.0,1.0,0.0752,0.1064,5,0
openstack,TN,87be408b126e81ded85b03896f9c85f8a8d4ac90,lofo,,,,,1,0.6,0.4,-0.0155999999999999,0.0412,5,0
openstack,TN,87be408b126e81ded85b03896f9c85f8a8d4ac90,lofo,,,,,2,0.6,0.4,-0.0155999999999999,0.0412,5,0
openstack,TN,87be408b126e81ded85b03896f9c85f8a8d4ac90,lofo,,,,,3,0.6,0.4,-0.0155999999999999,0.0412,5,0
openstack,TN,87be408b126e81ded85b03896f9c85f8a8d4ac90,lofo,,,,,4,0.6,0.4,-0.0155999999999999,0.0412,5,0
openstack,TN,87be408b126e81ded85b03896f9c85f8a8d4ac90,lofo,,,,,5,0.6,0.4,-0.0155999999999999,0.0412,5,0
openstack,TP,22c9cf3d95c3d14351045bac2920b4e0994ec42f,lofo,,,,,1,1.0,1.0,-0.3495999999999999,0.3495999999999999,5,0
openstack,TP,22c9cf3d95c3d14351045bac2920b4e0994ec42f,lofo,,,,,2,1.0,1.0,-0.3495999999999999,0.3495999999999999,5,0
openstack,TP,22c9cf3d95c3d14351045bac2920b4e0994ec42f,lofo,,,,,3,1.0,1.0,-0.3495999999999999,0.3495999999999999,5,0
openstack,TP,22c9cf3d95c3d14351045bac2920b4e0994ec42f,lofo,,,,,4,1.0,1.0,-0.3495999999999999,0.3495999999999999,5,0
openstack,TP,22c9cf3d95c3d14351045bac2920b4e0994ec42f,lofo,,,,,5,1.0,1.0,-0.3495999999999999,0.3495999999999999,5,0
openstack,TP,092820939d53268152893a15fdaf5129554fbcb3,lofo,,,,,1,1.0,1.0,-0.2344,0.2632,5,0
openstack,TP,092820939d53268152893a15fdaf5129554fbcb3,lofo,,,,,2,1.0,1.0,-0.2344,0.2632,5,0
openstack,TP,092820939d53268152893a15fdaf5129554fbcb3,lofo,,,,,3,1.0,1.0,-0.2344,0.2632,5,0
openstack,TP,092820939d53268152893a15fdaf5129554fbcb3,lofo,,,,,4,1.0,1.0,-0.2344,0.2632,5,0
openstack,TP,092820939d53268152893a15fdaf5129554fbcb3,lofo,,,,,5,1.0,1.0,-0.2344,0.2632,5,0
openstack,TN,dd13c2784b5aec539197d1b76fafc6a6b38a33e8,lofo,,,,,1,1.0,0.8,0.0411999999999999,0.0708,5,0
openstack,TN,dd13c2784b5aec539197d1b76fafc6a6b38a33e8,lofo,,,,,2,1.0,0.8,0.0411999999999999,0.0708,5,0
openstack,TN,dd13c2784b5aec539197d1b76fafc6a6b38a33e8,lofo,,,,,3,1.0,0.8,0.0411999999999999,0.0708,5,0
openstack,TN,dd13c2784b5aec539197d1b76fafc6a6b38a33e8,lofo,,,,,4,1.0,0.8,0.0411999999999999,0.0708,5,0
openstack,TN,dd13c2784b5aec539197d1b76fafc6a6b38a33e8,lofo,,,,,5,1.0,0.8,0.0411999999999999,0.0708,5,0
openstack,TP,40eaa89a9001edda3e1146831b26aaf7ded64c4a,lofo,,,,,1,1.0,1.0,-0.1672,0.2488,5,0
openstack,TP,40eaa89a9001edda3e1146831b26aaf7ded64c4a,lofo,,,,,2,1.0,1.0,-0.1672,0.2488,5,0
openstack,TP,40eaa89a9001edda3e1146831b26aaf7ded64c4a,lofo,,,,,3,1.0,1.0,-0.1672,0.2488,5,0
openstack,TP,40eaa89a9001edda3e1146831b26aaf7ded64c4a,lofo,,,,,4,1.0,1.0,-0.1672,0.2488,5,0
openstack,TP,40eaa89a9001edda3e1146831b26aaf7ded64c4a,lofo,,,,,5,1.0,1.0,-0.1672,0.2488,5,0
openstack,TN,1e6538d43e76b867776cf226e1d6d6c900412f99,lofo,,,,,1,1.0,1.0,-0.092,0.092,5,0
openstack,TN,1e6538d43e76b867776cf226e1d6d6c900412f99,lofo,,,,,2,1.0,1.0,-0.092,0.092,5,0
openstack,TN,1e6538d43e76b867776cf226e1d6d6c900412f99,lofo,,,,,3,1.0,1.0,-0.092,0.092,5,0
openstack,TN,1e6538d43e76b867776cf226e1d6d6c900412f99,lofo,,,,,4,1.0,1.0,-0.092,0.092,5,0
openstack,TN,1e6538d43e76b867776cf226e1d6d6c900412f99,lofo,,,,,5,1.0,1.0,-0.092,0.092,5,0
openstack,FP,70de423255fd01822188bb9082a0c0cc1c8ec2d0,lofo,,,,,1,1.0,1.0,-0.3664,0.3664,5,0
openstack,FP,70de423255fd01822188bb9082a0c0cc1c8ec2d0,lofo,,,,,2,1.0,1.0,-0.3664,0.3664,5,0
openstack,FP,70de423255fd01822188bb9082a0c0cc1c8ec2d0,lofo,,,,,3,1.0,1.0,-0.3664,0.3664,5,0
openstack,FP,70de423255fd01822188bb9082a0c0cc1c8ec2d0,lofo,,,,,4,1.0,1.0,-0.3664,0.3664,5,0
openstack,FP,70de423255fd01822188bb9082a0c0cc1c8ec2d0,lofo,,,,,5,1.0,1.0,-0.3664,0.3664,5,0
openstack,TP,56324c12aa58ff9cf46582611b071f3abb743ddf,lofo,,,,,1,1.0,1.0,-0.194,0.194,5,0
openstack,TP,56324c12aa58ff9cf46582611b071f3abb743ddf,lofo,,,,,2,1.0,1.0,-0.194,0.194,5,0
openstack,TP,56324c12aa58ff9cf46582611b071f3abb743ddf,lofo,,,,,3,1.0,1.0,-0.194,0.194,5,0
openstack,TP,56324c12aa58ff9cf46582611b071f3abb743ddf,lofo,,,,,4,1.0,1.0,-0.194,0.194,5,0
openstack,TP,56324c12aa58ff9cf46582611b071f3abb743ddf,lofo,,,,,5,1.0,1.0,-0.194,0.194,5,0
openstack,FN,848664f646bf087df59778434daa6feae1e71c74,lofo,,,,,1,1.0,1.0,-0.0891999999999999,0.0891999999999999,5,0
openstack,FN,848664f646bf087df59778434daa6feae1e71c74,lofo,,,,,2,1.0,1.0,-0.0891999999999999,0.0891999999999999,5,0
openstack,FN,848664f646bf087df59778434daa6feae1e71c74,lofo,,,,,3,1.0,1.0,-0.0891999999999999,0.0891999999999999,5,0
openstack,FN,848664f646bf087df59778434daa6feae1e71c74,lofo,,,,,4,1.0,1.0,-0.0891999999999999,0.0891999999999999,5,0
openstack,FN,848664f646bf087df59778434daa6feae1e71c74,lofo,,,,,5,1.0,1.0,-0.0891999999999999,0.0891999999999999,5,0
openstack,FN,91a8cd2952a25b340f5778cace95910e43cbcbb6,lofo,,,,,1,1.0,0.8,-0.0152,0.0839999999999999,5,0
openstack,FN,91a8cd2952a25b340f5778cace95910e43cbcbb6,lofo,,,,,2,1.0,0.8,-0.0152,0.0839999999999999,5,0
openstack,FN,91a8cd2952a25b340f5778cace95910e43cbcbb6,lofo,,,,,3,1.0,0.8,-0.0152,0.0839999999999999,5,0
openstack,FN,91a8cd2952a25b340f5778cace95910e43cbcbb6,lofo,,,,,4,1.0,0.8,-0.0152,0.0839999999999999,5,0
openstack,FN,91a8cd2952a25b340f5778cace95910e43cbcbb6,lofo,,,,,5,1.0,0.8,-0.0152,0.0839999999999999,5,0
openstack,FN,d402747547e1a356c6c2c20b57f52af39b63e831,lofo,,,,,1,0.8,0.8,-0.0263999999999999,0.068,5,0
openstack,FN,d402747547e1a356c6c2c20b57f52af39b63e831,lofo,,,,,2,0.8,0.8,-0.0263999999999999,0.068,5,0
openstack,FN,d402747547e1a356c6c2c20b57f52af39b63e831,lofo,,,,,3,0.8,0.8,-0.0263999999999999,0.068,5,0
openstack,FN,d402747547e1a356c6c2c20b57f52af39b63e831,lofo,,,,,4,0.8,0.8,-0.0263999999999999,0.068,5,0
openstack,FN,d402747547e1a356c6c2c20b57f52af39b63e831,lofo,,,,,5,0.8,0.8,-0.0263999999999999,0.068,5,0
openstack,TN,348b7a9f7d64094d60ece0460aed02b66c52f1b1,lofo,,,,,1,0.8,0.2,-0.0887999999999999,0.104,5,0
openstack,TN,348b7a9f7d64094d60ece0460aed02b66c52f1b1,lofo,,,,,2,0.8,0.2,-0.0887999999999999,0.104,5,0
openstack,TN,348b7a9f7d64094d60ece0460aed02b66c52f1b1,lofo,,,,,3,0.8,0.2,-0.0887999999999999,0.104,5,0
openstack,TN,348b7a9f7d64094d60ece0460aed02b66c52f1b1,lofo,,,,,4,0.8,0.2,-0.0887999999999999,0.104,5,0
openstack,TN,348b7a9f7d64094d60ece0460aed02b66c52f1b1,lofo,,,,,5,0.8,0.2,-0.0887999999999999,0.104,5,0
openstack,FP,2bb9e5563c69f79d5da23668b08dd9c88f9d4348,lofo,,,,,1,1.0,1.0,-0.1895999999999999,0.1895999999999999,5,0
openstack,FP,2bb9e5563c69f79d5da23668b08dd9c88f9d4348,lofo,,,,,2,1.0,1.0,-0.1895999999999999,0.1895999999999999,5,0
openstack,FP,2bb9e5563c69f79d5da23668b08dd9c88f9d4348,lofo,,,,,3,1.0,1.0,-0.1895999999999999,0.1895999999999999,5,0
openstack,FP,2bb9e5563c69f79d5da23668b08dd9c88f9d4348,lofo,,,,,4,1.0,1.0,-0.1895999999999999,0.1895999999999999,5,0
openstack,FP,2bb9e5563c69f79d5da23668b08dd9c88f9d4348,lofo,,,,,5,1.0,1.0,-0.1895999999999999,0.1895999999999999,5,0
openstack,TP,5f2b88b1aafb9a35638e54f796685f633428b6a5,lofo,,,,,1,1.0,0.8,-0.1636,0.1724,5,0
openstack,TP,5f2b88b1aafb9a35638e54f796685f633428b6a5,lofo,,,,,2,1.0,0.8,-0.1636,0.1724,5,0
openstack,TP,5f2b88b1aafb9a35638e54f796685f633428b6a5,lofo,,,,,3,1.0,0.8,-0.1636,0.1724,5,0
openstack,TP,5f2b88b1aafb9a35638e54f796685f633428b6a5,lofo,,,,,4,1.0,0.8,-0.1636,0.1724,5,0
openstack,TP,5f2b88b1aafb9a35638e54f796685f633428b6a5,lofo,,,,,5,1.0,0.8,-0.1636,0.1724,5,0
openstack,FN,017dd6b4bcf92c14d49421268cb571c00879f3cc,lofo,,,,,1,1.0,1.0,0.016,0.124,5,0
openstack,FN,017dd6b4bcf92c14d49421268cb571c00879f3cc,lofo,,,,,2,1.0,1.0,0.016,0.124,5,0
openstack,FN,017dd6b4bcf92c14d49421268cb571c00879f3cc,lofo,,,,,3,1.0,1.0,0.016,0.124,5,0
openstack,FN,017dd6b4bcf92c14d49421268cb571c00879f3cc,lofo,,,,,4,1.0,1.0,0.016,0.124,5,0
openstack,FN,017dd6b4bcf92c14d49421268cb571c00879f3cc,lofo,,,,,5,1.0,1.0,0.016,0.124,5,0
openstack,FP,41d6b479fe8baf66578044b8773c3b892d64a2c4,lofo,,,,,1,1.0,1.0,-0.1447999999999999,0.1447999999999999,5,0
openstack,FP,41d6b479fe8baf66578044b8773c3b892d64a2c4,lofo,,,,,2,1.0,1.0,-0.1447999999999999,0.1447999999999999,5,0
openstack,FP,41d6b479fe8baf66578044b8773c3b892d64a2c4,lofo,,,,,3,1.0,1.0,-0.1447999999999999,0.1447999999999999,5,0
openstack,FP,41d6b479fe8baf66578044b8773c3b892d64a2c4,lofo,,,,,4,1.0,1.0,-0.1447999999999999,0.1447999999999999,5,0
openstack,FP,41d6b479fe8baf66578044b8773c3b892d64a2c4,lofo,,,,,5,1.0,1.0,-0.1447999999999999,0.1447999999999999,5,0
openstack,FN,913a99c79456abbfef1642e6dc70e6a4ff4e25db,lofo,,,,,1,1.0,1.0,0.1008,0.1432,5,0
openstack,FN,913a99c79456abbfef1642e6dc70e6a4ff4e25db,lofo,,,,,2,1.0,1.0,0.1008,0.1432,5,0
openstack,FN,913a99c79456abbfef1642e6dc70e6a4ff4e25db,lofo,,,,,3,1.0,1.0,0.1008,0.1432,5,0
openstack,FN,913a99c79456abbfef1642e6dc70e6a4ff4e25db,lofo,,,,,4,1.0,1.0,0.1008,0.1432,5,0
openstack,FN,913a99c79456abbfef1642e6dc70e6a4ff4e25db,lofo,,,,,5,1.0,1.0,0.1008,0.1432,5,0
openstack,FP,e4ea54104ec38f5fe4c792d4d3d1865de34bb4c3,lofo,,,,,1,1.0,1.0,-0.2027999999999999,0.2027999999999999,5,0
openstack,FP,e4ea54104ec38f5fe4c792d4d3d1865de34bb4c3,lofo,,,,,2,1.0,1.0,-0.2027999999999999,0.2027999999999999,5,0
openstack,FP,e4ea54104ec38f5fe4c792d4d3d1865de34bb4c3,lofo,,,,,3,1.0,1.0,-0.2027999999999999,0.2027999999999999,5,0
openstack,FP,e4ea54104ec38f5fe4c792d4d3d1865de34bb4c3,lofo,,,,,4,1.0,1.0,-0.2027999999999999,0.2027999999999999,5,0
openstack,FP,e4ea54104ec38f5fe4c792d4d3d1865de34bb4c3,lofo,,,,,5,1.0,1.0,-0.2027999999999999,0.2027999999999999,5,0
openstack,FN,1c6b2fce289b68af92afeddf8d30efcda1903f06,lofo,,,,,1,1.0,0.6,-0.0487999999999999,0.0768,5,0
openstack,FN,1c6b2fce289b68af92afeddf8d30efcda1903f06,lofo,,,,,2,1.0,0.6,-0.0487999999999999,0.0768,5,0
openstack,FN,1c6b2fce289b68af92afeddf8d30efcda1903f06,lofo,,,,,3,1.0,0.6,-0.0487999999999999,0.0768,5,0
openstack,FN,1c6b2fce289b68af92afeddf8d30efcda1903f06,lofo,,,,,4,1.0,0.6,-0.0487999999999999,0.0768,5,0
openstack,FN,1c6b2fce289b68af92afeddf8d30efcda1903f06,lofo,,,,,5,1.0,0.6,-0.0487999999999999,0.0768,5,0
openstack,FN,8ccdc4ac5053c6e39660044a9f8c1f695370e9a7,lofo,,,,,1,1.0,1.0,0.0279999999999999,0.0984,5,0
openstack,FN,8ccdc4ac5053c6e39660044a9f8c1f695370e9a7,lofo,,,,,2,1.0,1.0,0.0279999999999999,0.0984,5,0
openstack,FN,8ccdc4ac5053c6e39660044a9f8c1f695370e9a7,lofo,,,,,3,1.0,1.0,0.0279999999999999,0.0984,5,0
openstack,FN,8ccdc4ac5053c6e39660044a9f8c1f695370e9a7,lofo,,,,,4,1.0,1.0,0.0279999999999999,0.0984,5,0
openstack,FN,8ccdc4ac5053c6e39660044a9f8c1f695370e9a7,lofo,,,,,5,1.0,1.0,0.0279999999999999,0.0984,5,0
openstack,FP,a985e34cdeef777fe7ff943e363a5f1be6d991b7,lofo,,,,,1,0.8,1.0,-0.118,0.118,5,0
openstack,FP,a985e34cdeef777fe7ff943e363a5f1be6d991b7,lofo,,,,,2,0.8,1.0,-0.118,0.118,5,0
openstack,FP,a985e34cdeef777fe7ff943e363a5f1be6d991b7,lofo,,,,,3,0.8,1.0,-0.118,0.118,5,0
openstack,FP,a985e34cdeef777fe7ff943e363a5f1be6d991b7,lofo,,,,,4,0.8,1.0,-0.118,0.118,5,0
openstack,FP,a985e34cdeef777fe7ff943e363a5f1be6d991b7,lofo,,,,,5,0.8,1.0,-0.118,0.118,5,0
openstack,TP,3b28cb2a10f7746a32cb7f7b62b6fc92ebcfb1e5,lofo,,,,,1,1.0,1.0,-0.218,0.2452,5,0
openstack,TP,3b28cb2a10f7746a32cb7f7b62b6fc92ebcfb1e5,lofo,,,,,2,1.0,1.0,-0.218,0.2452,5,0
openstack,TP,3b28cb2a10f7746a32cb7f7b62b6fc92ebcfb1e5,lofo,,,,,3,1.0,1.0,-0.218,0.2452,5,0
openstack,TP,3b28cb2a10f7746a32cb7f7b62b6fc92ebcfb1e5,lofo,,,,,4,1.0,1.0,-0.218,0.2452,5,0
openstack,TP,3b28cb2a10f7746a32cb7f7b62b6fc92ebcfb1e5,lofo,,,,,5,1.0,1.0,-0.218,0.2452,5,0
openstack,FN,c2c37272bf788aac63399127cddd487dc0f15c38,lofo,,,,,1,1.0,0.4,-0.0232,0.036,5,0
openstack,FN,c2c37272bf788aac63399127cddd487dc0f15c38,lofo,,,,,2,1.0,0.4,-0.0232,0.036,5,0
openstack,FN,c2c37272bf788aac63399127cddd487dc0f15c38,lofo,,,,,3,1.0,0.4,-0.0232,0.036,5,0
openstack,FN,c2c37272bf788aac63399127cddd487dc0f15c38,lofo,,,,,4,1.0,0.4,-0.0232,0.036,5,0
openstack,FN,c2c37272bf788aac63399127cddd487dc0f15c38,lofo,,,,,5,1.0,0.4,-0.0232,0.036,5,0
openstack,FN,37510ac03478704bafba89e8c4f4e0e9041d661d,lofo,,,,,1,1.0,1.0,0.1136,0.1136,5,0
openstack,FN,37510ac03478704bafba89e8c4f4e0e9041d661d,lofo,,,,,2,1.0,1.0,0.1136,0.1136,5,0
openstack,FN,37510ac03478704bafba89e8c4f4e0e9041d661d,lofo,,,,,3,1.0,1.0,0.1136,0.1136,5,0
openstack,FN,37510ac03478704bafba89e8c4f4e0e9041d661d,lofo,,,,,4,1.0,1.0,0.1136,0.1136,5,0
openstack,FN,37510ac03478704bafba89e8c4f4e0e9041d661d,lofo,,,,,5,1.0,1.0,0.1136,0.1136,5,0
openstack,TN,5cc9d999352c21d3f4b5c39d3ea9d4378ca86544,lofo,,,,,1,1.0,1.0,-0.0379999999999999,0.1428,5,0
openstack,TN,5cc9d999352c21d3f4b5c39d3ea9d4378ca86544,lofo,,,,,2,1.0,1.0,-0.0379999999999999,0.1428,5,0
openstack,TN,5cc9d999352c21d3f4b5c39d3ea9d4378ca86544,lofo,,,,,3,1.0,1.0,-0.0379999999999999,0.1428,5,0
openstack,TN,5cc9d999352c21d3f4b5c39d3ea9d4378ca86544,lofo,,,,,4,1.0,1.0,-0.0379999999999999,0.1428,5,0
openstack,TN,5cc9d999352c21d3f4b5c39d3ea9d4378ca86544,lofo,,,,,5,1.0,1.0,-0.0379999999999999,0.1428,5,0
openstack,FP,ce12d7a1e53fffce57baab18de2ab885ba1df8ee,lofo,,,,,1,1.0,0.8,-0.0516,0.1068,5,0
openstack,FP,ce12d7a1e53fffce57baab18de2ab885ba1df8ee,lofo,,,,,2,1.0,0.8,-0.0516,0.1068,5,0
openstack,FP,ce12d7a1e53fffce57baab18de2ab885ba1df8ee,lofo,,,,,3,1.0,0.8,-0.0516,0.1068,5,0
openstack,FP,ce12d7a1e53fffce57baab18de2ab885ba1df8ee,lofo,,,,,4,1.0,0.8,-0.0516,0.1068,5,0
openstack,FP,ce12d7a1e53fffce57baab18de2ab885ba1df8ee,lofo,,,,,5,1.0,0.8,-0.0516,0.1068,5,0
openstack,FN,221f386029faf499c5a445374685cba5b67df31e,lofo,,,,,1,1.0,1.0,-0.0343999999999999,0.1688,5,0
openstack,FN,221f386029faf499c5a445374685cba5b67df31e,lofo,,,,,2,1.0,1.0,-0.0343999999999999,0.1688,5,0
openstack,FN,221f386029faf499c5a445374685cba5b67df31e,lofo,,,,,3,1.0,1.0,-0.0343999999999999,0.1688,5,0
openstack,FN,221f386029faf499c5a445374685cba5b67df31e,lofo,,,,,4,1.0,1.0,-0.0343999999999999,0.1688,5,0
openstack,FN,221f386029faf499c5a445374685cba5b67df31e,lofo,,,,,5,1.0,1.0,-0.0343999999999999,0.1688,5,0
openstack,FP,3eea37b85b1abc72786a2b24baf01141b4d95f08,lofo,,,,,1,1.0,0.8,-0.0856,0.1424,5,0
openstack,FP,3eea37b85b1abc72786a2b24baf01141b4d95f08,lofo,,,,,2,1.0,0.8,-0.0856,0.1424,5,0
openstack,FP,3eea37b85b1abc72786a2b24baf01141b4d95f08,lofo,,,,,3,1.0,0.8,-0.0856,0.1424,5,0
openstack,FP,3eea37b85b1abc72786a2b24baf01141b4d95f08,lofo,,,,,4,1.0,0.8,-0.0856,0.1424,5,0
openstack,FP,3eea37b85b1abc72786a2b24baf01141b4d95f08,lofo,,,,,5,1.0,0.8,-0.0856,0.1424,5,0
openstack,FN,589c495c1ae62129e20ab5e2641e330541eee01f,lofo,,,,,1,0.8,0.8,-0.0068,0.1083999999999999,5,0
openstack,FN,589c495c1ae62129e20ab5e2641e330541eee01f,lofo,,,,,2,0.8,0.8,-0.0068,0.1083999999999999,5,0
openstack,FN,589c495c1ae62129e20ab5e2641e330541eee01f,lofo,,,,,3,0.8,0.8,-0.0068,0.1083999999999999,5,0
openstack,FN,589c495c1ae62129e20ab5e2641e330541eee01f,lofo,,,,,4,0.8,0.8,-0.0068,0.1083999999999999,5,0
openstack,FN,589c495c1ae62129e20ab5e2641e330541eee01f,lofo,,,,,5,0.8,0.8,-0.0068,0.1083999999999999,5,0
openstack,FP,750e065d6d137715dd03d5c90623145177f64cbb,lofo,,,,,1,1.0,0.8,-0.1512,0.1543999999999999,5,0
openstack,FP,750e065d6d137715dd03d5c90623145177f64cbb,lofo,,,,,2,1.0,0.8,-0.1512,0.1543999999999999,5,0
openstack,FP,750e065d6d137715dd03d5c90623145177f64cbb,lofo,,,,,3,1.0,0.8,-0.1512,0.1543999999999999,5,0
openstack,FP,750e065d6d137715dd03d5c90623145177f64cbb,lofo,,,,,4,1.0,0.8,-0.1512,0.1543999999999999,5,0
openstack,FP,750e065d6d137715dd03d5c90623145177f64cbb,lofo,,,,,5,1.0,0.8,-0.1512,0.1543999999999999,5,0
qt,FP,3d3ce2afe1937531f5fdc2af56697e93133e6d98,counterfactual,,,,,1,1.0,1.0,-0.026085561309544,0.0899288656242769,5,0
qt,FP,3d3ce2afe1937531f5fdc2af56697e93133e6d98,counterfactual,,,,,2,1.0,1.0,-0.0260855613095439,0.0899288656242769,5,0
qt,FP,3d3ce2afe1937531f5fdc2af56697e93133e6d98,counterfactual,,,,,3,1.0,1.0,-0.0260855613095439,0.0899288656242769,5,0
qt,FP,3d3ce2afe1937531f5fdc2af56697e93133e6d98,counterfactual,,,,,4,1.0,1.0,-0.0260855613095439,0.0899288656242769,5,0
qt,FP,3d3ce2afe1937531f5fdc2af56697e93133e6d98,counterfactual,,,,,5,1.0,1.0,-0.0260855613095439,0.089928865624277,5,0
qt,TN,eb5994df1307b2e17e729374e1f7ab1c8fe82750,counterfactual,,,,,1,1.0,0.6,-0.0525861544936911,0.0525861544936911,5,0
qt,TN,eb5994df1307b2e17e729374e1f7ab1c8fe82750,counterfactual,,,,,2,1.0,0.6,-0.0525861544936911,0.0525861544936911,5,0
qt,TN,eb5994df1307b2e17e729374e1f7ab1c8fe82750,counterfactual,,,,,3,1.0,0.6,-0.0525861544936911,0.0525861544936911,5,0
qt,TN,eb5994df1307b2e17e729374e1f7ab1c8fe82750,counterfactual,,,,,4,1.0,0.6,-0.0525861544936911,0.0525861544936911,5,0
qt,TN,eb5994df1307b2e17e729374e1f7ab1c8fe82750,counterfactual,,,,,5,1.0,0.6,-0.0525861544936911,0.0525861544936911,5,0
qt,FN,2ad213cc02094e003802530757fa4010720a22e6,counterfactual,,,,,1,1.0,0.8,-0.0331133231393402,0.0469925296471181,5,0
qt,FN,2ad213cc02094e003802530757fa4010720a22e6,counterfactual,,,,,2,1.0,0.8,-0.0331133231393402,0.0469925296471181,5,0
qt,FN,2ad213cc02094e003802530757fa4010720a22e6,counterfactual,,,,,3,1.0,0.8,-0.0331133231393401,0.0469925296471181,5,0
qt,FN,2ad213cc02094e003802530757fa4010720a22e6,counterfactual,,,,,4,1.0,0.8,-0.0331133231393402,0.0469925296471181,5,0
qt,FN,2ad213cc02094e003802530757fa4010720a22e6,counterfactual,,,,,5,1.0,0.8,-0.0331133231393401,0.046992529647118,5,0
qt,TP,256bbc4f139036a780a63b80af8bb461a77d333a,counterfactual,,,,,1,1.0,1.0,-0.164628392275404,0.164628392275404,5,0
qt,TP,256bbc4f139036a780a63b80af8bb461a77d333a,counterfactual,,,,,2,1.0,1.0,-0.164628392275404,0.164628392275404,5,0
qt,TP,256bbc4f139036a780a63b80af8bb461a77d333a,counterfactual,,,,,3,1.0,1.0,-0.1646283922754039,0.1646283922754039,5,0
qt,TP,256bbc4f139036a780a63b80af8bb461a77d333a,counterfactual,,,,,4,1.0,1.0,-0.1646283922754039,0.1646283922754039,5,0
qt,TP,256bbc4f139036a780a63b80af8bb461a77d333a,counterfactual,,,,,5,1.0,1.0,-0.1646283922754039,0.1646283922754039,5,0
qt,TP,ae292be8690109940fdd9862321b2389a0957404,counterfactual,,,,,1,1.0,1.0,-0.1088327403688746,0.193709495406554,5,0
qt,TP,ae292be8690109940fdd9862321b2389a0957404,counterfactual,,,,,2,1.0,1.0,-0.1088327403688747,0.193709495406554,5,0
qt,TP,ae292be8690109940fdd9862321b2389a0957404,counterfactual,,,,,3,1.0,1.0,-0.1088327403688747,0.193709495406554,5,0
qt,TP,ae292be8690109940fdd9862321b2389a0957404,counterfactual,,,,,4,1.0,1.0,-0.1088327403688747,0.193709495406554,5,0
qt,TP,ae292be8690109940fdd9862321b2389a0957404,counterfactual,,,,,5,1.0,1.0,-0.1088327403688747,0.193709495406554,5,0
qt,FN,3786411f7f8770f28ba2a97cb646a0eb7a5eaa99,counterfactual,,,,,1,0.6,0.6,0.0206731550952854,0.0437212812250224,5,0
qt,FN,3786411f7f8770f28ba2a97cb646a0eb7a5eaa99,counterfactual,,,,,2,0.6,0.6,0.0206731550952853,0.0437212812250225,5,0
qt,FN,3786411f7f8770f28ba2a97cb646a0eb7a5eaa99,counterfactual,,,,,3,0.6,0.6,0.0206731550952854,0.0437212812250224,5,0
qt,FN,3786411f7f8770f28ba2a97cb646a0eb7a5eaa99,counterfactual,,,,,4,0.6,0.6,0.0206731550952853,0.0437212812250223,5,0
qt,FN,3786411f7f8770f28ba2a97cb646a0eb7a5eaa99,counterfactual,,,,,5,0.6,0.6,0.0206731550952854,0.0437212812250224,5,0
qt,FP,8835c0376befd009702b9a17c506639e31c842b9,counterfactual,,,,,1,1.0,0.6,-0.146908331132425,0.146908331132425,5,0
qt,FP,8835c0376befd009702b9a17c506639e31c842b9,counterfactual,,,,,2,1.0,0.6,-0.146908331132425,0.146908331132425,5,0
qt,FP,8835c0376befd009702b9a17c506639e31c842b9,counterfactual,,,,,3,1.0,0.6,-0.146908331132425,0.146908331132425,5,0
qt,FP,8835c0376befd009702b9a17c506639e31c842b9,counterfactual,,,,,4,1.0,0.6,-0.146908331132425,0.146908331132425,5,0
qt,FP,8835c0376befd009702b9a17c506639e31c842b9,counterfactual,,,,,5,1.0,0.6,-0.146908331132425,0.146908331132425,5,0
qt,FN,9e99dba4a22bbf212b3e6d1e2607a16dbbd04d90,counterfactual,,,,,1,0.6,1.0,0.0853122449604563,0.0853122449604563,5,0
qt,FN,9e99dba4a22bbf212b3e6d1e2607a16dbbd04d90,counterfactual,,,,,2,0.6,1.0,0.0853122449604563,0.0853122449604563,5,0
qt,FN,9e99dba4a22bbf212b3e6d1e2607a16dbbd04d90,counterfactual,,,,,3,0.6,1.0,0.0853122449604563,0.0853122449604563,5,0
qt,FN,9e99dba4a22bbf212b3e6d1e2607a16dbbd04d90,counterfactual,,,,,4,0.6,1.0,0.0853122449604563,0.0853122449604563,5,0
qt,FN,9e99dba4a22bbf212b3e6d1e2607a16dbbd04d90,counterfactual,,,,,5,0.6,1.0,0.0853122449604563,0.0853122449604563,5,0
qt,FN,f506e01665c9bf689887ccf057a03588829efeea,counterfactual,,,,,1,0.8,0.8,-0.0500353805966053,0.0518056780862306,5,0
qt,FN,f506e01665c9bf689887ccf057a03588829efeea,counterfactual,,,,,2,0.8,0.8,-0.0500353805966053,0.0518056780862306,5,0
qt,FN,f506e01665c9bf689887ccf057a03588829efeea,counterfactual,,,,,3,0.8,0.8,-0.0500353805966053,0.0518056780862306,5,0
qt,FN,f506e01665c9bf689887ccf057a03588829efeea,counterfactual,,,,,4,0.8,0.8,-0.0500353805966053,0.0518056780862307,5,0
qt,FN,f506e01665c9bf689887ccf057a03588829efeea,counterfactual,,,,,5,0.8,0.8,-0.0500353805966053,0.0518056780862306,5,0
qt,TP,fa7626713b3a943609453459190e16c49d61dfd3,counterfactual,,,,,1,0.6,0.6,-0.0729541080204893,0.0846593194757008,5,0
qt,TP,fa7626713b3a943609453459190e16c49d61dfd3,counterfactual,,,,,2,0.6,0.6,-0.0729541080204893,0.0846593194757008,5,0
qt,TP,fa7626713b3a943609453459190e16c49d61dfd3,counterfactual,,,,,3,0.6,0.6,-0.0729541080204893,0.0846593194757008,5,0
qt,TP,fa7626713b3a943609453459190e16c49d61dfd3,counterfactual,,,,,4,0.6,0.6,-0.0729541080204893,0.0846593194757008,5,0
qt,TP,fa7626713b3a943609453459190e16c49d61dfd3,counterfactual,,,,,5,0.6,0.6,-0.0729541080204893,0.0846593194757008,5,0
qt,FP,093064fdeb6e777d2dc88dbb4f4adb8fddac3aa5,counterfactual,,,,,1,1.0,0.8,-0.259644857292075,0.259644857292075,5,0
qt,FP,093064fdeb6e777d2dc88dbb4f4adb8fddac3aa5,counterfactual,,,,,2,1.0,0.8,-0.2596448572920749,0.2596448572920749,5,0
qt,FP,093064fdeb6e777d2dc88dbb4f4adb8fddac3aa5,counterfactual,,,,,3,1.0,0.8,-0.259644857292075,0.259644857292075,5,0
qt,FP,093064fdeb6e777d2dc88dbb4f4adb8fddac3aa5,counterfactual,,,,,4,1.0,0.8,-0.2596448572920749,0.2596448572920749,5,0
qt,FP,093064fdeb6e777d2dc88dbb4f4adb8fddac3aa5,counterfactual,,,,,5,1.0,0.8,-0.2596448572920749,0.2596448572920749,5,0
qt,TP,da8ace713a19d2a8c9831ddf50d17607bc4856cc,counterfactual,,,,,1,1.0,1.0,-0.1487630353066159,0.1487630353066159,5,0
qt,TP,da8ace713a19d2a8c9831ddf50d17607bc4856cc,counterfactual,,,,,2,1.0,1.0,-0.1487630353066159,0.1487630353066159,5,0
qt,TP,da8ace713a19d2a8c9831ddf50d17607bc4856cc,counterfactual,,,,,3,1.0,1.0,-0.1487630353066159,0.1487630353066159,5,0
qt,TP,da8ace713a19d2a8c9831ddf50d17607bc4856cc,counterfactual,,,,,4,1.0,1.0,-0.1487630353066159,0.1487630353066159,5,0
qt,TP,da8ace713a19d2a8c9831ddf50d17607bc4856cc,counterfactual,,,,,5,1.0,1.0,-0.1487630353066159,0.1487630353066159,5,0
qt,FP,08cfd02312d21391c956b8bf50ab7d6caa0d8082,counterfactual,,,,,1,1.0,1.0,-0.0800592503390222,0.1341064873876876,5,0
qt,FP,08cfd02312d21391c956b8bf50ab7d6caa0d8082,counterfactual,,,,,2,1.0,1.0,-0.0800592503390222,0.1341064873876876,5,0
qt,FP,08cfd02312d21391c956b8bf50ab7d6caa0d8082,counterfactual,,,,,3,1.0,1.0,-0.0800592503390222,0.1341064873876876,5,0
qt,FP,08cfd02312d21391c956b8bf50ab7d6caa0d8082,counterfactual,,,,,4,1.0,1.0,-0.0800592503390222,0.1341064873876876,5,0
qt,FP,08cfd02312d21391c956b8bf50ab7d6caa0d8082,counterfactual,,,,,5,1.0,1.0,-0.0800592503390222,0.1341064873876876,5,0
qt,FP,a02b371eb2f34bf198c95cf0caa1fbad639f96bb,counterfactual,,,,,1,1.0,0.8,-0.0568720476302408,0.0749108278975925,5,0
qt,FP,a02b371eb2f34bf198c95cf0caa1fbad639f96bb,counterfactual,,,,,2,1.0,0.8,-0.0568720476302409,0.0749108278975925,5,0
qt,FP,a02b371eb2f34bf198c95cf0caa1fbad639f96bb,counterfactual,,,,,3,1.0,0.8,-0.0568720476302409,0.0749108278975925,5,0
qt,FP,a02b371eb2f34bf198c95cf0caa1fbad639f96bb,counterfactual,,,,,4,1.0,0.8,-0.0568720476302408,0.0749108278975925,5,0
qt,FP,a02b371eb2f34bf198c95cf0caa1fbad639f96bb,counterfactual,,,,,5,1.0,0.8,-0.0568720476302409,0.0749108278975925,5,0
qt,TN,5cb54cb5ebae99fab121061e25e26eec3056203a,counterfactual,,,,,1,1.0,1.0,0.0787183493985389,0.0787183493985389,5,0
qt,TN,5cb54cb5ebae99fab121061e25e26eec3056203a,counterfactual,,,,,2,1.0,1.0,0.0787183493985389,0.0787183493985389,5,0
qt,TN,5cb54cb5ebae99fab121061e25e26eec3056203a,counterfactual,,,,,3,1.0,1.0,0.0787183493985389,0.0787183493985389,5,0
qt,TN,5cb54cb5ebae99fab121061e25e26eec3056203a,counterfactual,,,,,4,1.0,1.0,0.0787183493985389,0.0787183493985389,5,0
qt,TN,5cb54cb5ebae99fab121061e25e26eec3056203a,counterfactual,,,,,5,1.0,1.0,0.0787183493985389,0.0787183493985389,5,0
qt,TN,9a50333dd03969abb3f09c0f90dcb4afd048e47a,counterfactual,,,,,1,0.8,0.6,-0.0548080737958835,0.0676001479007335,5,0
qt,TN,9a50333dd03969abb3f09c0f90dcb4afd048e47a,counterfactual,,,,,2,0.8,0.6,-0.0548080737958834,0.0676001479007335,5,0
qt,TN,9a50333dd03969abb3f09c0f90dcb4afd048e47a,counterfactual,,,,,3,0.8,0.6,-0.0548080737958834,0.0676001479007335,5,0
qt,TN,9a50333dd03969abb3f09c0f90dcb4afd048e47a,counterfactual,,,,,4,0.8,0.6,-0.0548080737958835,0.0676001479007335,5,0
qt,TN,9a50333dd03969abb3f09c0f90dcb4afd048e47a,counterfactual,,,,,5,0.8,0.6,-0.0548080737958834,0.0676001479007335,5,0
qt,FN,18f7e6dc9f59159b70cb7e6a8745738f42d4f46f,counterfactual,,,,,1,1.0,0.8,0.0261297160270071,0.0962842850095501,5,0
qt,FN,18f7e6dc9f59159b70cb7e6a8745738f42d4f46f,counterfactual,,,,,2,1.0,0.8,0.0261297160270071,0.0962842850095501,5,0
qt,FN,18f7e6dc9f59159b70cb7e6a8745738f42d4f46f,counterfactual,,,,,3,1.0,0.8,0.0261297160270071,0.0962842850095501,5,0
qt,FN,18f7e6dc9f59159b70cb7e6a8745738f42d4f46f,counterfactual,,,,,4,1.0,0.8,0.0261297160270071,0.0962842850095502,5,0
qt,FN,18f7e6dc9f59159b70cb7e6a8745738f42d4f46f,counterfactual,,,,,5,1.0,0.8,0.0261297160270071,0.0962842850095502,5,0
qt,TP,d31304eab9e7424edc20fb83a8a19cd979458029,counterfactual,,,,,1,0.8,0.8,0.0261969876197617,0.1094713989927026,5,0
qt,TP,d31304eab9e7424edc20fb83a8a19cd979458029,counterfactual,,,,,2,0.8,0.8,0.0261969876197617,0.1094713989927026,5,0
qt,TP,d31304eab9e7424edc20fb83a8a19cd979458029,counterfactual,,,,,3,0.8,0.8,0.0261969876197617,0.1094713989927026,5,0
qt,TP,d31304eab9e7424edc20fb83a8a19cd979458029,counterfactual,,,,,4,0.8,0.8,0.0261969876197617,0.1094713989927026,5,0
qt,TP,d31304eab9e7424edc20fb83a8a19cd979458029,counterfactual,,,,,5,0.8,0.8,0.0261969876197617,0.1094713989927026,5,0
qt,TN,bd79c331f14e6cfab9e0b5815404c8194526e8f1,counterfactual,,,,,1,0.8,0.6,-0.0180602094273069,0.0469460738993105,5,0
qt,TN,bd79c331f14e6cfab9e0b5815404c8194526e8f1,counterfactual,,,,,2,0.8,0.6,-0.0180602094273069,0.0469460738993105,5,0
qt,TN,bd79c331f14e6cfab9e0b5815404c8194526e8f1,counterfactual,,,,,3,0.8,0.6,-0.0180602094273069,0.0469460738993105,5,0
qt,TN,bd79c331f14e6cfab9e0b5815404c8194526e8f1,counterfactual,,,,,4,0.8,0.6,-0.0180602094273069,0.0469460738993105,5,0
qt,TN,bd79c331f14e6cfab9e0b5815404c8194526e8f1,counterfactual,,,,,5,0.8,0.6,-0.0180602094273069,0.0469460738993105,5,0
qt,TN,67ee72f3145fd14b36af408918ed3420504d3035,counterfactual,,,,,1,0.8,0.6,-0.0529067425769343,0.0550162216943081,5,0
qt,TN,67ee72f3145fd14b36af408918ed3420504d3035,counterfactual,,,,,2,0.8,0.6,-0.0529067425769343,0.0550162216943081,5,0
qt,TN,67ee72f3145fd14b36af408918ed3420504d3035,counterfactual,,,,,3,0.8,0.6,-0.0529067425769343,0.0550162216943081,5,0
qt,TN,67ee72f3145fd14b36af408918ed3420504d3035,counterfactual,,,,,4,0.8,0.6,-0.0529067425769343,0.0550162216943081,5,0
qt,TN,67ee72f3145fd14b36af408918ed3420504d3035,counterfactual,,,,,5,0.8,0.6,-0.0529067425769343,0.0550162216943081,5,0
qt,FN,67ced4791ddabebfa19a2f101aa292b5eba60b90,counterfactual,,,,,1,0.8,0.8,0.0307443080758247,0.0644365490001666,5,0
qt,FN,67ced4791ddabebfa19a2f101aa292b5eba60b90,counterfactual,,,,,2,0.8,0.8,0.0307443080758247,0.0644365490001666,5,0
qt,FN,67ced4791ddabebfa19a2f101aa292b5eba60b90,counterfactual,,,,,3,0.8,0.8,0.0307443080758247,0.0644365490001666,5,0
qt,FN,67ced4791ddabebfa19a2f101aa292b5eba60b90,counterfactual,,,,,4,0.8,0.8,0.0307443080758247,0.0644365490001666,5,0
qt,FN,67ced4791ddabebfa19a2f101aa292b5eba60b90,counterfactual,,,,,5,0.8,0.8,0.0307443080758247,0.0644365490001666,5,0
qt,FP,86d91d2bf8e7ac7a75f88f0e4886140abc06fd4c,counterfactual,,,,,1,1.0,0.8,-0.1368112002699625,0.1984828719566718,5,0
qt,FP,86d91d2bf8e7ac7a75f88f0e4886140abc06fd4c,counterfactual,,,,,2,1.0,0.8,-0.1368112002699625,0.1984828719566718,5,0
qt,FP,86d91d2bf8e7ac7a75f88f0e4886140abc06fd4c,counterfactual,,,,,3,1.0,0.8,-0.1368112002699625,0.1984828719566717,5,0
qt,FP,86d91d2bf8e7ac7a75f88f0e4886140abc06fd4c,counterfactual,,,,,4,1.0,0.8,-0.1368112002699625,0.1984828719566717,5,0
qt,FP,86d91d2bf8e7ac7a75f88f0e4886140abc06fd4c,counterfactual,,,,,5,1.0,0.8,-0.1368112002699625,0.1984828719566717,5,0
qt,TN,121cdbdd30de1bee58e349859409dd08865c17f5,counterfactual,,,,,1,0.6,0.6,-0.0243769051676614,0.0418963288591108,5,0
qt,TN,121cdbdd30de1bee58e349859409dd08865c17f5,counterfactual,,,,,2,0.6,0.6,-0.0243769051676614,0.0418963288591107,5,0
qt,TN,121cdbdd30de1bee58e349859409dd08865c17f5,counterfactual,,,,,3,0.6,0.6,-0.0243769051676614,0.0418963288591108,5,0
qt,TN,121cdbdd30de1bee58e349859409dd08865c17f5,counterfactual,,,,,4,0.6,0.6,-0.0243769051676616,0.0418963288591108,5,0
qt,TN,121cdbdd30de1bee58e349859409dd08865c17f5,counterfactual,,,,,5,0.6,0.6,-0.0243769051676615,0.0418963288591106,5,0
qt,TP,9bd30943bae136d28d42b9a9188a8586c963d461,counterfactual,,,,,1,1.0,0.6,-0.063440664285589,0.0738625286367767,5,0
qt,TP,9bd30943bae136d28d42b9a9188a8586c963d461,counterfactual,,,,,2,1.0,0.6,-0.063440664285589,0.0738625286367767,5,0
qt,TP,9bd30943bae136d28d42b9a9188a8586c963d461,counterfactual,,,,,3,1.0,0.6,-0.063440664285589,0.0738625286367767,5,0
qt,TP,9bd30943bae136d28d42b9a9188a8586c963d461,counterfactual,,,,,4,1.0,0.6,-0.063440664285589,0.0738625286367767,5,0
qt,TP,9bd30943bae136d28d42b9a9188a8586c963d461,counterfactual,,,,,5,1.0,0.6,-0.063440664285589,0.0738625286367767,5,0
qt,FN,ac48071b185d17022d48c6379a2549ac2736cb8c,counterfactual,,,,,1,1.0,0.8,-0.0839676007521855,0.0839676007521855,5,0
qt,FN,ac48071b185d17022d48c6379a2549ac2736cb8c,counterfactual,,,,,2,1.0,0.8,-0.0839676007521855,0.0839676007521855,5,0
qt,FN,ac48071b185d17022d48c6379a2549ac2736cb8c,counterfactual,,,,,3,1.0,0.8,-0.0839676007521855,0.0839676007521855,5,0
qt,FN,ac48071b185d17022d48c6379a2549ac2736cb8c,counterfactual,,,,,4,1.0,0.8,-0.0839676007521855,0.0839676007521855,5,0
qt,FN,ac48071b185d17022d48c6379a2549ac2736cb8c,counterfactual,,,,,5,1.0,0.8,-0.0839676007521855,0.0839676007521855,5,0
qt,TN,fc2f0fb39008f95133f6fd24662fe92195431808,counterfactual,,,,,1,0.8,0.4,-0.0425856655738893,0.0534817694699932,5,0
qt,TN,fc2f0fb39008f95133f6fd24662fe92195431808,counterfactual,,,,,2,0.8,0.4,-0.0425856655738893,0.0534817694699932,5,0
qt,TN,fc2f0fb39008f95133f6fd24662fe92195431808,counterfactual,,,,,3,0.8,0.4,-0.0425856655738893,0.0534817694699932,5,0
qt,TN,fc2f0fb39008f95133f6fd24662fe92195431808,counterfactual,,,,,4,0.8,0.4,-0.0425856655738893,0.0534817694699932,5,0
qt,TN,fc2f0fb39008f95133f6fd24662fe92195431808,counterfactual,,,,,5,0.8,0.4,-0.0425856655738893,0.0534817694699932,5,0
qt,FP,41ae544c40e0568bd627a992a23b8c8f8f5cc27d,counterfactual,,,,,1,1.0,1.0,-0.1611749969857879,0.1611749969857879,5,0
qt,FP,41ae544c40e0568bd627a992a23b8c8f8f5cc27d,counterfactual,,,,,2,1.0,1.0,-0.1611749969857879,0.1611749969857879,5,0
qt,FP,41ae544c40e0568bd627a992a23b8c8f8f5cc27d,counterfactual,,,,,3,1.0,1.0,-0.1611749969857879,0.1611749969857879,5,0
qt,FP,41ae544c40e0568bd627a992a23b8c8f8f5cc27d,counterfactual,,,,,4,1.0,1.0,-0.1611749969857879,0.1611749969857879,5,0
qt,FP,41ae544c40e0568bd627a992a23b8c8f8f5cc27d,counterfactual,,,,,5,1.0,1.0,-0.161174996985788,0.161174996985788,5,0
qt,FN,895cb4681ee78caaf9b99c88390a74ff1d79ae61,counterfactual,,,,,1,1.0,1.0,0.0222100345175212,0.120722946941136,5,0
qt,FN,895cb4681ee78caaf9b99c88390a74ff1d79ae61,counterfactual,,,,,2,1.0,1.0,0.0222100345175212,0.120722946941136,5,0
qt,FN,895cb4681ee78caaf9b99c88390a74ff1d79ae61,counterfactual,,,,,3,1.0,1.0,0.0222100345175212,0.120722946941136,5,0
qt,FN,895cb4681ee78caaf9b99c88390a74ff1d79ae61,counterfactual,,,,,4,1.0,1.0,0.0222100345175212,0.120722946941136,5,0
qt,FN,895cb4681ee78caaf9b99c88390a74ff1d79ae61,counterfactual,,,,,5,1.0,1.0,0.0222100345175212,0.120722946941136,5,0
qt,TP,dfda6f14b3e210a33b71ef1c6fa3c75a9c866cce,counterfactual,,,,,1,0.8,1.0,-0.070582805644638,0.070582805644638,5,0
qt,TP,dfda6f14b3e210a33b71ef1c6fa3c75a9c866cce,counterfactual,,,,,2,0.8,1.0,-0.070582805644638,0.070582805644638,5,0
qt,TP,dfda6f14b3e210a33b71ef1c6fa3c75a9c866cce,counterfactual,,,,,3,0.8,1.0,-0.0705828056446381,0.0705828056446381,5,0
qt,TP,dfda6f14b3e210a33b71ef1c6fa3c75a9c866cce,counterfactual,,,,,4,0.8,1.0,-0.070582805644638,0.070582805644638,5,0
qt,TP,dfda6f14b3e210a33b71ef1c6fa3c75a9c866cce,counterfactual,,,,,5,0.8,1.0,-0.070582805644638,0.070582805644638,5,0
qt,TN,9b3d91237bf38492fd97457624d4cb5cd486bd56,counterfactual,,,,,1,0.8,0.8,-0.0563635115929917,0.062648430586299,5,0
qt,TN,9b3d91237bf38492fd97457624d4cb5cd486bd56,counterfactual,,,,,2,0.8,0.8,-0.0563635115929918,0.062648430586299,5,0
qt,TN,9b3d91237bf38492fd97457624d4cb5cd486bd56,counterfactual,,,,,3,0.8,0.8,-0.0563635115929917,0.062648430586299,5,0
qt,TN,9b3d91237bf38492fd97457624d4cb5cd486bd56,counterfactual,,,,,4,0.8,0.8,-0.0563635115929918,0.062648430586299,5,0
qt,TN,9b3d91237bf38492fd97457624d4cb5cd486bd56,counterfactual,,,,,5,0.8,0.8,-0.0563635115929918,0.062648430586299,5,0
qt,TN,2831fa76655c614ed3df0816401514950e79b5e6,counterfactual,,,,,1,0.6,0.2,-0.007753741171973,0.0293183756430244,5,0
qt,TN,2831fa76655c614ed3df0816401514950e79b5e6,counterfactual,,,,,2,0.6,0.2,-0.0077537411719731,0.0293183756430244,5,0
qt,TN,2831fa76655c614ed3df0816401514950e79b5e6,counterfactual,,,,,3,0.6,0.2,-0.007753741171973,0.0293183756430245,5,0
qt,TN,2831fa76655c614ed3df0816401514950e79b5e6,counterfactual,,,,,4,0.6,0.2,-0.007753741171973,0.0293183756430245,5,0
qt,TN,2831fa76655c614ed3df0816401514950e79b5e6,counterfactual,,,,,5,0.6,0.2,-0.007753741171973,0.0293183756430244,5,0
qt,FN,d8782b0cc680f09d605133bd37a44d290894c01e,counterfactual,,,,,1,0.8,0.4,-0.0286875701327357,0.0308070094321085,5,0
qt,FN,d8782b0cc680f09d605133bd37a44d290894c01e,counterfactual,,,,,2,0.8,0.4,-0.0286875701327357,0.0308070094321085,5,0
qt,FN,d8782b0cc680f09d605133bd37a44d290894c01e,counterfactual,,,,,3,0.8,0.4,-0.0286875701327357,0.0308070094321085,5,0
qt,FN,d8782b0cc680f09d605133bd37a44d290894c01e,counterfactual,,,,,4,0.8,0.4,-0.0286875701327357,0.0308070094321085,5,0
qt,FN,d8782b0cc680f09d605133bd37a44d290894c01e,counterfactual,,,,,5,0.8,0.4,-0.0286875701327357,0.0308070094321085,5,0
qt,TP,5dd76ba31c3c7cb9c0d9d97cd62f0d2f535a23f7,counterfactual,,,,,1,1.0,1.0,-0.0768654980921729,0.1121919216685964,5,0
qt,TP,5dd76ba31c3c7cb9c0d9d97cd62f0d2f535a23f7,counterfactual,,,,,2,1.0,1.0,-0.0768654980921729,0.1121919216685964,5,0
qt,TP,5dd76ba31c3c7cb9c0d9d97cd62f0d2f535a23f7,counterfactual,,,,,3,1.0,1.0,-0.0768654980921729,0.1121919216685964,5,0
qt,TP,5dd76ba31c3c7cb9c0d9d97cd62f0d2f535a23f7,counterfactual,,,,,4,1.0,1.0,-0.0768654980921729,0.1121919216685965,5,0
qt,TP,5dd76ba31c3c7cb9c0d9d97cd62f0d2f535a23f7,counterfactual,,,,,5,1.0,1.0,-0.0768654980921729,0.1121919216685964,5,0
qt,FP,237c867a002c8035aac7ff8a870da717eb7b0878,counterfactual,,,,,1,0.8,0.6,-0.085991802146385,0.085991802146385,5,0
qt,FP,237c867a002c8035aac7ff8a870da717eb7b0878,counterfactual,,,,,2,0.8,0.6,-0.085991802146385,0.085991802146385,5,0
qt,FP,237c867a002c8035aac7ff8a870da717eb7b0878,counterfactual,,,,,3,0.8,0.6,-0.0859918021463849,0.0859918021463849,5,0
qt,FP,237c867a002c8035aac7ff8a870da717eb7b0878,counterfactual,,,,,4,0.8,0.6,-0.0859918021463849,0.0859918021463849,5,0
qt,FP,237c867a002c8035aac7ff8a870da717eb7b0878,counterfactual,,,,,5,0.8,0.6,-0.085991802146385,0.085991802146385,5,0
qt,TN,f3ca13f3d12f52c60f4cd41d0b336c24a8d3359d,counterfactual,,,,,1,0.8,0.6,-0.0361194635805579,0.0554172558170197,5,0
qt,TN,f3ca13f3d12f52c60f4cd41d0b336c24a8d3359d,counterfactual,,,,,2,0.8,0.6,-0.0361194635805579,0.0554172558170197,5,0
qt,TN,f3ca13f3d12f52c60f4cd41d0b336c24a8d3359d,counterfactual,,,,,3,0.8,0.6,-0.0361194635805579,0.0554172558170197,5,0
qt,TN,f3ca13f3d12f52c60f4cd41d0b336c24a8d3359d,counterfactual,,,,,4,0.8,0.6,-0.036119463580558,0.0554172558170196,5,0
qt,TN,f3ca13f3d12f52c60f4cd41d0b336c24a8d3359d,counterfactual,,,,,5,0.8,0.6,-0.0361194635805579,0.0554172558170198,5,0
qt,TP,267edbec198a0cedbf7bed4c3c5fa93c1dbc86bd,counterfactual,,,,,1,1.0,0.8,-0.052438589782619,0.0854545745570955,5,0
qt,TP,267edbec198a0cedbf7bed4c3c5fa93c1dbc86bd,counterfactual,,,,,2,1.0,0.8,-0.052438589782619,0.0854545745570955,5,0
qt,TP,267edbec198a0cedbf7bed4c3c5fa93c1dbc86bd,counterfactual,,,,,3,1.0,0.8,-0.052438589782619,0.0854545745570955,5,0
qt,TP,267edbec198a0cedbf7bed4c3c5fa93c1dbc86bd,counterfactual,,,,,4,1.0,0.8,-0.052438589782619,0.0854545745570955,5,0
qt,TP,267edbec198a0cedbf7bed4c3c5fa93c1dbc86bd,counterfactual,,,,,5,1.0,0.8,-0.052438589782619,0.0854545745570955,5,0
qt,TN,e3b7957d6552e88aa23bd0ecc474db5f14981707,counterfactual,,,,,1,0.6,0.4,-0.0176212964141771,0.0224140169911702,5,0
qt,TN,e3b7957d6552e88aa23bd0ecc474db5f14981707,counterfactual,,,,,2,0.6,0.4,-0.0176212964141771,0.0224140169911702,5,0
qt,TN,e3b7957d6552e88aa23bd0ecc474db5f14981707,counterfactual,,,,,3,0.6,0.4,-0.017621296414177,0.0224140169911702,5,0
qt,TN,e3b7957d6552e88aa23bd0ecc474db5f14981707,counterfactual,,,,,4,0.6,0.4,-0.0176212964141771,0.0224140169911702,5,0
qt,TN,e3b7957d6552e88aa23bd0ecc474db5f14981707,counterfactual,,,,,5,0.6,0.4,-0.0176212964141772,0.0224140169911703,5,0
qt,FP,571b11d41c9dadd5ef11e4e954c16c5ca39d718e,counterfactual,,,,,1,0.8,0.6,-0.0840309563298777,0.0852848972553022,5,0
qt,FP,571b11d41c9dadd5ef11e4e954c16c5ca39d718e,counterfactual,,,,,2,0.8,0.6,-0.0840309563298777,0.0852848972553022,5,0
qt,FP,571b11d41c9dadd5ef11e4e954c16c5ca39d718e,counterfactual,,,,,3,0.8,0.6,-0.0840309563298777,0.0852848972553022,5,0
qt,FP,571b11d41c9dadd5ef11e4e954c16c5ca39d718e,counterfactual,,,,,4,0.8,0.6,-0.0840309563298777,0.0852848972553022,5,0
qt,FP,571b11d41c9dadd5ef11e4e954c16c5ca39d718e,counterfactual,,,,,5,0.8,0.6,-0.0840309563298777,0.0852848972553022,5,0
qt,FN,8cf186cc7c56144b02d5b40d8f4832ff3021e68a,counterfactual,,,,,1,0.8,0.8,-0.0728823917746043,0.0808001544697881,5,0
qt,FN,8cf186cc7c56144b02d5b40d8f4832ff3021e68a,counterfactual,,,,,2,0.8,0.8,-0.0728823917746042,0.0808001544697881,5,0
qt,FN,8cf186cc7c56144b02d5b40d8f4832ff3021e68a,counterfactual,,,,,3,0.8,0.8,-0.0728823917746042,0.0808001544697881,5,0
qt,FN,8cf186cc7c56144b02d5b40d8f4832ff3021e68a,counterfactual,,,,,4,0.8,0.8,-0.0728823917746042,0.0808001544697881,5,0
qt,FN,8cf186cc7c56144b02d5b40d8f4832ff3021e68a,counterfactual,,,,,5,0.8,0.8,-0.0728823917746042,0.0808001544697881,5,0
qt,FP,02b7ec05d5713aec67577cebc18e5906b5a98598,counterfactual,,,,,1,0.8,0.8,-0.0616935067196878,0.1035592843488925,5,0
qt,FP,02b7ec05d5713aec67577cebc18e5906b5a98598,counterfactual,,,,,2,0.8,0.8,-0.0616935067196878,0.1035592843488925,5,0
qt,FP,02b7ec05d5713aec67577cebc18e5906b5a98598,counterfactual,,,,,3,0.8,0.8,-0.0616935067196878,0.1035592843488925,5,0
qt,FP,02b7ec05d5713aec67577cebc18e5906b5a98598,counterfactual,,,,,4,0.8,0.8,-0.0616935067196878,0.1035592843488925,5,0
qt,FP,02b7ec05d5713aec67577cebc18e5906b5a98598,counterfactual,,,,,5,0.8,0.8,-0.0616935067196878,0.1035592843488925,5,0
qt,TN,88a8deea86fe69448ca1586c2ee567a53dee1008,counterfactual,,,,,1,1.0,0.4,-0.0385421945430726,0.0385421945430726,5,0
qt,TN,88a8deea86fe69448ca1586c2ee567a53dee1008,counterfactual,,,,,2,1.0,0.4,-0.0385421945430726,0.0385421945430726,5,0
qt,TN,88a8deea86fe69448ca1586c2ee567a53dee1008,counterfactual,,,,,3,1.0,0.4,-0.0385421945430726,0.0385421945430726,5,0
qt,TN,88a8deea86fe69448ca1586c2ee567a53dee1008,counterfactual,,,,,4,1.0,0.4,-0.0385421945430726,0.0385421945430726,5,0
qt,TN,88a8deea86fe69448ca1586c2ee567a53dee1008,counterfactual,,,,,5,1.0,0.4,-0.0385421945430726,0.0385421945430726,5,0
qt,FP,1af927976ac953f922e35d71a16a32d328bb2efd,counterfactual,,,,,1,1.0,0.6,-0.0496026487991892,0.0496026487991892,5,0
qt,FP,1af927976ac953f922e35d71a16a32d328bb2efd,counterfactual,,,,,2,1.0,0.6,-0.0496026487991892,0.0496026487991892,5,0
qt,FP,1af927976ac953f922e35d71a16a32d328bb2efd,counterfactual,,,,,3,1.0,0.6,-0.0496026487991892,0.0496026487991892,5,0
qt,FP,1af927976ac953f922e35d71a16a32d328bb2efd,counterfactual,,,,,4,1.0,0.6,-0.0496026487991892,0.0496026487991892,5,0
qt,FP,1af927976ac953f922e35d71a16a32d328bb2efd,counterfactual,,,,,5,1.0,0.6,-0.0496026487991892,0.0496026487991892,5,0
qt,FN,eaa54a8f9884652513c7c3ab489f31ff1e5d712c,counterfactual,,,,,1,0.6,0.4,0.0134672075012973,0.0362202259986194,5,0
qt,FN,eaa54a8f9884652513c7c3ab489f31ff1e5d712c,counterfactual,,,,,2,0.6,0.4,0.0134672075012973,0.0362202259986194,5,0
qt,FN,eaa54a8f9884652513c7c3ab489f31ff1e5d712c,counterfactual,,,,,3,0.6,0.4,0.0134672075012973,0.0362202259986194,5,0
qt,FN,eaa54a8f9884652513c7c3ab489f31ff1e5d712c,counterfactual,,,,,4,0.6,0.4,0.0134672075012973,0.0362202259986194,5,0
qt,FN,eaa54a8f9884652513c7c3ab489f31ff1e5d712c,counterfactual,,,,,5,0.6,0.4,0.0134672075012973,0.0362202259986194,5,0
qt,TP,9d23aebb271ea534a66cb3aceb2e63d9a1c870d6,counterfactual,,,,,1,1.0,1.0,-0.2472150393641132,0.2472150393641132,5,0
qt,TP,9d23aebb271ea534a66cb3aceb2e63d9a1c870d6,counterfactual,,,,,2,1.0,1.0,-0.2472150393641132,0.2472150393641132,5,0
qt,TP,9d23aebb271ea534a66cb3aceb2e63d9a1c870d6,counterfactual,,,,,3,1.0,1.0,-0.2472150393641132,0.2472150393641132,5,0
qt,TP,9d23aebb271ea534a66cb3aceb2e63d9a1c870d6,counterfactual,,,,,4,1.0,1.0,-0.2472150393641132,0.2472150393641132,5,0
qt,TP,9d23aebb271ea534a66cb3aceb2e63d9a1c870d6,counterfactual,,,,,5,1.0,1.0,-0.2472150393641132,0.2472150393641132,5,0
qt,FN,4e3917587b11432d2d892f5146b367de2a3e4864,counterfactual,,,,,1,0.8,0.6,-0.06965065746397,0.0776406161267826,5,0
qt,FN,4e3917587b11432d2d892f5146b367de2a3e4864,counterfactual,,,,,2,0.8,0.6,-0.06965065746397,0.0776406161267825,5,0
qt,FN,4e3917587b11432d2d892f5146b367de2a3e4864,counterfactual,,,,,3,0.8,0.6,-0.06965065746397,0.0776406161267826,5,0
qt,FN,4e3917587b11432d2d892f5146b367de2a3e4864,counterfactual,,,,,4,0.8,0.6,-0.0696506574639701,0.0776406161267826,5,0
qt,FN,4e3917587b11432d2d892f5146b367de2a3e4864,counterfactual,,,,,5,0.8,0.6,-0.06965065746397,0.0776406161267826,5,0
qt,TN,bcf1167ccb52341d72e6e2921077d2244803ee8d,counterfactual,,,,,1,1.0,1.0,0.0303126173438279,0.0950354277516007,5,0
qt,TN,bcf1167ccb52341d72e6e2921077d2244803ee8d,counterfactual,,,,,2,1.0,1.0,0.0303126173438279,0.0950354277516007,5,0
qt,TN,bcf1167ccb52341d72e6e2921077d2244803ee8d,counterfactual,,,,,3,1.0,1.0,0.0303126173438279,0.0950354277516007,5,0
qt,TN,bcf1167ccb52341d72e6e2921077d2244803ee8d,counterfactual,,,,,4,1.0,1.0,0.0303126173438279,0.0950354277516007,5,0
qt,TN,bcf1167ccb52341d72e6e2921077d2244803ee8d,counterfactual,,,,,5,1.0,1.0,0.0303126173438279,0.0950354277516006,5,0
qt,TN,3e379bcc799edb6a78bc8cea093a278dbe32f33c,counterfactual,,,,,1,0.6,0.6,-0.0377435735261926,0.0568801131982915,5,0
qt,TN,3e379bcc799edb6a78bc8cea093a278dbe32f33c,counterfactual,,,,,2,0.6,0.6,-0.0377435735261926,0.0568801131982915,5,0
qt,TN,3e379bcc799edb6a78bc8cea093a278dbe32f33c,counterfactual,,,,,3,0.6,0.6,-0.0377435735261926,0.0568801131982914,5,0
qt,TN,3e379bcc799edb6a78bc8cea093a278dbe32f33c,counterfactual,,,,,4,0.6,0.6,-0.0377435735261927,0.0568801131982915,5,0
qt,TN,3e379bcc799edb6a78bc8cea093a278dbe32f33c,counterfactual,,,,,5,0.6,0.6,-0.0377435735261927,0.0568801131982916,5,0
qt,TN,4ebc2cf74e557b65a8ce1dc518ca92f399ce89e8,counterfactual,,,,,1,0.8,0.6,-0.0063654077670118,0.0619012498358354,5,0
qt,TN,4ebc2cf74e557b65a8ce1dc518ca92f399ce89e8,counterfactual,,,,,2,0.8,0.6,-0.0063654077670118,0.0619012498358354,5,0
qt,TN,4ebc2cf74e557b65a8ce1dc518ca92f399ce89e8,counterfactual,,,,,3,0.8,0.6,-0.0063654077670118,0.0619012498358354,5,0
qt,TN,4ebc2cf74e557b65a8ce1dc518ca92f399ce89e8,counterfactual,,,,,4,0.8,0.6,-0.0063654077670118,0.0619012498358354,5,0
qt,TN,4ebc2cf74e557b65a8ce1dc518ca92f399ce89e8,counterfactual,,,,,5,0.8,0.6,-0.0063654077670118,0.0619012498358354,5,0
qt,FN,7e298e2f2ceeee1a2d1a81238ca019d9a0c9519f,counterfactual,,,,,1,0.8,0.8,-0.0735231991608962,0.0778709247435841,5,0
qt,FN,7e298e2f2ceeee1a2d1a81238ca019d9a0c9519f,counterfactual,,,,,2,0.8,0.8,-0.0735231991608962,0.0778709247435842,5,0
qt,FN,7e298e2f2ceeee1a2d1a81238ca019d9a0c9519f,counterfactual,,,,,3,0.8,0.8,-0.0735231991608961,0.0778709247435841,5,0
qt,FN,7e298e2f2ceeee1a2d1a81238ca019d9a0c9519f,counterfactual,,,,,4,0.8,0.8,-0.0735231991608962,0.0778709247435842,5,0
qt,FN,7e298e2f2ceeee1a2d1a81238ca019d9a0c9519f,counterfactual,,,,,5,0.8,0.8,-0.0735231991608961,0.0778709247435842,5,0
qt,FN,93dabeba9dc5f6cbab60e65b3cc8df5fe48745a9,counterfactual,,,,,1,0.8,0.6,0.0422483162757675,0.0554428549914141,5,0
qt,FN,93dabeba9dc5f6cbab60e65b3cc8df5fe48745a9,counterfactual,,,,,2,0.8,0.6,0.0422483162757675,0.0554428549914141,5,0
qt,FN,93dabeba9dc5f6cbab60e65b3cc8df5fe48745a9,counterfactual,,,,,3,0.8,0.6,0.0422483162757675,0.0554428549914141,5,0
qt,FN,93dabeba9dc5f6cbab60e65b3cc8df5fe48745a9,counterfactual,,,,,4,0.8,0.6,0.0422483162757675,0.0554428549914141,5,0
qt,FN,93dabeba9dc5f6cbab60e65b3cc8df5fe48745a9,counterfactual,,,,,5,0.8,0.6,0.0422483162757675,0.0554428549914141,5,0
qt,TN,0234e5c96417f451f8de279b8ff92734836badd4,counterfactual,,,,,1,0.4,0.4,0.0410958501352613,0.0443997803149546,5,0
qt,TN,0234e5c96417f451f8de279b8ff92734836badd4,counterfactual,,,,,2,0.4,0.4,0.0410958501352613,0.0443997803149546,5,0
qt,TN,0234e5c96417f451f8de279b8ff92734836badd4,counterfactual,,,,,3,0.4,0.4,0.0410958501352613,0.0443997803149546,5,0
qt,TN,0234e5c96417f451f8de279b8ff92734836badd4,counterfactual,,,,,4,0.4,0.4,0.0410958501352613,0.0443997803149546,5,0
qt,TN,0234e5c96417f451f8de279b8ff92734836badd4,counterfactual,,,,,5,0.4,0.4,0.0410958501352613,0.0443997803149546,5,0
qt,FP,eb93d7b51773b43e6a3e41961898a6033bcd9479,counterfactual,,,,,1,0.8,0.6,-0.0766443376061718,0.0802864422361295,5,0
qt,FP,eb93d7b51773b43e6a3e41961898a6033bcd9479,counterfactual,,,,,2,0.8,0.6,-0.0766443376061718,0.0802864422361295,5,0
qt,FP,eb93d7b51773b43e6a3e41961898a6033bcd9479,counterfactual,,,,,3,0.8,0.6,-0.0766443376061718,0.0802864422361295,5,0
qt,FP,eb93d7b51773b43e6a3e41961898a6033bcd9479,counterfactual,,,,,4,0.8,0.6,-0.0766443376061718,0.0802864422361295,5,0
qt,FP,eb93d7b51773b43e6a3e41961898a6033bcd9479,counterfactual,,,,,5,0.8,0.6,-0.0766443376061718,0.0802864422361295,5,0
qt,FN,e6d17c8691bfafa033b82a4d81a9caf4a2fd1b85,counterfactual,,,,,1,0.8,0.8,-0.022412384490933,0.0804732391125017,5,0
qt,FN,e6d17c8691bfafa033b82a4d81a9caf4a2fd1b85,counterfactual,,,,,2,0.8,0.8,-0.0224123844909332,0.0804732391125017,5,0
qt,FN,e6d17c8691bfafa033b82a4d81a9caf4a2fd1b85,counterfactual,,,,,3,0.8,0.8,-0.0224123844909331,0.0804732391125017,5,0
qt,FN,e6d17c8691bfafa033b82a4d81a9caf4a2fd1b85,counterfactual,,,,,4,0.8,0.8,-0.0224123844909331,0.0804732391125017,5,0
qt,FN,e6d17c8691bfafa033b82a4d81a9caf4a2fd1b85,counterfactual,,,,,5,0.8,0.8,-0.0224123844909331,0.0804732391125016,5,0
qt,FN,5303225aef739c534714c1ac1d4dd096f0cc38d0,counterfactual,,,,,1,0.8,0.6,0.0052755351777598,0.0589574766445845,5,0
qt,FN,5303225aef739c534714c1ac1d4dd096f0cc38d0,counterfactual,,,,,2,0.8,0.6,0.0052755351777597,0.0589574766445844,5,0
qt,FN,5303225aef739c534714c1ac1d4dd096f0cc38d0,counterfactual,,,,,3,0.8,0.6,0.0052755351777597,0.0589574766445844,5,0
qt,FN,5303225aef739c534714c1ac1d4dd096f0cc38d0,counterfactual,,,,,4,0.8,0.6,0.0052755351777597,0.0589574766445845,5,0
qt,FN,5303225aef739c534714c1ac1d4dd096f0cc38d0,counterfactual,,,,,5,0.8,0.6,0.0052755351777597,0.0589574766445845,5,0
qt,FN,a69edf01cb0a2a06282dc7b89724ffa542f6546d,counterfactual,,,,,1,1.0,0.6,-0.0242478829131012,0.0565422819185841,5,0
qt,FN,a69edf01cb0a2a06282dc7b89724ffa542f6546d,counterfactual,,,,,2,1.0,0.6,-0.0242478829131012,0.0565422819185841,5,0
qt,FN,a69edf01cb0a2a06282dc7b89724ffa542f6546d,counterfactual,,,,,3,1.0,0.6,-0.0242478829131012,0.0565422819185842,5,0
qt,FN,a69edf01cb0a2a06282dc7b89724ffa542f6546d,counterfactual,,,,,4,1.0,0.6,-0.0242478829131012,0.0565422819185841,5,0
qt,FN,a69edf01cb0a2a06282dc7b89724ffa542f6546d,counterfactual,,,,,5,1.0,0.6,-0.0242478829131012,0.0565422819185841,5,0
qt,FP,e58fdbaeb033a801ac7b5dd1f63657b36d6e1305,counterfactual,,,,,1,1.0,0.8,-0.1871752754365131,0.1871752754365131,5,0
qt,FP,e58fdbaeb033a801ac7b5dd1f63657b36d6e1305,counterfactual,,,,,2,1.0,0.8,-0.1871752754365131,0.1871752754365131,5,0
qt,FP,e58fdbaeb033a801ac7b5dd1f63657b36d6e1305,counterfactual,,,,,3,1.0,0.8,-0.1871752754365131,0.1871752754365131,5,0
qt,FP,e58fdbaeb033a801ac7b5dd1f63657b36d6e1305,counterfactual,,,,,4,1.0,0.8,-0.1871752754365131,0.1871752754365131,5,0
qt,FP,e58fdbaeb033a801ac7b5dd1f63657b36d6e1305,counterfactual,,,,,5,1.0,0.8,-0.1871752754365131,0.1871752754365131,5,0
qt,TP,d3393ce25833c0afd7f0fa6b85fd6f3bd7ad520a,counterfactual,,,,,1,1.0,1.0,-0.1133426482129759,0.1133426482129759,5,0
qt,TP,d3393ce25833c0afd7f0fa6b85fd6f3bd7ad520a,counterfactual,,,,,2,1.0,1.0,-0.1133426482129758,0.1133426482129758,5,0
qt,TP,d3393ce25833c0afd7f0fa6b85fd6f3bd7ad520a,counterfactual,,,,,3,1.0,1.0,-0.1133426482129759,0.1133426482129759,5,0
qt,TP,d3393ce25833c0afd7f0fa6b85fd6f3bd7ad520a,counterfactual,,,,,4,1.0,1.0,-0.1133426482129759,0.1133426482129759,5,0
qt,TP,d3393ce25833c0afd7f0fa6b85fd6f3bd7ad520a,counterfactual,,,,,5,1.0,1.0,-0.1133426482129759,0.1133426482129759,5,0
qt,FN,6486a4bd196ca2bf0047ae80e78eee06e5e18e18,counterfactual,,,,,1,0.8,0.8,0.0137089155990405,0.0701490522720388,5,0
qt,FN,6486a4bd196ca2bf0047ae80e78eee06e5e18e18,counterfactual,,,,,2,0.8,0.8,0.0137089155990406,0.0701490522720387,5,0
qt,FN,6486a4bd196ca2bf0047ae80e78eee06e5e18e18,counterfactual,,,,,3,0.8,0.8,0.0137089155990406,0.0701490522720387,5,0
qt,FN,6486a4bd196ca2bf0047ae80e78eee06e5e18e18,counterfactual,,,,,4,0.8,0.8,0.0137089155990406,0.0701490522720387,5,0
qt,FN,6486a4bd196ca2bf0047ae80e78eee06e5e18e18,counterfactual,,,,,5,0.8,0.8,0.0137089155990407,0.0701490522720388,5,0
qt,FP,ddb4fb4c60987ce6e0b9e50de9a5f3a7ff0e8757,counterfactual,,,,,1,1.0,1.0,-0.0356800209956456,0.1175033672397351,5,0
qt,FP,ddb4fb4c60987ce6e0b9e50de9a5f3a7ff0e8757,counterfactual,,,,,2,1.0,1.0,-0.0356800209956456,0.1175033672397352,5,0
qt,FP,ddb4fb4c60987ce6e0b9e50de9a5f3a7ff0e8757,counterfactual,,,,,3,1.0,1.0,-0.0356800209956456,0.1175033672397352,5,0
qt,FP,ddb4fb4c60987ce6e0b9e50de9a5f3a7ff0e8757,counterfactual,,,,,4,1.0,1.0,-0.0356800209956456,0.1175033672397352,5,0
qt,FP,ddb4fb4c60987ce6e0b9e50de9a5f3a7ff0e8757,counterfactual,,,,,5,1.0,1.0,-0.0356800209956456,0.1175033672397352,5,0
qt,TP,03a1675eac4baf8c7a6e0602102bbafa3176771c,counterfactual,,,,,1,0.8,1.0,-0.0496502205957856,0.0901500806487505,5,0
qt,TP,03a1675eac4baf8c7a6e0602102bbafa3176771c,counterfactual,,,,,2,0.8,1.0,-0.0496502205957856,0.0901500806487505,5,0
qt,TP,03a1675eac4baf8c7a6e0602102bbafa3176771c,counterfactual,,,,,3,0.8,1.0,-0.0496502205957856,0.0901500806487505,5,0
qt,TP,03a1675eac4baf8c7a6e0602102bbafa3176771c,counterfactual,,,,,4,0.8,1.0,-0.0496502205957856,0.0901500806487505,5,0
qt,TP,03a1675eac4baf8c7a6e0602102bbafa3176771c,counterfactual,,,,,5,0.8,1.0,-0.0496502205957856,0.0901500806487505,5,0
qt,FP,36997810d9fec492635152be89efaa55208e224a,counterfactual,,,,,1,0.8,0.8,-0.0760441976606616,0.0951609946481353,5,0
qt,FP,36997810d9fec492635152be89efaa55208e224a,counterfactual,,,,,2,0.8,0.8,-0.0760441976606616,0.0951609946481353,5,0
qt,FP,36997810d9fec492635152be89efaa55208e224a,counterfactual,,,,,3,0.8,0.8,-0.0760441976606616,0.0951609946481353,5,0
qt,FP,36997810d9fec492635152be89efaa55208e224a,counterfactual,,,,,4,0.8,0.8,-0.0760441976606616,0.0951609946481353,5,0
qt,FP,36997810d9fec492635152be89efaa55208e224a,counterfactual,,,,,5,0.8,0.8,-0.0760441976606616,0.0951609946481353,5,0
qt,TN,4f4ad7c262ce4723417efa14c4d3fdb875be53d0,counterfactual,,,,,1,0.4,0.6,0.013770643321775,0.0386148213687213,5,0
qt,TN,4f4ad7c262ce4723417efa14c4d3fdb875be53d0,counterfactual,,,,,2,0.4,0.6,0.0137706433217748,0.0386148213687212,5,0
qt,TN,4f4ad7c262ce4723417efa14c4d3fdb875be53d0,counterfactual,,,,,3,0.4,0.6,0.0137706433217749,0.0386148213687213,5,0
qt,TN,4f4ad7c262ce4723417efa14c4d3fdb875be53d0,counterfactual,,,,,4,0.4,0.6,0.0137706433217748,0.0386148213687212,5,0
qt,TN,4f4ad7c262ce4723417efa14c4d3fdb875be53d0,counterfactual,,,,,5,0.4,0.6,0.0137706433217748,0.0386148213687212,5,0
qt,TP,a50911bc0bfca1185e99ce6638fbf03cf592789d,counterfactual,,,,,1,1.0,0.8,-0.0354429470302994,0.0824431583348034,5,0
qt,TP,a50911bc0bfca1185e99ce6638fbf03cf592789d,counterfactual,,,,,2,1.0,0.8,-0.0354429470302994,0.0824431583348034,5,0
qt,TP,a50911bc0bfca1185e99ce6638fbf03cf592789d,counterfactual,,,,,3,1.0,0.8,-0.0354429470302994,0.0824431583348033,5,0
qt,TP,a50911bc0bfca1185e99ce6638fbf03cf592789d,counterfactual,,,,,4,1.0,0.8,-0.0354429470302994,0.0824431583348034,5,0
qt,TP,a50911bc0bfca1185e99ce6638fbf03cf592789d,counterfactual,,,,,5,1.0,0.8,-0.0354429470302994,0.0824431583348034,5,0
qt,TP,bb199cc8ad4111808260f6255312b08c7d81dcbc,counterfactual,,,,,1,0.6,0.6,-0.0840894960605435,0.0840894960605435,5,0
qt,TP,bb199cc8ad4111808260f6255312b08c7d81dcbc,counterfactual,,,,,2,0.6,0.6,-0.0840894960605435,0.0840894960605435,5,0
qt,TP,bb199cc8ad4111808260f6255312b08c7d81dcbc,counterfactual,,,,,3,0.6,0.6,-0.0840894960605435,0.0840894960605435,5,0
qt,TP,bb199cc8ad4111808260f6255312b08c7d81dcbc,counterfactual,,,,,4,0.6,0.6,-0.0840894960605435,0.0840894960605435,5,0
qt,TP,bb199cc8ad4111808260f6255312b08c7d81dcbc,counterfactual,,,,,5,0.6,0.6,-0.0840894960605435,0.0840894960605435,5,0
qt,FP,6a91dcba2e4fa85dc345c2d403c757ab7676e28c,counterfactual,,,,,1,1.0,1.0,-0.0562217878465335,0.0789526820223856,5,0
qt,FP,6a91dcba2e4fa85dc345c2d403c757ab7676e28c,counterfactual,,,,,2,1.0,1.0,-0.0562217878465335,0.0789526820223857,5,0
qt,FP,6a91dcba2e4fa85dc345c2d403c757ab7676e28c,counterfactual,,,,,3,1.0,1.0,-0.0562217878465335,0.0789526820223857,5,0
qt,FP,6a91dcba2e4fa85dc345c2d403c757ab7676e28c,counterfactual,,,,,4,1.0,1.0,-0.0562217878465335,0.0789526820223857,5,0
qt,FP,6a91dcba2e4fa85dc345c2d403c757ab7676e28c,counterfactual,,,,,5,1.0,1.0,-0.0562217878465335,0.0789526820223856,5,0
qt,TN,e38a98ad4453974b2848eeed02d81e0c408ce0c6,counterfactual,,,,,1,0.8,0.6,-0.0631850638564754,0.0658279126043661,5,0
qt,TN,e38a98ad4453974b2848eeed02d81e0c408ce0c6,counterfactual,,,,,2,0.8,0.6,-0.0631850638564754,0.0658279126043661,5,0
qt,TN,e38a98ad4453974b2848eeed02d81e0c408ce0c6,counterfactual,,,,,3,0.8,0.6,-0.0631850638564755,0.0658279126043661,5,0
qt,TN,e38a98ad4453974b2848eeed02d81e0c408ce0c6,counterfactual,,,,,4,0.8,0.6,-0.0631850638564755,0.0658279126043661,5,0
qt,TN,e38a98ad4453974b2848eeed02d81e0c408ce0c6,counterfactual,,,,,5,0.8,0.6,-0.0631850638564755,0.0658279126043661,5,0
qt,FP,1c6d5b0696f324495e95a12f7718ae7593c9b58a,counterfactual,,,,,1,1.0,1.0,-0.1457803281208183,0.1457803281208183,5,0
qt,FP,1c6d5b0696f324495e95a12f7718ae7593c9b58a,counterfactual,,,,,2,1.0,1.0,-0.1457803281208183,0.1457803281208183,5,0
qt,FP,1c6d5b0696f324495e95a12f7718ae7593c9b58a,counterfactual,,,,,3,1.0,1.0,-0.1457803281208183,0.1457803281208183,5,0
qt,FP,1c6d5b0696f324495e95a12f7718ae7593c9b58a,counterfactual,,,,,4,1.0,1.0,-0.1457803281208183,0.1457803281208183,5,0
qt,FP,1c6d5b0696f324495e95a12f7718ae7593c9b58a,counterfactual,,,,,5,1.0,1.0,-0.1457803281208183,0.1457803281208183,5,0
qt,FP,cd542a82b0c2d5c9a4ea167a84e5ea8a25c5d969,counterfactual,,,,,1,0.8,1.0,-0.104899130986094,0.104899130986094,5,0
qt,FP,cd542a82b0c2d5c9a4ea167a84e5ea8a25c5d969,counterfactual,,,,,2,0.8,1.0,-0.104899130986094,0.104899130986094,5,0
qt,FP,cd542a82b0c2d5c9a4ea167a84e5ea8a25c5d969,counterfactual,,,,,3,0.8,1.0,-0.104899130986094,0.104899130986094,5,0
qt,FP,cd542a82b0c2d5c9a4ea167a84e5ea8a25c5d969,counterfactual,,,,,4,0.8,1.0,-0.104899130986094,0.104899130986094,5,0
qt,FP,cd542a82b0c2d5c9a4ea167a84e5ea8a25c5d969,counterfactual,,,,,5,0.8,1.0,-0.104899130986094,0.104899130986094,5,0
qt,TP,b254b03dc3b1cfcfc5f17158d2470e0a9a946a0e,counterfactual,,,,,1,1.0,1.0,-0.1190418866629013,0.1190418866629013,5,0
qt,TP,b254b03dc3b1cfcfc5f17158d2470e0a9a946a0e,counterfactual,,,,,2,1.0,1.0,-0.1190418866629013,0.1190418866629013,5,0
qt,TP,b254b03dc3b1cfcfc5f17158d2470e0a9a946a0e,counterfactual,,,,,3,1.0,1.0,-0.1190418866629013,0.1190418866629013,5,0
qt,TP,b254b03dc3b1cfcfc5f17158d2470e0a9a946a0e,counterfactual,,,,,4,1.0,1.0,-0.1190418866629013,0.1190418866629013,5,0
qt,TP,b254b03dc3b1cfcfc5f17158d2470e0a9a946a0e,counterfactual,,,,,5,1.0,1.0,-0.1190418866629013,0.1190418866629013,5,0
qt,TP,1a7bc520c5df4da80b7e65acbec1f546f9c87870,counterfactual,,,,,1,1.0,0.8,-0.1111024622151336,0.1111024622151336,5,0
qt,TP,1a7bc520c5df4da80b7e65acbec1f546f9c87870,counterfactual,,,,,2,1.0,0.8,-0.1111024622151336,0.1111024622151336,5,0
qt,TP,1a7bc520c5df4da80b7e65acbec1f546f9c87870,counterfactual,,,,,3,1.0,0.8,-0.1111024622151336,0.1111024622151336,5,0
qt,TP,1a7bc520c5df4da80b7e65acbec1f546f9c87870,counterfactual,,,,,4,1.0,0.8,-0.1111024622151336,0.1111024622151336,5,0
qt,TP,1a7bc520c5df4da80b7e65acbec1f546f9c87870,counterfactual,,,,,5,1.0,0.8,-0.1111024622151336,0.1111024622151336,5,0
qt,FN,5629823b05ca7d24924ac879b5a0469a3cb03e78,counterfactual,,,,,1,0.6,0.4,-0.0415679408898201,0.0571507140513675,5,0
qt,FN,5629823b05ca7d24924ac879b5a0469a3cb03e78,counterfactual,,,,,2,0.6,0.4,-0.0415679408898201,0.0571507140513675,5,0
qt,FN,5629823b05ca7d24924ac879b5a0469a3cb03e78,counterfactual,,,,,3,0.6,0.4,-0.0415679408898201,0.0571507140513675,5,0
qt,FN,5629823b05ca7d24924ac879b5a0469a3cb03e78,counterfactual,,,,,4,0.6,0.4,-0.0415679408898201,0.0571507140513675,5,0
qt,FN,5629823b05ca7d24924ac879b5a0469a3cb03e78,counterfactual,,,,,5,0.6,0.4,-0.0415679408898201,0.0571507140513675,5,0
qt,TN,9b54447e453e2cb7b7375e2c6104b2595ab1594e,counterfactual,,,,,1,1.0,1.0,-0.0753197736249321,0.0753197736249321,5,0
qt,TN,9b54447e453e2cb7b7375e2c6104b2595ab1594e,counterfactual,,,,,2,1.0,1.0,-0.0753197736249321,0.0753197736249321,5,0
qt,TN,9b54447e453e2cb7b7375e2c6104b2595ab1594e,counterfactual,,,,,3,1.0,1.0,-0.0753197736249321,0.0753197736249321,5,0
qt,TN,9b54447e453e2cb7b7375e2c6104b2595ab1594e,counterfactual,,,,,4,1.0,1.0,-0.0753197736249321,0.0753197736249321,5,0
qt,TN,9b54447e453e2cb7b7375e2c6104b2595ab1594e,counterfactual,,,,,5,1.0,1.0,-0.0753197736249321,0.0753197736249321,5,0
qt,FP,3981a1f440914e8108af3d854a1b01dd596a8a0e,counterfactual,,,,,1,1.0,1.0,-0.1241213888199808,0.1769582959942507,5,0
qt,FP,3981a1f440914e8108af3d854a1b01dd596a8a0e,counterfactual,,,,,2,1.0,1.0,-0.1241213888199808,0.1769582959942507,5,0
qt,FP,3981a1f440914e8108af3d854a1b01dd596a8a0e,counterfactual,,,,,3,1.0,1.0,-0.1241213888199808,0.1769582959942507,5,0
qt,FP,3981a1f440914e8108af3d854a1b01dd596a8a0e,counterfactual,,,,,4,1.0,1.0,-0.1241213888199808,0.1769582959942507,5,0
qt,FP,3981a1f440914e8108af3d854a1b01dd596a8a0e,counterfactual,,,,,5,1.0,1.0,-0.1241213888199808,0.1769582959942507,5,0
qt,TN,4331ccd4b735d9d721a384193a3d42ee2ce6c805,counterfactual,,,,,1,1.0,0.8,-0.037860025113103,0.0703539359458228,5,0
qt,TN,4331ccd4b735d9d721a384193a3d42ee2ce6c805,counterfactual,,,,,2,1.0,0.8,-0.037860025113103,0.0703539359458228,5,0
qt,TN,4331ccd4b735d9d721a384193a3d42ee2ce6c805,counterfactual,,,,,3,1.0,0.8,-0.037860025113103,0.0703539359458228,5,0
qt,TN,4331ccd4b735d9d721a384193a3d42ee2ce6c805,counterfactual,,,,,4,1.0,0.8,-0.037860025113103,0.0703539359458228,5,0
qt,TN,4331ccd4b735d9d721a384193a3d42ee2ce6c805,counterfactual,,,,,5,1.0,0.8,-0.037860025113103,0.0703539359458228,5,0
qt,TP,afbb57ae84ecbee5fab9eb6e58356b19d7995ea5,counterfactual,,,,,1,1.0,1.0,-0.1410356693431881,0.1885595074098832,5,0
qt,TP,afbb57ae84ecbee5fab9eb6e58356b19d7995ea5,counterfactual,,,,,2,1.0,1.0,-0.1410356693431881,0.1885595074098832,5,0
qt,TP,afbb57ae84ecbee5fab9eb6e58356b19d7995ea5,counterfactual,,,,,3,1.0,1.0,-0.1410356693431881,0.1885595074098832,5,0
qt,TP,afbb57ae84ecbee5fab9eb6e58356b19d7995ea5,counterfactual,,,,,4,1.0,1.0,-0.1410356693431881,0.1885595074098832,5,0
qt,TP,afbb57ae84ecbee5fab9eb6e58356b19d7995ea5,counterfactual,,,,,5,1.0,1.0,-0.1410356693431881,0.1885595074098832,5,0
qt,TP,17513266b81e88b84fda250734f07c94a198fabc,counterfactual,,,,,1,1.0,1.0,-0.0993179339988286,0.0993179339988286,5,0
qt,TP,17513266b81e88b84fda250734f07c94a198fabc,counterfactual,,,,,2,1.0,1.0,-0.0993179339988286,0.0993179339988286,5,0
qt,TP,17513266b81e88b84fda250734f07c94a198fabc,counterfactual,,,,,3,1.0,1.0,-0.0993179339988286,0.0993179339988286,5,0
qt,TP,17513266b81e88b84fda250734f07c94a198fabc,counterfactual,,,,,4,1.0,1.0,-0.0993179339988286,0.0993179339988286,5,0
qt,TP,17513266b81e88b84fda250734f07c94a198fabc,counterfactual,,,,,5,1.0,1.0,-0.0993179339988286,0.0993179339988286,5,0
qt,FN,cdbc4b83d59e08189d6ece9ccd88a646be155c08,counterfactual,,,,,1,0.8,0.6,-0.0566203841460665,0.0603326290440256,5,0
qt,FN,cdbc4b83d59e08189d6ece9ccd88a646be155c08,counterfactual,,,,,2,0.8,0.6,-0.0566203841460665,0.0603326290440256,5,0
qt,FN,cdbc4b83d59e08189d6ece9ccd88a646be155c08,counterfactual,,,,,3,0.8,0.6,-0.0566203841460665,0.0603326290440256,5,0
qt,FN,cdbc4b83d59e08189d6ece9ccd88a646be155c08,counterfactual,,,,,4,0.8,0.6,-0.0566203841460665,0.0603326290440256,5,0
qt,FN,cdbc4b83d59e08189d6ece9ccd88a646be155c08,counterfactual,,,,,5,0.8,0.6,-0.0566203841460665,0.0603326290440256,5,0
qt,FP,753c744b23abfecad6463890dfdf6e97c7eeaa5c,counterfactual,,,,,1,0.8,0.8,-0.0324914934915186,0.1013008739680374,5,0
qt,FP,753c744b23abfecad6463890dfdf6e97c7eeaa5c,counterfactual,,,,,2,0.8,0.8,-0.0324914934915186,0.1013008739680374,5,0
qt,FP,753c744b23abfecad6463890dfdf6e97c7eeaa5c,counterfactual,,,,,3,0.8,0.8,-0.0324914934915186,0.1013008739680374,5,0
qt,FP,753c744b23abfecad6463890dfdf6e97c7eeaa5c,counterfactual,,,,,4,0.8,0.8,-0.0324914934915186,0.1013008739680374,5,0
qt,FP,753c744b23abfecad6463890dfdf6e97c7eeaa5c,counterfactual,,,,,5,0.8,0.8,-0.0324914934915186,0.1013008739680374,5,0
qt,TP,a4f8b9ae6dfacf9ad5c190cde6098ebf13102f41,counterfactual,,,,,1,1.0,1.0,0.0088466035144276,0.1056324341146102,5,0
qt,TP,a4f8b9ae6dfacf9ad5c190cde6098ebf13102f41,counterfactual,,,,,2,1.0,1.0,0.0088466035144276,0.1056324341146101,5,0
qt,TP,a4f8b9ae6dfacf9ad5c190cde6098ebf13102f41,counterfactual,,,,,3,1.0,1.0,0.0088466035144275,0.1056324341146101,5,0
qt,TP,a4f8b9ae6dfacf9ad5c190cde6098ebf13102f41,counterfactual,,,,,4,1.0,1.0,0.0088466035144276,0.1056324341146101,5,0
qt,TP,a4f8b9ae6dfacf9ad5c190cde6098ebf13102f41,counterfactual,,,,,5,1.0,1.0,0.0088466035144276,0.1056324341146101,5,0
qt,TP,fca89004d75412dd378cc44ad79ed3c1e05c765b,counterfactual,,,,,1,1.0,0.8,-0.044020621283832,0.0828968345115979,5,0
qt,TP,fca89004d75412dd378cc44ad79ed3c1e05c765b,counterfactual,,,,,2,1.0,0.8,-0.044020621283832,0.082896834511598,5,0
qt,TP,fca89004d75412dd378cc44ad79ed3c1e05c765b,counterfactual,,,,,3,1.0,0.8,-0.044020621283832,0.0828968345115979,5,0
qt,TP,fca89004d75412dd378cc44ad79ed3c1e05c765b,counterfactual,,,,,4,1.0,0.8,-0.044020621283832,0.0828968345115979,5,0
qt,TP,fca89004d75412dd378cc44ad79ed3c1e05c765b,counterfactual,,,,,5,1.0,0.8,-0.044020621283832,0.082896834511598,5,0
qt,FP,3d3ce2afe1937531f5fdc2af56697e93133e6d98,kernelshap,,,,,1,1.0,0.8,-0.0696197355712456,0.0696197355712456,5,0
qt,FP,3d3ce2afe1937531f5fdc2af56697e93133e6d98,kernelshap,,,,,2,1.0,0.8,-0.0696197355712456,0.0696197355712456,5,0
qt,FP,3d3ce2afe1937531f5fdc2af56697e93133e6d98,kernelshap,,,,,3,1.0,0.8,-0.0696197355712456,0.0696197355712456,5,0
qt,FP,3d3ce2afe1937531f5fdc2af56697e93133e6d98,kernelshap,,,,,4,1.0,0.8,-0.0696197355712456,0.0696197355712456,5,0
qt,FP,3d3ce2afe1937531f5fdc2af56697e93133e6d98,kernelshap,,,,,5,1.0,0.8,-0.0696197355712456,0.0696197355712456,5,0
qt,TN,eb5994df1307b2e17e729374e1f7ab1c8fe82750,kernelshap,,,,,1,1.0,0.6,-0.0508785491787539,0.0508785491787539,5,0
qt,TN,eb5994df1307b2e17e729374e1f7ab1c8fe82750,kernelshap,,,,,2,1.0,0.6,-0.0508785491787539,0.0508785491787539,5,0
qt,TN,eb5994df1307b2e17e729374e1f7ab1c8fe82750,kernelshap,,,,,3,1.0,0.6,-0.0508785491787538,0.0508785491787538,5,0
qt,TN,eb5994df1307b2e17e729374e1f7ab1c8fe82750,kernelshap,,,,,4,1.0,0.6,-0.0508785491787539,0.0508785491787539,5,0
qt,TN,eb5994df1307b2e17e729374e1f7ab1c8fe82750,kernelshap,,,,,5,1.0,0.6,-0.0508785491787538,0.0508785491787538,5,0
qt,FN,2ad213cc02094e003802530757fa4010720a22e6,kernelshap,,,,,1,0.8,0.6,-0.0218517122528067,0.0393746791429121,5,0
qt,FN,2ad213cc02094e003802530757fa4010720a22e6,kernelshap,,,,,2,0.8,0.6,-0.0218517122528067,0.0393746791429121,5,0
qt,FN,2ad213cc02094e003802530757fa4010720a22e6,kernelshap,,,,,3,0.8,0.6,-0.0218517122528067,0.0393746791429121,5,0
qt,FN,2ad213cc02094e003802530757fa4010720a22e6,kernelshap,,,,,4,0.8,0.6,-0.0218517122528067,0.0393746791429121,5,0
qt,FN,2ad213cc02094e003802530757fa4010720a22e6,kernelshap,,,,,5,0.8,0.6,-0.0218517122528067,0.0393746791429121,5,0
qt,TP,256bbc4f139036a780a63b80af8bb461a77d333a,kernelshap,,,,,1,1.0,1.0,-0.1237343420438244,0.1559561107513074,5,0
qt,TP,256bbc4f139036a780a63b80af8bb461a77d333a,kernelshap,,,,,2,1.0,1.0,-0.1237343420438244,0.1559561107513074,5,0
qt,TP,256bbc4f139036a780a63b80af8bb461a77d333a,kernelshap,,,,,3,1.0,1.0,-0.1237343420438244,0.1559561107513074,5,0
qt,TP,256bbc4f139036a780a63b80af8bb461a77d333a,kernelshap,,,,,4,1.0,1.0,-0.1237343420438244,0.1559561107513074,5,0
qt,TP,256bbc4f139036a780a63b80af8bb461a77d333a,kernelshap,,,,,5,1.0,1.0,-0.1571894072167467,0.1571894072167467,5,0
qt,TP,ae292be8690109940fdd9862321b2389a0957404,kernelshap,,,,,1,1.0,1.0,-0.1257397917807275,0.2106165468184069,5,0
qt,TP,ae292be8690109940fdd9862321b2389a0957404,kernelshap,,,,,2,1.0,1.0,-0.1257397917807275,0.2106165468184069,5,0
qt,TP,ae292be8690109940fdd9862321b2389a0957404,kernelshap,,,,,3,1.0,1.0,-0.1257397917807275,0.2106165468184069,5,0
qt,TP,ae292be8690109940fdd9862321b2389a0957404,kernelshap,,,,,4,1.0,1.0,-0.1257397917807276,0.2106165468184069,5,0
qt,TP,ae292be8690109940fdd9862321b2389a0957404,kernelshap,,,,,5,1.0,1.0,-0.1257397917807276,0.2106165468184069,5,0
qt,FN,3786411f7f8770f28ba2a97cb646a0eb7a5eaa99,kernelshap,,,,,1,1.0,0.6,0.014730340171445,0.0496387129207571,5,0
qt,FN,3786411f7f8770f28ba2a97cb646a0eb7a5eaa99,kernelshap,,,,,2,1.0,0.6,0.0147303401714451,0.0496387129207571,5,0
qt,FN,3786411f7f8770f28ba2a97cb646a0eb7a5eaa99,kernelshap,,,,,3,1.0,0.6,0.0147303401714451,0.0496387129207571,5,0
qt,FN,3786411f7f8770f28ba2a97cb646a0eb7a5eaa99,kernelshap,,,,,4,1.0,0.6,0.014730340171445,0.0496387129207572,5,0
qt,FN,3786411f7f8770f28ba2a97cb646a0eb7a5eaa99,kernelshap,,,,,5,1.0,0.6,0.0147303401714451,0.049638712920757,5,0
qt,FP,8835c0376befd009702b9a17c506639e31c842b9,kernelshap,,,,,1,1.0,0.8,-0.106834254027187,0.1510835737550781,5,0
qt,FP,8835c0376befd009702b9a17c506639e31c842b9,kernelshap,,,,,2,1.0,1.0,-0.1260152997321823,0.1702646194600734,5,0
qt,FP,8835c0376befd009702b9a17c506639e31c842b9,kernelshap,,,,,3,1.0,0.8,-0.106834254027187,0.1510835737550781,5,0
qt,FP,8835c0376befd009702b9a17c506639e31c842b9,kernelshap,,,,,4,1.0,1.0,-0.1260152997321823,0.1702646194600734,5,0
qt,FP,8835c0376befd009702b9a17c506639e31c842b9,kernelshap,,,,,5,1.0,0.8,-0.1533316331564331,0.1533316331564331,5,0
qt,FN,9e99dba4a22bbf212b3e6d1e2607a16dbbd04d90,kernelshap,,,,,1,0.6,0.8,0.0740221255560511,0.0813556919896176,5,0
qt,FN,9e99dba4a22bbf212b3e6d1e2607a16dbbd04d90,kernelshap,,,,,2,0.6,0.8,0.0740221255560511,0.0813556919896177,5,0
qt,FN,9e99dba4a22bbf212b3e6d1e2607a16dbbd04d90,kernelshap,,,,,3,0.6,0.8,0.074022125556051,0.0813556919896176,5,0
qt,FN,9e99dba4a22bbf212b3e6d1e2607a16dbbd04d90,kernelshap,,,,,4,0.6,0.8,0.0740221255560511,0.0813556919896177,5,0
qt,FN,9e99dba4a22bbf212b3e6d1e2607a16dbbd04d90,kernelshap,,,,,5,0.6,0.8,0.0740221255560511,0.0813556919896177,5,0
qt,FN,f506e01665c9bf689887ccf057a03588829efeea,kernelshap,,,,,1,1.0,0.8,-0.0510549276648458,0.059294689023935,5,0
qt,FN,f506e01665c9bf689887ccf057a03588829efeea,kernelshap,,,,,2,1.0,0.8,-0.0510549276648458,0.059294689023935,5,0
qt,FN,f506e01665c9bf689887ccf057a03588829efeea,kernelshap,,,,,3,1.0,0.8,-0.0510549276648458,0.059294689023935,5,0
qt,FN,f506e01665c9bf689887ccf057a03588829efeea,kernelshap,,,,,4,1.0,0.8,-0.0510549276648458,0.059294689023935,5,0
qt,FN,f506e01665c9bf689887ccf057a03588829efeea,kernelshap,,,,,5,1.0,0.8,-0.0510549276648458,0.059294689023935,5,0
qt,TP,fa7626713b3a943609453459190e16c49d61dfd3,kernelshap,,,,,1,1.0,0.8,-0.0934004524029239,0.0934004524029239,5,0
qt,TP,fa7626713b3a943609453459190e16c49d61dfd3,kernelshap,,,,,2,1.0,0.8,-0.0934004524029239,0.0934004524029239,5,0
qt,TP,fa7626713b3a943609453459190e16c49d61dfd3,kernelshap,,,,,3,1.0,0.8,-0.0934004524029239,0.0934004524029239,5,0
qt,TP,fa7626713b3a943609453459190e16c49d61dfd3,kernelshap,,,,,4,1.0,0.8,-0.0934004524029239,0.0934004524029239,5,0
qt,TP,fa7626713b3a943609453459190e16c49d61dfd3,kernelshap,,,,,5,1.0,0.8,-0.0934004524029239,0.0934004524029239,5,0
qt,FP,093064fdeb6e777d2dc88dbb4f4adb8fddac3aa5,kernelshap,,,,,1,1.0,1.0,-0.2745257621015512,0.2745257621015512,5,0
qt,FP,093064fdeb6e777d2dc88dbb4f4adb8fddac3aa5,kernelshap,,,,,2,1.0,1.0,-0.2867581499517961,0.2867581499517961,5,0
qt,FP,093064fdeb6e777d2dc88dbb4f4adb8fddac3aa5,kernelshap,,,,,3,1.0,1.0,-0.2867581499517961,0.2867581499517961,5,0
qt,FP,093064fdeb6e777d2dc88dbb4f4adb8fddac3aa5,kernelshap,,,,,4,1.0,1.0,-0.2867581499517961,0.2867581499517961,5,0
qt,FP,093064fdeb6e777d2dc88dbb4f4adb8fddac3aa5,kernelshap,,,,,5,1.0,1.0,-0.2867581499517961,0.2867581499517961,5,0
qt,TP,da8ace713a19d2a8c9831ddf50d17607bc4856cc,kernelshap,,,,,1,1.0,1.0,-0.1485486461569889,0.1485486461569889,5,0
qt,TP,da8ace713a19d2a8c9831ddf50d17607bc4856cc,kernelshap,,,,,2,1.0,1.0,-0.1485486461569889,0.1485486461569889,5,0
qt,TP,da8ace713a19d2a8c9831ddf50d17607bc4856cc,kernelshap,,,,,3,1.0,1.0,-0.1485486461569889,0.1485486461569889,5,0
qt,TP,da8ace713a19d2a8c9831ddf50d17607bc4856cc,kernelshap,,,,,4,1.0,1.0,-0.1485486461569889,0.1485486461569889,5,0
qt,TP,da8ace713a19d2a8c9831ddf50d17607bc4856cc,kernelshap,,,,,5,1.0,1.0,-0.1493238841337524,0.1493238841337524,5,0
qt,FP,08cfd02312d21391c956b8bf50ab7d6caa0d8082,kernelshap,,,,,1,0.8,1.0,-0.1247128151075869,0.1247128151075869,5,0
qt,FP,08cfd02312d21391c956b8bf50ab7d6caa0d8082,kernelshap,,,,,2,0.8,1.0,-0.1247128151075869,0.1247128151075869,5,0
qt,FP,08cfd02312d21391c956b8bf50ab7d6caa0d8082,kernelshap,,,,,3,0.8,1.0,-0.1247128151075869,0.1247128151075869,5,0
qt,FP,08cfd02312d21391c956b8bf50ab7d6caa0d8082,kernelshap,,,,,4,0.8,1.0,-0.1247128151075869,0.1247128151075869,5,0
qt,FP,08cfd02312d21391c956b8bf50ab7d6caa0d8082,kernelshap,,,,,5,0.8,1.0,-0.1247128151075869,0.1247128151075869,5,0
qt,FP,a02b371eb2f34bf198c95cf0caa1fbad639f96bb,kernelshap,,,,,1,1.0,0.8,-0.0833173241270457,0.0833173241270457,5,0
qt,FP,a02b371eb2f34bf198c95cf0caa1fbad639f96bb,kernelshap,,,,,2,1.0,0.8,-0.0833173241270456,0.0833173241270456,5,0
qt,FP,a02b371eb2f34bf198c95cf0caa1fbad639f96bb,kernelshap,,,,,3,1.0,0.8,-0.0833173241270456,0.0833173241270456,5,0
qt,FP,a02b371eb2f34bf198c95cf0caa1fbad639f96bb,kernelshap,,,,,4,1.0,0.8,-0.0621720063495851,0.0802107866169367,5,0
qt,FP,a02b371eb2f34bf198c95cf0caa1fbad639f96bb,kernelshap,,,,,5,1.0,0.8,-0.0621720063495851,0.0802107866169366,5,0
qt,TN,5cb54cb5ebae99fab121061e25e26eec3056203a,kernelshap,,,,,1,1.0,0.8,0.0442775201753009,0.0692942813442514,5,0
qt,TN,5cb54cb5ebae99fab121061e25e26eec3056203a,kernelshap,,,,,2,1.0,0.8,0.0442775201753008,0.0692942813442514,5,0
qt,TN,5cb54cb5ebae99fab121061e25e26eec3056203a,kernelshap,,,,,3,1.0,0.6,0.0588196930989422,0.0663524799788765,5,0
qt,TN,5cb54cb5ebae99fab121061e25e26eec3056203a,kernelshap,,,,,4,1.0,0.8,0.0442775201753008,0.0692942813442514,5,0
qt,TN,5cb54cb5ebae99fab121061e25e26eec3056203a,kernelshap,,,,,5,1.0,0.6,0.0588196930989422,0.0663524799788765,5,0
qt,TN,9a50333dd03969abb3f09c0f90dcb4afd048e47a,kernelshap,,,,,1,0.8,1.0,-0.0744315650095884,0.0872236391144384,5,0
qt,TN,9a50333dd03969abb3f09c0f90dcb4afd048e47a,kernelshap,,,,,2,0.8,0.8,-0.0646420762248013,0.0774341503296513,5,0
qt,TN,9a50333dd03969abb3f09c0f90dcb4afd048e47a,kernelshap,,,,,3,0.8,0.8,-0.0646420762248012,0.0774341503296513,5,0
qt,TN,9a50333dd03969abb3f09c0f90dcb4afd048e47a,kernelshap,,,,,4,0.8,0.8,-0.0646420762248013,0.0774341503296513,5,0
qt,TN,9a50333dd03969abb3f09c0f90dcb4afd048e47a,kernelshap,,,,,5,0.8,1.0,-0.0744315650095883,0.0872236391144384,5,0
qt,FN,18f7e6dc9f59159b70cb7e6a8745738f42d4f46f,kernelshap,,,,,1,1.0,1.0,0.0753520233465983,0.1091068801365723,5,0
qt,FN,18f7e6dc9f59159b70cb7e6a8745738f42d4f46f,kernelshap,,,,,2,1.0,0.8,0.0899511089064756,0.0945077945766949,5,0
qt,FN,18f7e6dc9f59159b70cb7e6a8745738f42d4f46f,kernelshap,,,,,3,1.0,0.8,0.0899511089064756,0.0945077945766949,5,0
qt,FN,18f7e6dc9f59159b70cb7e6a8745738f42d4f46f,kernelshap,,,,,4,1.0,1.0,0.0753520233465983,0.1091068801365722,5,0
qt,FN,18f7e6dc9f59159b70cb7e6a8745738f42d4f46f,kernelshap,,,,,5,1.0,0.8,0.0899511089064756,0.094507794576695,5,0
qt,TP,d31304eab9e7424edc20fb83a8a19cd979458029,kernelshap,,,,,1,0.8,0.8,0.0015255517941441,0.1048588162187951,5,0
qt,TP,d31304eab9e7424edc20fb83a8a19cd979458029,kernelshap,,,,,2,0.8,0.8,0.0015255517941441,0.1048588162187951,5,0
qt,TP,d31304eab9e7424edc20fb83a8a19cd979458029,kernelshap,,,,,3,0.8,0.8,0.001525551794144,0.1048588162187951,5,0
qt,TP,d31304eab9e7424edc20fb83a8a19cd979458029,kernelshap,,,,,4,0.8,0.8,0.0015255517941441,0.1048588162187951,5,0
qt,TP,d31304eab9e7424edc20fb83a8a19cd979458029,kernelshap,,,,,5,0.8,0.8,0.0015255517941441,0.1048588162187951,5,0
qt,TN,bd79c331f14e6cfab9e0b5815404c8194526e8f1,kernelshap,,,,,1,1.0,1.0,-0.0173594744367349,0.0603731314409477,5,0
qt,TN,bd79c331f14e6cfab9e0b5815404c8194526e8f1,kernelshap,,,,,2,1.0,1.0,-0.0173594744367349,0.0603731314409477,5,0
qt,TN,bd79c331f14e6cfab9e0b5815404c8194526e8f1,kernelshap,,,,,3,1.0,1.0,-0.0173594744367349,0.0603731314409477,5,0
qt,TN,bd79c331f14e6cfab9e0b5815404c8194526e8f1,kernelshap,,,,,4,1.0,1.0,-0.0173594744367349,0.0603731314409477,5,0
qt,TN,bd79c331f14e6cfab9e0b5815404c8194526e8f1,kernelshap,,,,,5,1.0,1.0,-0.0173594744367349,0.0603731314409477,5,0
qt,TN,67ee72f3145fd14b36af408918ed3420504d3035,kernelshap,,,,,1,1.0,0.8,-0.0360618906007055,0.0705524075067686,5,0
qt,TN,67ee72f3145fd14b36af408918ed3420504d3035,kernelshap,,,,,2,1.0,0.8,-0.0325664591613965,0.0670569760674596,5,0
qt,TN,67ee72f3145fd14b36af408918ed3420504d3035,kernelshap,,,,,3,1.0,0.8,-0.0360618906007055,0.0705524075067686,5,0
qt,TN,67ee72f3145fd14b36af408918ed3420504d3035,kernelshap,,,,,4,1.0,0.8,-0.0360618906007055,0.0705524075067686,5,0
qt,TN,67ee72f3145fd14b36af408918ed3420504d3035,kernelshap,,,,,5,1.0,0.8,-0.0360618906007055,0.0705524075067686,5,0
qt,FN,67ced4791ddabebfa19a2f101aa292b5eba60b90,kernelshap,,,,,1,1.0,1.0,0.0438651860773749,0.0775574270017168,5,0
qt,FN,67ced4791ddabebfa19a2f101aa292b5eba60b90,kernelshap,,,,,2,1.0,1.0,0.0438651860773749,0.0775574270017168,5,0
qt,FN,67ced4791ddabebfa19a2f101aa292b5eba60b90,kernelshap,,,,,3,1.0,1.0,0.0438651860773749,0.0775574270017168,5,0
qt,FN,67ced4791ddabebfa19a2f101aa292b5eba60b90,kernelshap,,,,,4,1.0,1.0,0.0438651860773749,0.0775574270017168,5,0
qt,FN,67ced4791ddabebfa19a2f101aa292b5eba60b90,kernelshap,,,,,5,1.0,1.0,0.0438651860773749,0.0775574270017168,5,0
qt,FP,86d91d2bf8e7ac7a75f88f0e4886140abc06fd4c,kernelshap,,,,,1,1.0,0.8,-0.1283933035013912,0.2003270239236786,5,0
qt,FP,86d91d2bf8e7ac7a75f88f0e4886140abc06fd4c,kernelshap,,,,,2,1.0,0.8,-0.1283933035013912,0.2003270239236786,5,0
qt,FP,86d91d2bf8e7ac7a75f88f0e4886140abc06fd4c,kernelshap,,,,,3,1.0,0.8,-0.1283933035013912,0.2003270239236786,5,0
qt,FP,86d91d2bf8e7ac7a75f88f0e4886140abc06fd4c,kernelshap,,,,,4,1.0,0.8,-0.1283933035013912,0.2003270239236786,5,0
qt,FP,86d91d2bf8e7ac7a75f88f0e4886140abc06fd4c,kernelshap,,,,,5,1.0,0.8,-0.1283933035013912,0.2003270239236786,5,0
qt,TN,121cdbdd30de1bee58e349859409dd08865c17f5,kernelshap,,,,,1,1.0,0.6,-0.0214647887126879,0.0448084453140844,5,0
qt,TN,121cdbdd30de1bee58e349859409dd08865c17f5,kernelshap,,,,,2,1.0,0.6,-0.0214647887126878,0.0448084453140844,5,0
qt,TN,121cdbdd30de1bee58e349859409dd08865c17f5,kernelshap,,,,,3,1.0,0.6,-0.0214647887126879,0.0448084453140844,5,0
qt,TN,121cdbdd30de1bee58e349859409dd08865c17f5,kernelshap,,,,,4,1.0,0.6,-0.0214647887126879,0.0448084453140844,5,0
qt,TN,121cdbdd30de1bee58e349859409dd08865c17f5,kernelshap,,,,,5,1.0,0.6,-0.0214647887126878,0.0448084453140844,5,0
qt,TP,9bd30943bae136d28d42b9a9188a8586c963d461,kernelshap,,,,,1,0.8,0.6,-0.0646376125469218,0.070518871263143,5,0
qt,TP,9bd30943bae136d28d42b9a9188a8586c963d461,kernelshap,,,,,2,0.8,0.6,-0.0646376125469218,0.070518871263143,5,0
qt,TP,9bd30943bae136d28d42b9a9188a8586c963d461,kernelshap,,,,,3,0.8,0.6,-0.0646376125469218,0.070518871263143,5,0
qt,TP,9bd30943bae136d28d42b9a9188a8586c963d461,kernelshap,,,,,4,0.8,0.6,-0.0646376125469218,0.070518871263143,5,0
qt,TP,9bd30943bae136d28d42b9a9188a8586c963d461,kernelshap,,,,,5,0.8,0.6,-0.0646376125469218,0.070518871263143,5,0
qt,FN,ac48071b185d17022d48c6379a2549ac2736cb8c,kernelshap,,,,,1,1.0,1.0,-0.0797823154151738,0.0797823154151738,5,0
qt,FN,ac48071b185d17022d48c6379a2549ac2736cb8c,kernelshap,,,,,2,1.0,1.0,-0.0797823154151738,0.0797823154151738,5,0
qt,FN,ac48071b185d17022d48c6379a2549ac2736cb8c,kernelshap,,,,,3,1.0,1.0,-0.0797823154151738,0.0797823154151738,5,0
qt,FN,ac48071b185d17022d48c6379a2549ac2736cb8c,kernelshap,,,,,4,1.0,1.0,-0.0797823154151738,0.0797823154151738,5,0
qt,FN,ac48071b185d17022d48c6379a2549ac2736cb8c,kernelshap,,,,,5,1.0,1.0,-0.0797823154151738,0.0797823154151738,5,0
qt,TN,fc2f0fb39008f95133f6fd24662fe92195431808,kernelshap,,,,,1,0.8,0.6,-0.0576023564516299,0.0684984603477338,5,0
qt,TN,fc2f0fb39008f95133f6fd24662fe92195431808,kernelshap,,,,,2,0.8,0.6,-0.0576023564516299,0.0684984603477338,5,0
qt,TN,fc2f0fb39008f95133f6fd24662fe92195431808,kernelshap,,,,,3,0.8,0.6,-0.0576023564516299,0.0684984603477338,5,0
qt,TN,fc2f0fb39008f95133f6fd24662fe92195431808,kernelshap,,,,,4,0.8,0.6,-0.0576023564516299,0.0684984603477338,5,0
qt,TN,fc2f0fb39008f95133f6fd24662fe92195431808,kernelshap,,,,,5,0.8,0.6,-0.0576023564516299,0.0684984603477338,5,0
qt,FP,41ae544c40e0568bd627a992a23b8c8f8f5cc27d,kernelshap,,,,,1,1.0,1.0,-0.17535143431412,0.17535143431412,5,0
qt,FP,41ae544c40e0568bd627a992a23b8c8f8f5cc27d,kernelshap,,,,,2,1.0,1.0,-0.17535143431412,0.17535143431412,5,0
qt,FP,41ae544c40e0568bd627a992a23b8c8f8f5cc27d,kernelshap,,,,,3,1.0,1.0,-0.17535143431412,0.17535143431412,5,0
qt,FP,41ae544c40e0568bd627a992a23b8c8f8f5cc27d,kernelshap,,,,,4,1.0,1.0,-0.17535143431412,0.17535143431412,5,0
qt,FP,41ae544c40e0568bd627a992a23b8c8f8f5cc27d,kernelshap,,,,,5,1.0,1.0,-0.17535143431412,0.17535143431412,5,0
qt,FN,895cb4681ee78caaf9b99c88390a74ff1d79ae61,kernelshap,,,,,1,1.0,0.8,0.0119176644082066,0.0947663463254856,5,0
qt,FN,895cb4681ee78caaf9b99c88390a74ff1d79ae61,kernelshap,,,,,2,1.0,0.8,0.0119176644082066,0.0947663463254856,5,0
qt,FN,895cb4681ee78caaf9b99c88390a74ff1d79ae61,kernelshap,,,,,3,1.0,0.8,0.0119176644082066,0.0947663463254856,5,0
qt,FN,895cb4681ee78caaf9b99c88390a74ff1d79ae61,kernelshap,,,,,4,1.0,0.8,0.0119176644082066,0.0947663463254856,5,0
qt,FN,895cb4681ee78caaf9b99c88390a74ff1d79ae61,kernelshap,,,,,5,1.0,0.8,0.0119176644082066,0.0947663463254856,5,0
qt,TP,dfda6f14b3e210a33b71ef1c6fa3c75a9c866cce,kernelshap,,,,,1,1.0,0.8,-0.0652053241861503,0.0652053241861503,5,0
qt,TP,dfda6f14b3e210a33b71ef1c6fa3c75a9c866cce,kernelshap,,,,,2,1.0,0.8,-0.0652053241861503,0.0652053241861503,5,0
qt,TP,dfda6f14b3e210a33b71ef1c6fa3c75a9c866cce,kernelshap,,,,,3,1.0,0.8,-0.0652053241861503,0.0652053241861503,5,0
qt,TP,dfda6f14b3e210a33b71ef1c6fa3c75a9c866cce,kernelshap,,,,,4,1.0,0.8,-0.0652053241861503,0.0652053241861503,5,0
qt,TP,dfda6f14b3e210a33b71ef1c6fa3c75a9c866cce,kernelshap,,,,,5,1.0,0.8,-0.0652053241861503,0.0652053241861503,5,0
qt,TN,9b3d91237bf38492fd97457624d4cb5cd486bd56,kernelshap,,,,,1,1.0,0.8,-0.0635163179486007,0.0635163179486007,5,0
qt,TN,9b3d91237bf38492fd97457624d4cb5cd486bd56,kernelshap,,,,,2,1.0,0.8,-0.0635163179486008,0.0635163179486008,5,0
qt,TN,9b3d91237bf38492fd97457624d4cb5cd486bd56,kernelshap,,,,,3,1.0,0.8,-0.0635163179486007,0.0635163179486007,5,0
qt,TN,9b3d91237bf38492fd97457624d4cb5cd486bd56,kernelshap,,,,,4,1.0,0.8,-0.0635163179486007,0.0635163179486007,5,0
qt,TN,9b3d91237bf38492fd97457624d4cb5cd486bd56,kernelshap,,,,,5,1.0,0.8,-0.0635163179486007,0.0635163179486007,5,0
qt,TN,2831fa76655c614ed3df0816401514950e79b5e6,kernelshap,,,,,1,0.4,0.0,0.00022643447924,0.0150352584545044,5,0
qt,TN,2831fa76655c614ed3df0816401514950e79b5e6,kernelshap,,,,,2,0.4,0.0,0.00022643447924,0.0150352584545044,5,0
qt,TN,2831fa76655c614ed3df0816401514950e79b5e6,kernelshap,,,,,3,0.4,0.0,0.0002264344792401,0.0150352584545045,5,0
qt,TN,2831fa76655c614ed3df0816401514950e79b5e6,kernelshap,,,,,4,0.4,0.0,0.0002264344792401,0.0150352584545045,5,0
qt,TN,2831fa76655c614ed3df0816401514950e79b5e6,kernelshap,,,,,5,0.4,0.0,0.00022643447924,0.0150352584545044,5,0
qt,FN,d8782b0cc680f09d605133bd37a44d290894c01e,kernelshap,,,,,1,1.0,0.8,-0.0516300502047255,0.0516300502047255,5,0
qt,FN,d8782b0cc680f09d605133bd37a44d290894c01e,kernelshap,,,,,2,1.0,0.8,-0.0516300502047255,0.0516300502047255,5,0
qt,FN,d8782b0cc680f09d605133bd37a44d290894c01e,kernelshap,,,,,3,1.0,0.8,-0.0516300502047255,0.0516300502047255,5,0
qt,FN,d8782b0cc680f09d605133bd37a44d290894c01e,kernelshap,,,,,4,1.0,0.8,-0.0516300502047255,0.0516300502047255,5,0
qt,FN,d8782b0cc680f09d605133bd37a44d290894c01e,kernelshap,,,,,5,1.0,0.8,-0.0508688888688575,0.0508688888688575,5,0
qt,TP,5dd76ba31c3c7cb9c0d9d97cd62f0d2f535a23f7,kernelshap,,,,,1,1.0,1.0,-0.0801322473367172,0.1154586709131407,5,0
qt,TP,5dd76ba31c3c7cb9c0d9d97cd62f0d2f535a23f7,kernelshap,,,,,2,1.0,1.0,-0.0801322473367172,0.1154586709131407,5,0
qt,TP,5dd76ba31c3c7cb9c0d9d97cd62f0d2f535a23f7,kernelshap,,,,,3,1.0,1.0,-0.0801322473367172,0.1154586709131407,5,0
qt,TP,5dd76ba31c3c7cb9c0d9d97cd62f0d2f535a23f7,kernelshap,,,,,4,1.0,1.0,-0.0801322473367172,0.1154586709131407,5,0
qt,TP,5dd76ba31c3c7cb9c0d9d97cd62f0d2f535a23f7,kernelshap,,,,,5,1.0,1.0,-0.0801322473367172,0.1154586709131407,5,0
qt,FP,237c867a002c8035aac7ff8a870da717eb7b0878,kernelshap,,,,,1,1.0,1.0,-0.1040436555851637,0.1040436555851637,5,0
qt,FP,237c867a002c8035aac7ff8a870da717eb7b0878,kernelshap,,,,,2,1.0,1.0,-0.1040436555851637,0.1040436555851637,5,0
qt,FP,237c867a002c8035aac7ff8a870da717eb7b0878,kernelshap,,,,,3,1.0,1.0,-0.1040436555851637,0.1040436555851637,5,0
qt,FP,237c867a002c8035aac7ff8a870da717eb7b0878,kernelshap,,,,,4,1.0,1.0,-0.1040436555851637,0.1040436555851637,5,0
qt,FP,237c867a002c8035aac7ff8a870da717eb7b0878,kernelshap,,,,,5,1.0,1.0,-0.1040436555851637,0.1040436555851637,5,0
qt,TN,f3ca13f3d12f52c60f4cd41d0b336c24a8d3359d,kernelshap,,,,,1,1.0,0.6,-0.0411032290293452,0.0525162194388521,5,0
qt,TN,f3ca13f3d12f52c60f4cd41d0b336c24a8d3359d,kernelshap,,,,,2,1.0,0.6,-0.0411032290293452,0.0525162194388521,5,0
qt,TN,f3ca13f3d12f52c60f4cd41d0b336c24a8d3359d,kernelshap,,,,,3,1.0,0.6,-0.0411032290293451,0.0525162194388521,5,0
qt,TN,f3ca13f3d12f52c60f4cd41d0b336c24a8d3359d,kernelshap,,,,,4,1.0,0.8,-0.0545208852772721,0.0659338756867791,5,0
qt,TN,f3ca13f3d12f52c60f4cd41d0b336c24a8d3359d,kernelshap,,,,,5,1.0,0.8,-0.0545208852772721,0.0659338756867791,5,0
qt,TP,267edbec198a0cedbf7bed4c3c5fa93c1dbc86bd,kernelshap,,,,,1,1.0,1.0,-0.0333997898570544,0.097818561200704,5,0
qt,TP,267edbec198a0cedbf7bed4c3c5fa93c1dbc86bd,kernelshap,,,,,2,1.0,1.0,-0.0333997898570544,0.097818561200704,5,0
qt,TP,267edbec198a0cedbf7bed4c3c5fa93c1dbc86bd,kernelshap,,,,,3,1.0,1.0,-0.0333997898570543,0.097818561200704,5,0
qt,TP,267edbec198a0cedbf7bed4c3c5fa93c1dbc86bd,kernelshap,,,,,4,1.0,1.0,-0.0333997898570543,0.097818561200704,5,0
qt,TP,267edbec198a0cedbf7bed4c3c5fa93c1dbc86bd,kernelshap,,,,,5,1.0,1.0,-0.0333997898570543,0.097818561200704,5,0
qt,TN,e3b7957d6552e88aa23bd0ecc474db5f14981707,kernelshap,,,,,1,0.6,0.4,-0.0161660780092937,0.0273873531376263,5,0
qt,TN,e3b7957d6552e88aa23bd0ecc474db5f14981707,kernelshap,,,,,2,0.6,0.4,-0.0161660780092936,0.0273873531376263,5,0
qt,TN,e3b7957d6552e88aa23bd0ecc474db5f14981707,kernelshap,,,,,3,0.6,0.4,-0.0161660780092936,0.0273873531376263,5,0
qt,TN,e3b7957d6552e88aa23bd0ecc474db5f14981707,kernelshap,,,,,4,0.6,0.4,-0.0161660780092937,0.0273873531376263,5,0
qt,TN,e3b7957d6552e88aa23bd0ecc474db5f14981707,kernelshap,,,,,5,0.6,0.4,-0.0161660780092937,0.0273873531376263,5,0
qt,FP,571b11d41c9dadd5ef11e4e954c16c5ca39d718e,kernelshap,,,,,1,0.8,0.8,-0.0847600558800456,0.0847600558800456,5,0
qt,FP,571b11d41c9dadd5ef11e4e954c16c5ca39d718e,kernelshap,,,,,2,1.0,1.0,-0.0968760681007809,0.0968760681007809,5,0
qt,FP,571b11d41c9dadd5ef11e4e954c16c5ca39d718e,kernelshap,,,,,3,1.0,1.0,-0.0968760681007809,0.0968760681007809,5,0
qt,FP,571b11d41c9dadd5ef11e4e954c16c5ca39d718e,kernelshap,,,,,4,1.0,1.0,-0.0968760681007809,0.0968760681007809,5,0
qt,FP,571b11d41c9dadd5ef11e4e954c16c5ca39d718e,kernelshap,,,,,5,1.0,1.0,-0.0968760681007809,0.0968760681007809,5,0
qt,FN,8cf186cc7c56144b02d5b40d8f4832ff3021e68a,kernelshap,,,,,1,1.0,1.0,-0.0836225991212062,0.0836225991212062,5,0
qt,FN,8cf186cc7c56144b02d5b40d8f4832ff3021e68a,kernelshap,,,,,2,1.0,1.0,-0.0881325112184108,0.0881325112184108,5,0
qt,FN,8cf186cc7c56144b02d5b40d8f4832ff3021e68a,kernelshap,,,,,3,1.0,1.0,-0.0881325112184107,0.0881325112184107,5,0
qt,FN,8cf186cc7c56144b02d5b40d8f4832ff3021e68a,kernelshap,,,,,4,1.0,1.0,-0.0836225991212063,0.0836225991212063,5,0
qt,FN,8cf186cc7c56144b02d5b40d8f4832ff3021e68a,kernelshap,,,,,5,1.0,1.0,-0.0836225991212063,0.0836225991212063,5,0
qt,FP,02b7ec05d5713aec67577cebc18e5906b5a98598,kernelshap,,,,,1,1.0,1.0,-0.0759511348058873,0.117816912435092,5,0
qt,FP,02b7ec05d5713aec67577cebc18e5906b5a98598,kernelshap,,,,,2,1.0,1.0,-0.0759511348058873,0.117816912435092,5,0
qt,FP,02b7ec05d5713aec67577cebc18e5906b5a98598,kernelshap,,,,,3,1.0,1.0,-0.0759511348058873,0.117816912435092,5,0
qt,FP,02b7ec05d5713aec67577cebc18e5906b5a98598,kernelshap,,,,,4,1.0,1.0,-0.0759511348058874,0.117816912435092,5,0
qt,FP,02b7ec05d5713aec67577cebc18e5906b5a98598,kernelshap,,,,,5,1.0,1.0,-0.0759511348058873,0.117816912435092,5,0
qt,TN,88a8deea86fe69448ca1586c2ee567a53dee1008,kernelshap,,,,,1,1.0,0.4,-0.04399161058115,0.04399161058115,5,0
qt,TN,88a8deea86fe69448ca1586c2ee567a53dee1008,kernelshap,,,,,2,1.0,0.4,-0.04399161058115,0.04399161058115,5,0
qt,TN,88a8deea86fe69448ca1586c2ee567a53dee1008,kernelshap,,,,,3,1.0,0.4,-0.0439916105811501,0.0439916105811501,5,0
qt,TN,88a8deea86fe69448ca1586c2ee567a53dee1008,kernelshap,,,,,4,1.0,0.4,-0.0439916105811501,0.0439916105811501,5,0
qt,TN,88a8deea86fe69448ca1586c2ee567a53dee1008,kernelshap,,,,,5,1.0,0.4,-0.0439916105811501,0.0439916105811501,5,0
qt,FP,1af927976ac953f922e35d71a16a32d328bb2efd,kernelshap,,,,,1,0.6,0.4,-0.0360932005867355,0.0379193244628593,5,0
qt,FP,1af927976ac953f922e35d71a16a32d328bb2efd,kernelshap,,,,,2,0.6,0.4,-0.0360932005867355,0.0379193244628593,5,0
qt,FP,1af927976ac953f922e35d71a16a32d328bb2efd,kernelshap,,,,,3,0.6,0.4,-0.0360932005867354,0.0379193244628593,5,0
qt,FP,1af927976ac953f922e35d71a16a32d328bb2efd,kernelshap,,,,,4,0.8,0.4,-0.039734018102553,0.0415601419786769,5,0
qt,FP,1af927976ac953f922e35d71a16a32d328bb2efd,kernelshap,,,,,5,0.8,0.4,-0.039734018102553,0.0415601419786769,5,0
qt,FN,eaa54a8f9884652513c7c3ab489f31ff1e5d712c,kernelshap,,,,,1,1.0,0.6,0.0029014299425273,0.039281491952859,5,0
qt,FN,eaa54a8f9884652513c7c3ab489f31ff1e5d712c,kernelshap,,,,,2,1.0,0.6,0.0029014299425273,0.0392814919528589,5,0
qt,FN,eaa54a8f9884652513c7c3ab489f31ff1e5d712c,kernelshap,,,,,3,1.0,0.6,0.0029014299425273,0.0392814919528589,5,0
qt,FN,eaa54a8f9884652513c7c3ab489f31ff1e5d712c,kernelshap,,,,,4,1.0,0.6,0.0029014299425274,0.0392814919528589,5,0
qt,FN,eaa54a8f9884652513c7c3ab489f31ff1e5d712c,kernelshap,,,,,5,1.0,0.6,0.0029014299425273,0.0392814919528589,5,0
qt,TP,9d23aebb271ea534a66cb3aceb2e63d9a1c870d6,kernelshap,,,,,1,1.0,1.0,-0.2564140278833881,0.2564140278833881,5,0
qt,TP,9d23aebb271ea534a66cb3aceb2e63d9a1c870d6,kernelshap,,,,,2,1.0,1.0,-0.2564140278833881,0.2564140278833881,5,0
qt,TP,9d23aebb271ea534a66cb3aceb2e63d9a1c870d6,kernelshap,,,,,3,1.0,1.0,-0.2564140278833881,0.2564140278833881,5,0
qt,TP,9d23aebb271ea534a66cb3aceb2e63d9a1c870d6,kernelshap,,,,,4,1.0,1.0,-0.2564140278833881,0.2564140278833881,5,0
qt,TP,9d23aebb271ea534a66cb3aceb2e63d9a1c870d6,kernelshap,,,,,5,1.0,1.0,-0.2564140278833881,0.2564140278833881,5,0
qt,FN,4e3917587b11432d2d892f5146b367de2a3e4864,kernelshap,,,,,1,1.0,0.8,-0.0875792340411461,0.0875792340411461,5,0
qt,FN,4e3917587b11432d2d892f5146b367de2a3e4864,kernelshap,,,,,2,1.0,0.8,-0.0820565048700969,0.0820565048700969,5,0
qt,FN,4e3917587b11432d2d892f5146b367de2a3e4864,kernelshap,,,,,3,1.0,1.0,-0.0918804592574782,0.0918804592574782,5,0
qt,FN,4e3917587b11432d2d892f5146b367de2a3e4864,kernelshap,,,,,4,1.0,1.0,-0.090904996802186,0.090904996802186,5,0
qt,FN,4e3917587b11432d2d892f5146b367de2a3e4864,kernelshap,,,,,5,1.0,0.8,-0.0820565048700968,0.0820565048700968,5,0
qt,TN,bcf1167ccb52341d72e6e2921077d2244803ee8d,kernelshap,,,,,1,1.0,1.0,0.0678592493129502,0.0860230494902843,5,0
qt,TN,bcf1167ccb52341d72e6e2921077d2244803ee8d,kernelshap,,,,,2,1.0,1.0,0.0678592493129503,0.0860230494902843,5,0
qt,TN,bcf1167ccb52341d72e6e2921077d2244803ee8d,kernelshap,,,,,3,1.0,1.0,0.0678592493129502,0.0860230494902842,5,0
qt,TN,bcf1167ccb52341d72e6e2921077d2244803ee8d,kernelshap,,,,,4,1.0,1.0,0.0678592493129503,0.0860230494902843,5,0
qt,TN,bcf1167ccb52341d72e6e2921077d2244803ee8d,kernelshap,,,,,5,1.0,1.0,0.0678592493129503,0.0860230494902843,5,0
qt,TN,3e379bcc799edb6a78bc8cea093a278dbe32f33c,kernelshap,,,,,1,1.0,0.6,-0.0409160957220021,0.0537075910024822,5,0
qt,TN,3e379bcc799edb6a78bc8cea093a278dbe32f33c,kernelshap,,,,,2,1.0,0.6,-0.040916095722002,0.0537075910024822,5,0
qt,TN,3e379bcc799edb6a78bc8cea093a278dbe32f33c,kernelshap,,,,,3,1.0,0.6,-0.040916095722002,0.0537075910024821,5,0
qt,TN,3e379bcc799edb6a78bc8cea093a278dbe32f33c,kernelshap,,,,,4,1.0,0.6,-0.0409160957220021,0.0537075910024822,5,0
qt,TN,3e379bcc799edb6a78bc8cea093a278dbe32f33c,kernelshap,,,,,5,1.0,0.6,-0.0460775757604499,0.0531963862054091,5,0
qt,TN,4ebc2cf74e557b65a8ce1dc518ca92f399ce89e8,kernelshap,,,,,1,1.0,0.8,0.009557718505084,0.0688452801628256,5,0
qt,TN,4ebc2cf74e557b65a8ce1dc518ca92f399ce89e8,kernelshap,,,,,2,1.0,0.8,0.009557718505084,0.0688452801628256,5,0
qt,TN,4ebc2cf74e557b65a8ce1dc518ca92f399ce89e8,kernelshap,,,,,3,1.0,0.8,0.009557718505084,0.0688452801628256,5,0
qt,TN,4ebc2cf74e557b65a8ce1dc518ca92f399ce89e8,kernelshap,,,,,4,1.0,0.8,0.009557718505084,0.0688452801628256,5,0
qt,TN,4ebc2cf74e557b65a8ce1dc518ca92f399ce89e8,kernelshap,,,,,5,1.0,0.8,0.009557718505084,0.0688452801628256,5,0
qt,FN,7e298e2f2ceeee1a2d1a81238ca019d9a0c9519f,kernelshap,,,,,1,0.8,0.6,-0.0154354155340336,0.0538422668407666,5,0
qt,FN,7e298e2f2ceeee1a2d1a81238ca019d9a0c9519f,kernelshap,,,,,2,0.8,0.6,-0.0154354155340336,0.0538422668407666,5,0
qt,FN,7e298e2f2ceeee1a2d1a81238ca019d9a0c9519f,kernelshap,,,,,3,0.8,0.6,-0.0154354155340335,0.0538422668407667,5,0
qt,FN,7e298e2f2ceeee1a2d1a81238ca019d9a0c9519f,kernelshap,,,,,4,0.8,0.6,-0.0154354155340336,0.0538422668407666,5,0
qt,FN,7e298e2f2ceeee1a2d1a81238ca019d9a0c9519f,kernelshap,,,,,5,1.0,0.8,-0.0390949476688748,0.070859403161982,5,0
qt,FN,93dabeba9dc5f6cbab60e65b3cc8df5fe48745a9,kernelshap,,,,,1,1.0,0.8,0.0536757698515546,0.0620810399625436,5,0
qt,FN,93dabeba9dc5f6cbab60e65b3cc8df5fe48745a9,kernelshap,,,,,2,1.0,0.8,0.0536757698515547,0.0620810399625436,5,0
qt,FN,93dabeba9dc5f6cbab60e65b3cc8df5fe48745a9,kernelshap,,,,,3,1.0,0.8,0.0536757698515547,0.0620810399625436,5,0
qt,FN,93dabeba9dc5f6cbab60e65b3cc8df5fe48745a9,kernelshap,,,,,4,1.0,0.8,0.0536757698515546,0.0620810399625435,5,0
qt,FN,93dabeba9dc5f6cbab60e65b3cc8df5fe48745a9,kernelshap,,,,,5,1.0,0.8,0.0536757698515547,0.0620810399625436,5,0
qt,TN,0234e5c96417f451f8de279b8ff92734836badd4,kernelshap,,,,,1,0.8,0.4,0.0324996875724816,0.0418517157124661,5,0
qt,TN,0234e5c96417f451f8de279b8ff92734836badd4,kernelshap,,,,,2,0.8,0.4,0.0324996875724817,0.0418517157124661,5,0
qt,TN,0234e5c96417f451f8de279b8ff92734836badd4,kernelshap,,,,,3,0.8,0.4,0.0324996875724817,0.0418517157124662,5,0
qt,TN,0234e5c96417f451f8de279b8ff92734836badd4,kernelshap,,,,,4,0.8,0.4,0.0324996875724817,0.0418517157124662,5,0
qt,TN,0234e5c96417f451f8de279b8ff92734836badd4,kernelshap,,,,,5,0.8,0.4,0.0324996875724817,0.0418517157124662,5,0
qt,FP,eb93d7b51773b43e6a3e41961898a6033bcd9479,kernelshap,,,,,1,1.0,0.8,-0.0526470739103849,0.0772276970687391,5,0
qt,FP,eb93d7b51773b43e6a3e41961898a6033bcd9479,kernelshap,,,,,2,1.0,0.8,-0.0526470739103849,0.0772276970687391,5,0
qt,FP,eb93d7b51773b43e6a3e41961898a6033bcd9479,kernelshap,,,,,3,1.0,0.8,-0.0526470739103849,0.0772276970687392,5,0
qt,FP,eb93d7b51773b43e6a3e41961898a6033bcd9479,kernelshap,,,,,4,1.0,0.8,-0.0526470739103849,0.0772276970687391,5,0
qt,FP,eb93d7b51773b43e6a3e41961898a6033bcd9479,kernelshap,,,,,5,1.0,0.8,-0.052647073910385,0.0772276970687392,5,0
qt,FN,e6d17c8691bfafa033b82a4d81a9caf4a2fd1b85,kernelshap,,,,,1,0.6,0.4,-0.0051308911752601,0.0587057222965195,5,0
qt,FN,e6d17c8691bfafa033b82a4d81a9caf4a2fd1b85,kernelshap,,,,,2,0.6,0.4,-0.0051308911752602,0.0587057222965196,5,0
qt,FN,e6d17c8691bfafa033b82a4d81a9caf4a2fd1b85,kernelshap,,,,,3,0.6,0.4,-0.0051308911752601,0.0587057222965195,5,0
qt,FN,e6d17c8691bfafa033b82a4d81a9caf4a2fd1b85,kernelshap,,,,,4,0.6,0.4,-0.0051308911752601,0.0587057222965196,5,0
qt,FN,e6d17c8691bfafa033b82a4d81a9caf4a2fd1b85,kernelshap,,,,,5,0.6,0.6,-0.0137655303456136,0.0673403614668731,5,0
qt,FN,5303225aef739c534714c1ac1d4dd096f0cc38d0,kernelshap,,,,,1,0.6,0.8,-0.0014918169509024,0.0657248287732467,5,0
qt,FN,5303225aef739c534714c1ac1d4dd096f0cc38d0,kernelshap,,,,,2,0.6,0.8,-0.0014918169509024,0.0657248287732467,5,0
qt,FN,5303225aef739c534714c1ac1d4dd096f0cc38d0,kernelshap,,,,,3,0.6,0.8,-0.0014918169509024,0.0657248287732466,5,0
qt,FN,5303225aef739c534714c1ac1d4dd096f0cc38d0,kernelshap,,,,,4,0.6,0.8,-0.0014918169509025,0.0657248287732467,5,0
qt,FN,5303225aef739c534714c1ac1d4dd096f0cc38d0,kernelshap,,,,,5,0.6,0.8,-0.0014918169509025,0.0657248287732467,5,0
qt,FN,a69edf01cb0a2a06282dc7b89724ffa542f6546d,kernelshap,,,,,1,1.0,0.8,-0.0105779942379123,0.0552659452230529,5,0
qt,FN,a69edf01cb0a2a06282dc7b89724ffa542f6546d,kernelshap,,,,,2,1.0,0.8,-0.0105779942379122,0.0552659452230529,5,0
qt,FN,a69edf01cb0a2a06282dc7b89724ffa542f6546d,kernelshap,,,,,3,1.0,0.8,-0.0105779942379122,0.0552659452230529,5,0
qt,FN,a69edf01cb0a2a06282dc7b89724ffa542f6546d,kernelshap,,,,,4,1.0,0.8,-0.0105779942379122,0.0552659452230529,5,0
qt,FN,a69edf01cb0a2a06282dc7b89724ffa542f6546d,kernelshap,,,,,5,1.0,0.8,-0.0105779942379122,0.0552659452230528,5,0
qt,FP,e58fdbaeb033a801ac7b5dd1f63657b36d6e1305,kernelshap,,,,,1,1.0,1.0,-0.214627414810934,0.214627414810934,5,0
qt,FP,e58fdbaeb033a801ac7b5dd1f63657b36d6e1305,kernelshap,,,,,2,1.0,1.0,-0.214627414810934,0.214627414810934,5,0
qt,FP,e58fdbaeb033a801ac7b5dd1f63657b36d6e1305,kernelshap,,,,,3,1.0,1.0,-0.2146274148109339,0.2146274148109339,5,0
qt,FP,e58fdbaeb033a801ac7b5dd1f63657b36d6e1305,kernelshap,,,,,4,1.0,1.0,-0.2146274148109339,0.2146274148109339,5,0
qt,FP,e58fdbaeb033a801ac7b5dd1f63657b36d6e1305,kernelshap,,,,,5,1.0,1.0,-0.214627414810934,0.214627414810934,5,0
qt,TP,d3393ce25833c0afd7f0fa6b85fd6f3bd7ad520a,kernelshap,,,,,1,1.0,1.0,-0.1064274809807028,0.1064274809807028,5,0
qt,TP,d3393ce25833c0afd7f0fa6b85fd6f3bd7ad520a,kernelshap,,,,,2,1.0,1.0,-0.1195129234204685,0.1195129234204685,5,0
qt,TP,d3393ce25833c0afd7f0fa6b85fd6f3bd7ad520a,kernelshap,,,,,3,1.0,1.0,-0.1064274809807028,0.1064274809807028,5,0
qt,TP,d3393ce25833c0afd7f0fa6b85fd6f3bd7ad520a,kernelshap,,,,,4,1.0,1.0,-0.1064274809807028,0.1064274809807028,5,0
qt,TP,d3393ce25833c0afd7f0fa6b85fd6f3bd7ad520a,kernelshap,,,,,5,1.0,1.0,-0.1064274809807028,0.1064274809807028,5,0
qt,FN,6486a4bd196ca2bf0047ae80e78eee06e5e18e18,kernelshap,,,,,1,1.0,1.0,0.0065608622580428,0.0747295573474143,5,0
qt,FN,6486a4bd196ca2bf0047ae80e78eee06e5e18e18,kernelshap,,,,,2,1.0,1.0,0.0065608622580428,0.0747295573474143,5,0
qt,FN,6486a4bd196ca2bf0047ae80e78eee06e5e18e18,kernelshap,,,,,3,1.0,1.0,0.0065608622580428,0.0747295573474142,5,0
qt,FN,6486a4bd196ca2bf0047ae80e78eee06e5e18e18,kernelshap,,,,,4,1.0,1.0,0.0065608622580427,0.0747295573474143,5,0
qt,FN,6486a4bd196ca2bf0047ae80e78eee06e5e18e18,kernelshap,,,,,5,1.0,1.0,0.0065608622580428,0.0747295573474143,5,0
qt,FP,ddb4fb4c60987ce6e0b9e50de9a5f3a7ff0e8757,kernelshap,,,,,1,1.0,1.0,-0.0306476335607836,0.1124709798048732,5,0
qt,FP,ddb4fb4c60987ce6e0b9e50de9a5f3a7ff0e8757,kernelshap,,,,,2,1.0,1.0,-0.0306476335607836,0.1124709798048732,5,0
qt,FP,ddb4fb4c60987ce6e0b9e50de9a5f3a7ff0e8757,kernelshap,,,,,3,1.0,1.0,-0.0306476335607836,0.1124709798048732,5,0
qt,FP,ddb4fb4c60987ce6e0b9e50de9a5f3a7ff0e8757,kernelshap,,,,,4,1.0,1.0,-0.0306476335607837,0.1124709798048732,5,0
qt,FP,ddb4fb4c60987ce6e0b9e50de9a5f3a7ff0e8757,kernelshap,,,,,5,1.0,1.0,-0.0306476335607836,0.1124709798048732,5,0
qt,TP,03a1675eac4baf8c7a6e0602102bbafa3176771c,kernelshap,,,,,1,1.0,1.0,-0.0561696720340716,0.0966695320870365,5,0
qt,TP,03a1675eac4baf8c7a6e0602102bbafa3176771c,kernelshap,,,,,2,1.0,1.0,-0.0561696720340716,0.0966695320870365,5,0
qt,TP,03a1675eac4baf8c7a6e0602102bbafa3176771c,kernelshap,,,,,3,1.0,1.0,-0.0561696720340716,0.0966695320870365,5,0
qt,TP,03a1675eac4baf8c7a6e0602102bbafa3176771c,kernelshap,,,,,4,1.0,1.0,-0.0561696720340716,0.0966695320870365,5,0
qt,TP,03a1675eac4baf8c7a6e0602102bbafa3176771c,kernelshap,,,,,5,1.0,1.0,-0.0561696720340716,0.0966695320870365,5,0
qt,FP,36997810d9fec492635152be89efaa55208e224a,kernelshap,,,,,1,1.0,0.6,-0.0891371726396729,0.0909383778823394,5,0
qt,FP,36997810d9fec492635152be89efaa55208e224a,kernelshap,,,,,2,0.8,0.6,-0.0860210958593103,0.0878223011019769,5,0
qt,FP,36997810d9fec492635152be89efaa55208e224a,kernelshap,,,,,3,1.0,0.6,-0.0891371726396728,0.0909383778823393,5,0
qt,FP,36997810d9fec492635152be89efaa55208e224a,kernelshap,,,,,4,0.8,0.6,-0.0860210958593104,0.0878223011019769,5,0
qt,FP,36997810d9fec492635152be89efaa55208e224a,kernelshap,,,,,5,0.8,0.6,-0.0860210958593103,0.0878223011019768,5,0
qt,TN,4f4ad7c262ce4723417efa14c4d3fdb875be53d0,kernelshap,,,,,1,0.6,0.8,-0.0195117367753081,0.0421124086165029,5,0
qt,TN,4f4ad7c262ce4723417efa14c4d3fdb875be53d0,kernelshap,,,,,2,0.6,0.8,-0.0188170054931105,0.0428071398987005,5,0
qt,TN,4f4ad7c262ce4723417efa14c4d3fdb875be53d0,kernelshap,,,,,3,0.6,0.8,-0.0188170054931106,0.0428071398987005,5,0
qt,TN,4f4ad7c262ce4723417efa14c4d3fdb875be53d0,kernelshap,,,,,4,0.6,0.8,-0.0188170054931106,0.0428071398987006,5,0
qt,TN,4f4ad7c262ce4723417efa14c4d3fdb875be53d0,kernelshap,,,,,5,0.6,0.8,-0.0188170054931106,0.0428071398987005,5,0
qt,TP,a50911bc0bfca1185e99ce6638fbf03cf592789d,kernelshap,,,,,1,1.0,0.8,-0.0270792541595397,0.0740794654640436,5,0
qt,TP,a50911bc0bfca1185e99ce6638fbf03cf592789d,kernelshap,,,,,2,1.0,0.8,-0.0270792541595397,0.0740794654640436,5,0
qt,TP,a50911bc0bfca1185e99ce6638fbf03cf592789d,kernelshap,,,,,3,1.0,0.8,-0.0270792541595397,0.0740794654640436,5,0
qt,TP,a50911bc0bfca1185e99ce6638fbf03cf592789d,kernelshap,,,,,4,1.0,1.0,-0.0427809020863387,0.0897811133908427,5,0
qt,TP,a50911bc0bfca1185e99ce6638fbf03cf592789d,kernelshap,,,,,5,1.0,0.8,-0.0270792541595397,0.0740794654640436,5,0
qt,TP,bb199cc8ad4111808260f6255312b08c7d81dcbc,kernelshap,,,,,1,0.8,0.6,-0.0686323641477857,0.083160005573145,5,0
qt,TP,bb199cc8ad4111808260f6255312b08c7d81dcbc,kernelshap,,,,,2,0.8,0.6,-0.0686323641477857,0.083160005573145,5,0
qt,TP,bb199cc8ad4111808260f6255312b08c7d81dcbc,kernelshap,,,,,3,1.0,0.8,-0.0828242707747089,0.0884723037442456,5,0
qt,TP,bb199cc8ad4111808260f6255312b08c7d81dcbc,kernelshap,,,,,4,1.0,0.8,-0.0828242707747089,0.0884723037442456,5,0
qt,TP,bb199cc8ad4111808260f6255312b08c7d81dcbc,kernelshap,,,,,5,0.8,0.6,-0.0657984799663472,0.0803261213917066,5,0
qt,FP,6a91dcba2e4fa85dc345c2d403c757ab7676e28c,kernelshap,,,,,1,1.0,1.0,-0.0556603718815461,0.072766403944721,5,0
qt,FP,6a91dcba2e4fa85dc345c2d403c757ab7676e28c,kernelshap,,,,,2,1.0,1.0,-0.0556603718815461,0.072766403944721,5,0
qt,FP,6a91dcba2e4fa85dc345c2d403c757ab7676e28c,kernelshap,,,,,3,1.0,1.0,-0.0556603718815461,0.072766403944721,5,0
qt,FP,6a91dcba2e4fa85dc345c2d403c757ab7676e28c,kernelshap,,,,,4,1.0,1.0,-0.0556603718815461,0.072766403944721,5,0
qt,FP,6a91dcba2e4fa85dc345c2d403c757ab7676e28c,kernelshap,,,,,5,1.0,1.0,-0.0556603718815461,0.072766403944721,5,0
qt,TN,e38a98ad4453974b2848eeed02d81e0c408ce0c6,kernelshap,,,,,1,0.8,0.6,-0.0303174487910493,0.0618010007681226,5,0
qt,TN,e38a98ad4453974b2848eeed02d81e0c408ce0c6,kernelshap,,,,,2,0.8,0.6,-0.0303174487910493,0.0618010007681226,5,0
qt,TN,e38a98ad4453974b2848eeed02d81e0c408ce0c6,kernelshap,,,,,3,0.8,0.6,-0.0303174487910493,0.0618010007681225,5,0
qt,TN,e38a98ad4453974b2848eeed02d81e0c408ce0c6,kernelshap,,,,,4,0.8,0.6,-0.0303174487910493,0.0618010007681226,5,0
qt,TN,e38a98ad4453974b2848eeed02d81e0c408ce0c6,kernelshap,,,,,5,0.8,0.6,-0.0303174487910493,0.0618010007681226,5,0
qt,FP,1c6d5b0696f324495e95a12f7718ae7593c9b58a,kernelshap,,,,,1,1.0,1.0,-0.1457803281208183,0.1457803281208183,5,0
qt,FP,1c6d5b0696f324495e95a12f7718ae7593c9b58a,kernelshap,,,,,2,1.0,1.0,-0.1457803281208183,0.1457803281208183,5,0
qt,FP,1c6d5b0696f324495e95a12f7718ae7593c9b58a,kernelshap,,,,,3,1.0,1.0,-0.1457803281208183,0.1457803281208183,5,0
qt,FP,1c6d5b0696f324495e95a12f7718ae7593c9b58a,kernelshap,,,,,4,1.0,1.0,-0.1457803281208183,0.1457803281208183,5,0
qt,FP,1c6d5b0696f324495e95a12f7718ae7593c9b58a,kernelshap,,,,,5,1.0,1.0,-0.1457803281208183,0.1457803281208183,5,0
qt,FP,cd542a82b0c2d5c9a4ea167a84e5ea8a25c5d969,kernelshap,,,,,1,1.0,0.8,-0.0808907048883822,0.0808907048883822,5,0
qt,FP,cd542a82b0c2d5c9a4ea167a84e5ea8a25c5d969,kernelshap,,,,,2,1.0,0.8,-0.0808907048883822,0.0808907048883822,5,0
qt,FP,cd542a82b0c2d5c9a4ea167a84e5ea8a25c5d969,kernelshap,,,,,3,1.0,0.8,-0.0808907048883822,0.0808907048883822,5,0
qt,FP,cd542a82b0c2d5c9a4ea167a84e5ea8a25c5d969,kernelshap,,,,,4,1.0,0.8,-0.0808907048883822,0.0808907048883822,5,0
qt,FP,cd542a82b0c2d5c9a4ea167a84e5ea8a25c5d969,kernelshap,,,,,5,1.0,0.8,-0.0808907048883822,0.0808907048883822,5,0
qt,TP,b254b03dc3b1cfcfc5f17158d2470e0a9a946a0e,kernelshap,,,,,1,0.8,0.8,-0.1158430681413757,0.1158430681413757,5,0
qt,TP,b254b03dc3b1cfcfc5f17158d2470e0a9a946a0e,kernelshap,,,,,2,0.8,0.8,-0.1042186846143234,0.1042186846143234,5,0
qt,TP,b254b03dc3b1cfcfc5f17158d2470e0a9a946a0e,kernelshap,,,,,3,0.8,0.8,-0.1158430681413757,0.1158430681413757,5,0
qt,TP,b254b03dc3b1cfcfc5f17158d2470e0a9a946a0e,kernelshap,,,,,4,0.8,0.8,-0.1126642821245824,0.1126642821245824,5,0
qt,TP,b254b03dc3b1cfcfc5f17158d2470e0a9a946a0e,kernelshap,,,,,5,1.0,1.0,-0.1206729555939703,0.1206729555939703,5,0
qt,TP,1a7bc520c5df4da80b7e65acbec1f546f9c87870,kernelshap,,,,,1,1.0,0.8,-0.111920725871405,0.111920725871405,5,0
qt,TP,1a7bc520c5df4da80b7e65acbec1f546f9c87870,kernelshap,,,,,2,1.0,0.8,-0.111920725871405,0.111920725871405,5,0
qt,TP,1a7bc520c5df4da80b7e65acbec1f546f9c87870,kernelshap,,,,,3,1.0,0.8,-0.111920725871405,0.111920725871405,5,0
qt,TP,1a7bc520c5df4da80b7e65acbec1f546f9c87870,kernelshap,,,,,4,1.0,0.8,-0.111920725871405,0.111920725871405,5,0
qt,TP,1a7bc520c5df4da80b7e65acbec1f546f9c87870,kernelshap,,,,,5,1.0,0.8,-0.111920725871405,0.111920725871405,5,0
qt,FN,5629823b05ca7d24924ac879b5a0469a3cb03e78,kernelshap,,,,,1,0.6,0.4,-0.0343783271329989,0.0579640279601883,5,0
qt,FN,5629823b05ca7d24924ac879b5a0469a3cb03e78,kernelshap,,,,,2,0.6,0.4,-0.0343783271329989,0.0579640279601884,5,0
qt,FN,5629823b05ca7d24924ac879b5a0469a3cb03e78,kernelshap,,,,,3,0.6,0.4,-0.0343783271329988,0.0579640279601883,5,0
qt,FN,5629823b05ca7d24924ac879b5a0469a3cb03e78,kernelshap,,,,,4,0.6,0.4,-0.0343783271329989,0.0579640279601883,5,0
qt,FN,5629823b05ca7d24924ac879b5a0469a3cb03e78,kernelshap,,,,,5,0.6,0.4,-0.0343783271329988,0.0579640279601884,5,0
qt,TN,9b54447e453e2cb7b7375e2c6104b2595ab1594e,kernelshap,,,,,1,0.8,0.8,-0.0637840637181188,0.0637840637181188,5,0
qt,TN,9b54447e453e2cb7b7375e2c6104b2595ab1594e,kernelshap,,,,,2,0.8,0.8,-0.0637840637181188,0.0637840637181188,5,0
qt,TN,9b54447e453e2cb7b7375e2c6104b2595ab1594e,kernelshap,,,,,3,0.8,0.8,-0.0637840637181188,0.0637840637181188,5,0
qt,TN,9b54447e453e2cb7b7375e2c6104b2595ab1594e,kernelshap,,,,,4,0.8,0.8,-0.0637840637181188,0.0637840637181188,5,0
qt,TN,9b54447e453e2cb7b7375e2c6104b2595ab1594e,kernelshap,,,,,5,0.8,0.8,-0.0637840637181188,0.0637840637181188,5,0
qt,FP,3981a1f440914e8108af3d854a1b01dd596a8a0e,kernelshap,,,,,1,1.0,1.0,-0.1241213888199808,0.1769582959942507,5,0
qt,FP,3981a1f440914e8108af3d854a1b01dd596a8a0e,kernelshap,,,,,2,1.0,1.0,-0.1241213888199808,0.1769582959942507,5,0
qt,FP,3981a1f440914e8108af3d854a1b01dd596a8a0e,kernelshap,,,,,3,1.0,1.0,-0.1241213888199808,0.1769582959942507,5,0
qt,FP,3981a1f440914e8108af3d854a1b01dd596a8a0e,kernelshap,,,,,4,1.0,1.0,-0.1241213888199808,0.1769582959942507,5,0
qt,FP,3981a1f440914e8108af3d854a1b01dd596a8a0e,kernelshap,,,,,5,1.0,1.0,-0.1241213888199808,0.1769582959942507,5,0
qt,TN,4331ccd4b735d9d721a384193a3d42ee2ce6c805,kernelshap,,,,,1,1.0,1.0,-0.0090617383143488,0.0760084019176675,5,0
qt,TN,4331ccd4b735d9d721a384193a3d42ee2ce6c805,kernelshap,,,,,2,1.0,1.0,-0.0090617383143488,0.0760084019176674,5,0
qt,TN,4331ccd4b735d9d721a384193a3d42ee2ce6c805,kernelshap,,,,,3,1.0,1.0,-0.0090617383143488,0.0760084019176674,5,0
qt,TN,4331ccd4b735d9d721a384193a3d42ee2ce6c805,kernelshap,,,,,4,1.0,1.0,-0.0090617383143488,0.0760084019176674,5,0
qt,TN,4331ccd4b735d9d721a384193a3d42ee2ce6c805,kernelshap,,,,,5,1.0,1.0,-0.0090617383143488,0.0760084019176675,5,0
qt,TP,afbb57ae84ecbee5fab9eb6e58356b19d7995ea5,kernelshap,,,,,1,1.0,1.0,-0.1410356693431881,0.1885595074098832,5,0
qt,TP,afbb57ae84ecbee5fab9eb6e58356b19d7995ea5,kernelshap,,,,,2,1.0,1.0,-0.1410356693431881,0.1885595074098832,5,0
qt,TP,afbb57ae84ecbee5fab9eb6e58356b19d7995ea5,kernelshap,,,,,3,1.0,1.0,-0.1410356693431881,0.1885595074098832,5,0
qt,TP,afbb57ae84ecbee5fab9eb6e58356b19d7995ea5,kernelshap,,,,,4,1.0,1.0,-0.1410356693431881,0.1885595074098832,5,0
qt,TP,afbb57ae84ecbee5fab9eb6e58356b19d7995ea5,kernelshap,,,,,5,1.0,1.0,-0.1410356693431881,0.1885595074098832,5,0
qt,TP,17513266b81e88b84fda250734f07c94a198fabc,kernelshap,,,,,1,1.0,1.0,-0.1018070552840881,0.1018070552840881,5,0
qt,TP,17513266b81e88b84fda250734f07c94a198fabc,kernelshap,,,,,2,1.0,1.0,-0.1018070552840882,0.1018070552840882,5,0
qt,TP,17513266b81e88b84fda250734f07c94a198fabc,kernelshap,,,,,3,1.0,1.0,-0.1018070552840881,0.1018070552840881,5,0
qt,TP,17513266b81e88b84fda250734f07c94a198fabc,kernelshap,,,,,4,1.0,1.0,-0.1018070552840882,0.1018070552840882,5,0
qt,TP,17513266b81e88b84fda250734f07c94a198fabc,kernelshap,,,,,5,1.0,1.0,-0.1018070552840881,0.1018070552840881,5,0
qt,FN,cdbc4b83d59e08189d6ece9ccd88a646be155c08,kernelshap,,,,,1,0.8,0.8,-0.0666775998694012,0.0666775998694012,5,0
qt,FN,cdbc4b83d59e08189d6ece9ccd88a646be155c08,kernelshap,,,,,2,0.6,0.6,-0.056358842436358,0.056358842436358,5,0
qt,FN,cdbc4b83d59e08189d6ece9ccd88a646be155c08,kernelshap,,,,,3,0.6,0.6,-0.056358842436358,0.056358842436358,5,0
qt,FN,cdbc4b83d59e08189d6ece9ccd88a646be155c08,kernelshap,,,,,4,0.8,0.8,-0.0666775998694012,0.0666775998694012,5,0
qt,FN,cdbc4b83d59e08189d6ece9ccd88a646be155c08,kernelshap,,,,,5,0.8,0.8,-0.0666775998694012,0.0666775998694012,5,0
qt,FP,753c744b23abfecad6463890dfdf6e97c7eeaa5c,kernelshap,,,,,1,1.0,0.6,-0.0299569289958639,0.0987663094723827,5,0
qt,FP,753c744b23abfecad6463890dfdf6e97c7eeaa5c,kernelshap,,,,,2,1.0,0.6,-0.0299569289958639,0.0987663094723827,5,0
qt,FP,753c744b23abfecad6463890dfdf6e97c7eeaa5c,kernelshap,,,,,3,1.0,0.6,-0.0299569289958639,0.0987663094723827,5,0
qt,FP,753c744b23abfecad6463890dfdf6e97c7eeaa5c,kernelshap,,,,,4,1.0,0.6,-0.0299569289958639,0.0987663094723827,5,0
qt,FP,753c744b23abfecad6463890dfdf6e97c7eeaa5c,kernelshap,,,,,5,1.0,0.6,-0.0299569289958639,0.0987663094723827,5,0
qt,TP,a4f8b9ae6dfacf9ad5c190cde6098ebf13102f41,kernelshap,,,,,1,1.0,0.8,-0.011240110355152,0.0900922772358904,5,0
qt,TP,a4f8b9ae6dfacf9ad5c190cde6098ebf13102f41,kernelshap,,,,,2,1.0,0.8,-0.011240110355152,0.0900922772358905,5,0
qt,TP,a4f8b9ae6dfacf9ad5c190cde6098ebf13102f41,kernelshap,,,,,3,1.0,0.8,-0.011240110355152,0.0900922772358905,5,0
qt,TP,a4f8b9ae6dfacf9ad5c190cde6098ebf13102f41,kernelshap,,,,,4,1.0,0.8,-0.011240110355152,0.0900922772358904,5,0
qt,TP,a4f8b9ae6dfacf9ad5c190cde6098ebf13102f41,kernelshap,,,,,5,1.0,0.8,-0.011240110355152,0.0900922772358904,5,0
qt,TP,fca89004d75412dd378cc44ad79ed3c1e05c765b,kernelshap,,,,,1,0.8,0.8,-0.0411531012640897,0.0850998712460257,5,0
qt,TP,fca89004d75412dd378cc44ad79ed3c1e05c765b,kernelshap,,,,,2,0.8,0.8,-0.0411531012640897,0.0850998712460257,5,0
qt,TP,fca89004d75412dd378cc44ad79ed3c1e05c765b,kernelshap,,,,,3,0.8,0.8,-0.0411531012640897,0.0850998712460257,5,0
qt,TP,fca89004d75412dd378cc44ad79ed3c1e05c765b,kernelshap,,,,,4,0.8,0.8,-0.0411531012640897,0.0850998712460258,5,0
qt,TP,fca89004d75412dd378cc44ad79ed3c1e05c765b,kernelshap,,,,,5,0.8,0.8,-0.0411531012640897,0.0850998712460257,5,0
qt,FP,3d3ce2afe1937531f5fdc2af56697e93133e6d98,lime,,,,,1,1.0,0.8,-0.0554827089777197,0.0697802337260454,5,0
qt,FP,3d3ce2afe1937531f5fdc2af56697e93133e6d98,lime,,,,,2,0.8,0.8,-0.0475052035720434,0.0777577391317219,5,0
qt,FP,3d3ce2afe1937531f5fdc2af56697e93133e6d98,lime,,,,,3,1.0,0.8,-0.0554827089777197,0.0697802337260454,5,0
qt,FP,3d3ce2afe1937531f5fdc2af56697e93133e6d98,lime,,,,,4,1.0,0.8,-0.0554827089777198,0.0697802337260455,5,0
qt,FP,3d3ce2afe1937531f5fdc2af56697e93133e6d98,lime,,,,,5,1.0,0.8,-0.0554827089777197,0.0697802337260454,5,0
qt,TN,eb5994df1307b2e17e729374e1f7ab1c8fe82750,lime,,,,,1,0.0,0.4,-0.036649351669014,0.036649351669014,5,0
qt,TN,eb5994df1307b2e17e729374e1f7ab1c8fe82750,lime,,,,,2,0.0,0.4,-0.036649351669014,0.036649351669014,5,0
qt,TN,eb5994df1307b2e17e729374e1f7ab1c8fe82750,lime,,,,,3,0.0,0.4,-0.036649351669014,0.036649351669014,5,0
qt,TN,eb5994df1307b2e17e729374e1f7ab1c8fe82750,lime,,,,,4,0.0,0.4,-0.036649351669014,0.036649351669014,5,0
qt,TN,eb5994df1307b2e17e729374e1f7ab1c8fe82750,lime,,,,,5,0.2,0.4,-0.0295807623644597,0.0295807623644597,5,0
qt,FN,2ad213cc02094e003802530757fa4010720a22e6,lime,,,,,1,0.4,0.4,-0.0274329269065004,0.0353123563816398,5,0
qt,FN,2ad213cc02094e003802530757fa4010720a22e6,lime,,,,,2,0.6,0.2,-0.02212802228731,0.0300074517624495,5,0
qt,FN,2ad213cc02094e003802530757fa4010720a22e6,lime,,,,,3,0.6,0.2,-0.020308572689289,0.0281880021644284,5,0
qt,FN,2ad213cc02094e003802530757fa4010720a22e6,lime,,,,,4,0.4,0.4,-0.0274329269065004,0.0353123563816398,5,0
qt,FN,2ad213cc02094e003802530757fa4010720a22e6,lime,,,,,5,0.6,0.2,-0.02212802228731,0.0300074517624494,5,0
qt,TP,256bbc4f139036a780a63b80af8bb461a77d333a,lime,,,,,1,0.8,1.0,-0.1694205630209388,0.1694205630209388,5,0
qt,TP,256bbc4f139036a780a63b80af8bb461a77d333a,lime,,,,,2,1.0,1.0,-0.1595279925126436,0.1595279925126436,5,0
qt,TP,256bbc4f139036a780a63b80af8bb461a77d333a,lime,,,,,3,0.8,1.0,-0.1339538024006067,0.1701989620029093,5,0
qt,TP,256bbc4f139036a780a63b80af8bb461a77d333a,lime,,,,,4,1.0,1.0,-0.1445631888824723,0.1595895755210438,5,0
qt,TP,256bbc4f139036a780a63b80af8bb461a77d333a,lime,,,,,5,1.0,1.0,-0.1445631888824723,0.1595895755210438,5,0
qt,TP,ae292be8690109940fdd9862321b2389a0957404,lime,,,,,1,0.6,0.8,-0.0924218986195875,0.1846112386912805,5,0
qt,TP,ae292be8690109940fdd9862321b2389a0957404,lime,,,,,2,0.6,0.8,-0.0924218986195875,0.1846112386912805,5,0
qt,TP,ae292be8690109940fdd9862321b2389a0957404,lime,,,,,3,0.6,0.8,-0.0924218986195875,0.1846112386912805,5,0
qt,TP,ae292be8690109940fdd9862321b2389a0957404,lime,,,,,4,0.6,0.8,-0.0924218986195875,0.1846112386912805,5,0
qt,TP,ae292be8690109940fdd9862321b2389a0957404,lime,,,,,5,0.6,1.0,-0.1070793209591528,0.1919560759968321,5,0
qt,FN,3786411f7f8770f28ba2a97cb646a0eb7a5eaa99,lime,,,,,1,0.2,0.2,-0.0142294066672861,0.0259811109654868,5,0
qt,FN,3786411f7f8770f28ba2a97cb646a0eb7a5eaa99,lime,,,,,2,0.2,0.2,-0.0142294066672862,0.0259811109654869,5,0
qt,FN,3786411f7f8770f28ba2a97cb646a0eb7a5eaa99,lime,,,,,3,0.2,0.4,0.002713715902493,0.0376220886518049,5,0
qt,FN,3786411f7f8770f28ba2a97cb646a0eb7a5eaa99,lime,,,,,4,0.2,0.4,-0.0036817318032052,0.0312266409461068,5,0
qt,FN,3786411f7f8770f28ba2a97cb646a0eb7a5eaa99,lime,,,,,5,0.2,0.4,0.002713715902493,0.037622088651805,5,0
qt,FP,8835c0376befd009702b9a17c506639e31c842b9,lime,,,,,1,0.6,0.8,-0.0895273495117592,0.1314741105128101,5,0
qt,FP,8835c0376befd009702b9a17c506639e31c842b9,lime,,,,,2,0.4,0.8,-0.0740559429071593,0.14694551711741,5,0
qt,FP,8835c0376befd009702b9a17c506639e31c842b9,lime,,,,,3,0.4,0.8,-0.0740559429071593,0.14694551711741,5,0
qt,FP,8835c0376befd009702b9a17c506639e31c842b9,lime,,,,,4,0.4,0.8,-0.0740559429071592,0.14694551711741,5,0
qt,FP,8835c0376befd009702b9a17c506639e31c842b9,lime,,,,,5,0.4,0.8,-0.0740559429071593,0.14694551711741,5,0
qt,FN,9e99dba4a22bbf212b3e6d1e2607a16dbbd04d90,lime,,,,,1,0.8,0.6,0.063260637842726,0.0705942042762925,5,0
qt,FN,9e99dba4a22bbf212b3e6d1e2607a16dbbd04d90,lime,,,,,2,0.8,0.6,0.0632606378427259,0.0705942042762925,5,0
qt,FN,9e99dba4a22bbf212b3e6d1e2607a16dbbd04d90,lime,,,,,3,0.8,0.6,0.0693872392525207,0.0693872392525207,5,0
qt,FN,9e99dba4a22bbf212b3e6d1e2607a16dbbd04d90,lime,,,,,4,0.8,0.6,0.0632606378427259,0.0705942042762925,5,0
qt,FN,9e99dba4a22bbf212b3e6d1e2607a16dbbd04d90,lime,,,,,5,0.8,0.6,0.0632606378427259,0.0705942042762925,5,0
qt,FN,f506e01665c9bf689887ccf057a03588829efeea,lime,,,,,1,0.2,0.6,-0.0367635079906087,0.0450032693496979,5,0
qt,FN,f506e01665c9bf689887ccf057a03588829efeea,lime,,,,,2,0.2,0.6,-0.0367635079906087,0.0450032693496979,5,0
qt,FN,f506e01665c9bf689887ccf057a03588829efeea,lime,,,,,3,0.2,0.6,-0.0367635079906087,0.0450032693496979,5,0
qt,FN,f506e01665c9bf689887ccf057a03588829efeea,lime,,,,,4,0.4,0.4,-0.0333306997624223,0.0415704611215115,5,0
qt,FN,f506e01665c9bf689887ccf057a03588829efeea,lime,,,,,5,0.4,0.4,-0.0333306997624223,0.0415704611215115,5,0
qt,TP,fa7626713b3a943609453459190e16c49d61dfd3,lime,,,,,1,0.8,0.4,-0.0733007892646743,0.0748720098660192,5,0
qt,TP,fa7626713b3a943609453459190e16c49d61dfd3,lime,,,,,2,0.8,0.4,-0.0733007892646743,0.0748720098660192,5,0
qt,TP,fa7626713b3a943609453459190e16c49d61dfd3,lime,,,,,3,0.8,0.6,-0.0801869640547965,0.0817581846561413,5,0
qt,TP,fa7626713b3a943609453459190e16c49d61dfd3,lime,,,,,4,0.8,0.4,-0.0733007892646743,0.0748720098660191,5,0
qt,TP,fa7626713b3a943609453459190e16c49d61dfd3,lime,,,,,5,0.8,0.4,-0.0733007892646743,0.0748720098660192,5,0
qt,FP,093064fdeb6e777d2dc88dbb4f4adb8fddac3aa5,lime,,,,,1,1.0,1.0,-0.2745257621015511,0.2745257621015511,5,0
qt,FP,093064fdeb6e777d2dc88dbb4f4adb8fddac3aa5,lime,,,,,2,1.0,1.0,-0.2745257621015512,0.2745257621015512,5,0
qt,FP,093064fdeb6e777d2dc88dbb4f4adb8fddac3aa5,lime,,,,,3,1.0,1.0,-0.2745257621015511,0.2745257621015511,5,0
qt,FP,093064fdeb6e777d2dc88dbb4f4adb8fddac3aa5,lime,,,,,4,1.0,1.0,-0.2745257621015511,0.2745257621015511,5,0
qt,FP,093064fdeb6e777d2dc88dbb4f4adb8fddac3aa5,lime,,,,,5,1.0,1.0,-0.2745257621015511,0.2745257621015511,5,0
qt,TP,da8ace713a19d2a8c9831ddf50d17607bc4856cc,lime,,,,,1,1.0,1.0,-0.1485486461569889,0.1485486461569889,5,0
qt,TP,da8ace713a19d2a8c9831ddf50d17607bc4856cc,lime,,,,,2,0.8,1.0,-0.1118675281658325,0.1424419167172397,5,0
qt,TP,da8ace713a19d2a8c9831ddf50d17607bc4856cc,lime,,,,,3,0.8,1.0,-0.1118675281658325,0.1424419167172397,5,0
qt,TP,da8ace713a19d2a8c9831ddf50d17607bc4856cc,lime,,,,,4,0.8,1.0,-0.1118675281658325,0.1424419167172397,5,0
qt,TP,da8ace713a19d2a8c9831ddf50d17607bc4856cc,lime,,,,,5,0.8,1.0,-0.1118675281658325,0.1424419167172397,5,0
qt,FP,08cfd02312d21391c956b8bf50ab7d6caa0d8082,lime,,,,,1,0.8,0.8,-0.0581354223912606,0.1165052430467954,5,0
qt,FP,08cfd02312d21391c956b8bf50ab7d6caa0d8082,lime,,,,,2,0.8,0.8,-0.0581354223912607,0.1165052430467953,5,0
qt,FP,08cfd02312d21391c956b8bf50ab7d6caa0d8082,lime,,,,,3,0.6,0.8,-0.0447772110787637,0.1298634543592923,5,0
qt,FP,08cfd02312d21391c956b8bf50ab7d6caa0d8082,lime,,,,,4,0.6,0.8,-0.0447772110787637,0.1298634543592924,5,0
qt,FP,08cfd02312d21391c956b8bf50ab7d6caa0d8082,lime,,,,,5,0.8,0.8,-0.0581354223912607,0.1165052430467954,5,0
qt,FP,a02b371eb2f34bf198c95cf0caa1fbad639f96bb,lime,,,,,1,1.0,0.4,-0.065961910399051,0.065961910399051,5,0
qt,FP,a02b371eb2f34bf198c95cf0caa1fbad639f96bb,lime,,,,,2,1.0,0.4,-0.065961910399051,0.065961910399051,5,0
qt,FP,a02b371eb2f34bf198c95cf0caa1fbad639f96bb,lime,,,,,3,1.0,0.4,-0.065961910399051,0.065961910399051,5,0
qt,FP,a02b371eb2f34bf198c95cf0caa1fbad639f96bb,lime,,,,,4,1.0,0.4,-0.065961910399051,0.065961910399051,5,0
qt,FP,a02b371eb2f34bf198c95cf0caa1fbad639f96bb,lime,,,,,5,1.0,0.4,-0.065961910399051,0.065961910399051,5,0
qt,TN,5cb54cb5ebae99fab121061e25e26eec3056203a,lime,,,,,1,1.0,0.6,0.0557741503889003,0.065057776286812,5,0
qt,TN,5cb54cb5ebae99fab121061e25e26eec3056203a,lime,,,,,2,0.8,0.8,0.051673976193348,0.0691579504823643,5,0
qt,TN,5cb54cb5ebae99fab121061e25e26eec3056203a,lime,,,,,3,0.8,0.8,0.051673976193348,0.0691579504823643,5,0
qt,TN,5cb54cb5ebae99fab121061e25e26eec3056203a,lime,,,,,4,1.0,0.6,0.0557741503889003,0.065057776286812,5,0
qt,TN,5cb54cb5ebae99fab121061e25e26eec3056203a,lime,,,,,5,1.0,0.6,0.0557741503889003,0.065057776286812,5,0
qt,TN,9a50333dd03969abb3f09c0f90dcb4afd048e47a,lime,,,,,1,0.6,0.6,-0.0345960598830827,0.0513207302369627,5,0
qt,TN,9a50333dd03969abb3f09c0f90dcb4afd048e47a,lime,,,,,2,0.4,0.6,-0.0303959900508703,0.0555208000691751,5,0
qt,TN,9a50333dd03969abb3f09c0f90dcb4afd048e47a,lime,,,,,3,0.4,0.6,-0.0303959900508704,0.0555208000691751,5,0
qt,TN,9a50333dd03969abb3f09c0f90dcb4afd048e47a,lime,,,,,4,0.6,0.6,-0.0345960598830827,0.0513207302369627,5,0
qt,TN,9a50333dd03969abb3f09c0f90dcb4afd048e47a,lime,,,,,5,0.6,0.6,-0.0345960598830827,0.0513207302369627,5,0
qt,FN,18f7e6dc9f59159b70cb7e6a8745738f42d4f46f,lime,,,,,1,0.8,0.8,0.0503245480746587,0.0867242602672278,5,0
qt,FN,18f7e6dc9f59159b70cb7e6a8745738f42d4f46f,lime,,,,,2,0.8,0.8,0.0503245480746587,0.0867242602672278,5,0
qt,FN,18f7e6dc9f59159b70cb7e6a8745738f42d4f46f,lime,,,,,3,0.8,0.8,0.0503245480746587,0.0867242602672279,5,0
qt,FN,18f7e6dc9f59159b70cb7e6a8745738f42d4f46f,lime,,,,,4,0.8,0.8,0.0503245480746587,0.0867242602672278,5,0
qt,FN,18f7e6dc9f59159b70cb7e6a8745738f42d4f46f,lime,,,,,5,1.0,0.8,0.0516469757759563,0.0854018325659303,5,0
qt,TP,d31304eab9e7424edc20fb83a8a19cd979458029,lime,,,,,1,0.6,0.6,-0.0320684101962464,0.076578305063284,5,0
qt,TP,d31304eab9e7424edc20fb83a8a19cd979458029,lime,,,,,2,0.8,0.6,-0.0458444686615905,0.0628022465979399,5,0
qt,TP,d31304eab9e7424edc20fb83a8a19cd979458029,lime,,,,,3,0.6,0.6,-0.0320684101962464,0.076578305063284,5,0
qt,TP,d31304eab9e7424edc20fb83a8a19cd979458029,lime,,,,,4,0.6,0.6,-0.0320684101962464,0.076578305063284,5,0
qt,TP,d31304eab9e7424edc20fb83a8a19cd979458029,lime,,,,,5,0.6,0.6,-0.0320684101962464,0.076578305063284,5,0
qt,TN,bd79c331f14e6cfab9e0b5815404c8194526e8f1,lime,,,,,1,0.6,0.6,-0.0067666676932755,0.0354938444186966,5,0
qt,TN,bd79c331f14e6cfab9e0b5815404c8194526e8f1,lime,,,,,2,0.6,0.6,-0.0067666676932755,0.0354938444186966,5,0
qt,TN,bd79c331f14e6cfab9e0b5815404c8194526e8f1,lime,,,,,3,0.6,0.6,-0.0067666676932755,0.0354938444186966,5,0
qt,TN,bd79c331f14e6cfab9e0b5815404c8194526e8f1,lime,,,,,4,0.6,0.6,-0.0067666676932755,0.0354938444186966,5,0
qt,TN,bd79c331f14e6cfab9e0b5815404c8194526e8f1,lime,,,,,5,0.6,0.6,-0.0067666676932755,0.0354938444186966,5,0
qt,TN,67ee72f3145fd14b36af408918ed3420504d3035,lime,,,,,1,0.4,0.6,-0.0285510121188818,0.0630415290249449,5,0
qt,TN,67ee72f3145fd14b36af408918ed3420504d3035,lime,,,,,2,0.4,0.6,-0.0285510121188818,0.0630415290249449,5,0
qt,TN,67ee72f3145fd14b36af408918ed3420504d3035,lime,,,,,3,0.4,0.6,-0.0285510121188818,0.0630415290249449,5,0
qt,TN,67ee72f3145fd14b36af408918ed3420504d3035,lime,,,,,4,0.4,0.6,-0.0285510121188818,0.0630415290249449,5,0
qt,TN,67ee72f3145fd14b36af408918ed3420504d3035,lime,,,,,5,0.4,0.6,-0.0285510121188818,0.0630415290249449,5,0
qt,FN,67ced4791ddabebfa19a2f101aa292b5eba60b90,lime,,,,,1,0.8,0.6,0.0181757234097168,0.0518679643340587,5,0
qt,FN,67ced4791ddabebfa19a2f101aa292b5eba60b90,lime,,,,,2,0.6,0.6,0.0191236867209156,0.0528159276452574,5,0
qt,FN,67ced4791ddabebfa19a2f101aa292b5eba60b90,lime,,,,,3,0.8,0.6,0.0181757234097168,0.0518679643340587,5,0
qt,FN,67ced4791ddabebfa19a2f101aa292b5eba60b90,lime,,,,,4,0.8,0.6,0.0181757234097169,0.0518679643340588,5,0
qt,FN,67ced4791ddabebfa19a2f101aa292b5eba60b90,lime,,,,,5,0.8,0.6,0.0181757234097169,0.0518679643340588,5,0
qt,FP,86d91d2bf8e7ac7a75f88f0e4886140abc06fd4c,lime,,,,,1,0.6,0.6,-0.0969237096903666,0.168857430112654,5,0
qt,FP,86d91d2bf8e7ac7a75f88f0e4886140abc06fd4c,lime,,,,,2,0.6,0.6,-0.0969237096903666,0.168857430112654,5,0
qt,FP,86d91d2bf8e7ac7a75f88f0e4886140abc06fd4c,lime,,,,,3,0.6,0.6,-0.0969237096903666,0.168857430112654,5,0
qt,FP,86d91d2bf8e7ac7a75f88f0e4886140abc06fd4c,lime,,,,,4,0.6,0.6,-0.0969237096903666,0.168857430112654,5,0
qt,FP,86d91d2bf8e7ac7a75f88f0e4886140abc06fd4c,lime,,,,,5,0.6,0.6,-0.1622580271236336,0.1725200758592118,5,0
qt,TN,121cdbdd30de1bee58e349859409dd08865c17f5,lime,,,,,1,0.6,0.2,0.0099385979345731,0.0179308942347641,5,0
qt,TN,121cdbdd30de1bee58e349859409dd08865c17f5,lime,,,,,2,0.6,0.2,0.0099385979345731,0.0179308942347641,5,0
qt,TN,121cdbdd30de1bee58e349859409dd08865c17f5,lime,,,,,3,0.6,0.2,0.0099385979345731,0.0179308942347642,5,0
qt,TN,121cdbdd30de1bee58e349859409dd08865c17f5,lime,,,,,4,0.6,0.2,0.0099385979345731,0.0179308942347641,5,0
qt,TN,121cdbdd30de1bee58e349859409dd08865c17f5,lime,,,,,5,0.6,0.2,0.0099385979345731,0.0179308942347641,5,0
qt,TP,9bd30943bae136d28d42b9a9188a8586c963d461,lime,,,,,1,0.4,0.6,-0.062035858877964,0.071051592642946,5,0
qt,TP,9bd30943bae136d28d42b9a9188a8586c963d461,lime,,,,,2,0.4,0.6,-0.0367139938382418,0.0775712812876346,5,0
qt,TP,9bd30943bae136d28d42b9a9188a8586c963d461,lime,,,,,3,0.4,0.6,-0.0367139938382418,0.0775712812876346,5,0
qt,TP,9bd30943bae136d28d42b9a9188a8586c963d461,lime,,,,,4,0.4,0.6,-0.0367139938382418,0.0775712812876346,5,0
qt,TP,9bd30943bae136d28d42b9a9188a8586c963d461,lime,,,,,5,0.4,0.6,-0.0367139938382418,0.0775712812876346,5,0
qt,FN,ac48071b185d17022d48c6379a2549ac2736cb8c,lime,,,,,1,0.0,0.8,-0.07178141127786,0.07178141127786,5,0
qt,FN,ac48071b185d17022d48c6379a2549ac2736cb8c,lime,,,,,2,0.2,0.6,-0.0660615683738681,0.0660615683738681,5,0
qt,FN,ac48071b185d17022d48c6379a2549ac2736cb8c,lime,,,,,3,0.0,0.8,-0.07178141127786,0.07178141127786,5,0
qt,FN,ac48071b185d17022d48c6379a2549ac2736cb8c,lime,,,,,4,0.0,0.8,-0.07178141127786,0.07178141127786,5,0
qt,FN,ac48071b185d17022d48c6379a2549ac2736cb8c,lime,,,,,5,0.2,0.8,-0.0729346279576563,0.0729346279576563,5,0
qt,TN,fc2f0fb39008f95133f6fd24662fe92195431808,lime,,,,,1,0.4,0.4,-0.0326430353373182,0.0435391392334221,5,0
qt,TN,fc2f0fb39008f95133f6fd24662fe92195431808,lime,,,,,2,0.4,0.2,-0.0269352122080666,0.0378313161041705,5,0
qt,TN,fc2f0fb39008f95133f6fd24662fe92195431808,lime,,,,,3,0.4,0.4,-0.0326430353373182,0.0435391392334221,5,0
qt,TN,fc2f0fb39008f95133f6fd24662fe92195431808,lime,,,,,4,0.2,0.4,-0.0384704283842471,0.049366532280351,5,0
qt,TN,fc2f0fb39008f95133f6fd24662fe92195431808,lime,,,,,5,0.2,0.4,-0.0384704283842471,0.049366532280351,5,0
qt,FP,41ae544c40e0568bd627a992a23b8c8f8f5cc27d,lime,,,,,1,0.8,0.8,-0.1458259721384548,0.1533298155381628,5,0
qt,FP,41ae544c40e0568bd627a992a23b8c8f8f5cc27d,lime,,,,,2,0.6,0.8,-0.112491569771081,0.1348252071862973,5,0
qt,FP,41ae544c40e0568bd627a992a23b8c8f8f5cc27d,lime,,,,,3,0.6,0.8,-0.112491569771081,0.1348252071862973,5,0
qt,FP,41ae544c40e0568bd627a992a23b8c8f8f5cc27d,lime,,,,,4,0.6,0.8,-0.112491569771081,0.1348252071862973,5,0
qt,FP,41ae544c40e0568bd627a992a23b8c8f8f5cc27d,lime,,,,,5,0.6,0.8,-0.112491569771081,0.1348252071862973,5,0
qt,FN,895cb4681ee78caaf9b99c88390a74ff1d79ae61,lime,,,,,1,0.4,1.0,0.048753144971445,0.0941798364872121,5,0
qt,FN,895cb4681ee78caaf9b99c88390a74ff1d79ae61,lime,,,,,2,0.4,1.0,0.0074998301195565,0.0925167978046799,5,0
qt,FN,895cb4681ee78caaf9b99c88390a74ff1d79ae61,lime,,,,,3,0.4,1.0,0.0074998301195566,0.0925167978046799,5,0
qt,FN,895cb4681ee78caaf9b99c88390a74ff1d79ae61,lime,,,,,4,0.4,1.0,0.048753144971445,0.0941798364872121,5,0
qt,FN,895cb4681ee78caaf9b99c88390a74ff1d79ae61,lime,,,,,5,0.4,1.0,0.048753144971445,0.0941798364872121,5,0
qt,TP,dfda6f14b3e210a33b71ef1c6fa3c75a9c866cce,lime,,,,,1,0.8,0.6,-0.0529836247826258,0.0624610545403734,5,0
qt,TP,dfda6f14b3e210a33b71ef1c6fa3c75a9c866cce,lime,,,,,2,0.8,0.6,-0.0529836247826258,0.0624610545403734,5,0
qt,TP,dfda6f14b3e210a33b71ef1c6fa3c75a9c866cce,lime,,,,,3,0.8,0.6,-0.0529836247826258,0.0624610545403734,5,0
qt,TP,dfda6f14b3e210a33b71ef1c6fa3c75a9c866cce,lime,,,,,4,0.8,0.6,-0.0529836247826258,0.0624610545403734,5,0
qt,TP,dfda6f14b3e210a33b71ef1c6fa3c75a9c866cce,lime,,,,,5,0.8,0.6,-0.0529836247826258,0.0624610545403733,5,0
qt,TN,9b3d91237bf38492fd97457624d4cb5cd486bd56,lime,,,,,1,0.2,0.4,-0.0392181736906944,0.0411376560761585,5,0
qt,TN,9b3d91237bf38492fd97457624d4cb5cd486bd56,lime,,,,,2,0.2,0.4,-0.0392181736906944,0.0411376560761585,5,0
qt,TN,9b3d91237bf38492fd97457624d4cb5cd486bd56,lime,,,,,3,0.2,0.6,-0.0462492500017957,0.0462492500017957,5,0
qt,TN,9b3d91237bf38492fd97457624d4cb5cd486bd56,lime,,,,,4,0.2,0.4,-0.0392181736906944,0.0411376560761585,5,0
qt,TN,9b3d91237bf38492fd97457624d4cb5cd486bd56,lime,,,,,5,0.2,0.6,-0.0462492500017957,0.0462492500017957,5,0
qt,TN,2831fa76655c614ed3df0816401514950e79b5e6,lime,,,,,1,0.4,0.0,-1.752171199600472e-05,0.0129220741671715,5,0
qt,TN,2831fa76655c614ed3df0816401514950e79b5e6,lime,,,,,2,0.4,0.0,-1.752171199607133e-05,0.0129220741671715,5,0
qt,TN,2831fa76655c614ed3df0816401514950e79b5e6,lime,,,,,3,0.4,0.0,-1.752171199600472e-05,0.0129220741671715,5,0
qt,TN,2831fa76655c614ed3df0816401514950e79b5e6,lime,,,,,4,0.4,0.0,-1.752171199600472e-05,0.0129220741671715,5,0
qt,TN,2831fa76655c614ed3df0816401514950e79b5e6,lime,,,,,5,0.4,0.0,-1.752171199607133e-05,0.0129220741671715,5,0
qt,FN,d8782b0cc680f09d605133bd37a44d290894c01e,lime,,,,,1,0.0,0.6,-0.03846307403813,0.03846307403813,5,0
qt,FN,d8782b0cc680f09d605133bd37a44d290894c01e,lime,,,,,2,0.0,0.6,-0.03846307403813,0.03846307403813,5,0
qt,FN,d8782b0cc680f09d605133bd37a44d290894c01e,lime,,,,,3,0.0,0.6,-0.03846307403813,0.03846307403813,5,0
qt,FN,d8782b0cc680f09d605133bd37a44d290894c01e,lime,,,,,4,0.0,0.4,-0.0279828562046264,0.0358347178072925,5,0
qt,FN,d8782b0cc680f09d605133bd37a44d290894c01e,lime,,,,,5,0.0,0.6,-0.03846307403813,0.03846307403813,5,0
qt,TP,5dd76ba31c3c7cb9c0d9d97cd62f0d2f535a23f7,lime,,,,,1,0.8,0.8,-0.0961617150740855,0.1028476886243448,5,0
qt,TP,5dd76ba31c3c7cb9c0d9d97cd62f0d2f535a23f7,lime,,,,,2,0.8,0.8,-0.0961617150740855,0.1028476886243448,5,0
qt,TP,5dd76ba31c3c7cb9c0d9d97cd62f0d2f535a23f7,lime,,,,,3,0.8,0.8,-0.0961617150740855,0.1028476886243448,5,0
qt,TP,5dd76ba31c3c7cb9c0d9d97cd62f0d2f535a23f7,lime,,,,,4,0.8,0.8,-0.0961617150740855,0.1028476886243447,5,0
qt,TP,5dd76ba31c3c7cb9c0d9d97cd62f0d2f535a23f7,lime,,,,,5,0.8,0.8,-0.0961617150740855,0.1028476886243448,5,0
qt,FP,237c867a002c8035aac7ff8a870da717eb7b0878,lime,,,,,1,0.8,0.8,-0.077449985529729,0.0930896304786176,5,0
qt,FP,237c867a002c8035aac7ff8a870da717eb7b0878,lime,,,,,2,0.8,0.8,-0.077449985529729,0.0930896304786176,5,0
qt,FP,237c867a002c8035aac7ff8a870da717eb7b0878,lime,,,,,3,0.8,0.8,-0.077449985529729,0.0930896304786176,5,0
qt,FP,237c867a002c8035aac7ff8a870da717eb7b0878,lime,,,,,4,0.8,0.8,-0.077449985529729,0.0930896304786176,5,0
qt,FP,237c867a002c8035aac7ff8a870da717eb7b0878,lime,,,,,5,0.8,0.8,-0.077449985529729,0.0930896304786176,5,0
qt,TN,f3ca13f3d12f52c60f4cd41d0b336c24a8d3359d,lime,,,,,1,0.0,0.8,-0.0612687450173354,0.0612687450173354,5,0
qt,TN,f3ca13f3d12f52c60f4cd41d0b336c24a8d3359d,lime,,,,,2,0.0,0.8,-0.0365107339974424,0.0571087144707549,5,0
qt,TN,f3ca13f3d12f52c60f4cd41d0b336c24a8d3359d,lime,,,,,3,0.0,0.8,-0.0612687450173354,0.0612687450173354,5,0
qt,TN,f3ca13f3d12f52c60f4cd41d0b336c24a8d3359d,lime,,,,,4,0.0,0.8,-0.0612687450173354,0.0612687450173354,5,0
qt,TN,f3ca13f3d12f52c60f4cd41d0b336c24a8d3359d,lime,,,,,5,0.0,0.8,-0.0365107339974424,0.0571087144707549,5,0
qt,TP,267edbec198a0cedbf7bed4c3c5fa93c1dbc86bd,lime,,,,,1,0.8,0.6,-0.0676976227259399,0.0676976227259399,5,0
qt,TP,267edbec198a0cedbf7bed4c3c5fa93c1dbc86bd,lime,,,,,2,0.8,0.6,-0.0676976227259399,0.0676976227259399,5,0
qt,TP,267edbec198a0cedbf7bed4c3c5fa93c1dbc86bd,lime,,,,,3,0.8,0.6,-0.0676976227259399,0.0676976227259399,5,0
qt,TP,267edbec198a0cedbf7bed4c3c5fa93c1dbc86bd,lime,,,,,4,0.8,0.6,-0.0676976227259399,0.0676976227259399,5,0
qt,TP,267edbec198a0cedbf7bed4c3c5fa93c1dbc86bd,lime,,,,,5,0.8,0.6,-0.0676976227259399,0.0676976227259399,5,0
qt,TN,e3b7957d6552e88aa23bd0ecc474db5f14981707,lime,,,,,1,0.2,0.4,-0.0155762583683036,0.0267975334966363,5,0
qt,TN,e3b7957d6552e88aa23bd0ecc474db5f14981707,lime,,,,,2,0.2,0.6,-0.0258814208965989,0.032551999556604,5,0
qt,TN,e3b7957d6552e88aa23bd0ecc474db5f14981707,lime,,,,,3,0.2,0.6,-0.025881420896599,0.032551999556604,5,0
qt,TN,e3b7957d6552e88aa23bd0ecc474db5f14981707,lime,,,,,4,0.2,0.6,-0.025881420896599,0.032551999556604,5,0
qt,TN,e3b7957d6552e88aa23bd0ecc474db5f14981707,lime,,,,,5,0.2,0.6,-0.0258814208965989,0.0325519995566039,5,0
qt,FP,571b11d41c9dadd5ef11e4e954c16c5ca39d718e,lime,,,,,1,1.0,0.8,-0.0670273729975533,0.0670273729975533,5,0
qt,FP,571b11d41c9dadd5ef11e4e954c16c5ca39d718e,lime,,,,,2,1.0,0.8,-0.0670273729975534,0.0670273729975534,5,0
qt,FP,571b11d41c9dadd5ef11e4e954c16c5ca39d718e,lime,,,,,3,1.0,0.8,-0.0670273729975533,0.0670273729975533,5,0
qt,FP,571b11d41c9dadd5ef11e4e954c16c5ca39d718e,lime,,,,,4,1.0,0.8,-0.0670273729975533,0.0670273729975533,5,0
qt,FP,571b11d41c9dadd5ef11e4e954c16c5ca39d718e,lime,,,,,5,1.0,0.8,-0.0670273729975533,0.0670273729975533,5,0
qt,FN,8cf186cc7c56144b02d5b40d8f4832ff3021e68a,lime,,,,,1,0.0,1.0,-0.0836225991212062,0.0836225991212062,5,0
qt,FN,8cf186cc7c56144b02d5b40d8f4832ff3021e68a,lime,,,,,2,0.0,1.0,-0.0836225991212063,0.0836225991212063,5,0
qt,FN,8cf186cc7c56144b02d5b40d8f4832ff3021e68a,lime,,,,,3,0.0,1.0,-0.0836225991212063,0.0836225991212063,5,0
qt,FN,8cf186cc7c56144b02d5b40d8f4832ff3021e68a,lime,,,,,4,0.0,0.8,-0.0728823917746042,0.0808001544697881,5,0
qt,FN,8cf186cc7c56144b02d5b40d8f4832ff3021e68a,lime,,,,,5,0.0,0.8,-0.0759039582143493,0.0777785880300429,5,0
qt,FP,02b7ec05d5713aec67577cebc18e5906b5a98598,lime,,,,,1,1.0,0.8,-0.0975006867192956,0.0975006867192956,5,0
qt,FP,02b7ec05d5713aec67577cebc18e5906b5a98598,lime,,,,,2,1.0,0.8,-0.1001724185588846,0.1001724185588846,5,0
qt,FP,02b7ec05d5713aec67577cebc18e5906b5a98598,lime,,,,,3,1.0,0.8,-0.1001724185588846,0.1001724185588846,5,0
qt,FP,02b7ec05d5713aec67577cebc18e5906b5a98598,lime,,,,,4,1.0,0.8,-0.0975006867192956,0.0975006867192956,5,0
qt,FP,02b7ec05d5713aec67577cebc18e5906b5a98598,lime,,,,,5,1.0,0.8,-0.1001724185588846,0.1001724185588846,5,0
qt,TN,88a8deea86fe69448ca1586c2ee567a53dee1008,lime,,,,,1,0.0,0.2,-0.0354017220835936,0.0354017220835936,5,0
qt,TN,88a8deea86fe69448ca1586c2ee567a53dee1008,lime,,,,,2,0.0,0.2,-0.0354017220835936,0.0354017220835936,5,0
qt,TN,88a8deea86fe69448ca1586c2ee567a53dee1008,lime,,,,,3,0.0,0.2,-0.0354017220835936,0.0354017220835936,5,0
qt,TN,88a8deea86fe69448ca1586c2ee567a53dee1008,lime,,,,,4,0.0,0.2,-0.0354017220835936,0.0354017220835936,5,0
qt,TN,88a8deea86fe69448ca1586c2ee567a53dee1008,lime,,,,,5,0.0,0.2,-0.0354017220835936,0.0354017220835936,5,0
qt,FP,1af927976ac953f922e35d71a16a32d328bb2efd,lime,,,,,1,0.8,0.4,-0.0390760418222063,0.0409021656983302,5,0
qt,FP,1af927976ac953f922e35d71a16a32d328bb2efd,lime,,,,,2,0.8,0.4,-0.0390760418222063,0.0409021656983302,5,0
qt,FP,1af927976ac953f922e35d71a16a32d328bb2efd,lime,,,,,3,0.8,0.4,-0.0390760418222063,0.0409021656983302,5,0
qt,FP,1af927976ac953f922e35d71a16a32d328bb2efd,lime,,,,,4,0.8,0.4,-0.0390760418222063,0.0409021656983302,5,0
qt,FP,1af927976ac953f922e35d71a16a32d328bb2efd,lime,,,,,5,0.8,0.4,-0.0390760418222063,0.0409021656983301,5,0
qt,FN,eaa54a8f9884652513c7c3ab489f31ff1e5d712c,lime,,,,,1,0.6,0.4,0.0114869926412832,0.0342400111386053,5,0
qt,FN,eaa54a8f9884652513c7c3ab489f31ff1e5d712c,lime,,,,,2,0.6,0.4,0.0114869926412832,0.0342400111386053,5,0
qt,FN,eaa54a8f9884652513c7c3ab489f31ff1e5d712c,lime,,,,,3,0.6,0.4,0.0114869926412832,0.0342400111386053,5,0
qt,FN,eaa54a8f9884652513c7c3ab489f31ff1e5d712c,lime,,,,,4,0.6,0.4,0.0114869926412832,0.0342400111386054,5,0
qt,FN,eaa54a8f9884652513c7c3ab489f31ff1e5d712c,lime,,,,,5,0.6,0.4,0.0114869926412831,0.0342400111386053,5,0
qt,TP,9d23aebb271ea534a66cb3aceb2e63d9a1c870d6,lime,,,,,1,0.8,0.8,-0.2199361085693018,0.2238941481487699,5,0
qt,TP,9d23aebb271ea534a66cb3aceb2e63d9a1c870d6,lime,,,,,2,0.8,0.8,-0.2199361085693018,0.2238941481487699,5,0
qt,TP,9d23aebb271ea534a66cb3aceb2e63d9a1c870d6,lime,,,,,3,0.8,0.8,-0.2199361085693018,0.2238941481487699,5,0
qt,TP,9d23aebb271ea534a66cb3aceb2e63d9a1c870d6,lime,,,,,4,1.0,1.0,-0.2154075906586409,0.2284226660594307,5,0
qt,TP,9d23aebb271ea534a66cb3aceb2e63d9a1c870d6,lime,,,,,5,0.8,0.8,-0.2199361085693018,0.2238941481487699,5,0
qt,FN,4e3917587b11432d2d892f5146b367de2a3e4864,lime,,,,,1,0.2,0.6,-0.0730229000318961,0.076826283409599,5,0
qt,FN,4e3917587b11432d2d892f5146b367de2a3e4864,lime,,,,,2,0.4,0.6,-0.0711852653578443,0.0749886487355473,5,0
qt,FN,4e3917587b11432d2d892f5146b367de2a3e4864,lime,,,,,3,0.2,0.6,-0.073022900031896,0.076826283409599,5,0
qt,FN,4e3917587b11432d2d892f5146b367de2a3e4864,lime,,,,,4,0.2,0.6,-0.073022900031896,0.076826283409599,5,0
qt,FN,4e3917587b11432d2d892f5146b367de2a3e4864,lime,,,,,5,0.4,0.6,-0.0711852653578442,0.0749886487355472,5,0
qt,TN,bcf1167ccb52341d72e6e2921077d2244803ee8d,lime,,,,,1,0.4,0.4,0.0290679298080779,0.0483176746172211,5,0
qt,TN,bcf1167ccb52341d72e6e2921077d2244803ee8d,lime,,,,,2,0.4,0.6,0.0146579913792651,0.0572934446505873,5,0
qt,TN,bcf1167ccb52341d72e6e2921077d2244803ee8d,lime,,,,,3,0.4,0.4,0.0290679298080779,0.0483176746172211,5,0
qt,TN,bcf1167ccb52341d72e6e2921077d2244803ee8d,lime,,,,,4,0.4,0.4,0.0290679298080779,0.0483176746172211,5,0
qt,TN,bcf1167ccb52341d72e6e2921077d2244803ee8d,lime,,,,,5,0.4,0.4,0.0290679298080779,0.0483176746172211,5,0
qt,TN,3e379bcc799edb6a78bc8cea093a278dbe32f33c,lime,,,,,1,0.0,0.6,-0.04607757576045,0.0531963862054091,5,0
qt,TN,3e379bcc799edb6a78bc8cea093a278dbe32f33c,lime,,,,,2,0.2,0.4,-0.0280918638501898,0.0387338320197773,5,0
qt,TN,3e379bcc799edb6a78bc8cea093a278dbe32f33c,lime,,,,,3,0.0,0.6,-0.0460775757604499,0.0531963862054091,5,0
qt,TN,3e379bcc799edb6a78bc8cea093a278dbe32f33c,lime,,,,,4,0.0,0.6,-0.0460775757604499,0.0531963862054091,5,0
qt,TN,3e379bcc799edb6a78bc8cea093a278dbe32f33c,lime,,,,,5,0.2,0.4,-0.0280918638501899,0.0387338320197773,5,0
qt,TN,4ebc2cf74e557b65a8ce1dc518ca92f399ce89e8,lime,,,,,1,0.6,1.0,0.0009698153752531,0.0658626332085911,5,0
qt,TN,4ebc2cf74e557b65a8ce1dc518ca92f399ce89e8,lime,,,,,2,0.6,1.0,0.0009698153752531,0.0658626332085911,5,0
qt,TN,4ebc2cf74e557b65a8ce1dc518ca92f399ce89e8,lime,,,,,3,0.6,1.0,0.0009698153752532,0.0658626332085911,5,0
qt,TN,4ebc2cf74e557b65a8ce1dc518ca92f399ce89e8,lime,,,,,4,0.6,1.0,0.0009698153752531,0.0658626332085911,5,0
qt,TN,4ebc2cf74e557b65a8ce1dc518ca92f399ce89e8,lime,,,,,5,0.6,1.0,0.0009698153752531,0.0658626332085911,5,0
qt,FN,7e298e2f2ceeee1a2d1a81238ca019d9a0c9519f,lime,,,,,1,0.6,0.4,-0.0066166297611605,0.0450234810678936,5,0
qt,FN,7e298e2f2ceeee1a2d1a81238ca019d9a0c9519f,lime,,,,,2,0.6,0.4,-0.0066166297611605,0.0450234810678936,5,0
qt,FN,7e298e2f2ceeee1a2d1a81238ca019d9a0c9519f,lime,,,,,3,0.6,0.4,-0.0066166297611605,0.0450234810678937,5,0
qt,FN,7e298e2f2ceeee1a2d1a81238ca019d9a0c9519f,lime,,,,,4,0.6,0.4,-0.0066166297611606,0.0450234810678936,5,0
qt,FN,7e298e2f2ceeee1a2d1a81238ca019d9a0c9519f,lime,,,,,5,0.6,0.4,-0.0066166297611605,0.0450234810678936,5,0
qt,FN,93dabeba9dc5f6cbab60e65b3cc8df5fe48745a9,lime,,,,,1,0.8,0.6,0.0526860661393743,0.054135164159149,5,0
qt,FN,93dabeba9dc5f6cbab60e65b3cc8df5fe48745a9,lime,,,,,2,0.8,0.6,0.0526860661393743,0.054135164159149,5,0
qt,FN,93dabeba9dc5f6cbab60e65b3cc8df5fe48745a9,lime,,,,,3,0.8,0.6,0.0526860661393743,0.054135164159149,5,0
qt,FN,93dabeba9dc5f6cbab60e65b3cc8df5fe48745a9,lime,,,,,4,0.8,0.6,0.0526860661393743,0.0541351641591491,5,0
qt,FN,93dabeba9dc5f6cbab60e65b3cc8df5fe48745a9,lime,,,,,5,0.8,0.6,0.0526860661393743,0.054135164159149,5,0
qt,TN,0234e5c96417f451f8de279b8ff92734836badd4,lime,,,,,1,0.4,0.2,0.0149187020335206,0.024270730173505,5,0
qt,TN,0234e5c96417f451f8de279b8ff92734836badd4,lime,,,,,2,0.6,0.2,0.0118313249633486,0.0211833531033331,5,0
qt,TN,0234e5c96417f451f8de279b8ff92734836badd4,lime,,,,,3,0.6,0.2,0.0118313249633486,0.0211833531033331,5,0
qt,TN,0234e5c96417f451f8de279b8ff92734836badd4,lime,,,,,4,0.6,0.2,0.0118313249633486,0.0211833531033331,5,0
qt,TN,0234e5c96417f451f8de279b8ff92734836badd4,lime,,,,,5,0.4,0.2,0.0115290648374979,0.0208810929774824,5,0
qt,FP,eb93d7b51773b43e6a3e41961898a6033bcd9479,lime,,,,,1,0.6,0.8,-0.0607169254709613,0.0852975486293155,5,0
qt,FP,eb93d7b51773b43e6a3e41961898a6033bcd9479,lime,,,,,2,0.6,0.8,-0.0607169254709613,0.0852975486293155,5,0
qt,FP,eb93d7b51773b43e6a3e41961898a6033bcd9479,lime,,,,,3,0.6,0.8,-0.0645272291434056,0.0845648821066888,5,0
qt,FP,eb93d7b51773b43e6a3e41961898a6033bcd9479,lime,,,,,4,0.6,0.8,-0.0607169254709613,0.0852975486293155,5,0
qt,FP,eb93d7b51773b43e6a3e41961898a6033bcd9479,lime,,,,,5,0.6,0.8,-0.0607169254709613,0.0852975486293155,5,0
qt,FN,e6d17c8691bfafa033b82a4d81a9caf4a2fd1b85,lime,,,,,1,0.4,0.4,0.0154266614687831,0.0426341931527854,5,0
qt,FN,e6d17c8691bfafa033b82a4d81a9caf4a2fd1b85,lime,,,,,2,0.4,0.4,0.0154266614687831,0.0426341931527854,5,0
qt,FN,e6d17c8691bfafa033b82a4d81a9caf4a2fd1b85,lime,,,,,3,0.6,0.4,0.0182710801453446,0.0397897744762238,5,0
qt,FN,e6d17c8691bfafa033b82a4d81a9caf4a2fd1b85,lime,,,,,4,0.4,0.4,0.0154266614687832,0.0426341931527854,5,0
qt,FN,e6d17c8691bfafa033b82a4d81a9caf4a2fd1b85,lime,,,,,5,0.4,0.4,0.0154266614687831,0.0426341931527855,5,0
qt,FN,5303225aef739c534714c1ac1d4dd096f0cc38d0,lime,,,,,1,1.0,0.6,0.0375669990412969,0.0456608600056781,5,0
qt,FN,5303225aef739c534714c1ac1d4dd096f0cc38d0,lime,,,,,2,1.0,0.6,0.0375669990412969,0.0456608600056781,5,0
qt,FN,5303225aef739c534714c1ac1d4dd096f0cc38d0,lime,,,,,3,0.8,0.8,0.02036102801037,0.0628668310366051,5,0
qt,FN,5303225aef739c534714c1ac1d4dd096f0cc38d0,lime,,,,,4,0.8,0.8,0.02036102801037,0.0628668310366052,5,0
qt,FN,5303225aef739c534714c1ac1d4dd096f0cc38d0,lime,,,,,5,0.8,0.8,0.02036102801037,0.0628668310366051,5,0
qt,FN,a69edf01cb0a2a06282dc7b89724ffa542f6546d,lime,,,,,1,0.6,0.6,-0.0072211409790351,0.0537994650906107,5,0
qt,FN,a69edf01cb0a2a06282dc7b89724ffa542f6546d,lime,,,,,2,0.6,0.6,-0.0072211409790351,0.0537994650906107,5,0
qt,FN,a69edf01cb0a2a06282dc7b89724ffa542f6546d,lime,,,,,3,0.6,0.6,-0.007221140979035,0.0537994650906107,5,0
qt,FN,a69edf01cb0a2a06282dc7b89724ffa542f6546d,lime,,,,,4,0.6,0.6,-0.007221140979035,0.0537994650906107,5,0
qt,FN,a69edf01cb0a2a06282dc7b89724ffa542f6546d,lime,,,,,5,0.6,0.6,-0.007221140979035,0.0537994650906106,5,0
qt,FP,e58fdbaeb033a801ac7b5dd1f63657b36d6e1305,lime,,,,,1,1.0,1.0,-0.1680976619569432,0.1680976619569432,5,0
qt,FP,e58fdbaeb033a801ac7b5dd1f63657b36d6e1305,lime,,,,,2,0.8,0.8,-0.165387155796437,0.165387155796437,5,0
qt,FP,e58fdbaeb033a801ac7b5dd1f63657b36d6e1305,lime,,,,,3,1.0,1.0,-0.1680976619569432,0.1680976619569432,5,0
qt,FP,e58fdbaeb033a801ac7b5dd1f63657b36d6e1305,lime,,,,,4,1.0,1.0,-0.1680976619569431,0.1680976619569431,5,0
qt,FP,e58fdbaeb033a801ac7b5dd1f63657b36d6e1305,lime,,,,,5,1.0,1.0,-0.1680976619569432,0.1680976619569432,5,0
qt,TP,d3393ce25833c0afd7f0fa6b85fd6f3bd7ad520a,lime,,,,,1,0.8,1.0,-0.0962589202224873,0.1092031355309884,5,0
qt,TP,d3393ce25833c0afd7f0fa6b85fd6f3bd7ad520a,lime,,,,,2,0.8,1.0,-0.113486908900476,0.113486908900476,5,0
qt,TP,d3393ce25833c0afd7f0fa6b85fd6f3bd7ad520a,lime,,,,,3,0.8,1.0,-0.0962589202224873,0.1092031355309884,5,0
qt,TP,d3393ce25833c0afd7f0fa6b85fd6f3bd7ad520a,lime,,,,,4,0.8,1.0,-0.0962589202224874,0.1092031355309884,5,0
qt,TP,d3393ce25833c0afd7f0fa6b85fd6f3bd7ad520a,lime,,,,,5,0.8,1.0,-0.0962589202224873,0.1092031355309884,5,0
qt,FN,6486a4bd196ca2bf0047ae80e78eee06e5e18e18,lime,,,,,1,0.6,0.6,0.0132714890372785,0.055634451763775,5,0
qt,FN,6486a4bd196ca2bf0047ae80e78eee06e5e18e18,lime,,,,,2,0.6,0.8,0.0039038373906795,0.0599012894373794,5,0
qt,FN,6486a4bd196ca2bf0047ae80e78eee06e5e18e18,lime,,,,,3,0.6,0.8,0.0039038373906796,0.0599012894373794,5,0
qt,FN,6486a4bd196ca2bf0047ae80e78eee06e5e18e18,lime,,,,,4,0.6,0.8,0.0039038373906796,0.0599012894373794,5,0
qt,FN,6486a4bd196ca2bf0047ae80e78eee06e5e18e18,lime,,,,,5,0.6,0.8,0.0039038373906795,0.0599012894373794,5,0
qt,FP,ddb4fb4c60987ce6e0b9e50de9a5f3a7ff0e8757,lime,,,,,1,0.4,0.8,-0.0058766361235203,0.0920129783941397,5,0
qt,FP,ddb4fb4c60987ce6e0b9e50de9a5f3a7ff0e8757,lime,,,,,2,0.4,0.8,-0.0564635638698308,0.086655049495826,5,0
qt,FP,ddb4fb4c60987ce6e0b9e50de9a5f3a7ff0e8757,lime,,,,,3,0.4,0.8,-0.0564635638698308,0.086655049495826,5,0
qt,FP,ddb4fb4c60987ce6e0b9e50de9a5f3a7ff0e8757,lime,,,,,4,0.4,0.8,-0.0058766361235203,0.0920129783941397,5,0
qt,FP,ddb4fb4c60987ce6e0b9e50de9a5f3a7ff0e8757,lime,,,,,5,0.4,0.8,-0.0058766361235203,0.0920129783941397,5,0
qt,TP,03a1675eac4baf8c7a6e0602102bbafa3176771c,lime,,,,,1,0.8,0.4,-0.0455388304399451,0.0495656902747882,5,0
qt,TP,03a1675eac4baf8c7a6e0602102bbafa3176771c,lime,,,,,2,0.8,0.6,-0.0549039197005298,0.0549039197005298,5,0
qt,TP,03a1675eac4baf8c7a6e0602102bbafa3176771c,lime,,,,,3,0.8,0.4,-0.0455388304399451,0.0495656902747882,5,0
qt,TP,03a1675eac4baf8c7a6e0602102bbafa3176771c,lime,,,,,4,0.8,0.6,-0.0549039197005298,0.0549039197005298,5,0
qt,TP,03a1675eac4baf8c7a6e0602102bbafa3176771c,lime,,,,,5,0.8,0.6,-0.0549039197005298,0.0549039197005298,5,0
qt,FP,36997810d9fec492635152be89efaa55208e224a,lime,,,,,1,0.6,1.0,-0.0686412230037396,0.1025639693050573,5,0
qt,FP,36997810d9fec492635152be89efaa55208e224a,lime,,,,,2,0.6,1.0,-0.0686412230037395,0.1025639693050573,5,0
qt,FP,36997810d9fec492635152be89efaa55208e224a,lime,,,,,3,0.6,1.0,-0.0686412230037396,0.1025639693050573,5,0
qt,FP,36997810d9fec492635152be89efaa55208e224a,lime,,,,,4,0.6,1.0,-0.0686412230037396,0.1025639693050573,5,0
qt,FP,36997810d9fec492635152be89efaa55208e224a,lime,,,,,5,0.6,1.0,-0.0686412230037395,0.1025639693050573,5,0
qt,TN,4f4ad7c262ce4723417efa14c4d3fdb875be53d0,lime,,,,,1,0.2,0.6,-0.0154169097119832,0.0394070441175731,5,0
qt,TN,4f4ad7c262ce4723417efa14c4d3fdb875be53d0,lime,,,,,2,0.2,0.6,-0.0154169097119832,0.0394070441175731,5,0
qt,TN,4f4ad7c262ce4723417efa14c4d3fdb875be53d0,lime,,,,,3,0.2,0.6,-0.0344493102953811,0.0387416400855913,5,0
qt,TN,4f4ad7c262ce4723417efa14c4d3fdb875be53d0,lime,,,,,4,0.2,0.6,-0.0344493102953811,0.0387416400855911,5,0
qt,TN,4f4ad7c262ce4723417efa14c4d3fdb875be53d0,lime,,,,,5,0.2,0.6,-0.0344493102953811,0.0387416400855912,5,0
qt,TP,a50911bc0bfca1185e99ce6638fbf03cf592789d,lime,,,,,1,0.6,1.0,-0.0142323565602924,0.0826929829340305,5,0
qt,TP,a50911bc0bfca1185e99ce6638fbf03cf592789d,lime,,,,,2,0.6,1.0,-0.0555508002039736,0.0770112152732078,5,0
qt,TP,a50911bc0bfca1185e99ce6638fbf03cf592789d,lime,,,,,3,0.6,1.0,-0.0555508002039736,0.0770112152732078,5,0
qt,TP,a50911bc0bfca1185e99ce6638fbf03cf592789d,lime,,,,,4,0.6,1.0,-0.0142323565602924,0.0826929829340305,5,0
qt,TP,a50911bc0bfca1185e99ce6638fbf03cf592789d,lime,,,,,5,0.6,1.0,-0.0555508002039736,0.0770112152732078,5,0
qt,TP,bb199cc8ad4111808260f6255312b08c7d81dcbc,lime,,,,,1,0.8,0.6,-0.0762367074485952,0.0851163159044178,5,0
qt,TP,bb199cc8ad4111808260f6255312b08c7d81dcbc,lime,,,,,2,0.8,0.6,-0.0762367074485952,0.0851163159044178,5,0
qt,TP,bb199cc8ad4111808260f6255312b08c7d81dcbc,lime,,,,,3,0.8,0.6,-0.0762367074485952,0.0851163159044178,5,0
qt,TP,bb199cc8ad4111808260f6255312b08c7d81dcbc,lime,,,,,4,0.8,0.6,-0.0762367074485951,0.0851163159044178,5,0
qt,TP,bb199cc8ad4111808260f6255312b08c7d81dcbc,lime,,,,,5,0.8,0.6,-0.0762367074485952,0.0851163159044178,5,0
qt,FP,6a91dcba2e4fa85dc345c2d403c757ab7676e28c,lime,,,,,1,0.8,0.8,-0.0626816767671367,0.0657450990591304,5,0
qt,FP,6a91dcba2e4fa85dc345c2d403c757ab7676e28c,lime,,,,,2,0.8,0.8,-0.0674302805443119,0.0674302805443119,5,0
qt,FP,6a91dcba2e4fa85dc345c2d403c757ab7676e28c,lime,,,,,3,0.8,0.8,-0.0674302805443119,0.0674302805443119,5,0
qt,FP,6a91dcba2e4fa85dc345c2d403c757ab7676e28c,lime,,,,,4,0.8,0.8,-0.0626816767671367,0.0657450990591304,5,0
qt,FP,6a91dcba2e4fa85dc345c2d403c757ab7676e28c,lime,,,,,5,0.8,0.8,-0.0626816767671367,0.0657450990591304,5,0
qt,TN,e38a98ad4453974b2848eeed02d81e0c408ce0c6,lime,,,,,1,0.4,0.4,-0.0465462684195096,0.0590431332378367,5,0
qt,TN,e38a98ad4453974b2848eeed02d81e0c408ce0c6,lime,,,,,2,0.4,0.4,-0.0465462684195096,0.0590431332378367,5,0
qt,TN,e38a98ad4453974b2848eeed02d81e0c408ce0c6,lime,,,,,3,0.4,0.4,-0.0465462684195096,0.0590431332378366,5,0
qt,TN,e38a98ad4453974b2848eeed02d81e0c408ce0c6,lime,,,,,4,0.4,0.4,-0.0465462684195096,0.0590431332378367,5,0
qt,TN,e38a98ad4453974b2848eeed02d81e0c408ce0c6,lime,,,,,5,0.4,0.4,-0.0465462684195096,0.0590431332378367,5,0
qt,FP,1c6d5b0696f324495e95a12f7718ae7593c9b58a,lime,,,,,1,1.0,0.8,-0.1187831780375012,0.1191470147020898,5,0
qt,FP,1c6d5b0696f324495e95a12f7718ae7593c9b58a,lime,,,,,2,1.0,0.8,-0.1187831780375012,0.1191470147020898,5,0
qt,FP,1c6d5b0696f324495e95a12f7718ae7593c9b58a,lime,,,,,3,0.8,0.8,-0.1181106550128332,0.1198195377267579,5,0
qt,FP,1c6d5b0696f324495e95a12f7718ae7593c9b58a,lime,,,,,4,0.8,0.8,-0.1181106550128332,0.1198195377267579,5,0
qt,FP,1c6d5b0696f324495e95a12f7718ae7593c9b58a,lime,,,,,5,0.8,0.8,-0.1181106550128332,0.1198195377267579,5,0
qt,FP,cd542a82b0c2d5c9a4ea167a84e5ea8a25c5d969,lime,,,,,1,0.8,0.6,-0.0625372905805678,0.070954334321141,5,0
qt,FP,cd542a82b0c2d5c9a4ea167a84e5ea8a25c5d969,lime,,,,,2,0.8,0.6,-0.0773594163944561,0.0786477471113583,5,0
qt,FP,cd542a82b0c2d5c9a4ea167a84e5ea8a25c5d969,lime,,,,,3,0.8,0.8,-0.0891738644114251,0.093229465952741,5,0
qt,FP,cd542a82b0c2d5c9a4ea167a84e5ea8a25c5d969,lime,,,,,4,0.8,0.8,-0.0820839782816556,0.0861395798229715,5,0
qt,FP,cd542a82b0c2d5c9a4ea167a84e5ea8a25c5d969,lime,,,,,5,1.0,0.8,-0.0797991128964143,0.0810874436133164,5,0
qt,TP,b254b03dc3b1cfcfc5f17158d2470e0a9a946a0e,lime,,,,,1,0.8,0.8,-0.106540554933788,0.1084180274612605,5,0
qt,TP,b254b03dc3b1cfcfc5f17158d2470e0a9a946a0e,lime,,,,,2,0.8,0.8,-0.106540554933788,0.1084180274612605,5,0
qt,TP,b254b03dc3b1cfcfc5f17158d2470e0a9a946a0e,lime,,,,,3,0.8,0.8,-0.106540554933788,0.1084180274612605,5,0
qt,TP,b254b03dc3b1cfcfc5f17158d2470e0a9a946a0e,lime,,,,,4,0.8,0.8,-0.106540554933788,0.1084180274612605,5,0
qt,TP,b254b03dc3b1cfcfc5f17158d2470e0a9a946a0e,lime,,,,,5,1.0,1.0,-0.1251944822035041,0.1251944822035041,5,0
qt,TP,1a7bc520c5df4da80b7e65acbec1f546f9c87870,lime,,,,,1,1.0,0.6,-0.0979454364035491,0.0979454364035491,5,0
qt,TP,1a7bc520c5df4da80b7e65acbec1f546f9c87870,lime,,,,,2,1.0,0.6,-0.0979454364035491,0.0979454364035491,5,0
qt,TP,1a7bc520c5df4da80b7e65acbec1f546f9c87870,lime,,,,,3,1.0,0.6,-0.0979454364035491,0.0979454364035491,5,0
qt,TP,1a7bc520c5df4da80b7e65acbec1f546f9c87870,lime,,,,,4,1.0,0.6,-0.0979454364035491,0.0979454364035491,5,0
qt,TP,1a7bc520c5df4da80b7e65acbec1f546f9c87870,lime,,,,,5,1.0,0.6,-0.0979454364035491,0.0979454364035491,5,0
qt,FN,5629823b05ca7d24924ac879b5a0469a3cb03e78,lime,,,,,1,0.4,0.6,-0.051104999239041,0.0678433227740603,5,0
qt,FN,5629823b05ca7d24924ac879b5a0469a3cb03e78,lime,,,,,2,0.4,0.6,-0.051104999239041,0.0678433227740603,5,0
qt,FN,5629823b05ca7d24924ac879b5a0469a3cb03e78,lime,,,,,3,0.4,0.6,-0.051104999239041,0.0678433227740603,5,0
qt,FN,5629823b05ca7d24924ac879b5a0469a3cb03e78,lime,,,,,4,0.2,0.6,-0.0508090945556613,0.0681392274574401,5,0
qt,FN,5629823b05ca7d24924ac879b5a0469a3cb03e78,lime,,,,,5,0.4,0.6,-0.051104999239041,0.0678433227740603,5,0
qt,TN,9b54447e453e2cb7b7375e2c6104b2595ab1594e,lime,,,,,1,0.0,0.8,-0.062640627601414,0.062640627601414,5,0
qt,TN,9b54447e453e2cb7b7375e2c6104b2595ab1594e,lime,,,,,2,0.0,0.8,-0.0626406276014141,0.0626406276014141,5,0
qt,TN,9b54447e453e2cb7b7375e2c6104b2595ab1594e,lime,,,,,3,0.0,0.6,-0.0439317582277663,0.05339621232004,5,0
qt,TN,9b54447e453e2cb7b7375e2c6104b2595ab1594e,lime,,,,,4,0.0,0.8,-0.0626406276014141,0.0626406276014141,5,0
qt,TN,9b54447e453e2cb7b7375e2c6104b2595ab1594e,lime,,,,,5,0.0,0.6,-0.0439317582277663,0.05339621232004,5,0
qt,FP,3981a1f440914e8108af3d854a1b01dd596a8a0e,lime,,,,,1,0.6,0.6,-0.1257046922884911,0.1289773124398383,5,0
qt,FP,3981a1f440914e8108af3d854a1b01dd596a8a0e,lime,,,,,2,0.6,0.6,-0.0608547580078869,0.116964285333504,5,0
qt,FP,3981a1f440914e8108af3d854a1b01dd596a8a0e,lime,,,,,3,0.6,0.6,-0.1257046922884911,0.1289773124398383,5,0
qt,FP,3981a1f440914e8108af3d854a1b01dd596a8a0e,lime,,,,,4,0.6,0.6,-0.1257046922884911,0.1289773124398383,5,0
qt,FP,3981a1f440914e8108af3d854a1b01dd596a8a0e,lime,,,,,5,0.6,0.6,-0.1257046922884911,0.1289773124398383,5,0
qt,TN,4331ccd4b735d9d721a384193a3d42ee2ce6c805,lime,,,,,1,0.6,0.6,-0.0161412221842173,0.0440391988341353,5,0
qt,TN,4331ccd4b735d9d721a384193a3d42ee2ce6c805,lime,,,,,2,0.6,0.6,-0.0161412221842173,0.0440391988341354,5,0
qt,TN,4331ccd4b735d9d721a384193a3d42ee2ce6c805,lime,,,,,3,0.6,0.6,-0.0161412221842173,0.0440391988341354,5,0
qt,TN,4331ccd4b735d9d721a384193a3d42ee2ce6c805,lime,,,,,4,0.6,0.6,-0.0161412221842173,0.0440391988341354,5,0
qt,TN,4331ccd4b735d9d721a384193a3d42ee2ce6c805,lime,,,,,5,0.6,0.6,-0.0161412221842173,0.0440391988341354,5,0
qt,TP,afbb57ae84ecbee5fab9eb6e58356b19d7995ea5,lime,,,,,1,0.8,0.8,-0.1635989727064914,0.1659962040465799,5,0
qt,TP,afbb57ae84ecbee5fab9eb6e58356b19d7995ea5,lime,,,,,2,1.0,1.0,-0.1758491378824853,0.1758491378824853,5,0
qt,TP,afbb57ae84ecbee5fab9eb6e58356b19d7995ea5,lime,,,,,3,0.8,0.8,-0.1635989727064914,0.1659962040465799,5,0
qt,TP,afbb57ae84ecbee5fab9eb6e58356b19d7995ea5,lime,,,,,4,0.8,0.8,-0.1635989727064914,0.1659962040465799,5,0
qt,TP,afbb57ae84ecbee5fab9eb6e58356b19d7995ea5,lime,,,,,5,1.0,1.0,-0.1758491378824853,0.1758491378824853,5,0
qt,TP,17513266b81e88b84fda250734f07c94a198fabc,lime,,,,,1,1.0,0.8,-0.083334072776828,0.083334072776828,5,0
qt,TP,17513266b81e88b84fda250734f07c94a198fabc,lime,,,,,2,1.0,0.8,-0.083334072776828,0.083334072776828,5,0
qt,TP,17513266b81e88b84fda250734f07c94a198fabc,lime,,,,,3,1.0,0.8,-0.0833340727768279,0.0833340727768279,5,0
qt,TP,17513266b81e88b84fda250734f07c94a198fabc,lime,,,,,4,1.0,0.8,-0.083334072776828,0.083334072776828,5,0
qt,TP,17513266b81e88b84fda250734f07c94a198fabc,lime,,,,,5,1.0,0.8,-0.0786313593837784,0.0799930286668763,5,0
qt,FN,cdbc4b83d59e08189d6ece9ccd88a646be155c08,lime,,,,,1,0.4,0.2,-0.0228396491353259,0.026551894033285,5,0
qt,FN,cdbc4b83d59e08189d6ece9ccd88a646be155c08,lime,,,,,2,0.2,0.2,-0.0210406897613665,0.0247529346593257,5,0
qt,FN,cdbc4b83d59e08189d6ece9ccd88a646be155c08,lime,,,,,3,0.2,0.2,-0.0210406897613665,0.0247529346593256,5,0
qt,FN,cdbc4b83d59e08189d6ece9ccd88a646be155c08,lime,,,,,4,0.2,0.2,-0.0210406897613665,0.0247529346593257,5,0
qt,FN,cdbc4b83d59e08189d6ece9ccd88a646be155c08,lime,,,,,5,0.2,0.2,-0.0210406897613665,0.0247529346593257,5,0
qt,FP,753c744b23abfecad6463890dfdf6e97c7eeaa5c,lime,,,,,1,0.6,1.0,0.0065323747091768,0.119067679379444,5,0
qt,FP,753c744b23abfecad6463890dfdf6e97c7eeaa5c,lime,,,,,2,0.8,0.8,-0.0211523531569419,0.1024101595183528,5,0
qt,FP,753c744b23abfecad6463890dfdf6e97c7eeaa5c,lime,,,,,3,0.6,0.8,-0.0091927656266777,0.114369747048617,5,0
qt,FP,753c744b23abfecad6463890dfdf6e97c7eeaa5c,lime,,,,,4,0.6,0.8,-0.0091927656266777,0.114369747048617,5,0
qt,FP,753c744b23abfecad6463890dfdf6e97c7eeaa5c,lime,,,,,5,0.6,1.0,0.0065323747091769,0.119067679379444,5,0
qt,TP,a4f8b9ae6dfacf9ad5c190cde6098ebf13102f41,lime,,,,,1,0.4,0.6,-0.0304893319786507,0.0662980375587849,5,0
qt,TP,a4f8b9ae6dfacf9ad5c190cde6098ebf13102f41,lime,,,,,2,0.4,0.6,-0.0304893319786507,0.0662980375587849,5,0
qt,TP,a4f8b9ae6dfacf9ad5c190cde6098ebf13102f41,lime,,,,,3,0.4,0.8,-0.0126751271358745,0.084110703464308,5,0
qt,TP,a4f8b9ae6dfacf9ad5c190cde6098ebf13102f41,lime,,,,,4,0.4,0.8,-0.0126751271358744,0.084110703464308,5,0
qt,TP,a4f8b9ae6dfacf9ad5c190cde6098ebf13102f41,lime,,,,,5,0.4,0.8,-0.0126751271358744,0.084110703464308,5,0
qt,TP,fca89004d75412dd378cc44ad79ed3c1e05c765b,lime,,,,,1,0.4,0.8,-0.0411192850802736,0.0850660550622095,5,0
qt,TP,fca89004d75412dd378cc44ad79ed3c1e05c765b,lime,,,,,2,0.4,0.8,-0.0411192850802736,0.0850660550622095,5,0
qt,TP,fca89004d75412dd378cc44ad79ed3c1e05c765b,lime,,,,,3,0.4,0.8,-0.0411192850802735,0.0850660550622095,5,0
qt,TP,fca89004d75412dd378cc44ad79ed3c1e05c765b,lime,,,,,4,0.4,0.8,-0.0411192850802736,0.0850660550622095,5,0
qt,TP,fca89004d75412dd378cc44ad79ed3c1e05c765b,lime,,,,,5,0.4,0.8,-0.0151826443400614,0.0950098862310406,5,0
qt,FP,3d3ce2afe1937531f5fdc2af56697e93133e6d98,lofo,,,,,1,1.0,1.0,-0.0307568982109286,0.0842020704766241,5,0
qt,FP,3d3ce2afe1937531f5fdc2af56697e93133e6d98,lofo,,,,,2,1.0,1.0,-0.0307568982109286,0.0842020704766241,5,0
qt,FP,3d3ce2afe1937531f5fdc2af56697e93133e6d98,lofo,,,,,3,1.0,1.0,-0.0307568982109286,0.0842020704766241,5,0
qt,FP,3d3ce2afe1937531f5fdc2af56697e93133e6d98,lofo,,,,,4,1.0,1.0,-0.0307568982109286,0.0842020704766241,5,0
qt,FP,3d3ce2afe1937531f5fdc2af56697e93133e6d98,lofo,,,,,5,1.0,1.0,-0.0307568982109286,0.0842020704766241,5,0
qt,TN,eb5994df1307b2e17e729374e1f7ab1c8fe82750,lofo,,,,,1,1.0,0.6,-0.0380980562695129,0.0380980562695129,5,0
qt,TN,eb5994df1307b2e17e729374e1f7ab1c8fe82750,lofo,,,,,2,1.0,0.6,-0.0380980562695129,0.0380980562695129,5,0
qt,TN,eb5994df1307b2e17e729374e1f7ab1c8fe82750,lofo,,,,,3,1.0,0.6,-0.0380980562695129,0.0380980562695129,5,0
qt,TN,eb5994df1307b2e17e729374e1f7ab1c8fe82750,lofo,,,,,4,1.0,0.6,-0.0380980562695129,0.0380980562695129,5,0
qt,TN,eb5994df1307b2e17e729374e1f7ab1c8fe82750,lofo,,,,,5,1.0,0.6,-0.0380980562695129,0.0380980562695129,5,0
qt,FN,2ad213cc02094e003802530757fa4010720a22e6,lofo,,,,,1,1.0,0.6,-0.0252305003106644,0.0433453759112543,5,0
qt,FN,2ad213cc02094e003802530757fa4010720a22e6,lofo,,,,,2,1.0,0.6,-0.0252305003106645,0.0433453759112543,5,0
qt,FN,2ad213cc02094e003802530757fa4010720a22e6,lofo,,,,,3,1.0,0.6,-0.0252305003106645,0.0433453759112544,5,0
qt,FN,2ad213cc02094e003802530757fa4010720a22e6,lofo,,,,,4,1.0,0.6,-0.0252305003106644,0.0433453759112544,5,0
qt,FN,2ad213cc02094e003802530757fa4010720a22e6,lofo,,,,,5,1.0,0.6,-0.0252305003106644,0.0433453759112543,5,0
qt,TP,256bbc4f139036a780a63b80af8bb461a77d333a,lofo,,,,,1,1.0,1.0,-0.13498876141754,0.167210530125023,5,0
qt,TP,256bbc4f139036a780a63b80af8bb461a77d333a,lofo,,,,,2,1.0,1.0,-0.13498876141754,0.167210530125023,5,0
qt,TP,256bbc4f139036a780a63b80af8bb461a77d333a,lofo,,,,,3,1.0,1.0,-0.13498876141754,0.167210530125023,5,0
qt,TP,256bbc4f139036a780a63b80af8bb461a77d333a,lofo,,,,,4,1.0,1.0,-0.13498876141754,0.167210530125023,5,0
qt,TP,256bbc4f139036a780a63b80af8bb461a77d333a,lofo,,,,,5,1.0,1.0,-0.13498876141754,0.167210530125023,5,0
qt,TP,ae292be8690109940fdd9862321b2389a0957404,lofo,,,,,1,1.0,1.0,-0.1257397917807275,0.2106165468184069,5,0
qt,TP,ae292be8690109940fdd9862321b2389a0957404,lofo,,,,,2,1.0,1.0,-0.1257397917807276,0.2106165468184068,5,0
qt,TP,ae292be8690109940fdd9862321b2389a0957404,lofo,,,,,3,1.0,1.0,-0.1257397917807276,0.2106165468184069,5,0
qt,TP,ae292be8690109940fdd9862321b2389a0957404,lofo,,,,,4,1.0,1.0,-0.1257397917807276,0.2106165468184069,5,0
qt,TP,ae292be8690109940fdd9862321b2389a0957404,lofo,,,,,5,1.0,1.0,-0.1257397917807275,0.2106165468184069,5,0
qt,FN,3786411f7f8770f28ba2a97cb646a0eb7a5eaa99,lofo,,,,,1,0.6,0.4,0.0371266936223096,0.0400957985155005,5,0
qt,FN,3786411f7f8770f28ba2a97cb646a0eb7a5eaa99,lofo,,,,,2,0.6,0.4,0.0371266936223097,0.0400957985155004,5,0
qt,FN,3786411f7f8770f28ba2a97cb646a0eb7a5eaa99,lofo,,,,,3,0.6,0.4,0.0371266936223098,0.0400957985155005,5,0
qt,FN,3786411f7f8770f28ba2a97cb646a0eb7a5eaa99,lofo,,,,,4,0.6,0.4,0.0371266936223096,0.0400957985155005,5,0
qt,FN,3786411f7f8770f28ba2a97cb646a0eb7a5eaa99,lofo,,,,,5,0.6,0.4,0.0371266936223097,0.0400957985155005,5,0
qt,FP,8835c0376befd009702b9a17c506639e31c842b9,lofo,,,,,1,1.0,1.0,-0.1702476914006642,0.1702476914006642,5,0
qt,FP,8835c0376befd009702b9a17c506639e31c842b9,lofo,,,,,2,1.0,1.0,-0.1702476914006642,0.1702476914006642,5,0
qt,FP,8835c0376befd009702b9a17c506639e31c842b9,lofo,,,,,3,1.0,1.0,-0.1702476914006642,0.1702476914006642,5,0
qt,FP,8835c0376befd009702b9a17c506639e31c842b9,lofo,,,,,4,1.0,1.0,-0.1702476914006641,0.1702476914006641,5,0
qt,FP,8835c0376befd009702b9a17c506639e31c842b9,lofo,,,,,5,1.0,1.0,-0.1702476914006642,0.1702476914006642,5,0
qt,FN,9e99dba4a22bbf212b3e6d1e2607a16dbbd04d90,lofo,,,,,1,0.8,0.6,0.0616648875559559,0.0725718135431341,5,0
qt,FN,9e99dba4a22bbf212b3e6d1e2607a16dbbd04d90,lofo,,,,,2,0.8,0.6,0.0616648875559559,0.0725718135431342,5,0
qt,FN,9e99dba4a22bbf212b3e6d1e2607a16dbbd04d90,lofo,,,,,3,0.8,0.6,0.0616648875559559,0.0725718135431342,5,0
qt,FN,9e99dba4a22bbf212b3e6d1e2607a16dbbd04d90,lofo,,,,,4,0.8,0.6,0.0616648875559559,0.0725718135431342,5,0
qt,FN,9e99dba4a22bbf212b3e6d1e2607a16dbbd04d90,lofo,,,,,5,0.8,0.6,0.061664887555956,0.0725718135431342,5,0
qt,FN,f506e01665c9bf689887ccf057a03588829efeea,lofo,,,,,1,1.0,0.8,-0.0411296079177507,0.0411296079177507,5,0
qt,FN,f506e01665c9bf689887ccf057a03588829efeea,lofo,,,,,2,1.0,0.8,-0.0411296079177507,0.0411296079177507,5,0
qt,FN,f506e01665c9bf689887ccf057a03588829efeea,lofo,,,,,3,1.0,0.8,-0.0411296079177507,0.0411296079177507,5,0
qt,FN,f506e01665c9bf689887ccf057a03588829efeea,lofo,,,,,4,1.0,0.8,-0.0411296079177507,0.0411296079177507,5,0
qt,FN,f506e01665c9bf689887ccf057a03588829efeea,lofo,,,,,5,1.0,0.8,-0.0411296079177507,0.0411296079177507,5,0
qt,TP,fa7626713b3a943609453459190e16c49d61dfd3,lofo,,,,,1,1.0,1.0,-0.0810632443728587,0.0980300965682824,5,0
qt,TP,fa7626713b3a943609453459190e16c49d61dfd3,lofo,,,,,2,1.0,1.0,-0.0810632443728587,0.0980300965682824,5,0
qt,TP,fa7626713b3a943609453459190e16c49d61dfd3,lofo,,,,,3,1.0,1.0,-0.0810632443728587,0.0980300965682823,5,0
qt,TP,fa7626713b3a943609453459190e16c49d61dfd3,lofo,,,,,4,1.0,1.0,-0.0810632443728587,0.0980300965682824,5,0
qt,TP,fa7626713b3a943609453459190e16c49d61dfd3,lofo,,,,,5,1.0,1.0,-0.0810632443728587,0.0980300965682823,5,0
qt,FP,093064fdeb6e777d2dc88dbb4f4adb8fddac3aa5,lofo,,,,,1,1.0,1.0,-0.2867581499517961,0.2867581499517961,5,0
qt,FP,093064fdeb6e777d2dc88dbb4f4adb8fddac3aa5,lofo,,,,,2,1.0,1.0,-0.2867581499517961,0.2867581499517961,5,0
qt,FP,093064fdeb6e777d2dc88dbb4f4adb8fddac3aa5,lofo,,,,,3,1.0,1.0,-0.2867581499517961,0.2867581499517961,5,0
qt,FP,093064fdeb6e777d2dc88dbb4f4adb8fddac3aa5,lofo,,,,,4,1.0,1.0,-0.2867581499517961,0.2867581499517961,5,0
qt,FP,093064fdeb6e777d2dc88dbb4f4adb8fddac3aa5,lofo,,,,,5,1.0,1.0,-0.2867581499517961,0.2867581499517961,5,0
qt,TP,da8ace713a19d2a8c9831ddf50d17607bc4856cc,lofo,,,,,1,1.0,1.0,-0.1493238841337524,0.1493238841337524,5,0
qt,TP,da8ace713a19d2a8c9831ddf50d17607bc4856cc,lofo,,,,,2,1.0,1.0,-0.1493238841337524,0.1493238841337524,5,0
qt,TP,da8ace713a19d2a8c9831ddf50d17607bc4856cc,lofo,,,,,3,1.0,1.0,-0.1493238841337524,0.1493238841337524,5,0
qt,TP,da8ace713a19d2a8c9831ddf50d17607bc4856cc,lofo,,,,,4,1.0,1.0,-0.1493238841337524,0.1493238841337524,5,0
qt,TP,da8ace713a19d2a8c9831ddf50d17607bc4856cc,lofo,,,,,5,1.0,1.0,-0.1493238841337524,0.1493238841337524,5,0
qt,FP,08cfd02312d21391c956b8bf50ab7d6caa0d8082,lofo,,,,,1,0.8,1.0,-0.1247128151075869,0.1247128151075869,5,0
qt,FP,08cfd02312d21391c956b8bf50ab7d6caa0d8082,lofo,,,,,2,0.8,1.0,-0.1247128151075869,0.1247128151075869,5,0
qt,FP,08cfd02312d21391c956b8bf50ab7d6caa0d8082,lofo,,,,,3,0.8,1.0,-0.1247128151075869,0.1247128151075869,5,0
qt,FP,08cfd02312d21391c956b8bf50ab7d6caa0d8082,lofo,,,,,4,0.8,1.0,-0.1247128151075869,0.1247128151075869,5,0
qt,FP,08cfd02312d21391c956b8bf50ab7d6caa0d8082,lofo,,,,,5,0.8,1.0,-0.1247128151075869,0.1247128151075869,5,0
qt,FP,a02b371eb2f34bf198c95cf0caa1fbad639f96bb,lofo,,,,,1,1.0,1.0,-0.0729079356458527,0.0909467159132043,5,0
qt,FP,a02b371eb2f34bf198c95cf0caa1fbad639f96bb,lofo,,,,,2,1.0,1.0,-0.0729079356458527,0.0909467159132043,5,0
qt,FP,a02b371eb2f34bf198c95cf0caa1fbad639f96bb,lofo,,,,,3,1.0,1.0,-0.0729079356458527,0.0909467159132043,5,0
qt,FP,a02b371eb2f34bf198c95cf0caa1fbad639f96bb,lofo,,,,,4,1.0,1.0,-0.0729079356458527,0.0909467159132043,5,0
qt,FP,a02b371eb2f34bf198c95cf0caa1fbad639f96bb,lofo,,,,,5,1.0,1.0,-0.0729079356458527,0.0909467159132043,5,0
qt,TN,5cb54cb5ebae99fab121061e25e26eec3056203a,lofo,,,,,1,1.0,0.8,0.0720429068489252,0.0720429068489252,5,0
qt,TN,5cb54cb5ebae99fab121061e25e26eec3056203a,lofo,,,,,2,1.0,0.8,0.0720429068489251,0.0720429068489251,5,0
qt,TN,5cb54cb5ebae99fab121061e25e26eec3056203a,lofo,,,,,3,1.0,0.8,0.0720429068489251,0.0720429068489251,5,0
qt,TN,5cb54cb5ebae99fab121061e25e26eec3056203a,lofo,,,,,4,1.0,0.8,0.0720429068489251,0.0720429068489251,5,0
qt,TN,5cb54cb5ebae99fab121061e25e26eec3056203a,lofo,,,,,5,1.0,0.8,0.0720429068489252,0.0720429068489252,5,0
qt,TN,9a50333dd03969abb3f09c0f90dcb4afd048e47a,lofo,,,,,1,0.6,0.6,-0.0428717073609714,0.055204443274426,5,0
qt,TN,9a50333dd03969abb3f09c0f90dcb4afd048e47a,lofo,,,,,2,0.6,0.6,-0.0428717073609714,0.0552044432744261,5,0
qt,TN,9a50333dd03969abb3f09c0f90dcb4afd048e47a,lofo,,,,,3,0.6,0.6,-0.0428717073609714,0.055204443274426,5,0
qt,TN,9a50333dd03969abb3f09c0f90dcb4afd048e47a,lofo,,,,,4,0.6,0.6,-0.0428717073609713,0.0552044432744261,5,0
qt,TN,9a50333dd03969abb3f09c0f90dcb4afd048e47a,lofo,,,,,5,0.6,0.6,-0.0428717073609714,0.0552044432744261,5,0
qt,FN,18f7e6dc9f59159b70cb7e6a8745738f42d4f46f,lofo,,,,,1,1.0,1.0,0.0753520233465983,0.1091068801365723,5,0
qt,FN,18f7e6dc9f59159b70cb7e6a8745738f42d4f46f,lofo,,,,,2,1.0,1.0,0.0753520233465983,0.1091068801365722,5,0
qt,FN,18f7e6dc9f59159b70cb7e6a8745738f42d4f46f,lofo,,,,,3,1.0,1.0,0.0753520233465983,0.1091068801365722,5,0
qt,FN,18f7e6dc9f59159b70cb7e6a8745738f42d4f46f,lofo,,,,,4,1.0,1.0,0.0753520233465983,0.1091068801365722,5,0
qt,FN,18f7e6dc9f59159b70cb7e6a8745738f42d4f46f,lofo,,,,,5,1.0,1.0,0.0753520233465983,0.1091068801365722,5,0
qt,TP,d31304eab9e7424edc20fb83a8a19cd979458029,lofo,,,,,1,1.0,0.8,-0.0027276460798719,0.1006056183447791,5,0
qt,TP,d31304eab9e7424edc20fb83a8a19cd979458029,lofo,,,,,2,1.0,0.8,-0.0027276460798719,0.1006056183447791,5,0
qt,TP,d31304eab9e7424edc20fb83a8a19cd979458029,lofo,,,,,3,1.0,0.8,-0.0027276460798719,0.1006056183447791,5,0
qt,TP,d31304eab9e7424edc20fb83a8a19cd979458029,lofo,,,,,4,1.0,0.8,-0.0027276460798719,0.1006056183447791,5,0
qt,TP,d31304eab9e7424edc20fb83a8a19cd979458029,lofo,,,,,5,1.0,0.8,-0.0027276460798719,0.1006056183447791,5,0
qt,TN,bd79c331f14e6cfab9e0b5815404c8194526e8f1,lofo,,,,,1,1.0,0.8,-0.0144645225412561,0.057478179545469,5,0
qt,TN,bd79c331f14e6cfab9e0b5815404c8194526e8f1,lofo,,,,,2,1.0,0.8,-0.0144645225412561,0.057478179545469,5,0
qt,TN,bd79c331f14e6cfab9e0b5815404c8194526e8f1,lofo,,,,,3,1.0,0.8,-0.0144645225412561,0.057478179545469,5,0
qt,TN,bd79c331f14e6cfab9e0b5815404c8194526e8f1,lofo,,,,,4,1.0,0.8,-0.0144645225412562,0.057478179545469,5,0
qt,TN,bd79c331f14e6cfab9e0b5815404c8194526e8f1,lofo,,,,,5,1.0,0.8,-0.0144645225412561,0.057478179545469,5,0
qt,TN,67ee72f3145fd14b36af408918ed3420504d3035,lofo,,,,,1,0.8,1.0,-0.0469513317016107,0.0737835159628751,5,0
qt,TN,67ee72f3145fd14b36af408918ed3420504d3035,lofo,,,,,2,0.8,1.0,-0.0469513317016107,0.0737835159628751,5,0
qt,TN,67ee72f3145fd14b36af408918ed3420504d3035,lofo,,,,,3,0.8,1.0,-0.0469513317016107,0.0737835159628751,5,0
qt,TN,67ee72f3145fd14b36af408918ed3420504d3035,lofo,,,,,4,0.8,1.0,-0.0469513317016107,0.0737835159628751,5,0
qt,TN,67ee72f3145fd14b36af408918ed3420504d3035,lofo,,,,,5,0.8,1.0,-0.0469513317016107,0.0737835159628751,5,0
qt,FN,67ced4791ddabebfa19a2f101aa292b5eba60b90,lofo,,,,,1,0.8,1.0,0.0438651860773749,0.0775574270017168,5,0
qt,FN,67ced4791ddabebfa19a2f101aa292b5eba60b90,lofo,,,,,2,0.8,1.0,0.043865186077375,0.0775574270017168,5,0
qt,FN,67ced4791ddabebfa19a2f101aa292b5eba60b90,lofo,,,,,3,0.8,1.0,0.0438651860773749,0.0775574270017168,5,0
qt,FN,67ced4791ddabebfa19a2f101aa292b5eba60b90,lofo,,,,,4,0.8,1.0,0.0438651860773749,0.0775574270017168,5,0
qt,FN,67ced4791ddabebfa19a2f101aa292b5eba60b90,lofo,,,,,5,0.8,1.0,0.0438651860773749,0.0775574270017168,5,0
qt,FP,86d91d2bf8e7ac7a75f88f0e4886140abc06fd4c,lofo,,,,,1,0.8,0.6,-0.1625160117455281,0.1727780604811062,5,0
qt,FP,86d91d2bf8e7ac7a75f88f0e4886140abc06fd4c,lofo,,,,,2,0.8,0.6,-0.1625160117455281,0.1727780604811062,5,0
qt,FP,86d91d2bf8e7ac7a75f88f0e4886140abc06fd4c,lofo,,,,,3,0.8,0.6,-0.1625160117455281,0.1727780604811062,5,0
qt,FP,86d91d2bf8e7ac7a75f88f0e4886140abc06fd4c,lofo,,,,,4,0.8,0.6,-0.1625160117455281,0.1727780604811062,5,0
qt,FP,86d91d2bf8e7ac7a75f88f0e4886140abc06fd4c,lofo,,,,,5,0.8,0.6,-0.1625160117455281,0.1727780604811062,5,0
qt,TN,121cdbdd30de1bee58e349859409dd08865c17f5,lofo,,,,,1,1.0,0.6,-0.036724482452404,0.047074550930292,5,0
qt,TN,121cdbdd30de1bee58e349859409dd08865c17f5,lofo,,,,,2,1.0,0.6,-0.0367244824524039,0.047074550930292,5,0
qt,TN,121cdbdd30de1bee58e349859409dd08865c17f5,lofo,,,,,3,1.0,0.6,-0.036724482452404,0.047074550930292,5,0
qt,TN,121cdbdd30de1bee58e349859409dd08865c17f5,lofo,,,,,4,1.0,0.6,-0.0367244824524038,0.0470745509302919,5,0
qt,TN,121cdbdd30de1bee58e349859409dd08865c17f5,lofo,,,,,5,1.0,0.6,-0.0367244824524038,0.0470745509302919,5,0
qt,TP,9bd30943bae136d28d42b9a9188a8586c963d461,lofo,,,,,1,1.0,0.6,-0.0545555261806789,0.0738084599636879,5,0
qt,TP,9bd30943bae136d28d42b9a9188a8586c963d461,lofo,,,,,2,1.0,0.6,-0.0545555261806789,0.0738084599636879,5,0
qt,TP,9bd30943bae136d28d42b9a9188a8586c963d461,lofo,,,,,3,1.0,0.6,-0.0545555261806789,0.073808459963688,5,0
qt,TP,9bd30943bae136d28d42b9a9188a8586c963d461,lofo,,,,,4,1.0,0.6,-0.0545555261806789,0.0738084599636879,5,0
qt,TP,9bd30943bae136d28d42b9a9188a8586c963d461,lofo,,,,,5,1.0,0.6,-0.0545555261806789,0.0738084599636879,5,0
qt,FN,ac48071b185d17022d48c6379a2549ac2736cb8c,lofo,,,,,1,1.0,0.8,-0.0748462965445854,0.0748462965445854,5,0
qt,FN,ac48071b185d17022d48c6379a2549ac2736cb8c,lofo,,,,,2,1.0,0.8,-0.0748462965445854,0.0748462965445854,5,0
qt,FN,ac48071b185d17022d48c6379a2549ac2736cb8c,lofo,,,,,3,1.0,0.8,-0.0748462965445855,0.0748462965445855,5,0
qt,FN,ac48071b185d17022d48c6379a2549ac2736cb8c,lofo,,,,,4,1.0,0.8,-0.0748462965445854,0.0748462965445854,5,0
qt,FN,ac48071b185d17022d48c6379a2549ac2736cb8c,lofo,,,,,5,1.0,0.8,-0.0748462965445855,0.0748462965445855,5,0
qt,TN,fc2f0fb39008f95133f6fd24662fe92195431808,lofo,,,,,1,1.0,0.4,-0.0340320534515062,0.0340320534515062,5,0
qt,TN,fc2f0fb39008f95133f6fd24662fe92195431808,lofo,,,,,2,1.0,0.4,-0.0340320534515061,0.0340320534515061,5,0
qt,TN,fc2f0fb39008f95133f6fd24662fe92195431808,lofo,,,,,3,1.0,0.4,-0.0340320534515061,0.0340320534515061,5,0
qt,TN,fc2f0fb39008f95133f6fd24662fe92195431808,lofo,,,,,4,1.0,0.4,-0.0340320534515062,0.0340320534515062,5,0
qt,TN,fc2f0fb39008f95133f6fd24662fe92195431808,lofo,,,,,5,1.0,0.4,-0.0340320534515062,0.0340320534515062,5,0
qt,FP,41ae544c40e0568bd627a992a23b8c8f8f5cc27d,lofo,,,,,1,1.0,1.0,-0.17535143431412,0.17535143431412,5,0
qt,FP,41ae544c40e0568bd627a992a23b8c8f8f5cc27d,lofo,,,,,2,1.0,1.0,-0.17535143431412,0.17535143431412,5,0
qt,FP,41ae544c40e0568bd627a992a23b8c8f8f5cc27d,lofo,,,,,3,1.0,1.0,-0.17535143431412,0.17535143431412,5,0
qt,FP,41ae544c40e0568bd627a992a23b8c8f8f5cc27d,lofo,,,,,4,1.0,1.0,-0.17535143431412,0.17535143431412,5,0
qt,FP,41ae544c40e0568bd627a992a23b8c8f8f5cc27d,lofo,,,,,5,1.0,1.0,-0.17535143431412,0.17535143431412,5,0
qt,FN,895cb4681ee78caaf9b99c88390a74ff1d79ae61,lofo,,,,,1,1.0,1.0,-0.0021663499228945,0.1021829778471311,5,0
qt,FN,895cb4681ee78caaf9b99c88390a74ff1d79ae61,lofo,,,,,2,1.0,1.0,-0.0021663499228945,0.1021829778471311,5,0
qt,FN,895cb4681ee78caaf9b99c88390a74ff1d79ae61,lofo,,,,,3,1.0,1.0,-0.0021663499228945,0.1021829778471311,5,0
qt,FN,895cb4681ee78caaf9b99c88390a74ff1d79ae61,lofo,,,,,4,1.0,1.0,-0.0021663499228945,0.1021829778471311,5,0
qt,FN,895cb4681ee78caaf9b99c88390a74ff1d79ae61,lofo,,,,,5,1.0,1.0,-0.0021663499228945,0.102182977847131,5,0
qt,TP,dfda6f14b3e210a33b71ef1c6fa3c75a9c866cce,lofo,,,,,1,1.0,0.6,-0.0491380030414995,0.0586154327992471,5,0
qt,TP,dfda6f14b3e210a33b71ef1c6fa3c75a9c866cce,lofo,,,,,2,1.0,0.6,-0.0491380030414996,0.0586154327992471,5,0
qt,TP,dfda6f14b3e210a33b71ef1c6fa3c75a9c866cce,lofo,,,,,3,1.0,0.6,-0.0491380030414996,0.0586154327992471,5,0
qt,TP,dfda6f14b3e210a33b71ef1c6fa3c75a9c866cce,lofo,,,,,4,1.0,0.6,-0.0491380030414996,0.0586154327992471,5,0
qt,TP,dfda6f14b3e210a33b71ef1c6fa3c75a9c866cce,lofo,,,,,5,1.0,0.6,-0.0491380030414995,0.0586154327992471,5,0
qt,TN,9b3d91237bf38492fd97457624d4cb5cd486bd56,lofo,,,,,1,1.0,0.6,-0.0379577629626062,0.0478227101194091,5,0
qt,TN,9b3d91237bf38492fd97457624d4cb5cd486bd56,lofo,,,,,2,1.0,0.6,-0.0379577629626063,0.0478227101194091,5,0
qt,TN,9b3d91237bf38492fd97457624d4cb5cd486bd56,lofo,,,,,3,1.0,0.6,-0.0379577629626063,0.0478227101194092,5,0
qt,TN,9b3d91237bf38492fd97457624d4cb5cd486bd56,lofo,,,,,4,1.0,0.6,-0.0379577629626063,0.0478227101194091,5,0
qt,TN,9b3d91237bf38492fd97457624d4cb5cd486bd56,lofo,,,,,5,1.0,0.6,-0.0379577629626063,0.0478227101194091,5,0
qt,TN,2831fa76655c614ed3df0816401514950e79b5e6,lofo,,,,,1,0.8,0.4,-0.0213464272573873,0.0342509797125628,5,0
qt,TN,2831fa76655c614ed3df0816401514950e79b5e6,lofo,,,,,2,0.8,0.4,-0.0213464272573872,0.0342509797125627,5,0
qt,TN,2831fa76655c614ed3df0816401514950e79b5e6,lofo,,,,,3,0.8,0.4,-0.0213464272573872,0.0342509797125628,5,0
qt,TN,2831fa76655c614ed3df0816401514950e79b5e6,lofo,,,,,4,0.8,0.4,-0.0213464272573872,0.0342509797125627,5,0
qt,TN,2831fa76655c614ed3df0816401514950e79b5e6,lofo,,,,,5,0.8,0.4,-0.0213464272573873,0.0342509797125628,5,0
qt,FN,d8782b0cc680f09d605133bd37a44d290894c01e,lofo,,,,,1,0.8,0.6,-0.0327525341093411,0.0406043957120072,5,0
qt,FN,d8782b0cc680f09d605133bd37a44d290894c01e,lofo,,,,,2,0.8,0.6,-0.0327525341093411,0.0406043957120072,5,0
qt,FN,d8782b0cc680f09d605133bd37a44d290894c01e,lofo,,,,,3,0.8,0.6,-0.0327525341093411,0.0406043957120072,5,0
qt,FN,d8782b0cc680f09d605133bd37a44d290894c01e,lofo,,,,,4,0.8,0.6,-0.0327525341093411,0.0406043957120072,5,0
qt,FN,d8782b0cc680f09d605133bd37a44d290894c01e,lofo,,,,,5,0.8,0.6,-0.0327525341093411,0.0406043957120072,5,0
qt,TP,5dd76ba31c3c7cb9c0d9d97cd62f0d2f535a23f7,lofo,,,,,1,1.0,1.0,-0.0801322473367172,0.1154586709131407,5,0
qt,TP,5dd76ba31c3c7cb9c0d9d97cd62f0d2f535a23f7,lofo,,,,,2,1.0,1.0,-0.0801322473367172,0.1154586709131407,5,0
qt,TP,5dd76ba31c3c7cb9c0d9d97cd62f0d2f535a23f7,lofo,,,,,3,1.0,1.0,-0.0801322473367172,0.1154586709131407,5,0
qt,TP,5dd76ba31c3c7cb9c0d9d97cd62f0d2f535a23f7,lofo,,,,,4,1.0,1.0,-0.0801322473367172,0.1154586709131407,5,0
qt,TP,5dd76ba31c3c7cb9c0d9d97cd62f0d2f535a23f7,lofo,,,,,5,1.0,1.0,-0.0801322473367172,0.1154586709131407,5,0
qt,FP,237c867a002c8035aac7ff8a870da717eb7b0878,lofo,,,,,1,1.0,0.8,-0.0950449171681922,0.0950449171681922,5,0
qt,FP,237c867a002c8035aac7ff8a870da717eb7b0878,lofo,,,,,2,1.0,0.8,-0.0950449171681922,0.0950449171681922,5,0
qt,FP,237c867a002c8035aac7ff8a870da717eb7b0878,lofo,,,,,3,1.0,0.8,-0.0950449171681922,0.0950449171681922,5,0
qt,FP,237c867a002c8035aac7ff8a870da717eb7b0878,lofo,,,,,4,1.0,0.8,-0.0950449171681922,0.0950449171681922,5,0
qt,FP,237c867a002c8035aac7ff8a870da717eb7b0878,lofo,,,,,5,1.0,0.8,-0.0950449171681922,0.0950449171681922,5,0
qt,TN,f3ca13f3d12f52c60f4cd41d0b336c24a8d3359d,lofo,,,,,1,0.8,0.2,-0.01569465172438,0.0282829601161997,5,0
qt,TN,f3ca13f3d12f52c60f4cd41d0b336c24a8d3359d,lofo,,,,,2,0.8,0.2,-0.0156946517243799,0.0282829601161997,5,0
qt,TN,f3ca13f3d12f52c60f4cd41d0b336c24a8d3359d,lofo,,,,,3,0.8,0.2,-0.01569465172438,0.0282829601161996,5,0
qt,TN,f3ca13f3d12f52c60f4cd41d0b336c24a8d3359d,lofo,,,,,4,0.8,0.2,-0.01569465172438,0.0282829601161997,5,0
qt,TN,f3ca13f3d12f52c60f4cd41d0b336c24a8d3359d,lofo,,,,,5,0.8,0.2,-0.01569465172438,0.0282829601161997,5,0
qt,TP,267edbec198a0cedbf7bed4c3c5fa93c1dbc86bd,lofo,,,,,1,1.0,1.0,-0.0364231504643059,0.0947952005934524,5,0
qt,TP,267edbec198a0cedbf7bed4c3c5fa93c1dbc86bd,lofo,,,,,2,1.0,1.0,-0.0364231504643059,0.0947952005934524,5,0
qt,TP,267edbec198a0cedbf7bed4c3c5fa93c1dbc86bd,lofo,,,,,3,1.0,1.0,-0.0364231504643059,0.0947952005934524,5,0
qt,TP,267edbec198a0cedbf7bed4c3c5fa93c1dbc86bd,lofo,,,,,4,1.0,1.0,-0.0364231504643059,0.0947952005934524,5,0
qt,TP,267edbec198a0cedbf7bed4c3c5fa93c1dbc86bd,lofo,,,,,5,1.0,1.0,-0.0364231504643059,0.0947952005934524,5,0
qt,TN,e3b7957d6552e88aa23bd0ecc474db5f14981707,lofo,,,,,1,0.8,0.4,-0.0146022889238063,0.0254330244815411,5,0
qt,TN,e3b7957d6552e88aa23bd0ecc474db5f14981707,lofo,,,,,2,0.8,0.4,-0.0146022889238063,0.0254330244815411,5,0
qt,TN,e3b7957d6552e88aa23bd0ecc474db5f14981707,lofo,,,,,3,0.8,0.4,-0.0146022889238062,0.0254330244815411,5,0
qt,TN,e3b7957d6552e88aa23bd0ecc474db5f14981707,lofo,,,,,4,0.8,0.4,-0.0146022889238062,0.0254330244815411,5,0
qt,TN,e3b7957d6552e88aa23bd0ecc474db5f14981707,lofo,,,,,5,0.8,0.4,-0.0146022889238062,0.025433024481541,5,0
qt,FP,571b11d41c9dadd5ef11e4e954c16c5ca39d718e,lofo,,,,,1,0.8,1.0,-0.0965586771643231,0.0965586771643231,5,0
qt,FP,571b11d41c9dadd5ef11e4e954c16c5ca39d718e,lofo,,,,,2,0.8,1.0,-0.0965586771643231,0.0965586771643231,5,0
qt,FP,571b11d41c9dadd5ef11e4e954c16c5ca39d718e,lofo,,,,,3,0.8,1.0,-0.0965586771643231,0.0965586771643231,5,0
qt,FP,571b11d41c9dadd5ef11e4e954c16c5ca39d718e,lofo,,,,,4,0.8,1.0,-0.0965586771643231,0.0965586771643231,5,0
qt,FP,571b11d41c9dadd5ef11e4e954c16c5ca39d718e,lofo,,,,,5,0.8,1.0,-0.0965586771643231,0.0965586771643231,5,0
qt,FN,8cf186cc7c56144b02d5b40d8f4832ff3021e68a,lofo,,,,,1,0.8,0.6,-0.0715718989721918,0.0734465287878854,5,0
qt,FN,8cf186cc7c56144b02d5b40d8f4832ff3021e68a,lofo,,,,,2,0.8,0.6,-0.0715718989721918,0.0734465287878854,5,0
qt,FN,8cf186cc7c56144b02d5b40d8f4832ff3021e68a,lofo,,,,,3,0.8,0.6,-0.0715718989721919,0.0734465287878855,5,0
qt,FN,8cf186cc7c56144b02d5b40d8f4832ff3021e68a,lofo,,,,,4,0.8,0.6,-0.0715718989721919,0.0734465287878855,5,0
qt,FN,8cf186cc7c56144b02d5b40d8f4832ff3021e68a,lofo,,,,,5,0.8,0.6,-0.0715718989721918,0.0734465287878854,5,0
qt,FP,02b7ec05d5713aec67577cebc18e5906b5a98598,lofo,,,,,1,1.0,1.0,-0.0742388375793044,0.1161046152085091,5,0
qt,FP,02b7ec05d5713aec67577cebc18e5906b5a98598,lofo,,,,,2,1.0,1.0,-0.0742388375793044,0.1161046152085091,5,0
qt,FP,02b7ec05d5713aec67577cebc18e5906b5a98598,lofo,,,,,3,1.0,1.0,-0.0742388375793044,0.1161046152085091,5,0
qt,FP,02b7ec05d5713aec67577cebc18e5906b5a98598,lofo,,,,,4,1.0,1.0,-0.0742388375793044,0.1161046152085091,5,0
qt,FP,02b7ec05d5713aec67577cebc18e5906b5a98598,lofo,,,,,5,1.0,1.0,-0.0742388375793044,0.1161046152085091,5,0
qt,TN,88a8deea86fe69448ca1586c2ee567a53dee1008,lofo,,,,,1,0.8,0.2,-0.0324075174155101,0.0324075174155101,5,0
qt,TN,88a8deea86fe69448ca1586c2ee567a53dee1008,lofo,,,,,2,0.8,0.2,-0.0324075174155101,0.0324075174155101,5,0
qt,TN,88a8deea86fe69448ca1586c2ee567a53dee1008,lofo,,,,,3,0.8,0.2,-0.0324075174155102,0.0324075174155102,5,0
qt,TN,88a8deea86fe69448ca1586c2ee567a53dee1008,lofo,,,,,4,0.8,0.2,-0.0324075174155101,0.0324075174155101,5,0
qt,TN,88a8deea86fe69448ca1586c2ee567a53dee1008,lofo,,,,,5,0.8,0.2,-0.0324075174155101,0.0324075174155101,5,0
qt,FP,1af927976ac953f922e35d71a16a32d328bb2efd,lofo,,,,,1,1.0,0.2,-0.0444695490726337,0.0444695490726337,5,0
qt,FP,1af927976ac953f922e35d71a16a32d328bb2efd,lofo,,,,,2,1.0,0.2,-0.0444695490726337,0.0444695490726337,5,0
qt,FP,1af927976ac953f922e35d71a16a32d328bb2efd,lofo,,,,,3,1.0,0.2,-0.0444695490726337,0.0444695490726337,5,0
qt,FP,1af927976ac953f922e35d71a16a32d328bb2efd,lofo,,,,,4,1.0,0.2,-0.0444695490726337,0.0444695490726337,5,0
qt,FP,1af927976ac953f922e35d71a16a32d328bb2efd,lofo,,,,,5,1.0,0.2,-0.0444695490726337,0.0444695490726337,5,0
qt,FN,eaa54a8f9884652513c7c3ab489f31ff1e5d712c,lofo,,,,,1,0.8,0.4,0.0151070420223851,0.0370721338707876,5,0
qt,FN,eaa54a8f9884652513c7c3ab489f31ff1e5d712c,lofo,,,,,2,0.8,0.4,0.0151070420223851,0.0370721338707876,5,0
qt,FN,eaa54a8f9884652513c7c3ab489f31ff1e5d712c,lofo,,,,,3,0.8,0.4,0.0151070420223851,0.0370721338707876,5,0
qt,FN,eaa54a8f9884652513c7c3ab489f31ff1e5d712c,lofo,,,,,4,0.8,0.4,0.0151070420223851,0.0370721338707876,5,0
qt,FN,eaa54a8f9884652513c7c3ab489f31ff1e5d712c,lofo,,,,,5,0.8,0.4,0.0151070420223851,0.0370721338707876,5,0
qt,TP,9d23aebb271ea534a66cb3aceb2e63d9a1c870d6,lofo,,,,,1,1.0,1.0,-0.2514009417315607,0.2514009417315607,5,0
qt,TP,9d23aebb271ea534a66cb3aceb2e63d9a1c870d6,lofo,,,,,2,1.0,1.0,-0.2514009417315607,0.2514009417315607,5,0
qt,TP,9d23aebb271ea534a66cb3aceb2e63d9a1c870d6,lofo,,,,,3,1.0,1.0,-0.2514009417315608,0.2514009417315608,5,0
qt,TP,9d23aebb271ea534a66cb3aceb2e63d9a1c870d6,lofo,,,,,4,1.0,1.0,-0.2514009417315607,0.2514009417315607,5,0
qt,TP,9d23aebb271ea534a66cb3aceb2e63d9a1c870d6,lofo,,,,,5,1.0,1.0,-0.2514009417315607,0.2514009417315607,5,0
qt,FN,4e3917587b11432d2d892f5146b367de2a3e4864,lofo,,,,,1,1.0,0.8,-0.0802188701960451,0.0802188701960451,5,0
qt,FN,4e3917587b11432d2d892f5146b367de2a3e4864,lofo,,,,,2,1.0,0.8,-0.0802188701960451,0.0802188701960451,5,0
qt,FN,4e3917587b11432d2d892f5146b367de2a3e4864,lofo,,,,,3,1.0,0.8,-0.0802188701960451,0.0802188701960451,5,0
qt,FN,4e3917587b11432d2d892f5146b367de2a3e4864,lofo,,,,,4,1.0,0.8,-0.080218870196045,0.080218870196045,5,0
qt,FN,4e3917587b11432d2d892f5146b367de2a3e4864,lofo,,,,,5,1.0,0.8,-0.0802188701960452,0.0802188701960452,5,0
qt,TN,bcf1167ccb52341d72e6e2921077d2244803ee8d,lofo,,,,,1,1.0,0.8,0.08198068996503,0.08198068996503,5,0
qt,TN,bcf1167ccb52341d72e6e2921077d2244803ee8d,lofo,,,,,2,1.0,0.8,0.08198068996503,0.08198068996503,5,0
qt,TN,bcf1167ccb52341d72e6e2921077d2244803ee8d,lofo,,,,,3,1.0,0.8,0.08198068996503,0.08198068996503,5,0
qt,TN,bcf1167ccb52341d72e6e2921077d2244803ee8d,lofo,,,,,4,1.0,0.8,0.08198068996503,0.08198068996503,5,0
qt,TN,bcf1167ccb52341d72e6e2921077d2244803ee8d,lofo,,,,,5,1.0,0.8,0.08198068996503,0.08198068996503,5,0
qt,TN,3e379bcc799edb6a78bc8cea093a278dbe32f33c,lofo,,,,,1,0.8,0.4,-0.0262537371791187,0.0405719586908484,5,0
qt,TN,3e379bcc799edb6a78bc8cea093a278dbe32f33c,lofo,,,,,2,0.8,0.4,-0.0262537371791187,0.0405719586908485,5,0
qt,TN,3e379bcc799edb6a78bc8cea093a278dbe32f33c,lofo,,,,,3,0.8,0.4,-0.0262537371791188,0.0405719586908486,5,0
qt,TN,3e379bcc799edb6a78bc8cea093a278dbe32f33c,lofo,,,,,4,0.8,0.4,-0.0262537371791187,0.0405719586908484,5,0
qt,TN,3e379bcc799edb6a78bc8cea093a278dbe32f33c,lofo,,,,,5,0.8,0.4,-0.0262537371791187,0.0405719586908484,5,0
qt,TN,4ebc2cf74e557b65a8ce1dc518ca92f399ce89e8,lofo,,,,,1,1.0,1.0,0.022759029983992,0.07079318432198,5,0
qt,TN,4ebc2cf74e557b65a8ce1dc518ca92f399ce89e8,lofo,,,,,2,1.0,1.0,0.0227590299839919,0.07079318432198,5,0
qt,TN,4ebc2cf74e557b65a8ce1dc518ca92f399ce89e8,lofo,,,,,3,1.0,1.0,0.0227590299839919,0.07079318432198,5,0
qt,TN,4ebc2cf74e557b65a8ce1dc518ca92f399ce89e8,lofo,,,,,4,1.0,1.0,0.022759029983992,0.07079318432198,5,0
qt,TN,4ebc2cf74e557b65a8ce1dc518ca92f399ce89e8,lofo,,,,,5,1.0,1.0,0.0227590299839919,0.0707931843219799,5,0
qt,FN,7e298e2f2ceeee1a2d1a81238ca019d9a0c9519f,lofo,,,,,1,0.6,0.2,0.0179722691219089,0.0204345821848241,5,0
qt,FN,7e298e2f2ceeee1a2d1a81238ca019d9a0c9519f,lofo,,,,,2,0.6,0.2,0.017972269121909,0.0204345821848241,5,0
qt,FN,7e298e2f2ceeee1a2d1a81238ca019d9a0c9519f,lofo,,,,,3,0.6,0.2,0.0179722691219089,0.020434582184824,5,0
qt,FN,7e298e2f2ceeee1a2d1a81238ca019d9a0c9519f,lofo,,,,,4,0.6,0.2,0.017972269121909,0.0204345821848241,5,0
qt,FN,7e298e2f2ceeee1a2d1a81238ca019d9a0c9519f,lofo,,,,,5,0.6,0.2,0.017972269121909,0.0204345821848241,5,0
qt,FN,93dabeba9dc5f6cbab60e65b3cc8df5fe48745a9,lofo,,,,,1,1.0,0.8,0.0645897117187609,0.0645897117187609,5,0
qt,FN,93dabeba9dc5f6cbab60e65b3cc8df5fe48745a9,lofo,,,,,2,1.0,0.8,0.0645897117187609,0.0645897117187609,5,0
qt,FN,93dabeba9dc5f6cbab60e65b3cc8df5fe48745a9,lofo,,,,,3,1.0,0.8,0.0645897117187609,0.0645897117187609,5,0
qt,FN,93dabeba9dc5f6cbab60e65b3cc8df5fe48745a9,lofo,,,,,4,1.0,0.8,0.0645897117187609,0.0645897117187609,5,0
qt,FN,93dabeba9dc5f6cbab60e65b3cc8df5fe48745a9,lofo,,,,,5,1.0,0.8,0.0645897117187609,0.0645897117187609,5,0
qt,TN,0234e5c96417f451f8de279b8ff92734836badd4,lofo,,,,,1,1.0,0.6,0.0435655112259943,0.0496136091862854,5,0
qt,TN,0234e5c96417f451f8de279b8ff92734836badd4,lofo,,,,,2,1.0,0.6,0.0435655112259943,0.0496136091862855,5,0
qt,TN,0234e5c96417f451f8de279b8ff92734836badd4,lofo,,,,,3,1.0,0.6,0.0435655112259943,0.0496136091862855,5,0
qt,TN,0234e5c96417f451f8de279b8ff92734836badd4,lofo,,,,,4,1.0,0.6,0.0435655112259943,0.0496136091862855,5,0
qt,TN,0234e5c96417f451f8de279b8ff92734836badd4,lofo,,,,,5,1.0,0.6,0.0435655112259943,0.0496136091862854,5,0
qt,FP,eb93d7b51773b43e6a3e41961898a6033bcd9479,lofo,,,,,1,1.0,0.8,-0.0884007919415797,0.0884007919415797,5,0
qt,FP,eb93d7b51773b43e6a3e41961898a6033bcd9479,lofo,,,,,2,1.0,0.8,-0.0884007919415797,0.0884007919415797,5,0
qt,FP,eb93d7b51773b43e6a3e41961898a6033bcd9479,lofo,,,,,3,1.0,0.8,-0.0884007919415797,0.0884007919415797,5,0
qt,FP,eb93d7b51773b43e6a3e41961898a6033bcd9479,lofo,,,,,4,1.0,0.8,-0.0884007919415797,0.0884007919415797,5,0
qt,FP,eb93d7b51773b43e6a3e41961898a6033bcd9479,lofo,,,,,5,1.0,0.8,-0.0884007919415797,0.0884007919415797,5,0
qt,FN,e6d17c8691bfafa033b82a4d81a9caf4a2fd1b85,lofo,,,,,1,1.0,1.0,-0.0312420178841291,0.0848168490053886,5,0
qt,FN,e6d17c8691bfafa033b82a4d81a9caf4a2fd1b85,lofo,,,,,2,1.0,1.0,-0.0312420178841292,0.0848168490053885,5,0
qt,FN,e6d17c8691bfafa033b82a4d81a9caf4a2fd1b85,lofo,,,,,3,1.0,1.0,-0.0312420178841292,0.0848168490053887,5,0
qt,FN,e6d17c8691bfafa033b82a4d81a9caf4a2fd1b85,lofo,,,,,4,1.0,1.0,-0.0312420178841291,0.0848168490053887,5,0
qt,FN,e6d17c8691bfafa033b82a4d81a9caf4a2fd1b85,lofo,,,,,5,1.0,1.0,-0.0312420178841292,0.0848168490053886,5,0
qt,FN,5303225aef739c534714c1ac1d4dd096f0cc38d0,lofo,,,,,1,0.8,0.4,0.0273399246807992,0.0411764247177398,5,0
qt,FN,5303225aef739c534714c1ac1d4dd096f0cc38d0,lofo,,,,,2,0.8,0.4,0.0273399246807992,0.0411764247177398,5,0
qt,FN,5303225aef739c534714c1ac1d4dd096f0cc38d0,lofo,,,,,3,0.8,0.4,0.0273399246807992,0.0411764247177397,5,0
qt,FN,5303225aef739c534714c1ac1d4dd096f0cc38d0,lofo,,,,,4,0.8,0.4,0.0273399246807992,0.0411764247177398,5,0
qt,FN,5303225aef739c534714c1ac1d4dd096f0cc38d0,lofo,,,,,5,0.8,0.4,0.0273399246807992,0.0411764247177398,5,0
qt,FN,a69edf01cb0a2a06282dc7b89724ffa542f6546d,lofo,,,,,1,1.0,0.6,0.0001120811268834,0.0337803222377409,5,0
qt,FN,a69edf01cb0a2a06282dc7b89724ffa542f6546d,lofo,,,,,2,1.0,0.6,0.0001120811268834,0.0337803222377409,5,0
qt,FN,a69edf01cb0a2a06282dc7b89724ffa542f6546d,lofo,,,,,3,1.0,0.6,0.0001120811268834,0.0337803222377409,5,0
qt,FN,a69edf01cb0a2a06282dc7b89724ffa542f6546d,lofo,,,,,4,1.0,0.6,0.0001120811268834,0.0337803222377409,5,0
qt,FN,a69edf01cb0a2a06282dc7b89724ffa542f6546d,lofo,,,,,5,1.0,0.6,0.0001120811268834,0.0337803222377409,5,0
qt,FP,e58fdbaeb033a801ac7b5dd1f63657b36d6e1305,lofo,,,,,1,1.0,1.0,-0.2146274148109339,0.2146274148109339,5,0
qt,FP,e58fdbaeb033a801ac7b5dd1f63657b36d6e1305,lofo,,,,,2,1.0,1.0,-0.2146274148109339,0.2146274148109339,5,0
qt,FP,e58fdbaeb033a801ac7b5dd1f63657b36d6e1305,lofo,,,,,3,1.0,1.0,-0.2146274148109339,0.2146274148109339,5,0
qt,FP,e58fdbaeb033a801ac7b5dd1f63657b36d6e1305,lofo,,,,,4,1.0,1.0,-0.2146274148109339,0.2146274148109339,5,0
qt,FP,e58fdbaeb033a801ac7b5dd1f63657b36d6e1305,lofo,,,,,5,1.0,1.0,-0.2146274148109339,0.2146274148109339,5,0
qt,TP,d3393ce25833c0afd7f0fa6b85fd6f3bd7ad520a,lofo,,,,,1,1.0,1.0,-0.1195129234204685,0.1195129234204685,5,0
qt,TP,d3393ce25833c0afd7f0fa6b85fd6f3bd7ad520a,lofo,,,,,2,1.0,1.0,-0.1195129234204684,0.1195129234204684,5,0
qt,TP,d3393ce25833c0afd7f0fa6b85fd6f3bd7ad520a,lofo,,,,,3,1.0,1.0,-0.1195129234204685,0.1195129234204685,5,0
qt,TP,d3393ce25833c0afd7f0fa6b85fd6f3bd7ad520a,lofo,,,,,4,1.0,1.0,-0.1195129234204685,0.1195129234204685,5,0
qt,TP,d3393ce25833c0afd7f0fa6b85fd6f3bd7ad520a,lofo,,,,,5,1.0,1.0,-0.1195129234204685,0.1195129234204685,5,0
qt,FN,6486a4bd196ca2bf0047ae80e78eee06e5e18e18,lofo,,,,,1,1.0,0.8,0.0040528800147221,0.0585870857838902,5,0
qt,FN,6486a4bd196ca2bf0047ae80e78eee06e5e18e18,lofo,,,,,2,1.0,0.8,0.004052880014722,0.0585870857838901,5,0
qt,FN,6486a4bd196ca2bf0047ae80e78eee06e5e18e18,lofo,,,,,3,1.0,0.8,0.0040528800147221,0.0585870857838902,5,0
qt,FN,6486a4bd196ca2bf0047ae80e78eee06e5e18e18,lofo,,,,,4,1.0,0.8,0.004052880014722,0.0585870857838902,5,0
qt,FN,6486a4bd196ca2bf0047ae80e78eee06e5e18e18,lofo,,,,,5,1.0,0.8,0.0040528800147221,0.0585870857838902,5,0
qt,FP,ddb4fb4c60987ce6e0b9e50de9a5f3a7ff0e8757,lofo,,,,,1,0.8,1.0,-0.038359678457771,0.0983156820501924,5,0
qt,FP,ddb4fb4c60987ce6e0b9e50de9a5f3a7ff0e8757,lofo,,,,,2,0.8,1.0,-0.038359678457771,0.0983156820501924,5,0
qt,FP,ddb4fb4c60987ce6e0b9e50de9a5f3a7ff0e8757,lofo,,,,,3,0.8,1.0,-0.038359678457771,0.0983156820501924,5,0
qt,FP,ddb4fb4c60987ce6e0b9e50de9a5f3a7ff0e8757,lofo,,,,,4,0.8,1.0,-0.038359678457771,0.0983156820501924,5,0
qt,FP,ddb4fb4c60987ce6e0b9e50de9a5f3a7ff0e8757,lofo,,,,,5,0.8,1.0,-0.038359678457771,0.0983156820501924,5,0
qt,TP,03a1675eac4baf8c7a6e0602102bbafa3176771c,lofo,,,,,1,1.0,1.0,-0.0561696720340716,0.0966695320870365,5,0
qt,TP,03a1675eac4baf8c7a6e0602102bbafa3176771c,lofo,,,,,2,1.0,1.0,-0.0561696720340716,0.0966695320870365,5,0
qt,TP,03a1675eac4baf8c7a6e0602102bbafa3176771c,lofo,,,,,3,1.0,1.0,-0.0561696720340716,0.0966695320870365,5,0
qt,TP,03a1675eac4baf8c7a6e0602102bbafa3176771c,lofo,,,,,4,1.0,1.0,-0.0561696720340716,0.0966695320870365,5,0
qt,TP,03a1675eac4baf8c7a6e0602102bbafa3176771c,lofo,,,,,5,1.0,1.0,-0.0561696720340716,0.0966695320870365,5,0
qt,FP,36997810d9fec492635152be89efaa55208e224a,lofo,,,,,1,1.0,0.8,-0.0813769919966514,0.0986985585253608,5,0
qt,FP,36997810d9fec492635152be89efaa55208e224a,lofo,,,,,2,1.0,0.8,-0.0813769919966514,0.0986985585253608,5,0
qt,FP,36997810d9fec492635152be89efaa55208e224a,lofo,,,,,3,1.0,0.8,-0.0813769919966514,0.0986985585253608,5,0
qt,FP,36997810d9fec492635152be89efaa55208e224a,lofo,,,,,4,1.0,0.8,-0.0813769919966514,0.0986985585253608,5,0
qt,FP,36997810d9fec492635152be89efaa55208e224a,lofo,,,,,5,1.0,0.8,-0.0813769919966514,0.0986985585253608,5,0
qt,TN,4f4ad7c262ce4723417efa14c4d3fdb875be53d0,lofo,,,,,1,1.0,0.8,0.0008850845883987,0.0441422334287941,5,0
qt,TN,4f4ad7c262ce4723417efa14c4d3fdb875be53d0,lofo,,,,,2,1.0,0.8,0.0008850845883987,0.0441422334287941,5,0
qt,TN,4f4ad7c262ce4723417efa14c4d3fdb875be53d0,lofo,,,,,3,1.0,0.8,0.0008850845883987,0.0441422334287941,5,0
qt,TN,4f4ad7c262ce4723417efa14c4d3fdb875be53d0,lofo,,,,,4,1.0,0.8,0.0008850845883988,0.044142233428794,5,0
qt,TN,4f4ad7c262ce4723417efa14c4d3fdb875be53d0,lofo,,,,,5,1.0,0.8,0.0008850845883988,0.0441422334287941,5,0
qt,TP,a50911bc0bfca1185e99ce6638fbf03cf592789d,lofo,,,,,1,0.8,0.6,-0.0348188188972973,0.0562792339665315,5,0
qt,TP,a50911bc0bfca1185e99ce6638fbf03cf592789d,lofo,,,,,2,0.8,0.6,-0.0348188188972973,0.0562792339665315,5,0
qt,TP,a50911bc0bfca1185e99ce6638fbf03cf592789d,lofo,,,,,3,0.8,0.6,-0.0348188188972973,0.0562792339665315,5,0
qt,TP,a50911bc0bfca1185e99ce6638fbf03cf592789d,lofo,,,,,4,0.8,0.6,-0.0348188188972973,0.0562792339665315,5,0
qt,TP,a50911bc0bfca1185e99ce6638fbf03cf592789d,lofo,,,,,5,0.8,0.6,-0.0348188188972973,0.0562792339665315,5,0
qt,TP,bb199cc8ad4111808260f6255312b08c7d81dcbc,lofo,,,,,1,1.0,1.0,-0.0947795940479269,0.0947795940479269,5,0
qt,TP,bb199cc8ad4111808260f6255312b08c7d81dcbc,lofo,,,,,2,1.0,1.0,-0.0947795940479269,0.0947795940479269,5,0
qt,TP,bb199cc8ad4111808260f6255312b08c7d81dcbc,lofo,,,,,3,1.0,1.0,-0.0947795940479269,0.0947795940479269,5,0
qt,TP,bb199cc8ad4111808260f6255312b08c7d81dcbc,lofo,,,,,4,1.0,1.0,-0.0947795940479269,0.0947795940479269,5,0
qt,TP,bb199cc8ad4111808260f6255312b08c7d81dcbc,lofo,,,,,5,1.0,1.0,-0.0947795940479269,0.0947795940479269,5,0
qt,FP,6a91dcba2e4fa85dc345c2d403c757ab7676e28c,lofo,,,,,1,1.0,1.0,-0.0562217878465335,0.0789526820223856,5,0
qt,FP,6a91dcba2e4fa85dc345c2d403c757ab7676e28c,lofo,,,,,2,1.0,1.0,-0.0562217878465335,0.0789526820223857,5,0
qt,FP,6a91dcba2e4fa85dc345c2d403c757ab7676e28c,lofo,,,,,3,1.0,1.0,-0.0562217878465335,0.0789526820223857,5,0
qt,FP,6a91dcba2e4fa85dc345c2d403c757ab7676e28c,lofo,,,,,4,1.0,1.0,-0.0562217878465335,0.0789526820223856,5,0
qt,FP,6a91dcba2e4fa85dc345c2d403c757ab7676e28c,lofo,,,,,5,1.0,1.0,-0.0562217878465335,0.0789526820223857,5,0
qt,TN,e38a98ad4453974b2848eeed02d81e0c408ce0c6,lofo,,,,,1,1.0,1.0,-0.0543674154392304,0.0765952091105118,5,0
qt,TN,e38a98ad4453974b2848eeed02d81e0c408ce0c6,lofo,,,,,2,1.0,1.0,-0.0543674154392304,0.0765952091105118,5,0
qt,TN,e38a98ad4453974b2848eeed02d81e0c408ce0c6,lofo,,,,,3,1.0,1.0,-0.0543674154392304,0.0765952091105118,5,0
qt,TN,e38a98ad4453974b2848eeed02d81e0c408ce0c6,lofo,,,,,4,1.0,1.0,-0.0543674154392304,0.0765952091105118,5,0
qt,TN,e38a98ad4453974b2848eeed02d81e0c408ce0c6,lofo,,,,,5,1.0,1.0,-0.0543674154392304,0.0765952091105118,5,0
qt,FP,1c6d5b0696f324495e95a12f7718ae7593c9b58a,lofo,,,,,1,1.0,1.0,-0.1451468069640719,0.1451468069640719,5,0
qt,FP,1c6d5b0696f324495e95a12f7718ae7593c9b58a,lofo,,,,,2,1.0,1.0,-0.1451468069640719,0.1451468069640719,5,0
qt,FP,1c6d5b0696f324495e95a12f7718ae7593c9b58a,lofo,,,,,3,1.0,1.0,-0.1451468069640719,0.1451468069640719,5,0
qt,FP,1c6d5b0696f324495e95a12f7718ae7593c9b58a,lofo,,,,,4,1.0,1.0,-0.1451468069640719,0.1451468069640719,5,0
qt,FP,1c6d5b0696f324495e95a12f7718ae7593c9b58a,lofo,,,,,5,1.0,1.0,-0.1451468069640719,0.1451468069640719,5,0
qt,FP,cd542a82b0c2d5c9a4ea167a84e5ea8a25c5d969,lofo,,,,,1,1.0,1.0,-0.104899130986094,0.104899130986094,5,0
qt,FP,cd542a82b0c2d5c9a4ea167a84e5ea8a25c5d969,lofo,,,,,2,1.0,1.0,-0.104899130986094,0.104899130986094,5,0
qt,FP,cd542a82b0c2d5c9a4ea167a84e5ea8a25c5d969,lofo,,,,,3,1.0,1.0,-0.104899130986094,0.104899130986094,5,0
qt,FP,cd542a82b0c2d5c9a4ea167a84e5ea8a25c5d969,lofo,,,,,4,1.0,1.0,-0.104899130986094,0.104899130986094,5,0
qt,FP,cd542a82b0c2d5c9a4ea167a84e5ea8a25c5d969,lofo,,,,,5,1.0,1.0,-0.104899130986094,0.104899130986094,5,0
qt,TP,b254b03dc3b1cfcfc5f17158d2470e0a9a946a0e,lofo,,,,,1,1.0,1.0,-0.1135700986764517,0.1135700986764517,5,0
qt,TP,b254b03dc3b1cfcfc5f17158d2470e0a9a946a0e,lofo,,,,,2,1.0,1.0,-0.1135700986764517,0.1135700986764517,5,0
qt,TP,b254b03dc3b1cfcfc5f17158d2470e0a9a946a0e,lofo,,,,,3,1.0,1.0,-0.1135700986764517,0.1135700986764517,5,0
qt,TP,b254b03dc3b1cfcfc5f17158d2470e0a9a946a0e,lofo,,,,,4,1.0,1.0,-0.1135700986764517,0.1135700986764517,5,0
qt,TP,b254b03dc3b1cfcfc5f17158d2470e0a9a946a0e,lofo,,,,,5,1.0,1.0,-0.1135700986764517,0.1135700986764517,5,0
qt,TP,1a7bc520c5df4da80b7e65acbec1f546f9c87870,lofo,,,,,1,0.8,0.8,-0.1119207258714051,0.1119207258714051,5,0
qt,TP,1a7bc520c5df4da80b7e65acbec1f546f9c87870,lofo,,,,,2,0.8,0.8,-0.111920725871405,0.111920725871405,5,0
qt,TP,1a7bc520c5df4da80b7e65acbec1f546f9c87870,lofo,,,,,3,0.8,0.8,-0.1119207258714051,0.1119207258714051,5,0
qt,TP,1a7bc520c5df4da80b7e65acbec1f546f9c87870,lofo,,,,,4,0.8,0.8,-0.1119207258714051,0.1119207258714051,5,0
qt,TP,1a7bc520c5df4da80b7e65acbec1f546f9c87870,lofo,,,,,5,0.8,0.8,-0.1119207258714051,0.1119207258714051,5,0
qt,FN,5629823b05ca7d24924ac879b5a0469a3cb03e78,lofo,,,,,1,1.0,0.2,-0.0115974699633175,0.0334358110502755,5,0
qt,FN,5629823b05ca7d24924ac879b5a0469a3cb03e78,lofo,,,,,2,1.0,0.2,-0.0115974699633175,0.0334358110502755,5,0
qt,FN,5629823b05ca7d24924ac879b5a0469a3cb03e78,lofo,,,,,3,1.0,0.2,-0.0115974699633175,0.0334358110502755,5,0
qt,FN,5629823b05ca7d24924ac879b5a0469a3cb03e78,lofo,,,,,4,1.0,0.2,-0.0115974699633175,0.0334358110502755,5,0
qt,FN,5629823b05ca7d24924ac879b5a0469a3cb03e78,lofo,,,,,5,1.0,0.2,-0.0115974699633175,0.0334358110502755,5,0
qt,TN,9b54447e453e2cb7b7375e2c6104b2595ab1594e,lofo,,,,,1,1.0,0.4,-0.0304201402180841,0.0398845943103578,5,0
qt,TN,9b54447e453e2cb7b7375e2c6104b2595ab1594e,lofo,,,,,2,1.0,0.4,-0.0304201402180841,0.0398845943103578,5,0
qt,TN,9b54447e453e2cb7b7375e2c6104b2595ab1594e,lofo,,,,,3,1.0,0.4,-0.0304201402180841,0.0398845943103578,5,0
qt,TN,9b54447e453e2cb7b7375e2c6104b2595ab1594e,lofo,,,,,4,1.0,0.4,-0.0304201402180841,0.0398845943103578,5,0
qt,TN,9b54447e453e2cb7b7375e2c6104b2595ab1594e,lofo,,,,,5,1.0,0.4,-0.0304201402180841,0.0398845943103578,5,0
qt,FP,3981a1f440914e8108af3d854a1b01dd596a8a0e,lofo,,,,,1,0.8,1.0,-0.1346961440612507,0.1663835407529809,5,0
qt,FP,3981a1f440914e8108af3d854a1b01dd596a8a0e,lofo,,,,,2,0.8,1.0,-0.1346961440612507,0.1663835407529809,5,0
qt,FP,3981a1f440914e8108af3d854a1b01dd596a8a0e,lofo,,,,,3,0.8,1.0,-0.1346961440612507,0.1663835407529809,5,0
qt,FP,3981a1f440914e8108af3d854a1b01dd596a8a0e,lofo,,,,,4,0.8,1.0,-0.1346961440612507,0.1663835407529809,5,0
qt,FP,3981a1f440914e8108af3d854a1b01dd596a8a0e,lofo,,,,,5,0.8,1.0,-0.1346961440612507,0.1663835407529809,5,0
qt,TN,4331ccd4b735d9d721a384193a3d42ee2ce6c805,lofo,,,,,1,1.0,0.8,0.0141099836604777,0.0528366799428408,5,0
qt,TN,4331ccd4b735d9d721a384193a3d42ee2ce6c805,lofo,,,,,2,1.0,0.8,0.0141099836604777,0.0528366799428408,5,0
qt,TN,4331ccd4b735d9d721a384193a3d42ee2ce6c805,lofo,,,,,3,1.0,0.8,0.0141099836604777,0.0528366799428407,5,0
qt,TN,4331ccd4b735d9d721a384193a3d42ee2ce6c805,lofo,,,,,4,1.0,0.8,0.0141099836604777,0.0528366799428407,5,0
qt,TN,4331ccd4b735d9d721a384193a3d42ee2ce6c805,lofo,,,,,5,1.0,0.8,0.0141099836604778,0.0528366799428408,5,0
qt,TP,afbb57ae84ecbee5fab9eb6e58356b19d7995ea5,lofo,,,,,1,1.0,1.0,-0.1410356693431881,0.1885595074098832,5,0
qt,TP,afbb57ae84ecbee5fab9eb6e58356b19d7995ea5,lofo,,,,,2,1.0,1.0,-0.1410356693431881,0.1885595074098832,5,0
qt,TP,afbb57ae84ecbee5fab9eb6e58356b19d7995ea5,lofo,,,,,3,1.0,1.0,-0.1410356693431881,0.1885595074098832,5,0
qt,TP,afbb57ae84ecbee5fab9eb6e58356b19d7995ea5,lofo,,,,,4,1.0,1.0,-0.1410356693431881,0.1885595074098832,5,0
qt,TP,afbb57ae84ecbee5fab9eb6e58356b19d7995ea5,lofo,,,,,5,1.0,1.0,-0.1410356693431881,0.1885595074098832,5,0
qt,TP,17513266b81e88b84fda250734f07c94a198fabc,lofo,,,,,1,1.0,1.0,-0.1018070552840882,0.1018070552840882,5,0
qt,TP,17513266b81e88b84fda250734f07c94a198fabc,lofo,,,,,2,1.0,1.0,-0.1018070552840882,0.1018070552840882,5,0
qt,TP,17513266b81e88b84fda250734f07c94a198fabc,lofo,,,,,3,1.0,1.0,-0.1018070552840881,0.1018070552840881,5,0
qt,TP,17513266b81e88b84fda250734f07c94a198fabc,lofo,,,,,4,1.0,1.0,-0.1018070552840881,0.1018070552840881,5,0
qt,TP,17513266b81e88b84fda250734f07c94a198fabc,lofo,,,,,5,1.0,1.0,-0.1018070552840881,0.1018070552840881,5,0
qt,FN,cdbc4b83d59e08189d6ece9ccd88a646be155c08,lofo,,,,,1,1.0,0.8,-0.0593854417075526,0.0593854417075526,5,0
qt,FN,cdbc4b83d59e08189d6ece9ccd88a646be155c08,lofo,,,,,2,1.0,0.8,-0.0593854417075526,0.0593854417075526,5,0
qt,FN,cdbc4b83d59e08189d6ece9ccd88a646be155c08,lofo,,,,,3,1.0,0.8,-0.0593854417075526,0.0593854417075526,5,0
qt,FN,cdbc4b83d59e08189d6ece9ccd88a646be155c08,lofo,,,,,4,1.0,0.8,-0.0593854417075526,0.0593854417075526,5,0
qt,FN,cdbc4b83d59e08189d6ece9ccd88a646be155c08,lofo,,,,,5,1.0,0.8,-0.0593854417075526,0.0593854417075526,5,0
qt,FP,753c744b23abfecad6463890dfdf6e97c7eeaa5c,lofo,,,,,1,1.0,0.8,-0.0526973240055424,0.0810950434540137,5,0
qt,FP,753c744b23abfecad6463890dfdf6e97c7eeaa5c,lofo,,,,,2,1.0,0.8,-0.0526973240055424,0.0810950434540137,5,0
qt,FP,753c744b23abfecad6463890dfdf6e97c7eeaa5c,lofo,,,,,3,1.0,0.8,-0.0526973240055424,0.0810950434540136,5,0
qt,FP,753c744b23abfecad6463890dfdf6e97c7eeaa5c,lofo,,,,,4,1.0,0.8,-0.0526973240055424,0.0810950434540137,5,0
qt,FP,753c744b23abfecad6463890dfdf6e97c7eeaa5c,lofo,,,,,5,1.0,0.8,-0.0526973240055424,0.0810950434540137,5,0
qt,TP,a4f8b9ae6dfacf9ad5c190cde6098ebf13102f41,lofo,,,,,1,1.0,0.8,-0.0106628509881139,0.0861229796120686,5,0
qt,TP,a4f8b9ae6dfacf9ad5c190cde6098ebf13102f41,lofo,,,,,2,1.0,0.8,-0.0106628509881139,0.0861229796120686,5,0
qt,TP,a4f8b9ae6dfacf9ad5c190cde6098ebf13102f41,lofo,,,,,3,1.0,0.8,-0.0106628509881139,0.0861229796120685,5,0
qt,TP,a4f8b9ae6dfacf9ad5c190cde6098ebf13102f41,lofo,,,,,4,1.0,0.8,-0.0106628509881139,0.0861229796120685,5,0
qt,TP,a4f8b9ae6dfacf9ad5c190cde6098ebf13102f41,lofo,,,,,5,1.0,0.8,-0.0106628509881139,0.0861229796120685,5,0
qt,TP,fca89004d75412dd378cc44ad79ed3c1e05c765b,lofo,,,,,1,1.0,1.0,-0.0516847844268653,0.0905609976546312,5,0
qt,TP,fca89004d75412dd378cc44ad79ed3c1e05c765b,lofo,,,,,2,1.0,1.0,-0.0516847844268653,0.0905609976546312,5,0
qt,TP,fca89004d75412dd378cc44ad79ed3c1e05c765b,lofo,,,,,3,1.0,1.0,-0.0516847844268653,0.0905609976546312,5,0
qt,TP,fca89004d75412dd378cc44ad79ed3c1e05c765b,lofo,,,,,4,1.0,1.0,-0.0516847844268653,0.0905609976546312,5,0
qt,TP,fca89004d75412dd378cc44ad79ed3c1e05c765b,lofo,,,,,5,1.0,1.0,-0.0516847844268653,0.0905609976546312,5,0
openstack,FP,4b53e4edf9f7f8c794316d3a0920d727723d1bab,llm_counterfactual,qwen36_27b_local,full,0.2,,1,1.0,0.8,-0.236,0.24,5,0
openstack,FP,4b53e4edf9f7f8c794316d3a0920d727723d1bab,llm_counterfactual,qwen36_27b_local,full,0.2,,2,1.0,0.8,-0.236,0.24,5,0
openstack,FP,4b53e4edf9f7f8c794316d3a0920d727723d1bab,llm_counterfactual,qwen36_27b_local,full,0.2,,3,1.0,0.8,-0.2264,0.2304,5,0
openstack,FP,4b53e4edf9f7f8c794316d3a0920d727723d1bab,llm_counterfactual,qwen36_27b_local,full,0.2,,4,1.0,0.8,-0.236,0.24,5,0
openstack,FP,4b53e4edf9f7f8c794316d3a0920d727723d1bab,llm_counterfactual,qwen36_27b_local,full,0.2,,5,1.0,0.8,-0.2264,0.2304,5,0
openstack,TN,467b4e4d419f0ca5db8468516d64ffec5cedc67e,llm_counterfactual,qwen36_27b_local,full,0.2,,1,0.8,1.0,-0.098,0.098,5,0
openstack,TN,467b4e4d419f0ca5db8468516d64ffec5cedc67e,llm_counterfactual,qwen36_27b_local,full,0.2,,2,0.6,0.8,-0.092,0.092,5,0
openstack,TN,467b4e4d419f0ca5db8468516d64ffec5cedc67e,llm_counterfactual,qwen36_27b_local,full,0.2,,3,0.8,0.8,-0.092,0.092,5,0
openstack,TN,467b4e4d419f0ca5db8468516d64ffec5cedc67e,llm_counterfactual,qwen36_27b_local,full,0.2,,4,0.8,0.8,-0.092,0.092,5,0
openstack,TN,467b4e4d419f0ca5db8468516d64ffec5cedc67e,llm_counterfactual,qwen36_27b_local,full,0.2,,5,0.8,0.8,-0.0908,0.0908,5,0
openstack,TP,eaf6340847c35ace3b4b681a95b8a79a7a3f2491,llm_counterfactual,qwen36_27b_local,full,0.2,,1,1.0,0.8,-0.1744,0.1768,5,0
openstack,TP,eaf6340847c35ace3b4b681a95b8a79a7a3f2491,llm_counterfactual,qwen36_27b_local,full,0.2,,2,1.0,0.8,-0.1744,0.1768,5,0
openstack,TP,eaf6340847c35ace3b4b681a95b8a79a7a3f2491,llm_counterfactual,qwen36_27b_local,full,0.2,,3,1.0,0.8,-0.1744,0.1768,5,0
openstack,TP,eaf6340847c35ace3b4b681a95b8a79a7a3f2491,llm_counterfactual,qwen36_27b_local,full,0.2,,4,1.0,0.8,-0.1744,0.1768,5,0
openstack,TP,eaf6340847c35ace3b4b681a95b8a79a7a3f2491,llm_counterfactual,qwen36_27b_local,full,0.2,,5,1.0,0.8,-0.1744,0.1768,5,0
openstack,TP,fd351903a1759109f66d0c66d42cd3a1b7f23861,llm_counterfactual,qwen36_27b_local,full,0.2,,1,0.8,1.0,-0.2156,0.2156,5,0
openstack,TP,fd351903a1759109f66d0c66d42cd3a1b7f23861,llm_counterfactual,qwen36_27b_local,full,0.2,,2,0.8,1.0,-0.2156,0.2156,5,0
openstack,TP,fd351903a1759109f66d0c66d42cd3a1b7f23861,llm_counterfactual,qwen36_27b_local,full,0.2,,3,0.8,1.0,-0.2156,0.2156,5,0
openstack,TP,fd351903a1759109f66d0c66d42cd3a1b7f23861,llm_counterfactual,qwen36_27b_local,full,0.2,,4,0.8,1.0,-0.2156,0.2156,5,0
openstack,TP,fd351903a1759109f66d0c66d42cd3a1b7f23861,llm_counterfactual,qwen36_27b_local,full,0.2,,5,0.8,1.0,-0.2156,0.2156,5,0
openstack,FP,2530ccff8f0a0105d1626c65616080b27682e129,llm_counterfactual,qwen36_27b_local,full,0.2,,1,1.0,0.6,-0.1447999999999999,0.164,5,0
openstack,FP,2530ccff8f0a0105d1626c65616080b27682e129,llm_counterfactual,qwen36_27b_local,full,0.2,,2,1.0,0.8,-0.1767999999999999,0.1863999999999999,5,0
openstack,FP,2530ccff8f0a0105d1626c65616080b27682e129,llm_counterfactual,qwen36_27b_local,full,0.2,,3,1.0,0.6,-0.1447999999999999,0.164,5,0
openstack,FP,2530ccff8f0a0105d1626c65616080b27682e129,llm_counterfactual,qwen36_27b_local,full,0.2,,4,1.0,0.8,-0.1767999999999999,0.1863999999999999,5,0
openstack,FP,2530ccff8f0a0105d1626c65616080b27682e129,llm_counterfactual,qwen36_27b_local,full,0.2,,5,1.0,0.8,-0.1311999999999999,0.1407999999999999,5,0
openstack,FN,1476b030bd53deddd85468c0d8b545d8f8f30f19,llm_counterfactual,qwen36_27b_local,full,0.2,,1,1.0,1.0,-0.0439999999999999,0.0439999999999999,5,0
openstack,FN,1476b030bd53deddd85468c0d8b545d8f8f30f19,llm_counterfactual,qwen36_27b_local,full,0.2,,2,1.0,1.0,-0.0439999999999999,0.0439999999999999,5,0
openstack,FN,1476b030bd53deddd85468c0d8b545d8f8f30f19,llm_counterfactual,qwen36_27b_local,full,0.2,,3,1.0,1.0,-0.0439999999999999,0.0439999999999999,5,0
openstack,FN,1476b030bd53deddd85468c0d8b545d8f8f30f19,llm_counterfactual,qwen36_27b_local,full,0.2,,4,1.0,1.0,-0.0431999999999999,0.0431999999999999,5,0
openstack,FN,1476b030bd53deddd85468c0d8b545d8f8f30f19,llm_counterfactual,qwen36_27b_local,full,0.2,,5,1.0,0.8,-0.0359999999999999,0.0359999999999999,5,0
openstack,TP,83a5f90f82b40be4c74685f557d6af0f8a3b1a30,llm_counterfactual,qwen36_27b_local,full,0.2,,1,1.0,1.0,-0.2148,0.2148,5,0
openstack,TP,83a5f90f82b40be4c74685f557d6af0f8a3b1a30,llm_counterfactual,qwen36_27b_local,full,0.2,,2,1.0,1.0,-0.2532,0.2532,5,0
openstack,TP,83a5f90f82b40be4c74685f557d6af0f8a3b1a30,llm_counterfactual,qwen36_27b_local,full,0.2,,3,1.0,1.0,-0.2412,0.2412,5,0
openstack,TP,83a5f90f82b40be4c74685f557d6af0f8a3b1a30,llm_counterfactual,qwen36_27b_local,full,0.2,,4,1.0,1.0,-0.2372,0.2372,5,0
openstack,TP,83a5f90f82b40be4c74685f557d6af0f8a3b1a30,llm_counterfactual,qwen36_27b_local,full,0.2,,5,1.0,1.0,-0.2532,0.2532,5,0
openstack,TP,6f1a1f5e8ead9ceb145e13927cd9ae7fdca9add4,llm_counterfactual,qwen36_27b_local,full,0.2,,1,1.0,1.0,-0.1824,0.1968,5,0
openstack,TP,6f1a1f5e8ead9ceb145e13927cd9ae7fdca9add4,llm_counterfactual,qwen36_27b_local,full,0.2,,2,1.0,1.0,-0.196,0.196,5,0
openstack,TP,6f1a1f5e8ead9ceb145e13927cd9ae7fdca9add4,llm_counterfactual,qwen36_27b_local,full,0.2,,3,1.0,1.0,-0.156,0.1704,5,0
openstack,TP,6f1a1f5e8ead9ceb145e13927cd9ae7fdca9add4,llm_counterfactual,qwen36_27b_local,full,0.2,,4,1.0,1.0,-0.1824,0.1968,5,0
openstack,TP,6f1a1f5e8ead9ceb145e13927cd9ae7fdca9add4,llm_counterfactual,qwen36_27b_local,full,0.2,,5,1.0,1.0,-0.1996,0.214,5,0
openstack,FP,e847eed4a5600b6812338bb4903a0cffcde7f1f3,llm_counterfactual,qwen36_27b_local,full,0.2,,1,0.6,0.8,-0.1756,0.1804,5,0
openstack,FP,e847eed4a5600b6812338bb4903a0cffcde7f1f3,llm_counterfactual,qwen36_27b_local,full,0.2,,2,0.6,0.8,-0.1756,0.1804,5,0
openstack,FP,e847eed4a5600b6812338bb4903a0cffcde7f1f3,llm_counterfactual,qwen36_27b_local,full,0.2,,3,0.8,1.0,-0.2252,0.2252,5,0
openstack,FP,e847eed4a5600b6812338bb4903a0cffcde7f1f3,llm_counterfactual,qwen36_27b_local,full,0.2,,4,0.8,1.0,-0.2252,0.2252,5,0
openstack,FP,e847eed4a5600b6812338bb4903a0cffcde7f1f3,llm_counterfactual,qwen36_27b_local,full,0.2,,5,0.6,1.0,-0.1976,0.1976,5,0
openstack,TP,e7bdd19f0ed7d4c61d195735ee43a11da78f97d6,llm_counterfactual,qwen36_27b_local,full,0.2,,1,1.0,0.8,-0.3528,0.3544,5,0
openstack,TP,e7bdd19f0ed7d4c61d195735ee43a11da78f97d6,llm_counterfactual,qwen36_27b_local,full,0.2,,2,1.0,0.8,-0.3588,0.3604,5,0
openstack,TP,e7bdd19f0ed7d4c61d195735ee43a11da78f97d6,llm_counterfactual,qwen36_27b_local,full,0.2,,3,1.0,0.8,-0.3276,0.3292,5,0
openstack,TP,e7bdd19f0ed7d4c61d195735ee43a11da78f97d6,llm_counterfactual,qwen36_27b_local,full,0.2,,4,1.0,1.0,-0.3848,0.3848,5,0
openstack,TP,e7bdd19f0ed7d4c61d195735ee43a11da78f97d6,llm_counterfactual,qwen36_27b_local,full,0.2,,5,1.0,0.8,-0.3552,0.3568,5,0
openstack,TN,936f765b855d7af14ae557383f0dcc6fd9e8655c,llm_counterfactual,qwen36_27b_local,full,0.2,,1,1.0,0.8,-0.0507999999999999,0.0507999999999999,5,0
openstack,TN,936f765b855d7af14ae557383f0dcc6fd9e8655c,llm_counterfactual,qwen36_27b_local,full,0.2,,2,1.0,0.8,-0.0607999999999999,0.0607999999999999,5,0
openstack,TN,936f765b855d7af14ae557383f0dcc6fd9e8655c,llm_counterfactual,qwen36_27b_local,full,0.2,,3,1.0,0.8,-0.0607999999999999,0.0607999999999999,5,0
openstack,TN,936f765b855d7af14ae557383f0dcc6fd9e8655c,llm_counterfactual,qwen36_27b_local,full,0.2,,4,1.0,0.8,-0.0607999999999999,0.0607999999999999,5,0
openstack,TN,936f765b855d7af14ae557383f0dcc6fd9e8655c,llm_counterfactual,qwen36_27b_local,full,0.2,,5,1.0,1.0,-0.0623999999999999,0.0623999999999999,5,0
openstack,FP,034db863a02ce38a520e4b8aa3a65e1ccdb37f30,llm_counterfactual,qwen36_27b_local,full,0.2,,1,1.0,1.0,-0.2496,0.2496,5,0
openstack,FP,034db863a02ce38a520e4b8aa3a65e1ccdb37f30,llm_counterfactual,qwen36_27b_local,full,0.2,,2,0.8,1.0,-0.2224,0.2224,5,0
openstack,FP,034db863a02ce38a520e4b8aa3a65e1ccdb37f30,llm_counterfactual,qwen36_27b_local,full,0.2,,3,1.0,1.0,-0.2496,0.2496,5,0
openstack,FP,034db863a02ce38a520e4b8aa3a65e1ccdb37f30,llm_counterfactual,qwen36_27b_local,full,0.2,,4,0.8,1.0,-0.2332,0.2332,5,0
openstack,FP,034db863a02ce38a520e4b8aa3a65e1ccdb37f30,llm_counterfactual,qwen36_27b_local,full,0.2,,5,0.8,1.0,-0.2496,0.2496,5,0
openstack,FN,ab1cb6378f136ae8adcb0027385b43763e402cca,llm_counterfactual,qwen36_27b_local,full,0.2,,1,0.5,1.0,0.0144999999999999,0.0755,4,0
openstack,FN,ab1cb6378f136ae8adcb0027385b43763e402cca,llm_counterfactual,qwen36_27b_local,full,0.2,,2,0.75,1.0,-0.04,0.056,4,0
openstack,FN,ab1cb6378f136ae8adcb0027385b43763e402cca,llm_counterfactual,qwen36_27b_local,full,0.2,,3,0.75,1.0,-0.04,0.056,4,0
openstack,FN,ab1cb6378f136ae8adcb0027385b43763e402cca,llm_counterfactual,qwen36_27b_local,full,0.2,,4,0.5,1.0,0.0144999999999999,0.0755,4,0
openstack,FN,ab1cb6378f136ae8adcb0027385b43763e402cca,llm_counterfactual,qwen36_27b_local,full,0.2,,5,0.6,0.8,-0.0276,0.0492,5,0
openstack,TP,7cfdf4aa811fb708d9fed4e36aec79c26d19cfee,llm_counterfactual,qwen36_27b_local,full,0.2,,1,1.0,1.0,-0.2891999999999999,0.2891999999999999,5,0
openstack,TP,7cfdf4aa811fb708d9fed4e36aec79c26d19cfee,llm_counterfactual,qwen36_27b_local,full,0.2,,2,1.0,1.0,-0.2619999999999999,0.2619999999999999,5,0
openstack,TP,7cfdf4aa811fb708d9fed4e36aec79c26d19cfee,llm_counterfactual,qwen36_27b_local,full,0.2,,3,1.0,1.0,-0.2619999999999999,0.2619999999999999,5,0
openstack,TP,7cfdf4aa811fb708d9fed4e36aec79c26d19cfee,llm_counterfactual,qwen36_27b_local,full,0.2,,4,1.0,1.0,-0.2619999999999999,0.2619999999999999,5,0
openstack,TP,7cfdf4aa811fb708d9fed4e36aec79c26d19cfee,llm_counterfactual,qwen36_27b_local,full,0.2,,5,1.0,1.0,-0.2619999999999999,0.2619999999999999,5,0
openstack,TP,e55a5f412bf6bc343eb8bb11348afe57c2012066,llm_counterfactual,qwen36_27b_local,full,0.2,,1,1.0,1.0,-0.2484,0.2484,5,0
openstack,TP,e55a5f412bf6bc343eb8bb11348afe57c2012066,llm_counterfactual,qwen36_27b_local,full,0.2,,2,1.0,1.0,-0.24,0.24,5,0
openstack,TP,e55a5f412bf6bc343eb8bb11348afe57c2012066,llm_counterfactual,qwen36_27b_local,full,0.2,,3,1.0,1.0,-0.242,0.242,5,0
openstack,TP,e55a5f412bf6bc343eb8bb11348afe57c2012066,llm_counterfactual,qwen36_27b_local,full,0.2,,4,1.0,1.0,-0.194,0.194,5,0
openstack,TP,e55a5f412bf6bc343eb8bb11348afe57c2012066,llm_counterfactual,qwen36_27b_local,full,0.2,,5,1.0,1.0,-0.2112,0.2112,5,0
openstack,TN,8b44c9df29572efca928c1d36fa3e7a90e94caa0,llm_counterfactual,qwen36_27b_local,full,0.2,,1,0.25,0.25,-0.01,0.013,4,0
openstack,TN,8b44c9df29572efca928c1d36fa3e7a90e94caa0,llm_counterfactual,qwen36_27b_local,full,0.2,,2,0.8,0.4,-0.0208,0.0232,5,0
openstack,TN,8b44c9df29572efca928c1d36fa3e7a90e94caa0,llm_counterfactual,qwen36_27b_local,full,0.2,,3,0.25,0.25,-0.01,0.013,4,0
openstack,TN,8b44c9df29572efca928c1d36fa3e7a90e94caa0,llm_counterfactual,qwen36_27b_local,full,0.2,,4,0.25,0.25,-0.01,0.013,4,0
openstack,TN,8b44c9df29572efca928c1d36fa3e7a90e94caa0,llm_counterfactual,qwen36_27b_local,full,0.2,,5,0.25,0.25,-0.01,0.013,4,0
openstack,TN,4d75cbf3c35a8aa917d3970beac99d612f13eed3,llm_counterfactual,qwen36_27b_local,full,0.2,,1,0.8,0.4,-0.0043999999999999,0.042,5,0
openstack,TN,4d75cbf3c35a8aa917d3970beac99d612f13eed3,llm_counterfactual,qwen36_27b_local,full,0.2,,2,0.8,0.4,0.0048,0.0272,5,0
openstack,TN,4d75cbf3c35a8aa917d3970beac99d612f13eed3,llm_counterfactual,qwen36_27b_local,full,0.2,,3,1.0,0.2,0.0148,0.0244,5,0
openstack,TN,4d75cbf3c35a8aa917d3970beac99d612f13eed3,llm_counterfactual,qwen36_27b_local,full,0.2,,4,0.8,0.4,0.0048,0.0272,5,0
openstack,TN,4d75cbf3c35a8aa917d3970beac99d612f13eed3,llm_counterfactual,qwen36_27b_local,full,0.2,,5,0.8,0.4,0.0048,0.0272,5,0
openstack,TN,2ecaad46a737c24965ae81fc19947db9264de684,llm_counterfactual,qwen36_27b_local,full,0.2,,1,0.8,0.4,-0.0208,0.032,5,0
openstack,TN,2ecaad46a737c24965ae81fc19947db9264de684,llm_counterfactual,qwen36_27b_local,full,0.2,,2,0.8,0.4,-0.0208,0.032,5,0
openstack,TN,2ecaad46a737c24965ae81fc19947db9264de684,llm_counterfactual,qwen36_27b_local,full,0.2,,3,1.0,0.6,-0.024,0.0408,5,0
openstack,TN,2ecaad46a737c24965ae81fc19947db9264de684,llm_counterfactual,qwen36_27b_local,full,0.2,,4,0.8,0.4,-0.0208,0.032,5,0
openstack,TN,2ecaad46a737c24965ae81fc19947db9264de684,llm_counterfactual,qwen36_27b_local,full,0.2,,5,0.8,0.2,-0.03,0.03,5,0
openstack,TN,bfb9d3f179607c25f91d77585f97df6d0704c253,llm_counterfactual,qwen36_27b_local,full,0.2,,1,1.0,0.6,-0.0472,0.0472,5,0
openstack,TN,bfb9d3f179607c25f91d77585f97df6d0704c253,llm_counterfactual,qwen36_27b_local,full,0.2,,2,1.0,0.6,-0.0472,0.0472,5,0
openstack,TN,bfb9d3f179607c25f91d77585f97df6d0704c253,llm_counterfactual,qwen36_27b_local,full,0.2,,3,1.0,0.6,-0.0472,0.0472,5,0
openstack,TN,bfb9d3f179607c25f91d77585f97df6d0704c253,llm_counterfactual,qwen36_27b_local,full,0.2,,4,1.0,0.6,-0.0472,0.0472,5,0
openstack,TN,bfb9d3f179607c25f91d77585f97df6d0704c253,llm_counterfactual,qwen36_27b_local,full,0.2,,5,1.0,0.6,-0.0472,0.0472,5,0
openstack,FP,bfcd4b2f1be3ab37ae0801dd523ce952577cda14,llm_counterfactual,qwen36_27b_local,full,0.2,,1,0.8,1.0,-0.1844,0.1844,5,0
openstack,FP,bfcd4b2f1be3ab37ae0801dd523ce952577cda14,llm_counterfactual,qwen36_27b_local,full,0.2,,2,0.8,1.0,-0.1844,0.1844,5,0
openstack,FP,bfcd4b2f1be3ab37ae0801dd523ce952577cda14,llm_counterfactual,qwen36_27b_local,full,0.2,,3,1.0,1.0,-0.1888,0.1888,5,0
openstack,FP,bfcd4b2f1be3ab37ae0801dd523ce952577cda14,llm_counterfactual,qwen36_27b_local,full,0.2,,4,1.0,1.0,-0.1755,0.1755,4,0
openstack,FP,bfcd4b2f1be3ab37ae0801dd523ce952577cda14,llm_counterfactual,qwen36_27b_local,full,0.2,,5,1.0,1.0,-0.1708,0.1708,5,0
openstack,TP,c08f99c7e072e349632684d565bcac357ce93b6d,llm_counterfactual,qwen36_27b_local,full,0.2,,1,1.0,1.0,-0.2328,0.2328,5,0
openstack,TP,c08f99c7e072e349632684d565bcac357ce93b6d,llm_counterfactual,qwen36_27b_local,full,0.2,,2,1.0,0.8,-0.2012,0.2028,5,0
openstack,TP,c08f99c7e072e349632684d565bcac357ce93b6d,llm_counterfactual,qwen36_27b_local,full,0.2,,3,1.0,0.8,-0.2132,0.2148,5,0
openstack,TP,c08f99c7e072e349632684d565bcac357ce93b6d,llm_counterfactual,qwen36_27b_local,full,0.2,,4,1.0,0.8,-0.2072,0.2088,5,0
openstack,TP,c08f99c7e072e349632684d565bcac357ce93b6d,llm_counterfactual,qwen36_27b_local,full,0.2,,5,1.0,0.8,-0.2072,0.2088,5,0
openstack,TN,1a3f2e8f44f0138d0328312e07b1341970c7903a,llm_counterfactual,qwen36_27b_local,full,0.2,,1,0.8,0.8,-0.0603999999999999,0.0603999999999999,5,0
openstack,TN,1a3f2e8f44f0138d0328312e07b1341970c7903a,llm_counterfactual,qwen36_27b_local,full,0.2,,2,0.8,0.8,-0.0563999999999999,0.0563999999999999,5,0
openstack,TN,1a3f2e8f44f0138d0328312e07b1341970c7903a,llm_counterfactual,qwen36_27b_local,full,0.2,,3,0.8,0.8,-0.0535999999999999,0.0535999999999999,5,0
openstack,TN,1a3f2e8f44f0138d0328312e07b1341970c7903a,llm_counterfactual,qwen36_27b_local,full,0.2,,4,0.8,0.6,-0.0643999999999999,0.0643999999999999,5,0
openstack,TN,1a3f2e8f44f0138d0328312e07b1341970c7903a,llm_counterfactual,qwen36_27b_local,full,0.2,,5,0.8,0.8,-0.086,0.086,5,0
openstack,TP,45662d77a2da77714f8e792e86ebd64a52270ef5,llm_counterfactual,qwen36_27b_local,full,0.2,,1,1.0,1.0,-0.206,0.206,5,0
openstack,TP,45662d77a2da77714f8e792e86ebd64a52270ef5,llm_counterfactual,qwen36_27b_local,full,0.2,,2,0.6,1.0,-0.1552,0.1816,5,0
openstack,TP,45662d77a2da77714f8e792e86ebd64a52270ef5,llm_counterfactual,qwen36_27b_local,full,0.2,,3,0.8,1.0,-0.2,0.2,5,0
openstack,TP,45662d77a2da77714f8e792e86ebd64a52270ef5,llm_counterfactual,qwen36_27b_local,full,0.2,,4,0.6,1.0,-0.1988,0.1988,5,0
openstack,TP,45662d77a2da77714f8e792e86ebd64a52270ef5,llm_counterfactual,qwen36_27b_local,full,0.2,,5,0.6,1.0,-0.1952,0.1952,5,0
openstack,TP,6f31523b314e7ac4ad83d13842cf2fa1014c39b2,llm_counterfactual,qwen36_27b_local,full,0.2,,1,0.8,1.0,-0.1491999999999999,0.1491999999999999,5,0
openstack,TP,6f31523b314e7ac4ad83d13842cf2fa1014c39b2,llm_counterfactual,qwen36_27b_local,full,0.2,,2,0.6,0.8,-0.1395999999999999,0.1395999999999999,5,0
openstack,TP,6f31523b314e7ac4ad83d13842cf2fa1014c39b2,llm_counterfactual,qwen36_27b_local,full,0.2,,3,0.6,0.8,-0.1287999999999999,0.1287999999999999,5,0
openstack,TP,6f31523b314e7ac4ad83d13842cf2fa1014c39b2,llm_counterfactual,qwen36_27b_local,full,0.2,,4,0.6,1.0,-0.1491999999999999,0.1491999999999999,5,0
openstack,TP,6f31523b314e7ac4ad83d13842cf2fa1014c39b2,llm_counterfactual,qwen36_27b_local,full,0.2,,5,0.4,0.8,-0.1299999999999999,0.1299999999999999,5,0
openstack,FP,410a83c89de9912207574999b3736a550ed253ba,llm_counterfactual,qwen36_27b_local,full,0.2,,1,0.8,0.8,-0.1344,0.1344,5,0
openstack,FP,410a83c89de9912207574999b3736a550ed253ba,llm_counterfactual,qwen36_27b_local,full,0.2,,2,0.8,0.8,-0.0912,0.1088,5,0
openstack,FP,410a83c89de9912207574999b3736a550ed253ba,llm_counterfactual,qwen36_27b_local,full,0.2,,3,0.8,0.8,-0.0912,0.1088,5,0
openstack,FP,410a83c89de9912207574999b3736a550ed253ba,llm_counterfactual,qwen36_27b_local,full,0.2,,4,0.8,0.8,-0.0912,0.1088,5,0
openstack,FP,410a83c89de9912207574999b3736a550ed253ba,llm_counterfactual,qwen36_27b_local,full,0.2,,5,0.8,0.8,-0.0912,0.1088,5,0
openstack,FP,4e2919e6b208a2e95d75782f9cad0a6f0892d983,llm_counterfactual,qwen36_27b_local,full,0.2,,1,1.0,0.6,-0.1228,0.1236,5,0
openstack,FP,4e2919e6b208a2e95d75782f9cad0a6f0892d983,llm_counterfactual,qwen36_27b_local,full,0.2,,2,0.8,0.6,-0.1228,0.1236,5,0
openstack,FP,4e2919e6b208a2e95d75782f9cad0a6f0892d983,llm_counterfactual,qwen36_27b_local,full,0.2,,3,0.8,0.6,-0.1228,0.1236,5,0
openstack,FP,4e2919e6b208a2e95d75782f9cad0a6f0892d983,llm_counterfactual,qwen36_27b_local,full,0.2,,4,1.0,0.5,-0.074,0.1229999999999999,4,0
openstack,FP,4e2919e6b208a2e95d75782f9cad0a6f0892d983,llm_counterfactual,qwen36_27b_local,full,0.2,,5,0.8,0.8,-0.1416,0.1416,5,0
openstack,FP,558f7b00f56f37adaa68239c9ce95d25b2d65f56,llm_counterfactual,qwen36_27b_local,full,0.2,,1,1.0,0.8,-0.1588,0.162,5,0
openstack,FP,558f7b00f56f37adaa68239c9ce95d25b2d65f56,llm_counterfactual,qwen36_27b_local,full,0.2,,2,1.0,0.8,-0.1588,0.162,5,0
openstack,FP,558f7b00f56f37adaa68239c9ce95d25b2d65f56,llm_counterfactual,qwen36_27b_local,full,0.2,,3,1.0,1.0,-0.1884,0.1884,5,0
openstack,FP,558f7b00f56f37adaa68239c9ce95d25b2d65f56,llm_counterfactual,qwen36_27b_local,full,0.2,,4,1.0,0.8,-0.1588,0.162,5,0
openstack,FP,558f7b00f56f37adaa68239c9ce95d25b2d65f56,llm_counterfactual,qwen36_27b_local,full,0.2,,5,1.0,0.8,-0.1588,0.162,5,0
openstack,TN,70fad48add19cc565726f098e1e7a2165b24cc77,llm_counterfactual,qwen36_27b_local,full,0.2,,1,1.0,0.6,-0.0412,0.0539999999999999,5,0
openstack,TN,70fad48add19cc565726f098e1e7a2165b24cc77,llm_counterfactual,qwen36_27b_local,full,0.2,,2,1.0,0.8,-0.0548,0.0636,5,0
openstack,TN,70fad48add19cc565726f098e1e7a2165b24cc77,llm_counterfactual,qwen36_27b_local,full,0.2,,3,1.0,0.8,-0.0644,0.0644,5,0
openstack,TN,70fad48add19cc565726f098e1e7a2165b24cc77,llm_counterfactual,qwen36_27b_local,full,0.2,,4,1.0,0.8,-0.0548,0.0636,5,0
openstack,TN,70fad48add19cc565726f098e1e7a2165b24cc77,llm_counterfactual,qwen36_27b_local,full,0.2,,5,1.0,0.8,-0.0548,0.0636,5,0
openstack,TP,76d3c644f3f5866a5c07f80b66132d81b8b57e78,llm_counterfactual,qwen36_27b_local,full,0.2,,1,1.0,0.8,-0.3056,0.3127999999999999,5,0
openstack,TP,76d3c644f3f5866a5c07f80b66132d81b8b57e78,llm_counterfactual,qwen36_27b_local,full,0.2,,2,1.0,0.8,-0.3232,0.3304,5,0
openstack,TP,76d3c644f3f5866a5c07f80b66132d81b8b57e78,llm_counterfactual,qwen36_27b_local,full,0.2,,3,1.0,0.8,-0.3056,0.3127999999999999,5,0
openstack,TP,76d3c644f3f5866a5c07f80b66132d81b8b57e78,llm_counterfactual,qwen36_27b_local,full,0.2,,4,1.0,0.8,-0.3056,0.3127999999999999,5,0
openstack,TP,76d3c644f3f5866a5c07f80b66132d81b8b57e78,llm_counterfactual,qwen36_27b_local,full,0.2,,5,1.0,1.0,-0.374,0.374,5,0
openstack,FN,2b60912d5667350eae7ecbc67d4dba3658518d10,llm_counterfactual,qwen36_27b_local,full,0.2,,1,0.6,0.4,-0.0084,0.0332,5,0
openstack,FN,2b60912d5667350eae7ecbc67d4dba3658518d10,llm_counterfactual,qwen36_27b_local,full,0.2,,2,0.6,0.4,0.0215999999999999,0.0407999999999999,5,0
openstack,FN,2b60912d5667350eae7ecbc67d4dba3658518d10,llm_counterfactual,qwen36_27b_local,full,0.2,,3,0.6,0.4,-0.0084,0.0332,5,0
openstack,FN,2b60912d5667350eae7ecbc67d4dba3658518d10,llm_counterfactual,qwen36_27b_local,full,0.2,,4,0.6,0.4,-0.0084,0.0332,5,0
openstack,FN,2b60912d5667350eae7ecbc67d4dba3658518d10,llm_counterfactual,qwen36_27b_local,full,0.2,,5,0.6,0.4,-0.0084,0.0332,5,0
openstack,TP,88c62c1ca290c1d2a33ff192a302e492a4b11cb3,llm_counterfactual,qwen36_27b_local,full,0.2,,1,0.8,0.8,-0.108,0.1096,5,0
openstack,TP,88c62c1ca290c1d2a33ff192a302e492a4b11cb3,llm_counterfactual,qwen36_27b_local,full,0.2,,2,0.8,0.8,-0.0788,0.1172,5,0
openstack,TP,88c62c1ca290c1d2a33ff192a302e492a4b11cb3,llm_counterfactual,qwen36_27b_local,full,0.2,,3,0.8,0.8,-0.108,0.1096,5,0
openstack,TP,88c62c1ca290c1d2a33ff192a302e492a4b11cb3,llm_counterfactual,qwen36_27b_local,full,0.2,,4,0.6,0.6,-0.1,0.1016,5,0
openstack,TP,88c62c1ca290c1d2a33ff192a302e492a4b11cb3,llm_counterfactual,qwen36_27b_local,full,0.2,,5,0.8,0.8,-0.1236,0.1252,5,0
openstack,FP,296da649452f66dd15a15ee4274ab0f8609250e2,llm_counterfactual,qwen36_27b_local,full,0.2,,1,1.0,0.8,-0.1668,0.1668,5,0
openstack,FP,296da649452f66dd15a15ee4274ab0f8609250e2,llm_counterfactual,qwen36_27b_local,full,0.2,,2,1.0,0.8,-0.1796,0.1796,5,0
openstack,FP,296da649452f66dd15a15ee4274ab0f8609250e2,llm_counterfactual,qwen36_27b_local,full,0.2,,3,1.0,0.8,-0.1796,0.1796,5,0
openstack,FP,296da649452f66dd15a15ee4274ab0f8609250e2,llm_counterfactual,qwen36_27b_local,full,0.2,,4,1.0,0.8,-0.1796,0.1796,5,0
openstack,FP,296da649452f66dd15a15ee4274ab0f8609250e2,llm_counterfactual,qwen36_27b_local,full,0.2,,5,1.0,1.0,-0.1788,0.1788,5,0
openstack,TP,379cf65d82b11f5e6f8732a585d5373beda85046,llm_counterfactual,qwen36_27b_local,full,0.2,,1,1.0,1.0,-0.1795999999999999,0.1956,5,0
openstack,TP,379cf65d82b11f5e6f8732a585d5373beda85046,llm_counterfactual,qwen36_27b_local,full,0.2,,2,0.8,1.0,-0.1499999999999999,0.1659999999999999,5,0
openstack,TP,379cf65d82b11f5e6f8732a585d5373beda85046,llm_counterfactual,qwen36_27b_local,full,0.2,,3,1.0,1.0,-0.1795999999999999,0.1956,5,0
openstack,TP,379cf65d82b11f5e6f8732a585d5373beda85046,llm_counterfactual,qwen36_27b_local,full,0.2,,4,0.8,1.0,-0.1019999999999999,0.1179999999999999,5,0
openstack,TP,379cf65d82b11f5e6f8732a585d5373beda85046,llm_counterfactual,qwen36_27b_local,full,0.2,,5,1.0,1.0,-0.1583999999999999,0.1743999999999999,5,0
openstack,TN,79a1a113775df87d420b242cea4bbf953df3779c,llm_counterfactual,qwen36_27b_local,full,0.2,,1,0.8,0.8,-0.0632,0.0792,5,0
openstack,TN,79a1a113775df87d420b242cea4bbf953df3779c,llm_counterfactual,qwen36_27b_local,full,0.2,,2,1.0,0.6,-0.0608,0.0768,5,0
openstack,TN,79a1a113775df87d420b242cea4bbf953df3779c,llm_counterfactual,qwen36_27b_local,full,0.2,,3,1.0,0.6,-0.0608,0.0768,5,0
openstack,TN,79a1a113775df87d420b242cea4bbf953df3779c,llm_counterfactual,qwen36_27b_local,full,0.2,,4,1.0,0.6,-0.0608,0.0768,5,0
openstack,TN,79a1a113775df87d420b242cea4bbf953df3779c,llm_counterfactual,qwen36_27b_local,full,0.2,,5,0.8,0.8,-0.0632,0.0792,5,0
openstack,TN,dd444d84759d7b3c17e7c3e97f9565546f9d3df2,llm_counterfactual,qwen36_27b_local,full,0.2,,1,1.0,0.6,-0.0284,0.0332,5,0
openstack,TN,dd444d84759d7b3c17e7c3e97f9565546f9d3df2,llm_counterfactual,qwen36_27b_local,full,0.2,,2,0.6,0.6,-0.0227999999999999,0.0324,5,0
openstack,TN,dd444d84759d7b3c17e7c3e97f9565546f9d3df2,llm_counterfactual,qwen36_27b_local,full,0.2,,3,0.6,0.6,-0.0227999999999999,0.0324,5,0
openstack,TN,dd444d84759d7b3c17e7c3e97f9565546f9d3df2,llm_counterfactual,qwen36_27b_local,full,0.2,,4,1.0,0.8,-0.0387999999999999,0.0435999999999999,5,0
openstack,TN,dd444d84759d7b3c17e7c3e97f9565546f9d3df2,llm_counterfactual,qwen36_27b_local,full,0.2,,5,0.8,0.8,-0.0387999999999999,0.0435999999999999,5,0
openstack,TN,747373f4bdfe4814000a88e4443b56545d5d55bd,llm_counterfactual,qwen36_27b_local,full,0.2,,1,1.0,0.6,-0.0055999999999999,0.036,5,0
openstack,TN,747373f4bdfe4814000a88e4443b56545d5d55bd,llm_counterfactual,qwen36_27b_local,full,0.2,,2,1.0,0.6,-0.0095999999999999,0.0359999999999999,5,0
openstack,TN,747373f4bdfe4814000a88e4443b56545d5d55bd,llm_counterfactual,qwen36_27b_local,full,0.2,,3,1.0,0.8,-0.0187999999999999,0.0411999999999999,5,0
openstack,TN,747373f4bdfe4814000a88e4443b56545d5d55bd,llm_counterfactual,qwen36_27b_local,full,0.2,,4,1.0,0.8,-0.0175999999999999,0.0399999999999999,5,0
openstack,TN,747373f4bdfe4814000a88e4443b56545d5d55bd,llm_counterfactual,qwen36_27b_local,full,0.2,,5,1.0,0.8,-0.0139999999999999,0.0364,5,0
openstack,FN,763fd62464e9a0753e061171cc1fd826055bbc01,llm_counterfactual,qwen36_27b_local,full,0.2,,1,1.0,1.0,0.0827999999999999,0.0827999999999999,5,0
openstack,FN,763fd62464e9a0753e061171cc1fd826055bbc01,llm_counterfactual,qwen36_27b_local,full,0.2,,2,0.8,0.8,0.0807999999999999,0.0807999999999999,5,0
openstack,FN,763fd62464e9a0753e061171cc1fd826055bbc01,llm_counterfactual,qwen36_27b_local,full,0.2,,3,1.0,1.0,0.0839999999999999,0.0839999999999999,5,0
openstack,FN,763fd62464e9a0753e061171cc1fd826055bbc01,llm_counterfactual,qwen36_27b_local,full,0.2,,4,0.6,0.8,0.0791999999999999,0.0791999999999999,5,0
openstack,FN,763fd62464e9a0753e061171cc1fd826055bbc01,llm_counterfactual,qwen36_27b_local,full,0.2,,5,0.4,0.8,0.0787999999999999,0.0787999999999999,5,0
openstack,FN,267eea50fd9e9c74faa96d529a7ec2fd8aa8d51f,llm_counterfactual,qwen36_27b_local,full,0.2,,1,0.6,0.8,-0.0439999999999999,0.1056,5,0
openstack,FN,267eea50fd9e9c74faa96d529a7ec2fd8aa8d51f,llm_counterfactual,qwen36_27b_local,full,0.2,,2,0.4,0.6,-0.0683999999999999,0.0852,5,0
openstack,FN,267eea50fd9e9c74faa96d529a7ec2fd8aa8d51f,llm_counterfactual,qwen36_27b_local,full,0.2,,3,0.8,0.6,-0.0675999999999999,0.086,5,0
openstack,FN,267eea50fd9e9c74faa96d529a7ec2fd8aa8d51f,llm_counterfactual,qwen36_27b_local,full,0.2,,4,0.8,0.6,-0.0683999999999999,0.0852,5,0
openstack,FN,267eea50fd9e9c74faa96d529a7ec2fd8aa8d51f,llm_counterfactual,qwen36_27b_local,full,0.2,,5,0.8,0.6,-0.0675999999999999,0.086,5,0
openstack,TN,978066fe31a5331f143a05e1fd753c729b2dcf09,llm_counterfactual,qwen36_27b_local,full,0.2,,1,0.8,0.4,-0.0119999999999999,0.0295999999999999,5,0
openstack,TN,978066fe31a5331f143a05e1fd753c729b2dcf09,llm_counterfactual,qwen36_27b_local,full,0.2,,2,0.8,0.2,-0.0159999999999999,0.0231999999999999,5,0
openstack,TN,978066fe31a5331f143a05e1fd753c729b2dcf09,llm_counterfactual,qwen36_27b_local,full,0.2,,3,0.8,0.4,-0.0075999999999999,0.0299999999999999,5,0
openstack,TN,978066fe31a5331f143a05e1fd753c729b2dcf09,llm_counterfactual,qwen36_27b_local,full,0.2,,4,0.8,0.4,-0.0047999999999999,0.0271999999999999,5,0
openstack,TN,978066fe31a5331f143a05e1fd753c729b2dcf09,llm_counterfactual,qwen36_27b_local,full,0.2,,5,1.0,0.2,-0.0159999999999999,0.0231999999999999,5,0
openstack,TN,545925c66cb3ee005aa7e497ad4b3c97eb2f410b,llm_counterfactual,qwen36_27b_local,full,0.2,,1,1.0,0.6,-0.0556,0.0556,5,0
openstack,TN,545925c66cb3ee005aa7e497ad4b3c97eb2f410b,llm_counterfactual,qwen36_27b_local,full,0.2,,2,1.0,0.8,-0.064,0.064,5,0
openstack,TN,545925c66cb3ee005aa7e497ad4b3c97eb2f410b,llm_counterfactual,qwen36_27b_local,full,0.2,,3,1.0,0.6,-0.0556,0.0556,5,0
openstack,TN,545925c66cb3ee005aa7e497ad4b3c97eb2f410b,llm_counterfactual,qwen36_27b_local,full,0.2,,4,1.0,0.6,-0.0556,0.0556,5,0
openstack,TN,545925c66cb3ee005aa7e497ad4b3c97eb2f410b,llm_counterfactual,qwen36_27b_local,full,0.2,,5,1.0,0.6,-0.0556,0.0556,5,0
openstack,FN,bc6ca87a6a01ecbda926a78d07cadbd4e3ab97e0,llm_counterfactual,qwen36_27b_local,full,0.2,,1,0.4,0.6,0.0579999999999999,0.0587999999999999,5,0
openstack,FN,bc6ca87a6a01ecbda926a78d07cadbd4e3ab97e0,llm_counterfactual,qwen36_27b_local,full,0.2,,2,0.4,0.6,0.0579999999999999,0.0587999999999999,5,0
openstack,FN,bc6ca87a6a01ecbda926a78d07cadbd4e3ab97e0,llm_counterfactual,qwen36_27b_local,full,0.2,,3,0.2,0.6,0.0543999999999999,0.0623999999999999,5,0
openstack,FN,bc6ca87a6a01ecbda926a78d07cadbd4e3ab97e0,llm_counterfactual,qwen36_27b_local,full,0.2,,4,0.4,0.4,0.0451999999999999,0.0531999999999999,5,0
openstack,FN,bc6ca87a6a01ecbda926a78d07cadbd4e3ab97e0,llm_counterfactual,qwen36_27b_local,full,0.2,,5,0.4,0.8,0.0831999999999999,0.0831999999999999,5,0
openstack,FP,280cc7c5ae4b07a9a1e23b8f9cc925be9872c8e1,llm_counterfactual,qwen36_27b_local,full,0.2,,1,0.8,0.8,-0.1091999999999999,0.1251999999999999,5,0
openstack,FP,280cc7c5ae4b07a9a1e23b8f9cc925be9872c8e1,llm_counterfactual,qwen36_27b_local,full,0.2,,2,1.0,1.0,-0.1307999999999999,0.1467999999999999,5,0
openstack,FP,280cc7c5ae4b07a9a1e23b8f9cc925be9872c8e1,llm_counterfactual,qwen36_27b_local,full,0.2,,3,0.8,0.8,-0.1423999999999999,0.1423999999999999,5,0
openstack,FP,280cc7c5ae4b07a9a1e23b8f9cc925be9872c8e1,llm_counterfactual,qwen36_27b_local,full,0.2,,4,0.8,0.8,-0.0939999999999999,0.1099999999999999,5,0
openstack,FP,280cc7c5ae4b07a9a1e23b8f9cc925be9872c8e1,llm_counterfactual,qwen36_27b_local,full,0.2,,5,0.8,0.8,-0.1091999999999999,0.1251999999999999,5,0
openstack,FP,6aecf475dbff9c7d477378c021749b987d47deae,llm_counterfactual,qwen36_27b_local,full,0.2,,1,1.0,1.0,-0.2288,0.2288,5,0
openstack,FP,6aecf475dbff9c7d477378c021749b987d47deae,llm_counterfactual,qwen36_27b_local,full,0.2,,2,1.0,0.8,-0.1896,0.1952,5,0
openstack,FP,6aecf475dbff9c7d477378c021749b987d47deae,llm_counterfactual,qwen36_27b_local,full,0.2,,3,1.0,1.0,-0.2288,0.2288,5,0
openstack,FP,6aecf475dbff9c7d477378c021749b987d47deae,llm_counterfactual,qwen36_27b_local,full,0.2,,4,1.0,0.8,-0.1896,0.1952,5,0
openstack,FP,6aecf475dbff9c7d477378c021749b987d47deae,llm_counterfactual,qwen36_27b_local,full,0.2,,5,1.0,1.0,-0.2288,0.2288,5,0
openstack,FP,baa52224dc73e8ca3bdcbdaa5d62bc26fb38052f,llm_counterfactual,qwen36_27b_local,full,0.2,,1,0.8,0.8,-0.1795999999999999,0.1795999999999999,5,0
openstack,FP,baa52224dc73e8ca3bdcbdaa5d62bc26fb38052f,llm_counterfactual,qwen36_27b_local,full,0.2,,2,0.5,1.0,-0.2045,0.2045,4,0
openstack,FP,baa52224dc73e8ca3bdcbdaa5d62bc26fb38052f,llm_counterfactual,qwen36_27b_local,full,0.2,,3,0.8,0.8,-0.1891999999999999,0.1891999999999999,5,0
openstack,FP,baa52224dc73e8ca3bdcbdaa5d62bc26fb38052f,llm_counterfactual,qwen36_27b_local,full,0.2,,4,0.8,0.8,-0.1671999999999999,0.1671999999999999,5,0
openstack,FP,baa52224dc73e8ca3bdcbdaa5d62bc26fb38052f,llm_counterfactual,qwen36_27b_local,full,0.2,,5,0.8,0.8,-0.1795999999999999,0.1795999999999999,5,0
openstack,TN,d2e40a3e49819dace92975de3e3d7ba3a3fac79d,llm_counterfactual,qwen36_27b_local,full,0.2,,1,0.8,0.6,-0.0863999999999999,0.0863999999999999,5,0
openstack,TN,d2e40a3e49819dace92975de3e3d7ba3a3fac79d,llm_counterfactual,qwen36_27b_local,full,0.2,,2,1.0,0.4,-0.0756,0.0756,5,0
openstack,TN,d2e40a3e49819dace92975de3e3d7ba3a3fac79d,llm_counterfactual,qwen36_27b_local,full,0.2,,3,0.8,0.6,-0.0855999999999999,0.0855999999999999,5,0
openstack,TN,d2e40a3e49819dace92975de3e3d7ba3a3fac79d,llm_counterfactual,qwen36_27b_local,full,0.2,,4,1.0,0.4,-0.0756,0.0756,5,0
openstack,TN,d2e40a3e49819dace92975de3e3d7ba3a3fac79d,llm_counterfactual,qwen36_27b_local,full,0.2,,5,0.8,0.6,-0.0855999999999999,0.0855999999999999,5,0
openstack,TN,57566f4c8d2929c25e76564883369a7c6eda720a,llm_counterfactual,qwen36_27b_local,full,0.2,,1,0.8,0.4,-0.0035999999999999,0.0291999999999999,5,0
openstack,TN,57566f4c8d2929c25e76564883369a7c6eda720a,llm_counterfactual,qwen36_27b_local,full,0.2,,2,0.8,0.6,-0.0155999999999999,0.0379999999999999,5,0
openstack,TN,57566f4c8d2929c25e76564883369a7c6eda720a,llm_counterfactual,qwen36_27b_local,full,0.2,,3,0.8,0.6,-0.0187999999999999,0.0347999999999999,5,0
openstack,TN,57566f4c8d2929c25e76564883369a7c6eda720a,llm_counterfactual,qwen36_27b_local,full,0.2,,4,0.6,0.6,-0.0215999999999999,0.0343999999999999,5,0
openstack,TN,57566f4c8d2929c25e76564883369a7c6eda720a,llm_counterfactual,qwen36_27b_local,full,0.2,,5,0.8,0.6,-0.0167999999999999,0.0391999999999999,5,0
openstack,TP,03db94ebaa3fc2c76694fd566e2c9eefbf851a7f,llm_counterfactual,qwen36_27b_local,full,0.2,,1,1.0,1.0,-0.2256,0.2256,5,0
openstack,TP,03db94ebaa3fc2c76694fd566e2c9eefbf851a7f,llm_counterfactual,qwen36_27b_local,full,0.2,,2,1.0,1.0,-0.206,0.2212,5,0
openstack,TP,03db94ebaa3fc2c76694fd566e2c9eefbf851a7f,llm_counterfactual,qwen36_27b_local,full,0.2,,3,1.0,1.0,-0.256,0.256,5,0
openstack,TP,03db94ebaa3fc2c76694fd566e2c9eefbf851a7f,llm_counterfactual,qwen36_27b_local,full,0.2,,4,1.0,1.0,-0.1828,0.198,5,0
openstack,TP,03db94ebaa3fc2c76694fd566e2c9eefbf851a7f,llm_counterfactual,qwen36_27b_local,full,0.2,,5,1.0,1.0,-0.1828,0.198,5,0
openstack,FN,703ba3c4e3d0b442c3097b6c844a59e560c09fe8,llm_counterfactual,qwen36_27b_local,full,0.2,,1,1.0,0.2,0.0175999999999999,0.0231999999999999,5,0
openstack,FN,703ba3c4e3d0b442c3097b6c844a59e560c09fe8,llm_counterfactual,qwen36_27b_local,full,0.2,,2,1.0,0.2,0.0163999999999999,0.0243999999999999,5,0
openstack,FN,703ba3c4e3d0b442c3097b6c844a59e560c09fe8,llm_counterfactual,qwen36_27b_local,full,0.2,,3,1.0,0.2,0.0163999999999999,0.0243999999999999,5,0
openstack,FN,703ba3c4e3d0b442c3097b6c844a59e560c09fe8,llm_counterfactual,qwen36_27b_local,full,0.2,,4,1.0,0.2,0.0175999999999999,0.0231999999999999,5,0
openstack,FN,703ba3c4e3d0b442c3097b6c844a59e560c09fe8,llm_counterfactual,qwen36_27b_local,full,0.2,,5,1.0,0.2,0.0163999999999999,0.0243999999999999,5,0
openstack,FN,e3df049cad2b7a264acbad4d6baecbc813546e5d,llm_counterfactual,qwen36_27b_local,full,0.2,,1,0.6,0.4,-0.0547999999999999,0.0764,5,0
openstack,FN,e3df049cad2b7a264acbad4d6baecbc813546e5d,llm_counterfactual,qwen36_27b_local,full,0.2,,2,0.75,0.5,-0.0729999999999999,0.0909999999999999,4,0
openstack,FN,e3df049cad2b7a264acbad4d6baecbc813546e5d,llm_counterfactual,qwen36_27b_local,full,0.2,,3,0.4,0.4,-0.0587999999999999,0.0723999999999999,5,0
openstack,FN,e3df049cad2b7a264acbad4d6baecbc813546e5d,llm_counterfactual,qwen36_27b_local,full,0.2,,4,0.75,0.5,-0.0729999999999999,0.0909999999999999,4,0
openstack,FN,e3df049cad2b7a264acbad4d6baecbc813546e5d,llm_counterfactual,qwen36_27b_local,full,0.2,,5,0.6,0.4,-0.0575999999999999,0.0735999999999999,5,0
openstack,FN,d1b3adfbe471ad99ddf0dd2b483b77435c157aea,llm_counterfactual,qwen36_27b_local,full,0.2,,1,0.8,0.8,0.058,0.0964,5,0
openstack,FN,d1b3adfbe471ad99ddf0dd2b483b77435c157aea,llm_counterfactual,qwen36_27b_local,full,0.2,,2,0.6,0.8,0.0868,0.094,5,0
openstack,FN,d1b3adfbe471ad99ddf0dd2b483b77435c157aea,llm_counterfactual,qwen36_27b_local,full,0.2,,3,0.6,0.8,0.0868,0.094,5,0
openstack,FN,d1b3adfbe471ad99ddf0dd2b483b77435c157aea,llm_counterfactual,qwen36_27b_local,full,0.2,,4,0.6,0.8,0.0868,0.094,5,0
openstack,FN,d1b3adfbe471ad99ddf0dd2b483b77435c157aea,llm_counterfactual,qwen36_27b_local,full,0.2,,5,0.6,0.8,0.0868,0.094,5,0
openstack,TN,87be408b126e81ded85b03896f9c85f8a8d4ac90,llm_counterfactual,qwen36_27b_local,full,0.2,,1,0.8,0.4,-0.0368,0.0456,5,0
openstack,TN,87be408b126e81ded85b03896f9c85f8a8d4ac90,llm_counterfactual,qwen36_27b_local,full,0.2,,2,0.8,0.4,-0.0368,0.0456,5,0
openstack,TN,87be408b126e81ded85b03896f9c85f8a8d4ac90,llm_counterfactual,qwen36_27b_local,full,0.2,,3,0.8,0.4,-0.0368,0.0456,5,0
openstack,TN,87be408b126e81ded85b03896f9c85f8a8d4ac90,llm_counterfactual,qwen36_27b_local,full,0.2,,4,0.8,0.6,-0.0284,0.054,5,0
openstack,TN,87be408b126e81ded85b03896f9c85f8a8d4ac90,llm_counterfactual,qwen36_27b_local,full,0.2,,5,0.8,0.4,-0.0368,0.0456,5,0
openstack,TP,22c9cf3d95c3d14351045bac2920b4e0994ec42f,llm_counterfactual,qwen36_27b_local,full,0.2,,1,1.0,0.8,-0.2999999999999999,0.2999999999999999,5,0
openstack,TP,22c9cf3d95c3d14351045bac2920b4e0994ec42f,llm_counterfactual,qwen36_27b_local,full,0.2,,2,1.0,1.0,-0.3176,0.3176,5,0
openstack,TP,22c9cf3d95c3d14351045bac2920b4e0994ec42f,llm_counterfactual,qwen36_27b_local,full,0.2,,3,1.0,0.8,-0.2707999999999999,0.2707999999999999,5,0
openstack,TP,22c9cf3d95c3d14351045bac2920b4e0994ec42f,llm_counterfactual,qwen36_27b_local,full,0.2,,4,1.0,0.8,-0.2855999999999999,0.2855999999999999,5,0
openstack,TP,22c9cf3d95c3d14351045bac2920b4e0994ec42f,llm_counterfactual,qwen36_27b_local,full,0.2,,5,1.0,1.0,-0.3176,0.3176,5,0
openstack,TP,092820939d53268152893a15fdaf5129554fbcb3,llm_counterfactual,qwen36_27b_local,full,0.2,,1,1.0,0.8,-0.1532,0.2092,5,0
openstack,TP,092820939d53268152893a15fdaf5129554fbcb3,llm_counterfactual,qwen36_27b_local,full,0.2,,2,1.0,0.8,-0.1532,0.2092,5,0
openstack,TP,092820939d53268152893a15fdaf5129554fbcb3,llm_counterfactual,qwen36_27b_local,full,0.2,,3,1.0,0.8,-0.1532,0.2092,5,0
openstack,TP,092820939d53268152893a15fdaf5129554fbcb3,llm_counterfactual,qwen36_27b_local,full,0.2,,4,1.0,0.8,-0.1532,0.2092,5,0
openstack,TP,092820939d53268152893a15fdaf5129554fbcb3,llm_counterfactual,qwen36_27b_local,full,0.2,,5,1.0,0.8,-0.1532,0.2092,5,0
openstack,TN,dd13c2784b5aec539197d1b76fafc6a6b38a33e8,llm_counterfactual,qwen36_27b_local,full,0.2,,1,0.6,0.8,0.0355999999999999,0.0764,5,0
openstack,TN,dd13c2784b5aec539197d1b76fafc6a6b38a33e8,llm_counterfactual,qwen36_27b_local,full,0.2,,2,0.8,0.8,0.0355999999999999,0.0764,5,0
openstack,TN,dd13c2784b5aec539197d1b76fafc6a6b38a33e8,llm_counterfactual,qwen36_27b_local,full,0.2,,3,0.6,0.6,0.0523999999999999,0.0676,5,0
openstack,TN,dd13c2784b5aec539197d1b76fafc6a6b38a33e8,llm_counterfactual,qwen36_27b_local,full,0.2,,4,0.6,0.8,0.0355999999999999,0.0764,5,0
openstack,TN,dd13c2784b5aec539197d1b76fafc6a6b38a33e8,llm_counterfactual,qwen36_27b_local,full,0.2,,5,0.6,0.8,0.0355999999999999,0.0764,5,0
openstack,TP,40eaa89a9001edda3e1146831b26aaf7ded64c4a,llm_counterfactual,qwen36_27b_local,full,0.2,,1,1.0,0.8,-0.198,0.198,5,0
openstack,TP,40eaa89a9001edda3e1146831b26aaf7ded64c4a,llm_counterfactual,qwen36_27b_local,full,0.2,,2,1.0,0.8,-0.212,0.212,5,0
openstack,TP,40eaa89a9001edda3e1146831b26aaf7ded64c4a,llm_counterfactual,qwen36_27b_local,full,0.2,,3,1.0,0.8,-0.198,0.198,5,0
openstack,TP,40eaa89a9001edda3e1146831b26aaf7ded64c4a,llm_counterfactual,qwen36_27b_local,full,0.2,,4,1.0,0.8,-0.212,0.212,5,0
openstack,TP,40eaa89a9001edda3e1146831b26aaf7ded64c4a,llm_counterfactual,qwen36_27b_local,full,0.2,,5,1.0,0.8,-0.198,0.198,5,0
openstack,TN,1e6538d43e76b867776cf226e1d6d6c900412f99,llm_counterfactual,qwen36_27b_local,full,0.2,,1,1.0,0.8,-0.0844,0.0844,5,0
openstack,TN,1e6538d43e76b867776cf226e1d6d6c900412f99,llm_counterfactual,qwen36_27b_local,full,0.2,,2,1.0,0.8,-0.082,0.082,5,0
openstack,TN,1e6538d43e76b867776cf226e1d6d6c900412f99,llm_counterfactual,qwen36_27b_local,full,0.2,,3,1.0,0.8,-0.0772,0.0772,5,0
openstack,TN,1e6538d43e76b867776cf226e1d6d6c900412f99,llm_counterfactual,qwen36_27b_local,full,0.2,,4,1.0,0.8,-0.0844,0.0844,5,0
openstack,TN,1e6538d43e76b867776cf226e1d6d6c900412f99,llm_counterfactual,qwen36_27b_local,full,0.2,,5,1.0,0.8,-0.0804,0.0812,5,0
openstack,FP,70de423255fd01822188bb9082a0c0cc1c8ec2d0,llm_counterfactual,qwen36_27b_local,full,0.2,,1,1.0,1.0,-0.3588,0.3588,5,0
openstack,FP,70de423255fd01822188bb9082a0c0cc1c8ec2d0,llm_counterfactual,qwen36_27b_local,full,0.2,,2,1.0,0.8,-0.2872,0.2888,5,0
openstack,FP,70de423255fd01822188bb9082a0c0cc1c8ec2d0,llm_counterfactual,qwen36_27b_local,full,0.2,,3,1.0,0.8,-0.2872,0.2888,5,0
openstack,FP,70de423255fd01822188bb9082a0c0cc1c8ec2d0,llm_counterfactual,qwen36_27b_local,full,0.2,,4,1.0,0.8,-0.3208,0.3224,5,0
openstack,FP,70de423255fd01822188bb9082a0c0cc1c8ec2d0,llm_counterfactual,qwen36_27b_local,full,0.2,,5,1.0,1.0,-0.3588,0.3588,5,0
openstack,TP,56324c12aa58ff9cf46582611b071f3abb743ddf,llm_counterfactual,qwen36_27b_local,full,0.2,,1,0.8,0.8,-0.1712,0.1712,5,0
openstack,TP,56324c12aa58ff9cf46582611b071f3abb743ddf,llm_counterfactual,qwen36_27b_local,full,0.2,,2,0.8,0.8,-0.1736,0.1736,5,0
openstack,TP,56324c12aa58ff9cf46582611b071f3abb743ddf,llm_counterfactual,qwen36_27b_local,full,0.2,,3,1.0,0.8,-0.1624,0.1624,5,0
openstack,TP,56324c12aa58ff9cf46582611b071f3abb743ddf,llm_counterfactual,qwen36_27b_local,full,0.2,,4,0.75,0.75,-0.1695,0.1695,4,0
openstack,TP,56324c12aa58ff9cf46582611b071f3abb743ddf,llm_counterfactual,qwen36_27b_local,full,0.2,,5,1.0,0.6,-0.1544,0.1544,5,0
openstack,FN,848664f646bf087df59778434daa6feae1e71c74,llm_counterfactual,qwen36_27b_local,full,0.2,,1,1.0,1.0,-0.0967999999999999,0.0967999999999999,5,0
openstack,FN,848664f646bf087df59778434daa6feae1e71c74,llm_counterfactual,qwen36_27b_local,full,0.2,,2,1.0,1.0,-0.0967999999999999,0.0967999999999999,5,0
openstack,FN,848664f646bf087df59778434daa6feae1e71c74,llm_counterfactual,qwen36_27b_local,full,0.2,,3,1.0,1.0,-0.0967999999999999,0.0967999999999999,5,0
openstack,FN,848664f646bf087df59778434daa6feae1e71c74,llm_counterfactual,qwen36_27b_local,full,0.2,,4,1.0,1.0,-0.0943999999999999,0.0943999999999999,5,0
openstack,FN,848664f646bf087df59778434daa6feae1e71c74,llm_counterfactual,qwen36_27b_local,full,0.2,,5,1.0,1.0,-0.1063999999999999,0.1063999999999999,5,0
openstack,FN,91a8cd2952a25b340f5778cace95910e43cbcbb6,llm_counterfactual,qwen36_27b_local,full,0.2,,1,0.8,0.2,0.0243999999999999,0.0283999999999999,5,0
openstack,FN,91a8cd2952a25b340f5778cace95910e43cbcbb6,llm_counterfactual,qwen36_27b_local,full,0.2,,2,0.8,0.2,0.0243999999999999,0.0283999999999999,5,0
openstack,FN,91a8cd2952a25b340f5778cace95910e43cbcbb6,llm_counterfactual,qwen36_27b_local,full,0.2,,3,0.8,0.2,0.0243999999999999,0.0283999999999999,5,0
openstack,FN,91a8cd2952a25b340f5778cace95910e43cbcbb6,llm_counterfactual,qwen36_27b_local,full,0.2,,4,0.8,0.4,-0.0056,0.0583999999999999,5,0
openstack,FN,91a8cd2952a25b340f5778cace95910e43cbcbb6,llm_counterfactual,qwen36_27b_local,full,0.2,,5,0.8,0.2,0.0231999999999999,0.0295999999999999,5,0
openstack,FN,d402747547e1a356c6c2c20b57f52af39b63e831,llm_counterfactual,qwen36_27b_local,full,0.2,,1,0.8,0.8,-0.0123999999999999,0.046,5,0
openstack,FN,d402747547e1a356c6c2c20b57f52af39b63e831,llm_counterfactual,qwen36_27b_local,full,0.2,,2,0.8,1.0,-0.0067999999999999,0.0516,5,0
openstack,FN,d402747547e1a356c6c2c20b57f52af39b63e831,llm_counterfactual,qwen36_27b_local,full,0.2,,3,0.8,0.8,-0.0127999999999999,0.0455999999999999,5,0
openstack,FN,d402747547e1a356c6c2c20b57f52af39b63e831,llm_counterfactual,qwen36_27b_local,full,0.2,,4,0.4,1.0,-0.0583999999999999,0.0871999999999999,5,0
openstack,FN,d402747547e1a356c6c2c20b57f52af39b63e831,llm_counterfactual,qwen36_27b_local,full,0.2,,5,0.8,0.8,-0.0123999999999999,0.046,5,0
openstack,TN,348b7a9f7d64094d60ece0460aed02b66c52f1b1,llm_counterfactual,qwen36_27b_local,full,0.2,,1,0.8,0.2,0.0064,0.0192,5,0
openstack,TN,348b7a9f7d64094d60ece0460aed02b66c52f1b1,llm_counterfactual,qwen36_27b_local,full,0.2,,2,0.8,0.4,-0.0964,0.1092,5,0
openstack,TN,348b7a9f7d64094d60ece0460aed02b66c52f1b1,llm_counterfactual,qwen36_27b_local,full,0.2,,3,0.8,0.4,-0.0924,0.1124,5,0
openstack,TN,348b7a9f7d64094d60ece0460aed02b66c52f1b1,llm_counterfactual,qwen36_27b_local,full,0.2,,4,0.6,0.4,-0.0924,0.1124,5,0
openstack,TN,348b7a9f7d64094d60ece0460aed02b66c52f1b1,llm_counterfactual,qwen36_27b_local,full,0.2,,5,0.8,0.4,-0.0924,0.1124,5,0
openstack,FP,2bb9e5563c69f79d5da23668b08dd9c88f9d4348,llm_counterfactual,qwen36_27b_local,full,0.2,,1,0.8,1.0,-0.1359999999999999,0.1359999999999999,5,0
openstack,FP,2bb9e5563c69f79d5da23668b08dd9c88f9d4348,llm_counterfactual,qwen36_27b_local,full,0.2,,2,1.0,0.8,-0.1151999999999999,0.1151999999999999,5,0
openstack,FP,2bb9e5563c69f79d5da23668b08dd9c88f9d4348,llm_counterfactual,qwen36_27b_local,full,0.2,,3,1.0,1.0,-0.1919999999999999,0.1919999999999999,5,0
openstack,FP,2bb9e5563c69f79d5da23668b08dd9c88f9d4348,llm_counterfactual,qwen36_27b_local,full,0.2,,4,1.0,1.0,-0.1359999999999999,0.1359999999999999,5,0
openstack,FP,2bb9e5563c69f79d5da23668b08dd9c88f9d4348,llm_counterfactual,qwen36_27b_local,full,0.2,,5,0.8,1.0,-0.1359999999999999,0.1359999999999999,5,0
openstack,TP,5f2b88b1aafb9a35638e54f796685f633428b6a5,llm_counterfactual,qwen36_27b_local,full,0.2,,1,0.6,0.8,-0.1656,0.1656,5,0
openstack,TP,5f2b88b1aafb9a35638e54f796685f633428b6a5,llm_counterfactual,qwen36_27b_local,full,0.2,,2,0.8,1.0,-0.1715999999999999,0.1715999999999999,5,0
openstack,TP,5f2b88b1aafb9a35638e54f796685f633428b6a5,llm_counterfactual,qwen36_27b_local,full,0.2,,3,0.6,1.0,-0.178,0.178,5,0
openstack,TP,5f2b88b1aafb9a35638e54f796685f633428b6a5,llm_counterfactual,qwen36_27b_local,full,0.2,,4,0.8,0.8,-0.1436,0.1436,5,0
openstack,TP,5f2b88b1aafb9a35638e54f796685f633428b6a5,llm_counterfactual,qwen36_27b_local,full,0.2,,5,0.8,1.0,-0.1559999999999999,0.1559999999999999,5,0
openstack,FN,017dd6b4bcf92c14d49421268cb571c00879f3cc,llm_counterfactual,qwen36_27b_local,full,0.2,,1,0.8,0.6,0.0708,0.078,5,0
openstack,FN,017dd6b4bcf92c14d49421268cb571c00879f3cc,llm_counterfactual,qwen36_27b_local,full,0.2,,2,0.4,0.8,0.0872,0.0904,5,0
openstack,FN,017dd6b4bcf92c14d49421268cb571c00879f3cc,llm_counterfactual,qwen36_27b_local,full,0.2,,3,0.8,0.4,0.0572,0.0652,5,0
openstack,FN,017dd6b4bcf92c14d49421268cb571c00879f3cc,llm_counterfactual,qwen36_27b_local,full,0.2,,4,1.0,0.6,0.0672,0.0712,5,0
openstack,FN,017dd6b4bcf92c14d49421268cb571c00879f3cc,llm_counterfactual,qwen36_27b_local,full,0.2,,5,0.75,0.5,0.0675,0.0725,4,0
openstack,FP,41d6b479fe8baf66578044b8773c3b892d64a2c4,llm_counterfactual,qwen36_27b_local,full,0.2,,1,1.0,0.8,-0.1275999999999999,0.1355999999999999,5,0
openstack,FP,41d6b479fe8baf66578044b8773c3b892d64a2c4,llm_counterfactual,qwen36_27b_local,full,0.2,,2,1.0,0.8,-0.1195999999999999,0.1275999999999999,5,0
openstack,FP,41d6b479fe8baf66578044b8773c3b892d64a2c4,llm_counterfactual,qwen36_27b_local,full,0.2,,3,1.0,1.0,-0.1531999999999999,0.1531999999999999,5,0
openstack,FP,41d6b479fe8baf66578044b8773c3b892d64a2c4,llm_counterfactual,qwen36_27b_local,full,0.2,,4,1.0,0.8,-0.1195999999999999,0.1275999999999999,5,0
openstack,FP,41d6b479fe8baf66578044b8773c3b892d64a2c4,llm_counterfactual,qwen36_27b_local,full,0.2,,5,1.0,1.0,-0.1651999999999999,0.1651999999999999,5,0
openstack,FN,913a99c79456abbfef1642e6dc70e6a4ff4e25db,llm_counterfactual,qwen36_27b_local,full,0.2,,1,0.2,0.6,0.1088,0.1096,5,0
openstack,FN,913a99c79456abbfef1642e6dc70e6a4ff4e25db,llm_counterfactual,qwen36_27b_local,full,0.2,,2,0.2,0.6,0.1112,0.112,5,0
openstack,FN,913a99c79456abbfef1642e6dc70e6a4ff4e25db,llm_counterfactual,qwen36_27b_local,full,0.2,,3,0.8,0.6,0.1072,0.108,5,0
openstack,FN,913a99c79456abbfef1642e6dc70e6a4ff4e25db,llm_counterfactual,qwen36_27b_local,full,0.2,,4,0.6,0.6,0.1072,0.108,5,0
openstack,FN,913a99c79456abbfef1642e6dc70e6a4ff4e25db,llm_counterfactual,qwen36_27b_local,full,0.2,,5,0.2,0.8,0.0852,0.1284,5,0
openstack,FP,e4ea54104ec38f5fe4c792d4d3d1865de34bb4c3,llm_counterfactual,qwen36_27b_local,full,0.2,,1,0.8,1.0,-0.1587999999999999,0.1587999999999999,5,0
openstack,FP,e4ea54104ec38f5fe4c792d4d3d1865de34bb4c3,llm_counterfactual,qwen36_27b_local,full,0.2,,2,0.8,1.0,-0.1587999999999999,0.1587999999999999,5,0
openstack,FP,e4ea54104ec38f5fe4c792d4d3d1865de34bb4c3,llm_counterfactual,qwen36_27b_local,full,0.2,,3,0.8,1.0,-0.1587999999999999,0.1587999999999999,5,0
openstack,FP,e4ea54104ec38f5fe4c792d4d3d1865de34bb4c3,llm_counterfactual,qwen36_27b_local,full,0.2,,4,0.8,0.8,-0.1383999999999999,0.1391999999999999,5,0
openstack,FP,e4ea54104ec38f5fe4c792d4d3d1865de34bb4c3,llm_counterfactual,qwen36_27b_local,full,0.2,,5,0.8,1.0,-0.1587999999999999,0.1587999999999999,5,0
openstack,FN,1c6b2fce289b68af92afeddf8d30efcda1903f06,llm_counterfactual,qwen36_27b_local,full,0.2,,1,0.8,0.6,0.0196,0.0411999999999999,5,0
openstack,FN,1c6b2fce289b68af92afeddf8d30efcda1903f06,llm_counterfactual,qwen36_27b_local,full,0.2,,2,0.8,0.6,0.0196,0.0411999999999999,5,0
openstack,FN,1c6b2fce289b68af92afeddf8d30efcda1903f06,llm_counterfactual,qwen36_27b_local,full,0.2,,3,0.8,0.6,0.0196,0.0411999999999999,5,0
openstack,FN,1c6b2fce289b68af92afeddf8d30efcda1903f06,llm_counterfactual,qwen36_27b_local,full,0.2,,4,0.8,0.2,0.0284,0.0324,5,0
openstack,FN,1c6b2fce289b68af92afeddf8d30efcda1903f06,llm_counterfactual,qwen36_27b_local,full,0.2,,5,0.8,0.2,0.0284,0.0324,5,0
openstack,FN,8ccdc4ac5053c6e39660044a9f8c1f695370e9a7,llm_counterfactual,qwen36_27b_local,full,0.2,,1,0.4,0.8,0.0408,0.0552,5,0
openstack,FN,8ccdc4ac5053c6e39660044a9f8c1f695370e9a7,llm_counterfactual,qwen36_27b_local,full,0.2,,2,0.8,1.0,0.0496,0.064,5,0
openstack,FN,8ccdc4ac5053c6e39660044a9f8c1f695370e9a7,llm_counterfactual,qwen36_27b_local,full,0.2,,3,0.6,0.8,0.0408,0.0552,5,0
openstack,FN,8ccdc4ac5053c6e39660044a9f8c1f695370e9a7,llm_counterfactual,qwen36_27b_local,full,0.2,,4,0.6,0.8,0.0408,0.0552,5,0
openstack,FN,8ccdc4ac5053c6e39660044a9f8c1f695370e9a7,llm_counterfactual,qwen36_27b_local,full,0.2,,5,0.6,1.0,0.0476,0.062,5,0
openstack,FP,a985e34cdeef777fe7ff943e363a5f1be6d991b7,llm_counterfactual,qwen36_27b_local,full,0.2,,1,1.0,0.8,-0.102,0.1044,5,0
openstack,FP,a985e34cdeef777fe7ff943e363a5f1be6d991b7,llm_counterfactual,qwen36_27b_local,full,0.2,,2,1.0,0.8,-0.102,0.1044,5,0
openstack,FP,a985e34cdeef777fe7ff943e363a5f1be6d991b7,llm_counterfactual,qwen36_27b_local,full,0.2,,3,0.6,0.8,-0.0908,0.0932,5,0
openstack,FP,a985e34cdeef777fe7ff943e363a5f1be6d991b7,llm_counterfactual,qwen36_27b_local,full,0.2,,4,1.0,0.8,-0.0832,0.0856,5,0
openstack,FP,a985e34cdeef777fe7ff943e363a5f1be6d991b7,llm_counterfactual,qwen36_27b_local,full,0.2,,5,0.6,0.8,-0.102,0.1044,5,0
openstack,TP,3b28cb2a10f7746a32cb7f7b62b6fc92ebcfb1e5,llm_counterfactual,qwen36_27b_local,full,0.2,,1,1.0,1.0,-0.2072,0.2072,5,0
openstack,TP,3b28cb2a10f7746a32cb7f7b62b6fc92ebcfb1e5,llm_counterfactual,qwen36_27b_local,full,0.2,,2,1.0,1.0,-0.2072,0.2072,5,0
openstack,TP,3b28cb2a10f7746a32cb7f7b62b6fc92ebcfb1e5,llm_counterfactual,qwen36_27b_local,full,0.2,,3,1.0,1.0,-0.2072,0.2072,5,0
openstack,TP,3b28cb2a10f7746a32cb7f7b62b6fc92ebcfb1e5,llm_counterfactual,qwen36_27b_local,full,0.2,,4,1.0,0.8,-0.2016,0.208,5,0
openstack,TP,3b28cb2a10f7746a32cb7f7b62b6fc92ebcfb1e5,llm_counterfactual,qwen36_27b_local,full,0.2,,5,1.0,0.8,-0.21,0.2164,5,0
openstack,FN,c2c37272bf788aac63399127cddd487dc0f15c38,llm_counterfactual,qwen36_27b_local,full,0.2,,1,0.4,0.4,-0.0108,0.0252,5,0
openstack,FN,c2c37272bf788aac63399127cddd487dc0f15c38,llm_counterfactual,qwen36_27b_local,full,0.2,,2,0.4,0.4,-0.0108,0.0252,5,0
openstack,FN,c2c37272bf788aac63399127cddd487dc0f15c38,llm_counterfactual,qwen36_27b_local,full,0.2,,3,0.4,0.4,-0.0108,0.0252,5,0
openstack,FN,c2c37272bf788aac63399127cddd487dc0f15c38,llm_counterfactual,qwen36_27b_local,full,0.2,,4,0.4,0.4,-0.0108,0.0252,5,0
openstack,FN,c2c37272bf788aac63399127cddd487dc0f15c38,llm_counterfactual,qwen36_27b_local,full,0.2,,5,0.8,0.6,-0.0296,0.0424,5,0
openstack,FN,37510ac03478704bafba89e8c4f4e0e9041d661d,llm_counterfactual,qwen36_27b_local,full,0.2,,1,0.8,0.8,0.1076,0.1076,5,0
openstack,FN,37510ac03478704bafba89e8c4f4e0e9041d661d,llm_counterfactual,qwen36_27b_local,full,0.2,,2,0.8,0.6,0.0912,0.0912,5,0
openstack,FN,37510ac03478704bafba89e8c4f4e0e9041d661d,llm_counterfactual,qwen36_27b_local,full,0.2,,3,0.8,0.8,0.1016,0.1016,5,0
openstack,FN,37510ac03478704bafba89e8c4f4e0e9041d661d,llm_counterfactual,qwen36_27b_local,full,0.2,,4,0.8,0.8,0.1076,0.1076,5,0
openstack,FN,37510ac03478704bafba89e8c4f4e0e9041d661d,llm_counterfactual,qwen36_27b_local,full,0.2,,5,1.0,0.8,0.1076,0.1076,5,0
openstack,TN,5cc9d999352c21d3f4b5c39d3ea9d4378ca86544,llm_counterfactual,qwen36_27b_local,full,0.2,,1,0.2,0.8,0.0436,0.0612,5,0
openstack,TN,5cc9d999352c21d3f4b5c39d3ea9d4378ca86544,llm_counterfactual,qwen36_27b_local,full,0.2,,2,0.2,0.8,0.0436,0.0612,5,0
openstack,TN,5cc9d999352c21d3f4b5c39d3ea9d4378ca86544,llm_counterfactual,qwen36_27b_local,full,0.2,,3,0.2,0.8,0.0436,0.0612,5,0
openstack,TN,5cc9d999352c21d3f4b5c39d3ea9d4378ca86544,llm_counterfactual,qwen36_27b_local,full,0.2,,4,0.2,0.8,0.0436,0.0612,5,0
openstack,TN,5cc9d999352c21d3f4b5c39d3ea9d4378ca86544,llm_counterfactual,qwen36_27b_local,full,0.2,,5,0.4,0.6,0.028,0.0504,5,0
openstack,FP,ce12d7a1e53fffce57baab18de2ab885ba1df8ee,llm_counterfactual,qwen36_27b_local,full,0.2,,1,0.8,0.4,-0.0772,0.086,5,0
openstack,FP,ce12d7a1e53fffce57baab18de2ab885ba1df8ee,llm_counterfactual,qwen36_27b_local,full,0.2,,2,0.8,0.4,-0.0772,0.086,5,0
openstack,FP,ce12d7a1e53fffce57baab18de2ab885ba1df8ee,llm_counterfactual,qwen36_27b_local,full,0.2,,3,0.8,0.4,-0.0772,0.086,5,0
openstack,FP,ce12d7a1e53fffce57baab18de2ab885ba1df8ee,llm_counterfactual,qwen36_27b_local,full,0.2,,4,0.8,0.4,-0.0772,0.086,5,0
openstack,FP,ce12d7a1e53fffce57baab18de2ab885ba1df8ee,llm_counterfactual,qwen36_27b_local,full,0.2,,5,0.8,0.4,-0.0772,0.086,5,0
openstack,FN,221f386029faf499c5a445374685cba5b67df31e,llm_counterfactual,qwen36_27b_local,full,0.2,,1,0.2,0.6,0.0768,0.0768,5,0
openstack,FN,221f386029faf499c5a445374685cba5b67df31e,llm_counterfactual,qwen36_27b_local,full,0.2,,2,0.2,0.6,0.0768,0.0768,5,0
openstack,FN,221f386029faf499c5a445374685cba5b67df31e,llm_counterfactual,qwen36_27b_local,full,0.2,,3,0.2,0.6,0.0768,0.0768,5,0
openstack,FN,221f386029faf499c5a445374685cba5b67df31e,llm_counterfactual,qwen36_27b_local,full,0.2,,4,0.2,0.6,0.0348,0.0636,5,0
openstack,FN,221f386029faf499c5a445374685cba5b67df31e,llm_counterfactual,qwen36_27b_local,full,0.2,,5,0.2,0.6,0.0348,0.0636,5,0
openstack,FP,3eea37b85b1abc72786a2b24baf01141b4d95f08,llm_counterfactual,qwen36_27b_local,full,0.2,,1,1.0,0.8,-0.12,0.1216,5,0
openstack,FP,3eea37b85b1abc72786a2b24baf01141b4d95f08,llm_counterfactual,qwen36_27b_local,full,0.2,,2,1.0,0.8,-0.1228,0.1244,5,0
openstack,FP,3eea37b85b1abc72786a2b24baf01141b4d95f08,llm_counterfactual,qwen36_27b_local,full,0.2,,3,1.0,1.0,-0.146,0.146,5,0
openstack,FP,3eea37b85b1abc72786a2b24baf01141b4d95f08,llm_counterfactual,qwen36_27b_local,full,0.2,,4,1.0,1.0,-0.146,0.146,5,0
openstack,FP,3eea37b85b1abc72786a2b24baf01141b4d95f08,llm_counterfactual,qwen36_27b_local,full,0.2,,5,1.0,1.0,-0.146,0.146,5,0
openstack,FN,589c495c1ae62129e20ab5e2641e330541eee01f,llm_counterfactual,qwen36_27b_local,full,0.2,,1,0.4,0.8,0.0879999999999999,0.0879999999999999,5,0
openstack,FN,589c495c1ae62129e20ab5e2641e330541eee01f,llm_counterfactual,qwen36_27b_local,full,0.2,,2,0.4,0.8,0.0879999999999999,0.0879999999999999,5,0
openstack,FN,589c495c1ae62129e20ab5e2641e330541eee01f,llm_counterfactual,qwen36_27b_local,full,0.2,,3,0.4,0.8,0.0879999999999999,0.0879999999999999,5,0
openstack,FN,589c495c1ae62129e20ab5e2641e330541eee01f,llm_counterfactual,qwen36_27b_local,full,0.2,,4,0.4,0.8,0.0879999999999999,0.0879999999999999,5,0
openstack,FN,589c495c1ae62129e20ab5e2641e330541eee01f,llm_counterfactual,qwen36_27b_local,full,0.2,,5,0.4,0.8,0.0879999999999999,0.0879999999999999,5,0
openstack,FP,750e065d6d137715dd03d5c90623145177f64cbb,llm_counterfactual,qwen36_27b_local,full,0.2,,1,0.6,0.8,-0.1556,0.1556,5,0
openstack,FP,750e065d6d137715dd03d5c90623145177f64cbb,llm_counterfactual,qwen36_27b_local,full,0.2,,2,0.6,0.8,-0.1556,0.1556,5,0
openstack,FP,750e065d6d137715dd03d5c90623145177f64cbb,llm_counterfactual,qwen36_27b_local,full,0.2,,3,0.6,0.8,-0.1556,0.1556,5,0
openstack,FP,750e065d6d137715dd03d5c90623145177f64cbb,llm_counterfactual,qwen36_27b_local,full,0.2,,4,0.6,0.8,-0.1556,0.1556,5,0
openstack,FP,750e065d6d137715dd03d5c90623145177f64cbb,llm_counterfactual,qwen36_27b_local,full,0.2,,5,0.6,0.8,-0.1556,0.1556,5,0
openstack,FP,4b53e4edf9f7f8c794316d3a0920d727723d1bab,llm_kernelshap,qwen36_27b_local,full,0.2,,1,0.8,0.8,-0.236,0.24,5,0
openstack,FP,4b53e4edf9f7f8c794316d3a0920d727723d1bab,llm_kernelshap,qwen36_27b_local,full,0.2,,2,0.8,0.8,-0.2264,0.2304,5,0
openstack,FP,4b53e4edf9f7f8c794316d3a0920d727723d1bab,llm_kernelshap,qwen36_27b_local,full,0.2,,3,0.8,0.8,-0.236,0.24,5,0
openstack,FP,4b53e4edf9f7f8c794316d3a0920d727723d1bab,llm_kernelshap,qwen36_27b_local,full,0.2,,4,0.8,0.8,-0.236,0.24,5,0
openstack,FP,4b53e4edf9f7f8c794316d3a0920d727723d1bab,llm_kernelshap,qwen36_27b_local,full,0.2,,5,0.8,0.8,-0.236,0.24,5,0
openstack,TN,467b4e4d419f0ca5db8468516d64ffec5cedc67e,llm_kernelshap,qwen36_27b_local,full,0.2,,1,0.6,1.0,-0.1044,0.1044,5,0
openstack,TN,467b4e4d419f0ca5db8468516d64ffec5cedc67e,llm_kernelshap,qwen36_27b_local,full,0.2,,2,0.8,1.0,-0.11,0.11,5,0
openstack,TN,467b4e4d419f0ca5db8468516d64ffec5cedc67e,llm_kernelshap,qwen36_27b_local,full,0.2,,3,0.6,1.0,-0.1044,0.1044,5,0
openstack,TN,467b4e4d419f0ca5db8468516d64ffec5cedc67e,llm_kernelshap,qwen36_27b_local,full,0.2,,4,0.6,1.0,-0.1056,0.1056,5,0
openstack,TN,467b4e4d419f0ca5db8468516d64ffec5cedc67e,llm_kernelshap,qwen36_27b_local,full,0.2,,5,0.6,1.0,-0.1044,0.1044,5,0
openstack,TP,eaf6340847c35ace3b4b681a95b8a79a7a3f2491,llm_kernelshap,qwen36_27b_local,full,0.2,,1,0.8,0.8,-0.172,0.1744,5,0
openstack,TP,eaf6340847c35ace3b4b681a95b8a79a7a3f2491,llm_kernelshap,qwen36_27b_local,full,0.2,,2,0.8,0.8,-0.172,0.1744,5,0
openstack,TP,eaf6340847c35ace3b4b681a95b8a79a7a3f2491,llm_kernelshap,qwen36_27b_local,full,0.2,,3,0.8,0.8,-0.172,0.1744,5,0
openstack,TP,eaf6340847c35ace3b4b681a95b8a79a7a3f2491,llm_kernelshap,qwen36_27b_local,full,0.2,,4,0.8,0.8,-0.172,0.1744,5,0
openstack,TP,eaf6340847c35ace3b4b681a95b8a79a7a3f2491,llm_kernelshap,qwen36_27b_local,full,0.2,,5,0.8,0.8,-0.172,0.1744,5,0
openstack,TP,fd351903a1759109f66d0c66d42cd3a1b7f23861,llm_kernelshap,qwen36_27b_local,full,0.2,,1,0.8,1.0,-0.2128,0.2128,5,0
openstack,TP,fd351903a1759109f66d0c66d42cd3a1b7f23861,llm_kernelshap,qwen36_27b_local,full,0.2,,2,0.8,1.0,-0.2128,0.2128,5,0
openstack,TP,fd351903a1759109f66d0c66d42cd3a1b7f23861,llm_kernelshap,qwen36_27b_local,full,0.2,,3,0.8,1.0,-0.2128,0.2128,5,0
openstack,TP,fd351903a1759109f66d0c66d42cd3a1b7f23861,llm_kernelshap,qwen36_27b_local,full,0.2,,4,0.8,1.0,-0.2156,0.2156,5,0
openstack,TP,fd351903a1759109f66d0c66d42cd3a1b7f23861,llm_kernelshap,qwen36_27b_local,full,0.2,,5,0.8,1.0,-0.2156,0.2156,5,0
openstack,FP,2530ccff8f0a0105d1626c65616080b27682e129,llm_kernelshap,qwen36_27b_local,full,0.2,,1,0.8,0.8,-0.1331999999999999,0.1427999999999999,5,0
openstack,FP,2530ccff8f0a0105d1626c65616080b27682e129,llm_kernelshap,qwen36_27b_local,full,0.2,,2,1.0,1.0,-0.2115999999999999,0.2115999999999999,5,0
openstack,FP,2530ccff8f0a0105d1626c65616080b27682e129,llm_kernelshap,qwen36_27b_local,full,0.2,,3,0.8,0.8,-0.1311999999999999,0.1407999999999999,5,0
openstack,FP,2530ccff8f0a0105d1626c65616080b27682e129,llm_kernelshap,qwen36_27b_local,full,0.2,,4,0.8,0.8,-0.1311999999999999,0.1407999999999999,5,0
openstack,FP,2530ccff8f0a0105d1626c65616080b27682e129,llm_kernelshap,qwen36_27b_local,full,0.2,,5,0.6,0.6,-0.1447999999999999,0.164,5,0
openstack,FN,1476b030bd53deddd85468c0d8b545d8f8f30f19,llm_kernelshap,qwen36_27b_local,full,0.2,,1,0.8,1.0,-0.0295999999999999,0.0431999999999999,5,0
openstack,FN,1476b030bd53deddd85468c0d8b545d8f8f30f19,llm_kernelshap,qwen36_27b_local,full,0.2,,2,0.8,0.8,-0.0195999999999999,0.0387999999999999,5,0
openstack,FN,1476b030bd53deddd85468c0d8b545d8f8f30f19,llm_kernelshap,qwen36_27b_local,full,0.2,,3,0.8,1.0,-0.0495999999999999,0.0495999999999999,5,0
openstack,FN,1476b030bd53deddd85468c0d8b545d8f8f30f19,llm_kernelshap,qwen36_27b_local,full,0.2,,4,0.8,0.8,-0.0279999999999999,0.0415999999999999,5,0
openstack,FN,1476b030bd53deddd85468c0d8b545d8f8f30f19,llm_kernelshap,qwen36_27b_local,full,0.2,,5,0.8,0.6,-0.0119999999999999,0.0311999999999999,5,0
openstack,TP,83a5f90f82b40be4c74685f557d6af0f8a3b1a30,llm_kernelshap,qwen36_27b_local,full,0.2,,1,0.8,1.0,-0.2492,0.2492,5,0
openstack,TP,83a5f90f82b40be4c74685f557d6af0f8a3b1a30,llm_kernelshap,qwen36_27b_local,full,0.2,,2,0.8,1.0,-0.2492,0.2492,5,0
openstack,TP,83a5f90f82b40be4c74685f557d6af0f8a3b1a30,llm_kernelshap,qwen36_27b_local,full,0.2,,3,0.8,1.0,-0.2492,0.2492,5,0
openstack,TP,83a5f90f82b40be4c74685f557d6af0f8a3b1a30,llm_kernelshap,qwen36_27b_local,full,0.2,,4,0.6,1.0,-0.2492,0.2492,5,0
openstack,TP,83a5f90f82b40be4c74685f557d6af0f8a3b1a30,llm_kernelshap,qwen36_27b_local,full,0.2,,5,0.8,1.0,-0.2492,0.2492,5,0
openstack,TP,6f1a1f5e8ead9ceb145e13927cd9ae7fdca9add4,llm_kernelshap,qwen36_27b_local,full,0.2,,1,0.8,1.0,-0.208,0.2224,5,0
openstack,TP,6f1a1f5e8ead9ceb145e13927cd9ae7fdca9add4,llm_kernelshap,qwen36_27b_local,full,0.2,,2,0.8,1.0,-0.1996,0.214,5,0
openstack,TP,6f1a1f5e8ead9ceb145e13927cd9ae7fdca9add4,llm_kernelshap,qwen36_27b_local,full,0.2,,3,0.6,1.0,-0.1896,0.204,5,0
openstack,TP,6f1a1f5e8ead9ceb145e13927cd9ae7fdca9add4,llm_kernelshap,qwen36_27b_local,full,0.2,,4,0.8,1.0,-0.2276,0.2276,5,0
openstack,TP,6f1a1f5e8ead9ceb145e13927cd9ae7fdca9add4,llm_kernelshap,qwen36_27b_local,full,0.2,,5,0.6,1.0,-0.1836,0.198,5,0
openstack,FP,e847eed4a5600b6812338bb4903a0cffcde7f1f3,llm_kernelshap,qwen36_27b_local,full,0.2,,1,1.0,1.0,-0.244,0.244,5,0
openstack,FP,e847eed4a5600b6812338bb4903a0cffcde7f1f3,llm_kernelshap,qwen36_27b_local,full,0.2,,2,0.8,1.0,-0.194,0.194,5,0
openstack,FP,e847eed4a5600b6812338bb4903a0cffcde7f1f3,llm_kernelshap,qwen36_27b_local,full,0.2,,3,1.0,1.0,-0.244,0.244,5,0
openstack,FP,e847eed4a5600b6812338bb4903a0cffcde7f1f3,llm_kernelshap,qwen36_27b_local,full,0.2,,4,0.8,1.0,-0.1888,0.1888,5,0
openstack,FP,e847eed4a5600b6812338bb4903a0cffcde7f1f3,llm_kernelshap,qwen36_27b_local,full,0.2,,5,0.8,1.0,-0.1888,0.1888,5,0
openstack,TP,e7bdd19f0ed7d4c61d195735ee43a11da78f97d6,llm_kernelshap,qwen36_27b_local,full,0.2,,1,1.0,1.0,-0.3832,0.3832,5,0
openstack,TP,e7bdd19f0ed7d4c61d195735ee43a11da78f97d6,llm_kernelshap,qwen36_27b_local,full,0.2,,2,1.0,1.0,-0.3848,0.3848,5,0
openstack,TP,e7bdd19f0ed7d4c61d195735ee43a11da78f97d6,llm_kernelshap,qwen36_27b_local,full,0.2,,3,1.0,1.0,-0.4176,0.4176,5,0
openstack,TP,e7bdd19f0ed7d4c61d195735ee43a11da78f97d6,llm_kernelshap,qwen36_27b_local,full,0.2,,4,1.0,1.0,-0.4136,0.4136,5,0
openstack,TP,e7bdd19f0ed7d4c61d195735ee43a11da78f97d6,llm_kernelshap,qwen36_27b_local,full,0.2,,5,1.0,1.0,-0.4136,0.4136,5,0
openstack,TN,936f765b855d7af14ae557383f0dcc6fd9e8655c,llm_kernelshap,qwen36_27b_local,full,0.2,,1,0.8,0.8,-0.0591999999999999,0.0591999999999999,5,0
openstack,TN,936f765b855d7af14ae557383f0dcc6fd9e8655c,llm_kernelshap,qwen36_27b_local,full,0.2,,2,0.8,0.8,-0.0559999999999999,0.0559999999999999,5,0
openstack,TN,936f765b855d7af14ae557383f0dcc6fd9e8655c,llm_kernelshap,qwen36_27b_local,full,0.2,,3,0.8,0.8,-0.0651999999999999,0.0651999999999999,5,0
openstack,TN,936f765b855d7af14ae557383f0dcc6fd9e8655c,llm_kernelshap,qwen36_27b_local,full,0.2,,4,0.8,0.8,-0.0607999999999999,0.0607999999999999,5,0
openstack,TN,936f765b855d7af14ae557383f0dcc6fd9e8655c,llm_kernelshap,qwen36_27b_local,full,0.2,,5,0.8,0.8,-0.0663999999999999,0.0663999999999999,5,0
openstack,FP,034db863a02ce38a520e4b8aa3a65e1ccdb37f30,llm_kernelshap,qwen36_27b_local,full,0.2,,1,0.8,1.0,-0.1852,0.2076,5,0
openstack,FP,034db863a02ce38a520e4b8aa3a65e1ccdb37f30,llm_kernelshap,qwen36_27b_local,full,0.2,,2,0.8,1.0,-0.1852,0.2076,5,0
openstack,FP,034db863a02ce38a520e4b8aa3a65e1ccdb37f30,llm_kernelshap,qwen36_27b_local,full,0.2,,3,1.0,1.0,-0.2332,0.2332,5,0
openstack,FP,034db863a02ce38a520e4b8aa3a65e1ccdb37f30,llm_kernelshap,qwen36_27b_local,full,0.2,,4,0.6,1.0,-0.1852,0.2076,5,0
openstack,FP,034db863a02ce38a520e4b8aa3a65e1ccdb37f30,llm_kernelshap,qwen36_27b_local,full,0.2,,5,1.0,1.0,-0.2332,0.2332,5,0
openstack,FN,ab1cb6378f136ae8adcb0027385b43763e402cca,llm_kernelshap,qwen36_27b_local,full,0.2,,1,0.6,1.0,-0.008,0.0688,5,0
openstack,FN,ab1cb6378f136ae8adcb0027385b43763e402cca,llm_kernelshap,qwen36_27b_local,full,0.2,,2,0.6,0.8,-0.0168,0.0648,5,0
openstack,FN,ab1cb6378f136ae8adcb0027385b43763e402cca,llm_kernelshap,qwen36_27b_local,full,0.2,,3,0.6,1.0,-0.008,0.0688,5,0
openstack,FN,ab1cb6378f136ae8adcb0027385b43763e402cca,llm_kernelshap,qwen36_27b_local,full,0.2,,4,0.8,1.0,0.0195999999999999,0.0684,5,0
openstack,FN,ab1cb6378f136ae8adcb0027385b43763e402cca,llm_kernelshap,qwen36_27b_local,full,0.2,,5,0.6,1.0,-0.008,0.0688,5,0
openstack,TP,7cfdf4aa811fb708d9fed4e36aec79c26d19cfee,llm_kernelshap,qwen36_27b_local,full,0.2,,1,1.0,1.0,-0.2619999999999999,0.2619999999999999,5,0
openstack,TP,7cfdf4aa811fb708d9fed4e36aec79c26d19cfee,llm_kernelshap,qwen36_27b_local,full,0.2,,2,1.0,1.0,-0.2619999999999999,0.2619999999999999,5,0
openstack,TP,7cfdf4aa811fb708d9fed4e36aec79c26d19cfee,llm_kernelshap,qwen36_27b_local,full,0.2,,3,1.0,1.0,-0.2547999999999999,0.2547999999999999,5,0
openstack,TP,7cfdf4aa811fb708d9fed4e36aec79c26d19cfee,llm_kernelshap,qwen36_27b_local,full,0.2,,4,1.0,1.0,-0.2619999999999999,0.2619999999999999,5,0
openstack,TP,7cfdf4aa811fb708d9fed4e36aec79c26d19cfee,llm_kernelshap,qwen36_27b_local,full,0.2,,5,1.0,1.0,-0.2619999999999999,0.2619999999999999,5,0
openstack,TP,e55a5f412bf6bc343eb8bb11348afe57c2012066,llm_kernelshap,qwen36_27b_local,full,0.2,,1,1.0,1.0,-0.2484,0.2484,5,0
openstack,TP,e55a5f412bf6bc343eb8bb11348afe57c2012066,llm_kernelshap,qwen36_27b_local,full,0.2,,2,1.0,1.0,-0.2572,0.2572,5,0
openstack,TP,e55a5f412bf6bc343eb8bb11348afe57c2012066,llm_kernelshap,qwen36_27b_local,full,0.2,,3,1.0,1.0,-0.2484,0.2484,5,0
openstack,TP,e55a5f412bf6bc343eb8bb11348afe57c2012066,llm_kernelshap,qwen36_27b_local,full,0.2,,4,1.0,1.0,-0.2348,0.2348,5,0
openstack,TP,e55a5f412bf6bc343eb8bb11348afe57c2012066,llm_kernelshap,qwen36_27b_local,full,0.2,,5,1.0,1.0,-0.24,0.24,5,0
openstack,TN,8b44c9df29572efca928c1d36fa3e7a90e94caa0,llm_kernelshap,qwen36_27b_local,full,0.2,,1,0.4,0.2,-0.0128,0.0152,5,0
openstack,TN,8b44c9df29572efca928c1d36fa3e7a90e94caa0,llm_kernelshap,qwen36_27b_local,full,0.2,,2,0.4,0.2,-0.0128,0.0152,5,0
openstack,TN,8b44c9df29572efca928c1d36fa3e7a90e94caa0,llm_kernelshap,qwen36_27b_local,full,0.2,,3,0.6,0.4,-0.044,0.0464,5,0
openstack,TN,8b44c9df29572efca928c1d36fa3e7a90e94caa0,llm_kernelshap,qwen36_27b_local,full,0.2,,4,0.6,0.4,-0.018,0.0204,5,0
openstack,TN,8b44c9df29572efca928c1d36fa3e7a90e94caa0,llm_kernelshap,qwen36_27b_local,full,0.2,,5,0.6,0.4,-0.0468,0.0492,5,0
openstack,TN,4d75cbf3c35a8aa917d3970beac99d612f13eed3,llm_kernelshap,qwen36_27b_local,full,0.2,,1,0.6,0.4,0.0308,0.0316,5,0
openstack,TN,4d75cbf3c35a8aa917d3970beac99d612f13eed3,llm_kernelshap,qwen36_27b_local,full,0.2,,2,0.6,0.4,0.0308,0.0316,5,0
openstack,TN,4d75cbf3c35a8aa917d3970beac99d612f13eed3,llm_kernelshap,qwen36_27b_local,full,0.2,,3,0.6,0.4,0.0308,0.0316,5,0
openstack,TN,4d75cbf3c35a8aa917d3970beac99d612f13eed3,llm_kernelshap,qwen36_27b_local,full,0.2,,4,0.6,0.6,0.0208,0.0344,5,0
openstack,TN,4d75cbf3c35a8aa917d3970beac99d612f13eed3,llm_kernelshap,qwen36_27b_local,full,0.2,,5,0.6,0.4,0.0308,0.0316,5,0
openstack,TN,2ecaad46a737c24965ae81fc19947db9264de684,llm_kernelshap,qwen36_27b_local,full,0.2,,1,0.6,0.6,-0.024,0.0408,5,0
openstack,TN,2ecaad46a737c24965ae81fc19947db9264de684,llm_kernelshap,qwen36_27b_local,full,0.2,,2,0.8,0.6,-0.024,0.0408,5,0
openstack,TN,2ecaad46a737c24965ae81fc19947db9264de684,llm_kernelshap,qwen36_27b_local,full,0.2,,3,0.8,0.6,-0.024,0.0408,5,0
openstack,TN,2ecaad46a737c24965ae81fc19947db9264de684,llm_kernelshap,qwen36_27b_local,full,0.2,,4,0.8,0.6,-0.024,0.0408,5,0
openstack,TN,2ecaad46a737c24965ae81fc19947db9264de684,llm_kernelshap,qwen36_27b_local,full,0.2,,5,0.6,0.6,-0.024,0.0408,5,0
openstack,TN,bfb9d3f179607c25f91d77585f97df6d0704c253,llm_kernelshap,qwen36_27b_local,full,0.2,,1,1.0,0.6,-0.052,0.052,5,0
openstack,TN,bfb9d3f179607c25f91d77585f97df6d0704c253,llm_kernelshap,qwen36_27b_local,full,0.2,,2,1.0,0.6,-0.052,0.052,5,0
openstack,TN,bfb9d3f179607c25f91d77585f97df6d0704c253,llm_kernelshap,qwen36_27b_local,full,0.2,,3,1.0,0.8,-0.0684,0.0684,5,0
openstack,TN,bfb9d3f179607c25f91d77585f97df6d0704c253,llm_kernelshap,qwen36_27b_local,full,0.2,,4,1.0,0.6,-0.052,0.052,5,0
openstack,TN,bfb9d3f179607c25f91d77585f97df6d0704c253,llm_kernelshap,qwen36_27b_local,full,0.2,,5,1.0,0.6,-0.0472,0.0472,5,0
openstack,FP,bfcd4b2f1be3ab37ae0801dd523ce952577cda14,llm_kernelshap,qwen36_27b_local,full,0.2,,1,0.8,1.0,-0.1768,0.1768,5,0
openstack,FP,bfcd4b2f1be3ab37ae0801dd523ce952577cda14,llm_kernelshap,qwen36_27b_local,full,0.2,,2,0.8,1.0,-0.1768,0.1768,5,0
openstack,FP,bfcd4b2f1be3ab37ae0801dd523ce952577cda14,llm_kernelshap,qwen36_27b_local,full,0.2,,3,1.0,1.0,-0.1768,0.1768,5,0
openstack,FP,bfcd4b2f1be3ab37ae0801dd523ce952577cda14,llm_kernelshap,qwen36_27b_local,full,0.2,,4,1.0,1.0,-0.2084,0.2084,5,0
openstack,FP,bfcd4b2f1be3ab37ae0801dd523ce952577cda14,llm_kernelshap,qwen36_27b_local,full,0.2,,5,0.8,1.0,-0.1768,0.1768,5,0
openstack,TP,c08f99c7e072e349632684d565bcac357ce93b6d,llm_kernelshap,qwen36_27b_local,full,0.2,,1,1.0,1.0,-0.244,0.244,5,0
openstack,TP,c08f99c7e072e349632684d565bcac357ce93b6d,llm_kernelshap,qwen36_27b_local,full,0.2,,2,0.8,0.8,-0.2012,0.2028,5,0
openstack,TP,c08f99c7e072e349632684d565bcac357ce93b6d,llm_kernelshap,qwen36_27b_local,full,0.2,,3,1.0,1.0,-0.2388,0.2388,5,0
openstack,TP,c08f99c7e072e349632684d565bcac357ce93b6d,llm_kernelshap,qwen36_27b_local,full,0.2,,4,0.8,0.8,-0.2132,0.2148,5,0
openstack,TP,c08f99c7e072e349632684d565bcac357ce93b6d,llm_kernelshap,qwen36_27b_local,full,0.2,,5,0.8,0.8,-0.2132,0.2148,5,0
openstack,TN,1a3f2e8f44f0138d0328312e07b1341970c7903a,llm_kernelshap,qwen36_27b_local,full,0.2,,1,0.8,0.8,-0.0628,0.0628,5,0
openstack,TN,1a3f2e8f44f0138d0328312e07b1341970c7903a,llm_kernelshap,qwen36_27b_local,full,0.2,,2,0.8,0.8,-0.0563999999999999,0.0563999999999999,5,0
openstack,TN,1a3f2e8f44f0138d0328312e07b1341970c7903a,llm_kernelshap,qwen36_27b_local,full,0.2,,3,0.8,0.8,-0.0563999999999999,0.0563999999999999,5,0
openstack,TN,1a3f2e8f44f0138d0328312e07b1341970c7903a,llm_kernelshap,qwen36_27b_local,full,0.2,,4,0.8,0.8,-0.0563999999999999,0.0563999999999999,5,0
openstack,TN,1a3f2e8f44f0138d0328312e07b1341970c7903a,llm_kernelshap,qwen36_27b_local,full,0.2,,5,0.6,0.6,-0.0347999999999999,0.0347999999999999,5,0
openstack,TP,45662d77a2da77714f8e792e86ebd64a52270ef5,llm_kernelshap,qwen36_27b_local,full,0.2,,1,0.8,1.0,-0.1788,0.2052,5,0
openstack,TP,45662d77a2da77714f8e792e86ebd64a52270ef5,llm_kernelshap,qwen36_27b_local,full,0.2,,2,1.0,1.0,-0.224,0.224,5,0
openstack,TP,45662d77a2da77714f8e792e86ebd64a52270ef5,llm_kernelshap,qwen36_27b_local,full,0.2,,3,0.8,1.0,-0.2084,0.2084,5,0
openstack,TP,45662d77a2da77714f8e792e86ebd64a52270ef5,llm_kernelshap,qwen36_27b_local,full,0.2,,4,0.8,1.0,-0.2204,0.2204,5,0
openstack,TP,45662d77a2da77714f8e792e86ebd64a52270ef5,llm_kernelshap,qwen36_27b_local,full,0.2,,5,1.0,1.0,-0.2108,0.2108,5,0
openstack,TP,6f31523b314e7ac4ad83d13842cf2fa1014c39b2,llm_kernelshap,qwen36_27b_local,full,0.2,,1,0.8,0.8,-0.1299999999999999,0.1299999999999999,5,0
openstack,TP,6f31523b314e7ac4ad83d13842cf2fa1014c39b2,llm_kernelshap,qwen36_27b_local,full,0.2,,2,0.8,1.0,-0.1647999999999999,0.1647999999999999,5,0
openstack,TP,6f31523b314e7ac4ad83d13842cf2fa1014c39b2,llm_kernelshap,qwen36_27b_local,full,0.2,,3,0.8,1.0,-0.1635999999999999,0.1635999999999999,5,0
openstack,TP,6f31523b314e7ac4ad83d13842cf2fa1014c39b2,llm_kernelshap,qwen36_27b_local,full,0.2,,4,0.8,1.0,-0.1635999999999999,0.1635999999999999,5,0
openstack,TP,6f31523b314e7ac4ad83d13842cf2fa1014c39b2,llm_kernelshap,qwen36_27b_local,full,0.2,,5,1.0,0.8,-0.1287999999999999,0.1287999999999999,5,0
openstack,FP,410a83c89de9912207574999b3736a550ed253ba,llm_kernelshap,qwen36_27b_local,full,0.2,,1,1.0,0.8,-0.1556,0.1556,5,0
openstack,FP,410a83c89de9912207574999b3736a550ed253ba,llm_kernelshap,qwen36_27b_local,full,0.2,,2,1.0,0.8,-0.1556,0.1556,5,0
openstack,FP,410a83c89de9912207574999b3736a550ed253ba,llm_kernelshap,qwen36_27b_local,full,0.2,,3,1.0,0.8,-0.1556,0.1556,5,0
openstack,FP,410a83c89de9912207574999b3736a550ed253ba,llm_kernelshap,qwen36_27b_local,full,0.2,,4,0.8,0.8,-0.1556,0.1556,5,0
openstack,FP,410a83c89de9912207574999b3736a550ed253ba,llm_kernelshap,qwen36_27b_local,full,0.2,,5,0.8,0.8,-0.1556,0.1556,5,0
openstack,FP,4e2919e6b208a2e95d75782f9cad0a6f0892d983,llm_kernelshap,qwen36_27b_local,full,0.2,,1,0.8,0.8,-0.1416,0.1416,5,0
openstack,FP,4e2919e6b208a2e95d75782f9cad0a6f0892d983,llm_kernelshap,qwen36_27b_local,full,0.2,,2,0.8,0.8,-0.1416,0.1416,5,0
openstack,FP,4e2919e6b208a2e95d75782f9cad0a6f0892d983,llm_kernelshap,qwen36_27b_local,full,0.2,,3,0.8,0.8,-0.1416,0.1416,5,0
openstack,FP,4e2919e6b208a2e95d75782f9cad0a6f0892d983,llm_kernelshap,qwen36_27b_local,full,0.2,,4,0.8,0.8,-0.1416,0.1416,5,0
openstack,FP,4e2919e6b208a2e95d75782f9cad0a6f0892d983,llm_kernelshap,qwen36_27b_local,full,0.2,,5,0.8,0.8,-0.1416,0.1416,5,0
openstack,FP,558f7b00f56f37adaa68239c9ce95d25b2d65f56,llm_kernelshap,qwen36_27b_local,full,0.2,,1,0.8,1.0,-0.1216,0.1216,5,0
openstack,FP,558f7b00f56f37adaa68239c9ce95d25b2d65f56,llm_kernelshap,qwen36_27b_local,full,0.2,,2,0.8,1.0,-0.1216,0.1216,5,0
openstack,FP,558f7b00f56f37adaa68239c9ce95d25b2d65f56,llm_kernelshap,qwen36_27b_local,full,0.2,,3,0.8,1.0,-0.1828,0.1828,5,0
openstack,FP,558f7b00f56f37adaa68239c9ce95d25b2d65f56,llm_kernelshap,qwen36_27b_local,full,0.2,,4,0.8,1.0,-0.1216,0.1216,5,0
openstack,FP,558f7b00f56f37adaa68239c9ce95d25b2d65f56,llm_kernelshap,qwen36_27b_local,full,0.2,,5,0.8,1.0,-0.1216,0.1216,5,0
openstack,TN,70fad48add19cc565726f098e1e7a2165b24cc77,llm_kernelshap,qwen36_27b_local,full,0.2,,1,0.6,0.6,-0.0484,0.0572,5,0
openstack,TN,70fad48add19cc565726f098e1e7a2165b24cc77,llm_kernelshap,qwen36_27b_local,full,0.2,,2,0.4,0.4,-0.04,0.0527999999999999,5,0
openstack,TN,70fad48add19cc565726f098e1e7a2165b24cc77,llm_kernelshap,qwen36_27b_local,full,0.2,,3,0.6,0.6,-0.0412,0.0539999999999999,5,0
openstack,TN,70fad48add19cc565726f098e1e7a2165b24cc77,llm_kernelshap,qwen36_27b_local,full,0.2,,4,0.6,0.6,-0.0572,0.066,5,0
openstack,TN,70fad48add19cc565726f098e1e7a2165b24cc77,llm_kernelshap,qwen36_27b_local,full,0.2,,5,0.6,0.4,-0.0428,0.0516,5,0
openstack,TP,76d3c644f3f5866a5c07f80b66132d81b8b57e78,llm_kernelshap,qwen36_27b_local,full,0.2,,1,1.0,1.0,-0.362,0.362,5,0
openstack,TP,76d3c644f3f5866a5c07f80b66132d81b8b57e78,llm_kernelshap,qwen36_27b_local,full,0.2,,2,1.0,1.0,-0.362,0.362,5,0
openstack,TP,76d3c644f3f5866a5c07f80b66132d81b8b57e78,llm_kernelshap,qwen36_27b_local,full,0.2,,3,1.0,1.0,-0.362,0.362,5,0
openstack,TP,76d3c644f3f5866a5c07f80b66132d81b8b57e78,llm_kernelshap,qwen36_27b_local,full,0.2,,4,1.0,1.0,-0.362,0.362,5,0
openstack,TP,76d3c644f3f5866a5c07f80b66132d81b8b57e78,llm_kernelshap,qwen36_27b_local,full,0.2,,5,1.0,1.0,-0.362,0.362,5,0
openstack,FN,2b60912d5667350eae7ecbc67d4dba3658518d10,llm_kernelshap,qwen36_27b_local,full,0.2,,1,0.4,0.6,-0.1016,0.1256,5,0
openstack,FN,2b60912d5667350eae7ecbc67d4dba3658518d10,llm_kernelshap,qwen36_27b_local,full,0.2,,2,0.4,0.6,-0.1016,0.1256,5,0
openstack,FN,2b60912d5667350eae7ecbc67d4dba3658518d10,llm_kernelshap,qwen36_27b_local,full,0.2,,3,0.4,0.6,-0.1016,0.1256,5,0
openstack,FN,2b60912d5667350eae7ecbc67d4dba3658518d10,llm_kernelshap,qwen36_27b_local,full,0.2,,4,0.2,0.4,-0.0048,0.0288,5,0
openstack,FN,2b60912d5667350eae7ecbc67d4dba3658518d10,llm_kernelshap,qwen36_27b_local,full,0.2,,5,0.4,0.6,-0.1016,0.1256,5,0
openstack,TP,88c62c1ca290c1d2a33ff192a302e492a4b11cb3,llm_kernelshap,qwen36_27b_local,full,0.2,,1,1.0,1.0,-0.1048,0.1416,5,0
openstack,TP,88c62c1ca290c1d2a33ff192a302e492a4b11cb3,llm_kernelshap,qwen36_27b_local,full,0.2,,2,1.0,1.0,-0.1048,0.1416,5,0
openstack,TP,88c62c1ca290c1d2a33ff192a302e492a4b11cb3,llm_kernelshap,qwen36_27b_local,full,0.2,,3,1.0,1.0,-0.1048,0.1416,5,0
openstack,TP,88c62c1ca290c1d2a33ff192a302e492a4b11cb3,llm_kernelshap,qwen36_27b_local,full,0.2,,4,1.0,1.0,-0.1048,0.1416,5,0
openstack,TP,88c62c1ca290c1d2a33ff192a302e492a4b11cb3,llm_kernelshap,qwen36_27b_local,full,0.2,,5,0.8,0.8,-0.122,0.1244,5,0
openstack,FP,296da649452f66dd15a15ee4274ab0f8609250e2,llm_kernelshap,qwen36_27b_local,full,0.2,,1,0.8,0.8,-0.1796,0.1796,5,0
openstack,FP,296da649452f66dd15a15ee4274ab0f8609250e2,llm_kernelshap,qwen36_27b_local,full,0.2,,2,0.8,0.8,-0.1884,0.1884,5,0
openstack,FP,296da649452f66dd15a15ee4274ab0f8609250e2,llm_kernelshap,qwen36_27b_local,full,0.2,,3,0.8,0.8,-0.1884,0.1884,5,0
openstack,FP,296da649452f66dd15a15ee4274ab0f8609250e2,llm_kernelshap,qwen36_27b_local,full,0.2,,4,0.8,0.8,-0.1884,0.1884,5,0
openstack,FP,296da649452f66dd15a15ee4274ab0f8609250e2,llm_kernelshap,qwen36_27b_local,full,0.2,,5,0.8,0.8,-0.1796,0.1796,5,0
openstack,TP,379cf65d82b11f5e6f8732a585d5373beda85046,llm_kernelshap,qwen36_27b_local,full,0.2,,1,0.8,1.0,-0.1523999999999999,0.1523999999999999,5,0
openstack,TP,379cf65d82b11f5e6f8732a585d5373beda85046,llm_kernelshap,qwen36_27b_local,full,0.2,,2,0.8,1.0,-0.1887999999999999,0.1887999999999999,5,0
openstack,TP,379cf65d82b11f5e6f8732a585d5373beda85046,llm_kernelshap,qwen36_27b_local,full,0.2,,3,1.0,1.0,-0.1523999999999999,0.1523999999999999,5,0
openstack,TP,379cf65d82b11f5e6f8732a585d5373beda85046,llm_kernelshap,qwen36_27b_local,full,0.2,,4,0.8,1.0,-0.1523999999999999,0.1523999999999999,5,0
openstack,TP,379cf65d82b11f5e6f8732a585d5373beda85046,llm_kernelshap,qwen36_27b_local,full,0.2,,5,1.0,1.0,-0.1523999999999999,0.1523999999999999,5,0
openstack,TN,79a1a113775df87d420b242cea4bbf953df3779c,llm_kernelshap,qwen36_27b_local,full,0.2,,1,0.8,0.8,-0.0452,0.0828,5,0
openstack,TN,79a1a113775df87d420b242cea4bbf953df3779c,llm_kernelshap,qwen36_27b_local,full,0.2,,2,0.8,0.6,-0.058,0.0796,5,0
openstack,TN,79a1a113775df87d420b242cea4bbf953df3779c,llm_kernelshap,qwen36_27b_local,full,0.2,,3,0.8,1.0,-0.0472,0.0848,5,0
openstack,TN,79a1a113775df87d420b242cea4bbf953df3779c,llm_kernelshap,qwen36_27b_local,full,0.2,,4,0.6,1.0,-0.0468,0.0844,5,0
openstack,TN,79a1a113775df87d420b242cea4bbf953df3779c,llm_kernelshap,qwen36_27b_local,full,0.2,,5,0.8,0.8,-0.0692,0.0908,5,0
openstack,TN,dd444d84759d7b3c17e7c3e97f9565546f9d3df2,llm_kernelshap,qwen36_27b_local,full,0.2,,1,0.6,0.8,-0.0587999999999999,0.0587999999999999,5,0
openstack,TN,dd444d84759d7b3c17e7c3e97f9565546f9d3df2,llm_kernelshap,qwen36_27b_local,full,0.2,,2,0.6,0.8,-0.0531999999999999,0.0579999999999999,5,0
openstack,TN,dd444d84759d7b3c17e7c3e97f9565546f9d3df2,llm_kernelshap,qwen36_27b_local,full,0.2,,3,0.6,0.8,-0.0587999999999999,0.0587999999999999,5,0
openstack,TN,dd444d84759d7b3c17e7c3e97f9565546f9d3df2,llm_kernelshap,qwen36_27b_local,full,0.2,,4,0.6,0.8,-0.0587999999999999,0.0587999999999999,5,0
openstack,TN,dd444d84759d7b3c17e7c3e97f9565546f9d3df2,llm_kernelshap,qwen36_27b_local,full,0.2,,5,0.6,0.8,-0.0587999999999999,0.0587999999999999,5,0
openstack,TN,747373f4bdfe4814000a88e4443b56545d5d55bd,llm_kernelshap,qwen36_27b_local,full,0.2,,1,0.4,0.6,0.0004,0.03,5,0
openstack,TN,747373f4bdfe4814000a88e4443b56545d5d55bd,llm_kernelshap,qwen36_27b_local,full,0.2,,2,0.6,0.8,-0.0163999999999999,0.0388,5,0
openstack,TN,747373f4bdfe4814000a88e4443b56545d5d55bd,llm_kernelshap,qwen36_27b_local,full,0.2,,3,0.4,0.6,-0.0075999999999999,0.034,5,0
openstack,TN,747373f4bdfe4814000a88e4443b56545d5d55bd,llm_kernelshap,qwen36_27b_local,full,0.2,,4,0.6,0.8,-0.0132,0.0356,5,0
openstack,TN,747373f4bdfe4814000a88e4443b56545d5d55bd,llm_kernelshap,qwen36_27b_local,full,0.2,,5,0.4,0.6,-0.0047999999999999,0.0312,5,0
openstack,FN,763fd62464e9a0753e061171cc1fd826055bbc01,llm_kernelshap,qwen36_27b_local,full,0.2,,1,0.6,0.8,0.0763999999999999,0.0843999999999999,5,0
openstack,FN,763fd62464e9a0753e061171cc1fd826055bbc01,llm_kernelshap,qwen36_27b_local,full,0.2,,2,0.8,1.0,0.0839999999999999,0.0839999999999999,5,0
openstack,FN,763fd62464e9a0753e061171cc1fd826055bbc01,llm_kernelshap,qwen36_27b_local,full,0.2,,3,0.4,0.6,0.0663999999999999,0.0743999999999999,5,0
openstack,FN,763fd62464e9a0753e061171cc1fd826055bbc01,llm_kernelshap,qwen36_27b_local,full,0.2,,4,0.8,0.8,0.0707999999999999,0.0787999999999999,5,0
openstack,FN,763fd62464e9a0753e061171cc1fd826055bbc01,llm_kernelshap,qwen36_27b_local,full,0.2,,5,0.6,0.8,0.0707999999999999,0.0787999999999999,5,0
openstack,FN,267eea50fd9e9c74faa96d529a7ec2fd8aa8d51f,llm_kernelshap,qwen36_27b_local,full,0.2,,1,0.8,0.6,-0.0355999999999999,0.0668,5,0
openstack,FN,267eea50fd9e9c74faa96d529a7ec2fd8aa8d51f,llm_kernelshap,qwen36_27b_local,full,0.2,,2,0.8,0.6,-0.0355999999999999,0.0668,5,0
openstack,FN,267eea50fd9e9c74faa96d529a7ec2fd8aa8d51f,llm_kernelshap,qwen36_27b_local,full,0.2,,3,0.8,0.6,-0.0355999999999999,0.0668,5,0
openstack,FN,267eea50fd9e9c74faa96d529a7ec2fd8aa8d51f,llm_kernelshap,qwen36_27b_local,full,0.2,,4,0.8,0.6,-0.0355999999999999,0.0668,5,0
openstack,FN,267eea50fd9e9c74faa96d529a7ec2fd8aa8d51f,llm_kernelshap,qwen36_27b_local,full,0.2,,5,0.8,0.6,-0.0119999999999999,0.0432,5,0
openstack,TN,978066fe31a5331f143a05e1fd753c729b2dcf09,llm_kernelshap,qwen36_27b_local,full,0.2,,1,0.6,0.2,-0.0143999999999999,0.0191999999999999,5,0
openstack,TN,978066fe31a5331f143a05e1fd753c729b2dcf09,llm_kernelshap,qwen36_27b_local,full,0.2,,2,0.8,0.0,-0.0103999999999999,0.0151999999999999,5,0
openstack,TN,978066fe31a5331f143a05e1fd753c729b2dcf09,llm_kernelshap,qwen36_27b_local,full,0.2,,3,0.6,0.2,-0.0143999999999999,0.0191999999999999,5,0
openstack,TN,978066fe31a5331f143a05e1fd753c729b2dcf09,llm_kernelshap,qwen36_27b_local,full,0.2,,4,0.8,0.2,-0.0119999999999999,0.0167999999999999,5,0
openstack,TN,978066fe31a5331f143a05e1fd753c729b2dcf09,llm_kernelshap,qwen36_27b_local,full,0.2,,5,0.8,0.2,-0.0119999999999999,0.0167999999999999,5,0
openstack,TN,545925c66cb3ee005aa7e497ad4b3c97eb2f410b,llm_kernelshap,qwen36_27b_local,full,0.2,,1,0.8,0.8,-0.0428,0.0652,5,0
openstack,TN,545925c66cb3ee005aa7e497ad4b3c97eb2f410b,llm_kernelshap,qwen36_27b_local,full,0.2,,2,0.8,0.8,-0.0384,0.0608,5,0
openstack,TN,545925c66cb3ee005aa7e497ad4b3c97eb2f410b,llm_kernelshap,qwen36_27b_local,full,0.2,,3,0.8,0.8,-0.0384,0.0608,5,0
openstack,TN,545925c66cb3ee005aa7e497ad4b3c97eb2f410b,llm_kernelshap,qwen36_27b_local,full,0.2,,4,0.8,0.8,-0.0428,0.0652,5,0
openstack,TN,545925c66cb3ee005aa7e497ad4b3c97eb2f410b,llm_kernelshap,qwen36_27b_local,full,0.2,,5,0.8,0.8,-0.0428,0.0652,5,0
openstack,FN,bc6ca87a6a01ecbda926a78d07cadbd4e3ab97e0,llm_kernelshap,qwen36_27b_local,full,0.2,,1,0.8,0.2,0.0199999999999999,0.0311999999999999,5,0
openstack,FN,bc6ca87a6a01ecbda926a78d07cadbd4e3ab97e0,llm_kernelshap,qwen36_27b_local,full,0.2,,2,0.8,0.2,0.0199999999999999,0.0311999999999999,5,0
openstack,FN,bc6ca87a6a01ecbda926a78d07cadbd4e3ab97e0,llm_kernelshap,qwen36_27b_local,full,0.2,,3,0.8,0.2,0.0199999999999999,0.0311999999999999,5,0
openstack,FN,bc6ca87a6a01ecbda926a78d07cadbd4e3ab97e0,llm_kernelshap,qwen36_27b_local,full,0.2,,4,0.8,0.2,0.0199999999999999,0.0311999999999999,5,0
openstack,FN,bc6ca87a6a01ecbda926a78d07cadbd4e3ab97e0,llm_kernelshap,qwen36_27b_local,full,0.2,,5,0.8,0.2,0.0199999999999999,0.0311999999999999,5,0
openstack,FP,280cc7c5ae4b07a9a1e23b8f9cc925be9872c8e1,llm_kernelshap,qwen36_27b_local,full,0.2,,1,0.8,0.8,-0.1587999999999999,0.1587999999999999,5,0
openstack,FP,280cc7c5ae4b07a9a1e23b8f9cc925be9872c8e1,llm_kernelshap,qwen36_27b_local,full,0.2,,2,0.6,0.8,-0.1091999999999999,0.1251999999999999,5,0
openstack,FP,280cc7c5ae4b07a9a1e23b8f9cc925be9872c8e1,llm_kernelshap,qwen36_27b_local,full,0.2,,3,0.8,0.8,-0.1587999999999999,0.1587999999999999,5,0
openstack,FP,280cc7c5ae4b07a9a1e23b8f9cc925be9872c8e1,llm_kernelshap,qwen36_27b_local,full,0.2,,4,0.8,0.8,-0.1587999999999999,0.1587999999999999,5,0
openstack,FP,280cc7c5ae4b07a9a1e23b8f9cc925be9872c8e1,llm_kernelshap,qwen36_27b_local,full,0.2,,5,0.8,0.8,-0.1587999999999999,0.1587999999999999,5,0
openstack,FP,6aecf475dbff9c7d477378c021749b987d47deae,llm_kernelshap,qwen36_27b_local,full,0.2,,1,0.8,0.8,-0.2012,0.2068,5,0
openstack,FP,6aecf475dbff9c7d477378c021749b987d47deae,llm_kernelshap,qwen36_27b_local,full,0.2,,2,0.8,0.8,-0.2012,0.2068,5,0
openstack,FP,6aecf475dbff9c7d477378c021749b987d47deae,llm_kernelshap,qwen36_27b_local,full,0.2,,3,0.8,0.8,-0.2012,0.2068,5,0
openstack,FP,6aecf475dbff9c7d477378c021749b987d47deae,llm_kernelshap,qwen36_27b_local,full,0.2,,4,0.8,0.8,-0.2012,0.2068,5,0
openstack,FP,6aecf475dbff9c7d477378c021749b987d47deae,llm_kernelshap,qwen36_27b_local,full,0.2,,5,0.8,0.8,-0.2012,0.2068,5,0
openstack,FP,baa52224dc73e8ca3bdcbdaa5d62bc26fb38052f,llm_kernelshap,qwen36_27b_local,full,0.2,,1,1.0,0.8,-0.1891999999999999,0.1891999999999999,5,0
openstack,FP,baa52224dc73e8ca3bdcbdaa5d62bc26fb38052f,llm_kernelshap,qwen36_27b_local,full,0.2,,2,1.0,1.0,-0.1995999999999999,0.1995999999999999,5,0
openstack,FP,baa52224dc73e8ca3bdcbdaa5d62bc26fb38052f,llm_kernelshap,qwen36_27b_local,full,0.2,,3,0.8,0.8,-0.1891999999999999,0.1891999999999999,5,0
openstack,FP,baa52224dc73e8ca3bdcbdaa5d62bc26fb38052f,llm_kernelshap,qwen36_27b_local,full,0.2,,4,0.8,1.0,-0.1995999999999999,0.1995999999999999,5,0
openstack,FP,baa52224dc73e8ca3bdcbdaa5d62bc26fb38052f,llm_kernelshap,qwen36_27b_local,full,0.2,,5,0.8,0.8,-0.1891999999999999,0.1891999999999999,5,0
openstack,TN,d2e40a3e49819dace92975de3e3d7ba3a3fac79d,llm_kernelshap,qwen36_27b_local,full,0.2,,1,0.8,0.4,-0.0756,0.0756,5,0
openstack,TN,d2e40a3e49819dace92975de3e3d7ba3a3fac79d,llm_kernelshap,qwen36_27b_local,full,0.2,,2,1.0,0.6,-0.0663999999999999,0.08,5,0
openstack,TN,d2e40a3e49819dace92975de3e3d7ba3a3fac79d,llm_kernelshap,qwen36_27b_local,full,0.2,,3,0.8,0.4,-0.0756,0.0756,5,0
openstack,TN,d2e40a3e49819dace92975de3e3d7ba3a3fac79d,llm_kernelshap,qwen36_27b_local,full,0.2,,4,0.8,0.4,-0.0756,0.0756,5,0
openstack,TN,d2e40a3e49819dace92975de3e3d7ba3a3fac79d,llm_kernelshap,qwen36_27b_local,full,0.2,,5,1.0,0.6,-0.0855999999999999,0.0855999999999999,5,0
openstack,TN,57566f4c8d2929c25e76564883369a7c6eda720a,llm_kernelshap,qwen36_27b_local,full,0.2,,1,0.6,0.2,0.0048,0.0263999999999999,5,0
openstack,TN,57566f4c8d2929c25e76564883369a7c6eda720a,llm_kernelshap,qwen36_27b_local,full,0.2,,2,0.6,0.2,-0.0035999999999999,0.0251999999999999,5,0
openstack,TN,57566f4c8d2929c25e76564883369a7c6eda720a,llm_kernelshap,qwen36_27b_local,full,0.2,,3,0.6,0.2,-0.0035999999999999,0.0251999999999999,5,0
openstack,TN,57566f4c8d2929c25e76564883369a7c6eda720a,llm_kernelshap,qwen36_27b_local,full,0.2,,4,0.6,0.2,0.006,0.0252,5,0
openstack,TN,57566f4c8d2929c25e76564883369a7c6eda720a,llm_kernelshap,qwen36_27b_local,full,0.2,,5,0.6,0.4,-0.0155999999999999,0.0371999999999999,5,0
openstack,TP,03db94ebaa3fc2c76694fd566e2c9eefbf851a7f,llm_kernelshap,qwen36_27b_local,full,0.2,,1,1.0,1.0,-0.2076,0.2076,5,0
openstack,TP,03db94ebaa3fc2c76694fd566e2c9eefbf851a7f,llm_kernelshap,qwen36_27b_local,full,0.2,,2,1.0,1.0,-0.2076,0.2076,5,0
openstack,TP,03db94ebaa3fc2c76694fd566e2c9eefbf851a7f,llm_kernelshap,qwen36_27b_local,full,0.2,,3,1.0,1.0,-0.2076,0.2076,5,0
openstack,TP,03db94ebaa3fc2c76694fd566e2c9eefbf851a7f,llm_kernelshap,qwen36_27b_local,full,0.2,,4,1.0,1.0,-0.2076,0.2076,5,0
openstack,TP,03db94ebaa3fc2c76694fd566e2c9eefbf851a7f,llm_kernelshap,qwen36_27b_local,full,0.2,,5,1.0,1.0,-0.2076,0.2076,5,0
openstack,FN,703ba3c4e3d0b442c3097b6c844a59e560c09fe8,llm_kernelshap,qwen36_27b_local,full,0.2,,1,0.2,0.2,0.0167999999999999,0.0239999999999999,5,0
openstack,FN,703ba3c4e3d0b442c3097b6c844a59e560c09fe8,llm_kernelshap,qwen36_27b_local,full,0.2,,2,0.4,0.0,-0.0004,0.0123999999999999,5,0
openstack,FN,703ba3c4e3d0b442c3097b6c844a59e560c09fe8,llm_kernelshap,qwen36_27b_local,full,0.2,,3,0.2,0.2,0.0123999999999999,0.0203999999999999,5,0
openstack,FN,703ba3c4e3d0b442c3097b6c844a59e560c09fe8,llm_kernelshap,qwen36_27b_local,full,0.2,,4,0.2,0.2,0.0123999999999999,0.0203999999999999,5,0
openstack,FN,703ba3c4e3d0b442c3097b6c844a59e560c09fe8,llm_kernelshap,qwen36_27b_local,full,0.2,,5,0.2,0.2,0.0123999999999999,0.0203999999999999,5,0
openstack,FN,e3df049cad2b7a264acbad4d6baecbc813546e5d,llm_kernelshap,qwen36_27b_local,full,0.2,,1,0.4,0.0,0.0152,0.0152,5,0
openstack,FN,e3df049cad2b7a264acbad4d6baecbc813546e5d,llm_kernelshap,qwen36_27b_local,full,0.2,,2,0.4,0.0,0.0152,0.0152,5,0
openstack,FN,e3df049cad2b7a264acbad4d6baecbc813546e5d,llm_kernelshap,qwen36_27b_local,full,0.2,,3,0.4,0.0,0.0152,0.0152,5,0
openstack,FN,e3df049cad2b7a264acbad4d6baecbc813546e5d,llm_kernelshap,qwen36_27b_local,full,0.2,,4,0.2,0.0,0.0152,0.0152,5,0
openstack,FN,e3df049cad2b7a264acbad4d6baecbc813546e5d,llm_kernelshap,qwen36_27b_local,full,0.2,,5,0.4,0.0,0.0152,0.0152,5,0
openstack,FN,d1b3adfbe471ad99ddf0dd2b483b77435c157aea,llm_kernelshap,qwen36_27b_local,full,0.2,,1,0.8,0.8,0.0828,0.09,5,0
openstack,FN,d1b3adfbe471ad99ddf0dd2b483b77435c157aea,llm_kernelshap,qwen36_27b_local,full,0.2,,2,1.0,1.0,0.0768,0.108,5,0
openstack,FN,d1b3adfbe471ad99ddf0dd2b483b77435c157aea,llm_kernelshap,qwen36_27b_local,full,0.2,,3,1.0,1.0,0.1072,0.1072,5,0
openstack,FN,d1b3adfbe471ad99ddf0dd2b483b77435c157aea,llm_kernelshap,qwen36_27b_local,full,0.2,,4,1.0,1.0,0.0708,0.102,5,0
openstack,FN,d1b3adfbe471ad99ddf0dd2b483b77435c157aea,llm_kernelshap,qwen36_27b_local,full,0.2,,5,0.8,0.8,0.058,0.0964,5,0
openstack,TN,87be408b126e81ded85b03896f9c85f8a8d4ac90,llm_kernelshap,qwen36_27b_local,full,0.2,,1,0.6,0.6,-0.0419999999999999,0.0724,5,0
openstack,TN,87be408b126e81ded85b03896f9c85f8a8d4ac90,llm_kernelshap,qwen36_27b_local,full,0.2,,2,0.4,0.4,-0.0179999999999999,0.05,5,0
openstack,TN,87be408b126e81ded85b03896f9c85f8a8d4ac90,llm_kernelshap,qwen36_27b_local,full,0.2,,3,0.4,0.4,-0.0179999999999999,0.05,5,0
openstack,TN,87be408b126e81ded85b03896f9c85f8a8d4ac90,llm_kernelshap,qwen36_27b_local,full,0.2,,4,0.6,0.6,-0.0268,0.054,5,0
openstack,TN,87be408b126e81ded85b03896f9c85f8a8d4ac90,llm_kernelshap,qwen36_27b_local,full,0.2,,5,0.4,0.4,-0.0179999999999999,0.05,5,0
openstack,TP,22c9cf3d95c3d14351045bac2920b4e0994ec42f,llm_kernelshap,qwen36_27b_local,full,0.2,,1,1.0,1.0,-0.3308,0.3308,5,0
openstack,TP,22c9cf3d95c3d14351045bac2920b4e0994ec42f,llm_kernelshap,qwen36_27b_local,full,0.2,,2,1.0,1.0,-0.3308,0.3308,5,0
openstack,TP,22c9cf3d95c3d14351045bac2920b4e0994ec42f,llm_kernelshap,qwen36_27b_local,full,0.2,,3,0.8,0.8,-0.2811999999999999,0.2811999999999999,5,0
openstack,TP,22c9cf3d95c3d14351045bac2920b4e0994ec42f,llm_kernelshap,qwen36_27b_local,full,0.2,,4,1.0,1.0,-0.3132,0.3132,5,0
openstack,TP,22c9cf3d95c3d14351045bac2920b4e0994ec42f,llm_kernelshap,qwen36_27b_local,full,0.2,,5,1.0,1.0,-0.3308,0.3308,5,0
openstack,TP,092820939d53268152893a15fdaf5129554fbcb3,llm_kernelshap,qwen36_27b_local,full,0.2,,1,0.6,1.0,-0.1868,0.2332,5,0
openstack,TP,092820939d53268152893a15fdaf5129554fbcb3,llm_kernelshap,qwen36_27b_local,full,0.2,,2,0.6,1.0,-0.1868,0.2332,5,0
openstack,TP,092820939d53268152893a15fdaf5129554fbcb3,llm_kernelshap,qwen36_27b_local,full,0.2,,3,1.0,1.0,-0.2836,0.2836,5,0
openstack,TP,092820939d53268152893a15fdaf5129554fbcb3,llm_kernelshap,qwen36_27b_local,full,0.2,,4,0.8,1.0,-0.2256,0.272,5,0
openstack,TP,092820939d53268152893a15fdaf5129554fbcb3,llm_kernelshap,qwen36_27b_local,full,0.2,,5,0.6,1.0,-0.1868,0.2332,5,0
openstack,TN,dd13c2784b5aec539197d1b76fafc6a6b38a33e8,llm_kernelshap,qwen36_27b_local,full,0.2,,1,0.8,0.8,0.0355999999999999,0.0764,5,0
openstack,TN,dd13c2784b5aec539197d1b76fafc6a6b38a33e8,llm_kernelshap,qwen36_27b_local,full,0.2,,2,0.8,0.6,0.0523999999999999,0.0676,5,0
openstack,TN,dd13c2784b5aec539197d1b76fafc6a6b38a33e8,llm_kernelshap,qwen36_27b_local,full,0.2,,3,0.8,0.8,0.0355999999999999,0.0764,5,0
openstack,TN,dd13c2784b5aec539197d1b76fafc6a6b38a33e8,llm_kernelshap,qwen36_27b_local,full,0.2,,4,0.8,0.6,0.0523999999999999,0.0676,5,0
openstack,TN,dd13c2784b5aec539197d1b76fafc6a6b38a33e8,llm_kernelshap,qwen36_27b_local,full,0.2,,5,0.8,0.6,0.0523999999999999,0.0676,5,0
openstack,TP,40eaa89a9001edda3e1146831b26aaf7ded64c4a,llm_kernelshap,qwen36_27b_local,full,0.2,,1,0.8,0.8,-0.198,0.198,5,0
openstack,TP,40eaa89a9001edda3e1146831b26aaf7ded64c4a,llm_kernelshap,qwen36_27b_local,full,0.2,,2,0.8,0.8,-0.198,0.198,5,0
openstack,TP,40eaa89a9001edda3e1146831b26aaf7ded64c4a,llm_kernelshap,qwen36_27b_local,full,0.2,,3,1.0,0.8,-0.21,0.21,5,0
openstack,TP,40eaa89a9001edda3e1146831b26aaf7ded64c4a,llm_kernelshap,qwen36_27b_local,full,0.2,,4,0.8,0.8,-0.21,0.21,5,0
openstack,TP,40eaa89a9001edda3e1146831b26aaf7ded64c4a,llm_kernelshap,qwen36_27b_local,full,0.2,,5,0.8,0.8,-0.212,0.212,5,0
openstack,TN,1e6538d43e76b867776cf226e1d6d6c900412f99,llm_kernelshap,qwen36_27b_local,full,0.2,,1,0.8,0.8,-0.0844,0.0844,5,0
openstack,TN,1e6538d43e76b867776cf226e1d6d6c900412f99,llm_kernelshap,qwen36_27b_local,full,0.2,,2,0.8,0.8,-0.0828,0.0828,5,0
openstack,TN,1e6538d43e76b867776cf226e1d6d6c900412f99,llm_kernelshap,qwen36_27b_local,full,0.2,,3,1.0,0.8,-0.0844,0.0844,5,0
openstack,TN,1e6538d43e76b867776cf226e1d6d6c900412f99,llm_kernelshap,qwen36_27b_local,full,0.2,,4,0.8,0.8,-0.0844,0.0844,5,0
openstack,TN,1e6538d43e76b867776cf226e1d6d6c900412f99,llm_kernelshap,qwen36_27b_local,full,0.2,,5,0.8,0.8,-0.0844,0.0844,5,0
openstack,FP,70de423255fd01822188bb9082a0c0cc1c8ec2d0,llm_kernelshap,qwen36_27b_local,full,0.2,,1,0.8,0.8,-0.3208,0.3224,5,0
openstack,FP,70de423255fd01822188bb9082a0c0cc1c8ec2d0,llm_kernelshap,qwen36_27b_local,full,0.2,,2,0.8,0.8,-0.3208,0.3224,5,0
openstack,FP,70de423255fd01822188bb9082a0c0cc1c8ec2d0,llm_kernelshap,qwen36_27b_local,full,0.2,,3,0.8,0.8,-0.3208,0.3224,5,0
openstack,FP,70de423255fd01822188bb9082a0c0cc1c8ec2d0,llm_kernelshap,qwen36_27b_local,full,0.2,,4,0.8,0.8,-0.3208,0.3224,5,0
openstack,FP,70de423255fd01822188bb9082a0c0cc1c8ec2d0,llm_kernelshap,qwen36_27b_local,full,0.2,,5,0.8,0.8,-0.3208,0.3224,5,0
openstack,TP,56324c12aa58ff9cf46582611b071f3abb743ddf,llm_kernelshap,qwen36_27b_local,full,0.2,,1,0.8,0.8,-0.1624,0.1624,5,0
openstack,TP,56324c12aa58ff9cf46582611b071f3abb743ddf,llm_kernelshap,qwen36_27b_local,full,0.2,,2,0.8,0.8,-0.1828,0.1828,5,0
openstack,TP,56324c12aa58ff9cf46582611b071f3abb743ddf,llm_kernelshap,qwen36_27b_local,full,0.2,,3,0.8,0.8,-0.1624,0.1624,5,0
openstack,TP,56324c12aa58ff9cf46582611b071f3abb743ddf,llm_kernelshap,qwen36_27b_local,full,0.2,,4,0.8,0.8,-0.1736,0.1736,5,0
openstack,TP,56324c12aa58ff9cf46582611b071f3abb743ddf,llm_kernelshap,qwen36_27b_local,full,0.2,,5,0.8,0.8,-0.1828,0.1828,5,0
openstack,FN,848664f646bf087df59778434daa6feae1e71c74,llm_kernelshap,qwen36_27b_local,full,0.2,,1,1.0,1.0,-0.1063999999999999,0.1063999999999999,5,0
openstack,FN,848664f646bf087df59778434daa6feae1e71c74,llm_kernelshap,qwen36_27b_local,full,0.2,,2,1.0,1.0,-0.1063999999999999,0.1063999999999999,5,0
openstack,FN,848664f646bf087df59778434daa6feae1e71c74,llm_kernelshap,qwen36_27b_local,full,0.2,,3,1.0,1.0,-0.1099999999999999,0.1099999999999999,5,0
openstack,FN,848664f646bf087df59778434daa6feae1e71c74,llm_kernelshap,qwen36_27b_local,full,0.2,,4,1.0,1.0,-0.1099999999999999,0.1099999999999999,5,0
openstack,FN,848664f646bf087df59778434daa6feae1e71c74,llm_kernelshap,qwen36_27b_local,full,0.2,,5,1.0,1.0,-0.1063999999999999,0.1063999999999999,5,0
openstack,FN,91a8cd2952a25b340f5778cace95910e43cbcbb6,llm_kernelshap,qwen36_27b_local,full,0.2,,1,0.4,0.2,0.0215999999999999,0.0311999999999999,5,0
openstack,FN,91a8cd2952a25b340f5778cace95910e43cbcbb6,llm_kernelshap,qwen36_27b_local,full,0.2,,2,0.4,0.2,0.0215999999999999,0.0311999999999999,5,0
openstack,FN,91a8cd2952a25b340f5778cace95910e43cbcbb6,llm_kernelshap,qwen36_27b_local,full,0.2,,3,0.4,0.2,0.0215999999999999,0.0311999999999999,5,0
openstack,FN,91a8cd2952a25b340f5778cace95910e43cbcbb6,llm_kernelshap,qwen36_27b_local,full,0.2,,4,0.4,0.2,0.0215999999999999,0.0311999999999999,5,0
openstack,FN,91a8cd2952a25b340f5778cace95910e43cbcbb6,llm_kernelshap,qwen36_27b_local,full,0.2,,5,0.4,0.2,0.0215999999999999,0.0311999999999999,5,0
openstack,FN,d402747547e1a356c6c2c20b57f52af39b63e831,llm_kernelshap,qwen36_27b_local,full,0.2,,1,0.2,0.6,0.0212,0.0284,5,0
openstack,FN,d402747547e1a356c6c2c20b57f52af39b63e831,llm_kernelshap,qwen36_27b_local,full,0.2,,2,0.4,0.8,-0.0187999999999999,0.0467999999999999,5,0
openstack,FN,d402747547e1a356c6c2c20b57f52af39b63e831,llm_kernelshap,qwen36_27b_local,full,0.2,,3,0.2,0.8,0.0076,0.0372,5,0
openstack,FN,d402747547e1a356c6c2c20b57f52af39b63e831,llm_kernelshap,qwen36_27b_local,full,0.2,,4,0.4,0.6,-0.0307999999999999,0.0636,5,0
openstack,FN,d402747547e1a356c6c2c20b57f52af39b63e831,llm_kernelshap,qwen36_27b_local,full,0.2,,5,0.4,0.6,0.0016,0.0312,5,0
openstack,TN,348b7a9f7d64094d60ece0460aed02b66c52f1b1,llm_kernelshap,qwen36_27b_local,full,0.2,,1,0.8,0.4,-0.0964,0.1092,5,0
openstack,TN,348b7a9f7d64094d60ece0460aed02b66c52f1b1,llm_kernelshap,qwen36_27b_local,full,0.2,,2,0.8,0.4,-0.092,0.1128,5,0
openstack,TN,348b7a9f7d64094d60ece0460aed02b66c52f1b1,llm_kernelshap,qwen36_27b_local,full,0.2,,3,0.8,0.2,0.0024,0.016,5,0
openstack,TN,348b7a9f7d64094d60ece0460aed02b66c52f1b1,llm_kernelshap,qwen36_27b_local,full,0.2,,4,0.6,0.2,0.0016,0.0152,5,0
openstack,TN,348b7a9f7d64094d60ece0460aed02b66c52f1b1,llm_kernelshap,qwen36_27b_local,full,0.2,,5,0.6,0.2,0.0016,0.0152,5,0
openstack,FP,2bb9e5563c69f79d5da23668b08dd9c88f9d4348,llm_kernelshap,qwen36_27b_local,full,0.2,,1,0.6,1.0,-0.1359999999999999,0.1359999999999999,5,0
openstack,FP,2bb9e5563c69f79d5da23668b08dd9c88f9d4348,llm_kernelshap,qwen36_27b_local,full,0.2,,2,0.8,1.0,-0.1919999999999999,0.1919999999999999,5,0
openstack,FP,2bb9e5563c69f79d5da23668b08dd9c88f9d4348,llm_kernelshap,qwen36_27b_local,full,0.2,,3,0.8,1.0,-0.1919999999999999,0.1919999999999999,5,0
openstack,FP,2bb9e5563c69f79d5da23668b08dd9c88f9d4348,llm_kernelshap,qwen36_27b_local,full,0.2,,4,0.8,1.0,-0.1919999999999999,0.1919999999999999,5,0
openstack,FP,2bb9e5563c69f79d5da23668b08dd9c88f9d4348,llm_kernelshap,qwen36_27b_local,full,0.2,,5,0.8,1.0,-0.1899999999999999,0.1899999999999999,5,0
openstack,TP,5f2b88b1aafb9a35638e54f796685f633428b6a5,llm_kernelshap,qwen36_27b_local,full,0.2,,1,0.8,1.0,-0.1715999999999999,0.1715999999999999,5,0
openstack,TP,5f2b88b1aafb9a35638e54f796685f633428b6a5,llm_kernelshap,qwen36_27b_local,full,0.2,,2,0.8,1.0,-0.1715999999999999,0.1715999999999999,5,0
openstack,TP,5f2b88b1aafb9a35638e54f796685f633428b6a5,llm_kernelshap,qwen36_27b_local,full,0.2,,3,0.8,1.0,-0.1715999999999999,0.1715999999999999,5,0
openstack,TP,5f2b88b1aafb9a35638e54f796685f633428b6a5,llm_kernelshap,qwen36_27b_local,full,0.2,,4,0.8,1.0,-0.1715999999999999,0.1715999999999999,5,0
openstack,TP,5f2b88b1aafb9a35638e54f796685f633428b6a5,llm_kernelshap,qwen36_27b_local,full,0.2,,5,0.8,1.0,-0.1715999999999999,0.1715999999999999,5,0
openstack,FN,017dd6b4bcf92c14d49421268cb571c00879f3cc,llm_kernelshap,qwen36_27b_local,full,0.2,,1,0.8,0.6,0.0628,0.0668,5,0
openstack,FN,017dd6b4bcf92c14d49421268cb571c00879f3cc,llm_kernelshap,qwen36_27b_local,full,0.2,,2,0.8,0.6,0.0672,0.0712,5,0
openstack,FN,017dd6b4bcf92c14d49421268cb571c00879f3cc,llm_kernelshap,qwen36_27b_local,full,0.2,,3,0.8,0.6,0.0628,0.0668,5,0
openstack,FN,017dd6b4bcf92c14d49421268cb571c00879f3cc,llm_kernelshap,qwen36_27b_local,full,0.2,,4,0.8,0.6,0.0628,0.0668,5,0
openstack,FN,017dd6b4bcf92c14d49421268cb571c00879f3cc,llm_kernelshap,qwen36_27b_local,full,0.2,,5,0.8,0.6,0.0628,0.0668,5,0
openstack,FP,41d6b479fe8baf66578044b8773c3b892d64a2c4,llm_kernelshap,qwen36_27b_local,full,0.2,,1,0.8,0.8,-0.1135999999999999,0.1215999999999999,5,0
openstack,FP,41d6b479fe8baf66578044b8773c3b892d64a2c4,llm_kernelshap,qwen36_27b_local,full,0.2,,2,1.0,1.0,-0.1699999999999999,0.1699999999999999,5,0
openstack,FP,41d6b479fe8baf66578044b8773c3b892d64a2c4,llm_kernelshap,qwen36_27b_local,full,0.2,,3,0.8,0.8,-0.1315999999999999,0.1395999999999999,5,0
openstack,FP,41d6b479fe8baf66578044b8773c3b892d64a2c4,llm_kernelshap,qwen36_27b_local,full,0.2,,4,0.8,0.8,-0.1315999999999999,0.1395999999999999,5,0
openstack,FP,41d6b479fe8baf66578044b8773c3b892d64a2c4,llm_kernelshap,qwen36_27b_local,full,0.2,,5,1.0,1.0,-0.1511999999999999,0.1511999999999999,5,0
openstack,FN,913a99c79456abbfef1642e6dc70e6a4ff4e25db,llm_kernelshap,qwen36_27b_local,full,0.2,,1,0.6,0.6,0.1088,0.1096,5,0
openstack,FN,913a99c79456abbfef1642e6dc70e6a4ff4e25db,llm_kernelshap,qwen36_27b_local,full,0.2,,2,0.6,0.6,0.1112,0.112,5,0
openstack,FN,913a99c79456abbfef1642e6dc70e6a4ff4e25db,llm_kernelshap,qwen36_27b_local,full,0.2,,3,0.6,0.6,0.1112,0.112,5,0
openstack,FN,913a99c79456abbfef1642e6dc70e6a4ff4e25db,llm_kernelshap,qwen36_27b_local,full,0.2,,4,0.6,0.6,0.1128,0.1136,5,0
openstack,FN,913a99c79456abbfef1642e6dc70e6a4ff4e25db,llm_kernelshap,qwen36_27b_local,full,0.2,,5,0.6,0.6,0.1112,0.112,5,0
openstack,FP,e4ea54104ec38f5fe4c792d4d3d1865de34bb4c3,llm_kernelshap,qwen36_27b_local,full,0.2,,1,0.8,1.0,-0.1587999999999999,0.1587999999999999,5,0
openstack,FP,e4ea54104ec38f5fe4c792d4d3d1865de34bb4c3,llm_kernelshap,qwen36_27b_local,full,0.2,,2,0.8,1.0,-0.1587999999999999,0.1587999999999999,5,0
openstack,FP,e4ea54104ec38f5fe4c792d4d3d1865de34bb4c3,llm_kernelshap,qwen36_27b_local,full,0.2,,3,0.8,1.0,-0.1587999999999999,0.1587999999999999,5,0
openstack,FP,e4ea54104ec38f5fe4c792d4d3d1865de34bb4c3,llm_kernelshap,qwen36_27b_local,full,0.2,,4,0.8,1.0,-0.1587999999999999,0.1587999999999999,5,0
openstack,FP,e4ea54104ec38f5fe4c792d4d3d1865de34bb4c3,llm_kernelshap,qwen36_27b_local,full,0.2,,5,1.0,1.0,-0.1835999999999999,0.1835999999999999,5,0
openstack,FN,1c6b2fce289b68af92afeddf8d30efcda1903f06,llm_kernelshap,qwen36_27b_local,full,0.2,,1,0.4,0.6,0.0196,0.0411999999999999,5,0
openstack,FN,1c6b2fce289b68af92afeddf8d30efcda1903f06,llm_kernelshap,qwen36_27b_local,full,0.2,,2,0.4,0.6,0.0196,0.0411999999999999,5,0
openstack,FN,1c6b2fce289b68af92afeddf8d30efcda1903f06,llm_kernelshap,qwen36_27b_local,full,0.2,,3,0.4,0.6,0.0196,0.0411999999999999,5,0
openstack,FN,1c6b2fce289b68af92afeddf8d30efcda1903f06,llm_kernelshap,qwen36_27b_local,full,0.2,,4,0.4,0.6,0.0196,0.0411999999999999,5,0
openstack,FN,1c6b2fce289b68af92afeddf8d30efcda1903f06,llm_kernelshap,qwen36_27b_local,full,0.2,,5,0.4,0.6,0.0196,0.0411999999999999,5,0
openstack,FN,8ccdc4ac5053c6e39660044a9f8c1f695370e9a7,llm_kernelshap,qwen36_27b_local,full,0.2,,1,0.8,1.0,0.0596,0.074,5,0
openstack,FN,8ccdc4ac5053c6e39660044a9f8c1f695370e9a7,llm_kernelshap,qwen36_27b_local,full,0.2,,2,0.8,1.0,0.0596,0.074,5,0
openstack,FN,8ccdc4ac5053c6e39660044a9f8c1f695370e9a7,llm_kernelshap,qwen36_27b_local,full,0.2,,3,0.8,1.0,0.0596,0.074,5,0
openstack,FN,8ccdc4ac5053c6e39660044a9f8c1f695370e9a7,llm_kernelshap,qwen36_27b_local,full,0.2,,4,0.8,1.0,0.0596,0.074,5,0
openstack,FN,8ccdc4ac5053c6e39660044a9f8c1f695370e9a7,llm_kernelshap,qwen36_27b_local,full,0.2,,5,0.8,1.0,0.0596,0.074,5,0
openstack,FP,a985e34cdeef777fe7ff943e363a5f1be6d991b7,llm_kernelshap,qwen36_27b_local,full,0.2,,1,0.8,1.0,-0.0928,0.0928,5,0
openstack,FP,a985e34cdeef777fe7ff943e363a5f1be6d991b7,llm_kernelshap,qwen36_27b_local,full,0.2,,2,0.8,1.0,-0.0928,0.0928,5,0
openstack,FP,a985e34cdeef777fe7ff943e363a5f1be6d991b7,llm_kernelshap,qwen36_27b_local,full,0.2,,3,0.8,1.0,-0.0928,0.0928,5,0
openstack,FP,a985e34cdeef777fe7ff943e363a5f1be6d991b7,llm_kernelshap,qwen36_27b_local,full,0.2,,4,0.8,1.0,-0.0928,0.0928,5,0
openstack,FP,a985e34cdeef777fe7ff943e363a5f1be6d991b7,llm_kernelshap,qwen36_27b_local,full,0.2,,5,0.8,1.0,-0.0928,0.0928,5,0
openstack,TP,3b28cb2a10f7746a32cb7f7b62b6fc92ebcfb1e5,llm_kernelshap,qwen36_27b_local,full,0.2,,1,1.0,1.0,-0.2072,0.2072,5,0
openstack,TP,3b28cb2a10f7746a32cb7f7b62b6fc92ebcfb1e5,llm_kernelshap,qwen36_27b_local,full,0.2,,2,1.0,1.0,-0.2072,0.2072,5,0
openstack,TP,3b28cb2a10f7746a32cb7f7b62b6fc92ebcfb1e5,llm_kernelshap,qwen36_27b_local,full,0.2,,3,1.0,1.0,-0.2072,0.2072,5,0
openstack,TP,3b28cb2a10f7746a32cb7f7b62b6fc92ebcfb1e5,llm_kernelshap,qwen36_27b_local,full,0.2,,4,1.0,1.0,-0.2072,0.2072,5,0
openstack,TP,3b28cb2a10f7746a32cb7f7b62b6fc92ebcfb1e5,llm_kernelshap,qwen36_27b_local,full,0.2,,5,1.0,1.0,-0.2072,0.2072,5,0
openstack,FN,c2c37272bf788aac63399127cddd487dc0f15c38,llm_kernelshap,qwen36_27b_local,full,0.2,,1,0.4,0.6,-0.0192,0.032,5,0
openstack,FN,c2c37272bf788aac63399127cddd487dc0f15c38,llm_kernelshap,qwen36_27b_local,full,0.2,,2,0.2,0.6,-0.0236,0.0364,5,0
openstack,FN,c2c37272bf788aac63399127cddd487dc0f15c38,llm_kernelshap,qwen36_27b_local,full,0.2,,3,0.4,0.8,-0.044,0.0488,5,0
openstack,FN,c2c37272bf788aac63399127cddd487dc0f15c38,llm_kernelshap,qwen36_27b_local,full,0.2,,4,0.2,0.6,-0.0236,0.0364,5,0
openstack,FN,c2c37272bf788aac63399127cddd487dc0f15c38,llm_kernelshap,qwen36_27b_local,full,0.2,,5,0.6,0.8,-0.0396,0.0444,5,0
openstack,FN,37510ac03478704bafba89e8c4f4e0e9041d661d,llm_kernelshap,qwen36_27b_local,full,0.2,,1,0.8,0.6,0.0955999999999999,0.0955999999999999,5,0
openstack,FN,37510ac03478704bafba89e8c4f4e0e9041d661d,llm_kernelshap,qwen36_27b_local,full,0.2,,2,0.4,0.8,0.1132,0.1132,5,0
openstack,FN,37510ac03478704bafba89e8c4f4e0e9041d661d,llm_kernelshap,qwen36_27b_local,full,0.2,,3,0.8,0.8,0.1052,0.1052,5,0
openstack,FN,37510ac03478704bafba89e8c4f4e0e9041d661d,llm_kernelshap,qwen36_27b_local,full,0.2,,4,0.4,0.4,0.08,0.08,5,0
openstack,FN,37510ac03478704bafba89e8c4f4e0e9041d661d,llm_kernelshap,qwen36_27b_local,full,0.2,,5,0.6,0.6,0.0955999999999999,0.0955999999999999,5,0
openstack,TN,5cc9d999352c21d3f4b5c39d3ea9d4378ca86544,llm_kernelshap,qwen36_27b_local,full,0.2,,1,0.6,0.8,0.0216,0.0664,5,0
openstack,TN,5cc9d999352c21d3f4b5c39d3ea9d4378ca86544,llm_kernelshap,qwen36_27b_local,full,0.2,,2,0.2,0.6,0.032,0.0496,5,0
openstack,TN,5cc9d999352c21d3f4b5c39d3ea9d4378ca86544,llm_kernelshap,qwen36_27b_local,full,0.2,,3,0.2,0.6,0.0348,0.0484,5,0
openstack,TN,5cc9d999352c21d3f4b5c39d3ea9d4378ca86544,llm_kernelshap,qwen36_27b_local,full,0.2,,4,0.4,0.8,-0.0407999999999999,0.1224,5,0
openstack,TN,5cc9d999352c21d3f4b5c39d3ea9d4378ca86544,llm_kernelshap,qwen36_27b_local,full,0.2,,5,0.4,0.6,0.036,0.0536,5,0
openstack,FP,ce12d7a1e53fffce57baab18de2ab885ba1df8ee,llm_kernelshap,qwen36_27b_local,full,0.2,,1,0.8,0.6,-0.0692,0.094,5,0
openstack,FP,ce12d7a1e53fffce57baab18de2ab885ba1df8ee,llm_kernelshap,qwen36_27b_local,full,0.2,,2,1.0,0.4,-0.0772,0.086,5,0
openstack,FP,ce12d7a1e53fffce57baab18de2ab885ba1df8ee,llm_kernelshap,qwen36_27b_local,full,0.2,,3,1.0,0.4,-0.0772,0.086,5,0
openstack,FP,ce12d7a1e53fffce57baab18de2ab885ba1df8ee,llm_kernelshap,qwen36_27b_local,full,0.2,,4,0.8,0.4,-0.0772,0.086,5,0
openstack,FP,ce12d7a1e53fffce57baab18de2ab885ba1df8ee,llm_kernelshap,qwen36_27b_local,full,0.2,,5,1.0,0.4,-0.0772,0.086,5,0
openstack,FN,221f386029faf499c5a445374685cba5b67df31e,llm_kernelshap,qwen36_27b_local,full,0.2,,1,0.8,0.8,0.0276,0.1067999999999999,5,0
openstack,FN,221f386029faf499c5a445374685cba5b67df31e,llm_kernelshap,qwen36_27b_local,full,0.2,,2,0.8,0.8,0.0276,0.1067999999999999,5,0
openstack,FN,221f386029faf499c5a445374685cba5b67df31e,llm_kernelshap,qwen36_27b_local,full,0.2,,3,0.6,0.8,0.0068,0.086,5,0
openstack,FN,221f386029faf499c5a445374685cba5b67df31e,llm_kernelshap,qwen36_27b_local,full,0.2,,4,0.6,0.8,0.0488,0.0992,5,0
openstack,FN,221f386029faf499c5a445374685cba5b67df31e,llm_kernelshap,qwen36_27b_local,full,0.2,,5,0.6,0.8,0.0068,0.086,5,0
openstack,FP,3eea37b85b1abc72786a2b24baf01141b4d95f08,llm_kernelshap,qwen36_27b_local,full,0.2,,1,0.8,1.0,-0.158,0.158,5,0
openstack,FP,3eea37b85b1abc72786a2b24baf01141b4d95f08,llm_kernelshap,qwen36_27b_local,full,0.2,,2,0.8,1.0,-0.158,0.158,5,0
openstack,FP,3eea37b85b1abc72786a2b24baf01141b4d95f08,llm_kernelshap,qwen36_27b_local,full,0.2,,3,0.8,1.0,-0.158,0.158,5,0
openstack,FP,3eea37b85b1abc72786a2b24baf01141b4d95f08,llm_kernelshap,qwen36_27b_local,full,0.2,,4,0.8,1.0,-0.158,0.158,5,0
openstack,FP,3eea37b85b1abc72786a2b24baf01141b4d95f08,llm_kernelshap,qwen36_27b_local,full,0.2,,5,0.8,1.0,-0.158,0.158,5,0
openstack,FN,589c495c1ae62129e20ab5e2641e330541eee01f,llm_kernelshap,qwen36_27b_local,full,0.2,,1,0.6,0.6,0.0779999999999999,0.0811999999999999,5,0
openstack,FN,589c495c1ae62129e20ab5e2641e330541eee01f,llm_kernelshap,qwen36_27b_local,full,0.2,,2,0.6,0.6,0.0779999999999999,0.0811999999999999,5,0
openstack,FN,589c495c1ae62129e20ab5e2641e330541eee01f,llm_kernelshap,qwen36_27b_local,full,0.2,,3,0.6,0.6,0.0803999999999999,0.0835999999999999,5,0
openstack,FN,589c495c1ae62129e20ab5e2641e330541eee01f,llm_kernelshap,qwen36_27b_local,full,0.2,,4,0.6,0.6,0.0779999999999999,0.0811999999999999,5,0
openstack,FN,589c495c1ae62129e20ab5e2641e330541eee01f,llm_kernelshap,qwen36_27b_local,full,0.2,,5,0.6,0.6,0.0779999999999999,0.0811999999999999,5,0
openstack,FP,750e065d6d137715dd03d5c90623145177f64cbb,llm_kernelshap,qwen36_27b_local,full,0.2,,1,0.8,1.0,-0.1716,0.1716,5,0
openstack,FP,750e065d6d137715dd03d5c90623145177f64cbb,llm_kernelshap,qwen36_27b_local,full,0.2,,2,0.8,0.8,-0.15,0.1532,5,0
openstack,FP,750e065d6d137715dd03d5c90623145177f64cbb,llm_kernelshap,qwen36_27b_local,full,0.2,,3,0.8,0.8,-0.15,0.1532,5,0
openstack,FP,750e065d6d137715dd03d5c90623145177f64cbb,llm_kernelshap,qwen36_27b_local,full,0.2,,4,0.6,0.8,-0.1556,0.1556,5,0
openstack,FP,750e065d6d137715dd03d5c90623145177f64cbb,llm_kernelshap,qwen36_27b_local,full,0.2,,5,0.8,0.8,-0.15,0.1532,5,0
openstack,FP,4b53e4edf9f7f8c794316d3a0920d727723d1bab,llm_lime,qwen36_27b_local,full,0.2,,1,1.0,0.8,-0.2264,0.2304,5,0
openstack,FP,4b53e4edf9f7f8c794316d3a0920d727723d1bab,llm_lime,qwen36_27b_local,full,0.2,,2,1.0,0.8,-0.2264,0.2304,5,0
openstack,FP,4b53e4edf9f7f8c794316d3a0920d727723d1bab,llm_lime,qwen36_27b_local,full,0.2,,3,1.0,0.8,-0.2264,0.2304,5,0
openstack,FP,4b53e4edf9f7f8c794316d3a0920d727723d1bab,llm_lime,qwen36_27b_local,full,0.2,,4,1.0,0.8,-0.2264,0.2304,5,0
openstack,FP,4b53e4edf9f7f8c794316d3a0920d727723d1bab,llm_lime,qwen36_27b_local,full,0.2,,5,1.0,0.8,-0.236,0.24,5,0
openstack,TN,467b4e4d419f0ca5db8468516d64ffec5cedc67e,llm_lime,qwen36_27b_local,full,0.2,,1,0.8,0.8,-0.092,0.092,5,0
openstack,TN,467b4e4d419f0ca5db8468516d64ffec5cedc67e,llm_lime,qwen36_27b_local,full,0.2,,2,0.8,1.0,-0.1056,0.1056,5,0
openstack,TN,467b4e4d419f0ca5db8468516d64ffec5cedc67e,llm_lime,qwen36_27b_local,full,0.2,,3,0.8,0.8,-0.092,0.092,5,0
openstack,TN,467b4e4d419f0ca5db8468516d64ffec5cedc67e,llm_lime,qwen36_27b_local,full,0.2,,4,0.8,0.8,-0.092,0.092,5,0
openstack,TN,467b4e4d419f0ca5db8468516d64ffec5cedc67e,llm_lime,qwen36_27b_local,full,0.2,,5,0.8,1.0,-0.1056,0.1056,5,0
openstack,TP,eaf6340847c35ace3b4b681a95b8a79a7a3f2491,llm_lime,qwen36_27b_local,full,0.2,,1,1.0,0.8,-0.1744,0.1768,5,0
openstack,TP,eaf6340847c35ace3b4b681a95b8a79a7a3f2491,llm_lime,qwen36_27b_local,full,0.2,,2,1.0,0.8,-0.1744,0.1768,5,0
openstack,TP,eaf6340847c35ace3b4b681a95b8a79a7a3f2491,llm_lime,qwen36_27b_local,full,0.2,,3,1.0,0.8,-0.1744,0.1768,5,0
openstack,TP,eaf6340847c35ace3b4b681a95b8a79a7a3f2491,llm_lime,qwen36_27b_local,full,0.2,,4,1.0,0.8,-0.1744,0.1768,5,0
openstack,TP,eaf6340847c35ace3b4b681a95b8a79a7a3f2491,llm_lime,qwen36_27b_local,full,0.2,,5,1.0,0.8,-0.1744,0.1768,5,0
openstack,TP,fd351903a1759109f66d0c66d42cd3a1b7f23861,llm_lime,qwen36_27b_local,full,0.2,,1,1.0,1.0,-0.2128,0.2128,5,0
openstack,TP,fd351903a1759109f66d0c66d42cd3a1b7f23861,llm_lime,qwen36_27b_local,full,0.2,,2,1.0,1.0,-0.2128,0.2128,5,0
openstack,TP,fd351903a1759109f66d0c66d42cd3a1b7f23861,llm_lime,qwen36_27b_local,full,0.2,,3,0.8,1.0,-0.2156,0.2156,5,0
openstack,TP,fd351903a1759109f66d0c66d42cd3a1b7f23861,llm_lime,qwen36_27b_local,full,0.2,,4,1.0,1.0,-0.2128,0.2128,5,0
openstack,TP,fd351903a1759109f66d0c66d42cd3a1b7f23861,llm_lime,qwen36_27b_local,full,0.2,,5,1.0,1.0,-0.2128,0.2128,5,0
openstack,FP,2530ccff8f0a0105d1626c65616080b27682e129,llm_lime,qwen36_27b_local,full,0.2,,1,1.0,0.8,-0.1311999999999999,0.1407999999999999,5,0
openstack,FP,2530ccff8f0a0105d1626c65616080b27682e129,llm_lime,qwen36_27b_local,full,0.2,,2,1.0,0.8,-0.1311999999999999,0.1407999999999999,5,0
openstack,FP,2530ccff8f0a0105d1626c65616080b27682e129,llm_lime,qwen36_27b_local,full,0.2,,3,1.0,0.8,-0.1311999999999999,0.1407999999999999,5,0
openstack,FP,2530ccff8f0a0105d1626c65616080b27682e129,llm_lime,qwen36_27b_local,full,0.2,,4,1.0,0.8,-0.1311999999999999,0.1407999999999999,5,0
openstack,FP,2530ccff8f0a0105d1626c65616080b27682e129,llm_lime,qwen36_27b_local,full,0.2,,5,1.0,0.8,-0.1311999999999999,0.1407999999999999,5,0
openstack,FN,1476b030bd53deddd85468c0d8b545d8f8f30f19,llm_lime,qwen36_27b_local,full,0.2,,1,1.0,1.0,-0.0495999999999999,0.0495999999999999,5,0
openstack,FN,1476b030bd53deddd85468c0d8b545d8f8f30f19,llm_lime,qwen36_27b_local,full,0.2,,2,1.0,1.0,-0.0439999999999999,0.0439999999999999,5,0
openstack,FN,1476b030bd53deddd85468c0d8b545d8f8f30f19,llm_lime,qwen36_27b_local,full,0.2,,3,1.0,1.0,-0.0495999999999999,0.0495999999999999,5,0
openstack,FN,1476b030bd53deddd85468c0d8b545d8f8f30f19,llm_lime,qwen36_27b_local,full,0.2,,4,1.0,1.0,-0.0291999999999999,0.0427999999999999,5,0
openstack,FN,1476b030bd53deddd85468c0d8b545d8f8f30f19,llm_lime,qwen36_27b_local,full,0.2,,5,1.0,1.0,-0.0495999999999999,0.0495999999999999,5,0
openstack,TP,83a5f90f82b40be4c74685f557d6af0f8a3b1a30,llm_lime,qwen36_27b_local,full,0.2,,1,1.0,1.0,-0.2324,0.2324,5,0
openstack,TP,83a5f90f82b40be4c74685f557d6af0f8a3b1a30,llm_lime,qwen36_27b_local,full,0.2,,2,1.0,1.0,-0.2492,0.2492,5,0
openstack,TP,83a5f90f82b40be4c74685f557d6af0f8a3b1a30,llm_lime,qwen36_27b_local,full,0.2,,3,1.0,1.0,-0.2492,0.2492,5,0
openstack,TP,83a5f90f82b40be4c74685f557d6af0f8a3b1a30,llm_lime,qwen36_27b_local,full,0.2,,4,1.0,1.0,-0.2324,0.2324,5,0
openstack,TP,83a5f90f82b40be4c74685f557d6af0f8a3b1a30,llm_lime,qwen36_27b_local,full,0.2,,5,1.0,1.0,-0.236,0.236,5,0
openstack,TP,6f1a1f5e8ead9ceb145e13927cd9ae7fdca9add4,llm_lime,qwen36_27b_local,full,0.2,,1,1.0,1.0,-0.1996,0.214,5,0
openstack,TP,6f1a1f5e8ead9ceb145e13927cd9ae7fdca9add4,llm_lime,qwen36_27b_local,full,0.2,,2,1.0,1.0,-0.1824,0.1968,5,0
openstack,TP,6f1a1f5e8ead9ceb145e13927cd9ae7fdca9add4,llm_lime,qwen36_27b_local,full,0.2,,3,1.0,1.0,-0.208,0.2224,5,0
openstack,TP,6f1a1f5e8ead9ceb145e13927cd9ae7fdca9add4,llm_lime,qwen36_27b_local,full,0.2,,4,1.0,1.0,-0.1836,0.198,5,0
openstack,TP,6f1a1f5e8ead9ceb145e13927cd9ae7fdca9add4,llm_lime,qwen36_27b_local,full,0.2,,5,1.0,1.0,-0.1936,0.208,5,0
openstack,FP,e847eed4a5600b6812338bb4903a0cffcde7f1f3,llm_lime,qwen36_27b_local,full,0.2,,1,1.0,0.8,-0.1516,0.1564,5,0
openstack,FP,e847eed4a5600b6812338bb4903a0cffcde7f1f3,llm_lime,qwen36_27b_local,full,0.2,,2,1.0,0.8,-0.1388,0.1436,5,0
openstack,FP,e847eed4a5600b6812338bb4903a0cffcde7f1f3,llm_lime,qwen36_27b_local,full,0.2,,3,0.6,0.8,-0.1756,0.1804,5,0
openstack,FP,e847eed4a5600b6812338bb4903a0cffcde7f1f3,llm_lime,qwen36_27b_local,full,0.2,,4,0.6,0.8,-0.1756,0.1804,5,0
openstack,FP,e847eed4a5600b6812338bb4903a0cffcde7f1f3,llm_lime,qwen36_27b_local,full,0.2,,5,1.0,0.8,-0.1808,0.1856,5,0
openstack,TP,e7bdd19f0ed7d4c61d195735ee43a11da78f97d6,llm_lime,qwen36_27b_local,full,0.2,,1,1.0,1.0,-0.4064,0.4064,5,0
openstack,TP,e7bdd19f0ed7d4c61d195735ee43a11da78f97d6,llm_lime,qwen36_27b_local,full,0.2,,2,1.0,1.0,-0.3848,0.3848,5,0
openstack,TP,e7bdd19f0ed7d4c61d195735ee43a11da78f97d6,llm_lime,qwen36_27b_local,full,0.2,,3,1.0,1.0,-0.4136,0.4136,5,0
openstack,TP,e7bdd19f0ed7d4c61d195735ee43a11da78f97d6,llm_lime,qwen36_27b_local,full,0.2,,4,1.0,1.0,-0.4136,0.4136,5,0
openstack,TP,e7bdd19f0ed7d4c61d195735ee43a11da78f97d6,llm_lime,qwen36_27b_local,full,0.2,,5,1.0,1.0,-0.3848,0.3848,5,0
openstack,TN,936f765b855d7af14ae557383f0dcc6fd9e8655c,llm_lime,qwen36_27b_local,full,0.2,,1,1.0,0.8,-0.0607999999999999,0.0607999999999999,5,0
openstack,TN,936f765b855d7af14ae557383f0dcc6fd9e8655c,llm_lime,qwen36_27b_local,full,0.2,,2,0.8,0.8,-0.0559999999999999,0.0599999999999999,5,0
openstack,TN,936f765b855d7af14ae557383f0dcc6fd9e8655c,llm_lime,qwen36_27b_local,full,0.2,,3,1.0,0.8,-0.0607999999999999,0.0607999999999999,5,0
openstack,TN,936f765b855d7af14ae557383f0dcc6fd9e8655c,llm_lime,qwen36_27b_local,full,0.2,,4,1.0,0.75,-0.0539999999999999,0.0539999999999999,4,0
openstack,TN,936f765b855d7af14ae557383f0dcc6fd9e8655c,llm_lime,qwen36_27b_local,full,0.2,,5,1.0,0.8,-0.0607999999999999,0.0607999999999999,5,0
openstack,FP,034db863a02ce38a520e4b8aa3a65e1ccdb37f30,llm_lime,qwen36_27b_local,full,0.2,,1,1.0,1.0,-0.2224,0.2224,5,0
openstack,FP,034db863a02ce38a520e4b8aa3a65e1ccdb37f30,llm_lime,qwen36_27b_local,full,0.2,,2,1.0,1.0,-0.2224,0.2224,5,0
openstack,FP,034db863a02ce38a520e4b8aa3a65e1ccdb37f30,llm_lime,qwen36_27b_local,full,0.2,,3,1.0,1.0,-0.2224,0.2224,5,0
openstack,FP,034db863a02ce38a520e4b8aa3a65e1ccdb37f30,llm_lime,qwen36_27b_local,full,0.2,,4,1.0,1.0,-0.2224,0.2224,5,0
openstack,FP,034db863a02ce38a520e4b8aa3a65e1ccdb37f30,llm_lime,qwen36_27b_local,full,0.2,,5,1.0,1.0,-0.2312,0.2312,5,0
openstack,FN,ab1cb6378f136ae8adcb0027385b43763e402cca,llm_lime,qwen36_27b_local,full,0.2,,1,0.75,1.0,0.0074999999999999,0.0685,4,0
openstack,FN,ab1cb6378f136ae8adcb0027385b43763e402cca,llm_lime,qwen36_27b_local,full,0.2,,2,0.8,1.0,-0.008,0.0688,5,0
openstack,FN,ab1cb6378f136ae8adcb0027385b43763e402cca,llm_lime,qwen36_27b_local,full,0.2,,3,0.8,1.0,-0.008,0.0688,5,0
openstack,FN,ab1cb6378f136ae8adcb0027385b43763e402cca,llm_lime,qwen36_27b_local,full,0.2,,4,0.75,1.0,0.0074999999999999,0.0685,4,0
openstack,FN,ab1cb6378f136ae8adcb0027385b43763e402cca,llm_lime,qwen36_27b_local,full,0.2,,5,0.75,1.0,0.0074999999999999,0.0685,4,0
openstack,TP,7cfdf4aa811fb708d9fed4e36aec79c26d19cfee,llm_lime,qwen36_27b_local,full,0.2,,1,1.0,1.0,-0.2891999999999999,0.2891999999999999,5,0
openstack,TP,7cfdf4aa811fb708d9fed4e36aec79c26d19cfee,llm_lime,qwen36_27b_local,full,0.2,,2,1.0,1.0,-0.2619999999999999,0.2619999999999999,5,0
openstack,TP,7cfdf4aa811fb708d9fed4e36aec79c26d19cfee,llm_lime,qwen36_27b_local,full,0.2,,3,1.0,1.0,-0.2619999999999999,0.2619999999999999,5,0
openstack,TP,7cfdf4aa811fb708d9fed4e36aec79c26d19cfee,llm_lime,qwen36_27b_local,full,0.2,,4,1.0,1.0,-0.2619999999999999,0.2619999999999999,5,0
openstack,TP,7cfdf4aa811fb708d9fed4e36aec79c26d19cfee,llm_lime,qwen36_27b_local,full,0.2,,5,1.0,1.0,-0.2619999999999999,0.2619999999999999,5,0
openstack,TP,e55a5f412bf6bc343eb8bb11348afe57c2012066,llm_lime,qwen36_27b_local,full,0.2,,1,1.0,1.0,-0.2672,0.2672,5,0
openstack,TP,e55a5f412bf6bc343eb8bb11348afe57c2012066,llm_lime,qwen36_27b_local,full,0.2,,2,1.0,1.0,-0.2508,0.2508,5,0
openstack,TP,e55a5f412bf6bc343eb8bb11348afe57c2012066,llm_lime,qwen36_27b_local,full,0.2,,3,1.0,1.0,-0.24,0.24,5,0
openstack,TP,e55a5f412bf6bc343eb8bb11348afe57c2012066,llm_lime,qwen36_27b_local,full,0.2,,4,1.0,1.0,-0.24,0.24,5,0
openstack,TP,e55a5f412bf6bc343eb8bb11348afe57c2012066,llm_lime,qwen36_27b_local,full,0.2,,5,1.0,1.0,-0.24,0.24,5,0
openstack,TN,8b44c9df29572efca928c1d36fa3e7a90e94caa0,llm_lime,qwen36_27b_local,full,0.2,,1,0.4,0.2,-0.0128,0.0152,5,0
openstack,TN,8b44c9df29572efca928c1d36fa3e7a90e94caa0,llm_lime,qwen36_27b_local,full,0.2,,2,0.25,0.25,-0.01,0.013,4,0
openstack,TN,8b44c9df29572efca928c1d36fa3e7a90e94caa0,llm_lime,qwen36_27b_local,full,0.2,,3,0.6,0.4,-0.0468,0.0492,5,0
openstack,TN,8b44c9df29572efca928c1d36fa3e7a90e94caa0,llm_lime,qwen36_27b_local,full,0.2,,4,0.8,0.6,-0.064,0.0664,5,0
openstack,TN,8b44c9df29572efca928c1d36fa3e7a90e94caa0,llm_lime,qwen36_27b_local,full,0.2,,5,0.4,0.2,-0.0128,0.0152,5,0
openstack,TN,4d75cbf3c35a8aa917d3970beac99d612f13eed3,llm_lime,qwen36_27b_local,full,0.2,,1,1.0,0.2,0.0112,0.0208,5,0
openstack,TN,4d75cbf3c35a8aa917d3970beac99d612f13eed3,llm_lime,qwen36_27b_local,full,0.2,,2,0.8,0.4,0.0012,0.0236,5,0
openstack,TN,4d75cbf3c35a8aa917d3970beac99d612f13eed3,llm_lime,qwen36_27b_local,full,0.2,,3,0.8,0.6,0.0208,0.0344,5,0
openstack,TN,4d75cbf3c35a8aa917d3970beac99d612f13eed3,llm_lime,qwen36_27b_local,full,0.2,,4,0.8,0.6,0.0208,0.0344,5,0
openstack,TN,4d75cbf3c35a8aa917d3970beac99d612f13eed3,llm_lime,qwen36_27b_local,full,0.2,,5,0.8,0.6,0.0208,0.0344,5,0
openstack,TN,2ecaad46a737c24965ae81fc19947db9264de684,llm_lime,qwen36_27b_local,full,0.2,,1,0.8,0.4,-0.0208,0.032,5,0
openstack,TN,2ecaad46a737c24965ae81fc19947db9264de684,llm_lime,qwen36_27b_local,full,0.2,,2,0.8,0.2,-0.0196,0.0308,5,0
openstack,TN,2ecaad46a737c24965ae81fc19947db9264de684,llm_lime,qwen36_27b_local,full,0.2,,3,0.6,0.4,-0.0228,0.034,5,0
openstack,TN,2ecaad46a737c24965ae81fc19947db9264de684,llm_lime,qwen36_27b_local,full,0.2,,4,0.8,0.4,-0.0208,0.032,5,0
openstack,TN,2ecaad46a737c24965ae81fc19947db9264de684,llm_lime,qwen36_27b_local,full,0.2,,5,0.8,0.4,-0.0208,0.032,5,0
openstack,TN,bfb9d3f179607c25f91d77585f97df6d0704c253,llm_lime,qwen36_27b_local,full,0.2,,1,1.0,0.6,-0.0472,0.0472,5,0
openstack,TN,bfb9d3f179607c25f91d77585f97df6d0704c253,llm_lime,qwen36_27b_local,full,0.2,,2,0.8,0.8,-0.0576,0.0576,5,0
openstack,TN,bfb9d3f179607c25f91d77585f97df6d0704c253,llm_lime,qwen36_27b_local,full,0.2,,3,1.0,0.8,-0.0544,0.0544,5,0
openstack,TN,bfb9d3f179607c25f91d77585f97df6d0704c253,llm_lime,qwen36_27b_local,full,0.2,,4,1.0,0.6,-0.0472,0.0472,5,0
openstack,TN,bfb9d3f179607c25f91d77585f97df6d0704c253,llm_lime,qwen36_27b_local,full,0.2,,5,1.0,0.6,-0.0472,0.0472,5,0
openstack,FP,bfcd4b2f1be3ab37ae0801dd523ce952577cda14,llm_lime,qwen36_27b_local,full,0.2,,1,1.0,1.0,-0.1768,0.1768,5,0
openstack,FP,bfcd4b2f1be3ab37ae0801dd523ce952577cda14,llm_lime,qwen36_27b_local,full,0.2,,2,1.0,1.0,-0.1768,0.1768,5,0
openstack,FP,bfcd4b2f1be3ab37ae0801dd523ce952577cda14,llm_lime,qwen36_27b_local,full,0.2,,3,1.0,1.0,-0.1768,0.1768,5,0
openstack,FP,bfcd4b2f1be3ab37ae0801dd523ce952577cda14,llm_lime,qwen36_27b_local,full,0.2,,4,1.0,1.0,-0.1768,0.1768,5,0
openstack,FP,bfcd4b2f1be3ab37ae0801dd523ce952577cda14,llm_lime,qwen36_27b_local,full,0.2,,5,1.0,1.0,-0.1768,0.1768,5,0
openstack,TP,c08f99c7e072e349632684d565bcac357ce93b6d,llm_lime,qwen36_27b_local,full,0.2,,1,1.0,0.8,-0.2072,0.2088,5,0
openstack,TP,c08f99c7e072e349632684d565bcac357ce93b6d,llm_lime,qwen36_27b_local,full,0.2,,2,1.0,0.8,-0.2132,0.2148,5,0
openstack,TP,c08f99c7e072e349632684d565bcac357ce93b6d,llm_lime,qwen36_27b_local,full,0.2,,3,1.0,0.8,-0.2072,0.2088,5,0
openstack,TP,c08f99c7e072e349632684d565bcac357ce93b6d,llm_lime,qwen36_27b_local,full,0.2,,4,1.0,0.8,-0.2072,0.2088,5,0
openstack,TP,c08f99c7e072e349632684d565bcac357ce93b6d,llm_lime,qwen36_27b_local,full,0.2,,5,1.0,0.8,-0.2072,0.2088,5,0
openstack,TN,1a3f2e8f44f0138d0328312e07b1341970c7903a,llm_lime,qwen36_27b_local,full,0.2,,1,0.6,0.6,-0.0643999999999999,0.0643999999999999,5,0
openstack,TN,1a3f2e8f44f0138d0328312e07b1341970c7903a,llm_lime,qwen36_27b_local,full,0.2,,2,0.8,0.8,-0.0563999999999999,0.0563999999999999,5,0
openstack,TN,1a3f2e8f44f0138d0328312e07b1341970c7903a,llm_lime,qwen36_27b_local,full,0.2,,3,0.8,0.8,-0.0563999999999999,0.0563999999999999,5,0
openstack,TN,1a3f2e8f44f0138d0328312e07b1341970c7903a,llm_lime,qwen36_27b_local,full,0.2,,4,0.8,1.0,-0.0883999999999999,0.0883999999999999,5,0
openstack,TN,1a3f2e8f44f0138d0328312e07b1341970c7903a,llm_lime,qwen36_27b_local,full,0.2,,5,0.8,1.0,-0.0883999999999999,0.0883999999999999,5,0
openstack,TP,45662d77a2da77714f8e792e86ebd64a52270ef5,llm_lime,qwen36_27b_local,full,0.2,,1,0.8,1.0,-0.2,0.2,5,0
openstack,TP,45662d77a2da77714f8e792e86ebd64a52270ef5,llm_lime,qwen36_27b_local,full,0.2,,2,0.8,1.0,-0.2,0.2,5,0
openstack,TP,45662d77a2da77714f8e792e86ebd64a52270ef5,llm_lime,qwen36_27b_local,full,0.2,,3,0.8,1.0,-0.1788,0.2052,5,0
openstack,TP,45662d77a2da77714f8e792e86ebd64a52270ef5,llm_lime,qwen36_27b_local,full,0.2,,4,0.8,1.0,-0.1788,0.2052,5,0
openstack,TP,45662d77a2da77714f8e792e86ebd64a52270ef5,llm_lime,qwen36_27b_local,full,0.2,,5,0.8,1.0,-0.1788,0.2052,5,0
openstack,TP,6f31523b314e7ac4ad83d13842cf2fa1014c39b2,llm_lime,qwen36_27b_local,full,0.2,,1,0.6,1.0,-0.1827999999999999,0.1827999999999999,5,0
openstack,TP,6f31523b314e7ac4ad83d13842cf2fa1014c39b2,llm_lime,qwen36_27b_local,full,0.2,,2,0.6,1.0,-0.1635999999999999,0.1635999999999999,5,0
openstack,TP,6f31523b314e7ac4ad83d13842cf2fa1014c39b2,llm_lime,qwen36_27b_local,full,0.2,,3,0.4,1.0,-0.1395999999999999,0.1395999999999999,5,0
openstack,TP,6f31523b314e7ac4ad83d13842cf2fa1014c39b2,llm_lime,qwen36_27b_local,full,0.2,,4,0.6,1.0,-0.1383999999999999,0.1383999999999999,5,0
openstack,TP,6f31523b314e7ac4ad83d13842cf2fa1014c39b2,llm_lime,qwen36_27b_local,full,0.2,,5,1.0,1.0,-0.1415999999999999,0.1415999999999999,5,0
openstack,FP,410a83c89de9912207574999b3736a550ed253ba,llm_lime,qwen36_27b_local,full,0.2,,1,0.8,0.8,-0.1556,0.1556,5,0
openstack,FP,410a83c89de9912207574999b3736a550ed253ba,llm_lime,qwen36_27b_local,full,0.2,,2,0.8,0.8,-0.1344,0.1344,5,0
openstack,FP,410a83c89de9912207574999b3736a550ed253ba,llm_lime,qwen36_27b_local,full,0.2,,3,0.8,0.8,-0.1344,0.1344,5,0
openstack,FP,410a83c89de9912207574999b3736a550ed253ba,llm_lime,qwen36_27b_local,full,0.2,,4,0.8,0.8,-0.1344,0.1344,5,0
openstack,FP,410a83c89de9912207574999b3736a550ed253ba,llm_lime,qwen36_27b_local,full,0.2,,5,0.8,0.8,-0.1344,0.1344,5,0
openstack,FP,4e2919e6b208a2e95d75782f9cad0a6f0892d983,llm_lime,qwen36_27b_local,full,0.2,,1,1.0,0.6,-0.1228,0.1236,5,0
openstack,FP,4e2919e6b208a2e95d75782f9cad0a6f0892d983,llm_lime,qwen36_27b_local,full,0.2,,2,1.0,0.6,-0.1252,0.126,5,0
openstack,FP,4e2919e6b208a2e95d75782f9cad0a6f0892d983,llm_lime,qwen36_27b_local,full,0.2,,3,0.8,0.8,-0.1416,0.1416,5,0
openstack,FP,4e2919e6b208a2e95d75782f9cad0a6f0892d983,llm_lime,qwen36_27b_local,full,0.2,,4,1.0,0.6,-0.1228,0.1236,5,0
openstack,FP,4e2919e6b208a2e95d75782f9cad0a6f0892d983,llm_lime,qwen36_27b_local,full,0.2,,5,1.0,0.6,-0.1228,0.1236,5,0
openstack,FP,558f7b00f56f37adaa68239c9ce95d25b2d65f56,llm_lime,qwen36_27b_local,full,0.2,,1,1.0,0.8,-0.162,0.1652,5,0
openstack,FP,558f7b00f56f37adaa68239c9ce95d25b2d65f56,llm_lime,qwen36_27b_local,full,0.2,,2,1.0,0.8,-0.162,0.1652,5,0
openstack,FP,558f7b00f56f37adaa68239c9ce95d25b2d65f56,llm_lime,qwen36_27b_local,full,0.2,,3,1.0,0.8,-0.162,0.1652,5,0
openstack,FP,558f7b00f56f37adaa68239c9ce95d25b2d65f56,llm_lime,qwen36_27b_local,full,0.2,,4,1.0,0.8,-0.162,0.1652,5,0
openstack,FP,558f7b00f56f37adaa68239c9ce95d25b2d65f56,llm_lime,qwen36_27b_local,full,0.2,,5,1.0,0.8,-0.162,0.1652,5,0
openstack,TN,70fad48add19cc565726f098e1e7a2165b24cc77,llm_lime,qwen36_27b_local,full,0.2,,1,1.0,0.4,-0.0444,0.0532,5,0
openstack,TN,70fad48add19cc565726f098e1e7a2165b24cc77,llm_lime,qwen36_27b_local,full,0.2,,2,1.0,0.6,-0.0572,0.066,5,0
openstack,TN,70fad48add19cc565726f098e1e7a2165b24cc77,llm_lime,qwen36_27b_local,full,0.2,,3,0.8,0.4,-0.0444,0.0532,5,0
openstack,TN,70fad48add19cc565726f098e1e7a2165b24cc77,llm_lime,qwen36_27b_local,full,0.2,,4,1.0,0.8,-0.0548,0.0636,5,0
openstack,TN,70fad48add19cc565726f098e1e7a2165b24cc77,llm_lime,qwen36_27b_local,full,0.2,,5,1.0,0.6,-0.0452,0.054,5,0
openstack,TP,76d3c644f3f5866a5c07f80b66132d81b8b57e78,llm_lime,qwen36_27b_local,full,0.2,,1,1.0,0.8,-0.3056,0.3127999999999999,5,0
openstack,TP,76d3c644f3f5866a5c07f80b66132d81b8b57e78,llm_lime,qwen36_27b_local,full,0.2,,2,1.0,0.8,-0.3056,0.3127999999999999,5,0
openstack,TP,76d3c644f3f5866a5c07f80b66132d81b8b57e78,llm_lime,qwen36_27b_local,full,0.2,,3,1.0,0.8,-0.3056,0.3127999999999999,5,0
openstack,TP,76d3c644f3f5866a5c07f80b66132d81b8b57e78,llm_lime,qwen36_27b_local,full,0.2,,4,1.0,0.8,-0.3232,0.3304,5,0
openstack,TP,76d3c644f3f5866a5c07f80b66132d81b8b57e78,llm_lime,qwen36_27b_local,full,0.2,,5,1.0,0.8,-0.3232,0.3304,5,0
openstack,FN,2b60912d5667350eae7ecbc67d4dba3658518d10,llm_lime,qwen36_27b_local,full,0.2,,1,0.6,0.6,-0.0268,0.0516,5,0
openstack,FN,2b60912d5667350eae7ecbc67d4dba3658518d10,llm_lime,qwen36_27b_local,full,0.2,,2,0.6,0.4,-0.004,0.0288,5,0
openstack,FN,2b60912d5667350eae7ecbc67d4dba3658518d10,llm_lime,qwen36_27b_local,full,0.2,,3,0.6,0.6,-0.0268,0.0516,5,0
openstack,FN,2b60912d5667350eae7ecbc67d4dba3658518d10,llm_lime,qwen36_27b_local,full,0.2,,4,0.6,0.6,-0.0268,0.0516,5,0
openstack,FN,2b60912d5667350eae7ecbc67d4dba3658518d10,llm_lime,qwen36_27b_local,full,0.2,,5,0.6,0.6,-0.0268,0.0516,5,0
openstack,TP,88c62c1ca290c1d2a33ff192a302e492a4b11cb3,llm_lime,qwen36_27b_local,full,0.2,,1,0.6,0.6,-0.096,0.1,5,0
openstack,TP,88c62c1ca290c1d2a33ff192a302e492a4b11cb3,llm_lime,qwen36_27b_local,full,0.2,,2,0.6,0.8,-0.122,0.1244,5,0
openstack,TP,88c62c1ca290c1d2a33ff192a302e492a4b11cb3,llm_lime,qwen36_27b_local,full,0.2,,3,0.6,0.8,-0.0784,0.1176,5,0
openstack,TP,88c62c1ca290c1d2a33ff192a302e492a4b11cb3,llm_lime,qwen36_27b_local,full,0.2,,4,1.0,0.6,-0.1,0.1016,5,0
openstack,TP,88c62c1ca290c1d2a33ff192a302e492a4b11cb3,llm_lime,qwen36_27b_local,full,0.2,,5,1.0,0.6,-0.1,0.1016,5,0
openstack,FP,296da649452f66dd15a15ee4274ab0f8609250e2,llm_lime,qwen36_27b_local,full,0.2,,1,1.0,1.0,-0.1788,0.1788,5,0
openstack,FP,296da649452f66dd15a15ee4274ab0f8609250e2,llm_lime,qwen36_27b_local,full,0.2,,2,1.0,0.8,-0.1796,0.1796,5,0
openstack,FP,296da649452f66dd15a15ee4274ab0f8609250e2,llm_lime,qwen36_27b_local,full,0.2,,3,1.0,1.0,-0.1788,0.1788,5,0
openstack,FP,296da649452f66dd15a15ee4274ab0f8609250e2,llm_lime,qwen36_27b_local,full,0.2,,4,1.0,0.8,-0.1796,0.1796,5,0
openstack,FP,296da649452f66dd15a15ee4274ab0f8609250e2,llm_lime,qwen36_27b_local,full,0.2,,5,1.0,0.8,-0.1724,0.1724,5,0
openstack,TP,379cf65d82b11f5e6f8732a585d5373beda85046,llm_lime,qwen36_27b_local,full,0.2,,1,1.0,1.0,-0.1287999999999999,0.1447999999999999,5,0
openstack,TP,379cf65d82b11f5e6f8732a585d5373beda85046,llm_lime,qwen36_27b_local,full,0.2,,2,1.0,1.0,-0.1795999999999999,0.1956,5,0
openstack,TP,379cf65d82b11f5e6f8732a585d5373beda85046,llm_lime,qwen36_27b_local,full,0.2,,3,1.0,1.0,-0.1287999999999999,0.1447999999999999,5,0
openstack,TP,379cf65d82b11f5e6f8732a585d5373beda85046,llm_lime,qwen36_27b_local,full,0.2,,4,1.0,1.0,-0.1687999999999999,0.1848,5,0
openstack,TP,379cf65d82b11f5e6f8732a585d5373beda85046,llm_lime,qwen36_27b_local,full,0.2,,5,1.0,1.0,-0.1795999999999999,0.1956,5,0
openstack,TN,79a1a113775df87d420b242cea4bbf953df3779c,llm_lime,qwen36_27b_local,full,0.2,,1,0.6,0.6,-0.076,0.076,5,0
openstack,TN,79a1a113775df87d420b242cea4bbf953df3779c,llm_lime,qwen36_27b_local,full,0.2,,2,0.8,0.6,-0.058,0.0796,5,0
openstack,TN,79a1a113775df87d420b242cea4bbf953df3779c,llm_lime,qwen36_27b_local,full,0.2,,3,0.6,0.6,-0.076,0.076,5,0
openstack,TN,79a1a113775df87d420b242cea4bbf953df3779c,llm_lime,qwen36_27b_local,full,0.2,,4,0.8,0.6,-0.076,0.076,5,0
openstack,TN,79a1a113775df87d420b242cea4bbf953df3779c,llm_lime,qwen36_27b_local,full,0.2,,5,0.8,0.6,-0.0608,0.0768,5,0
openstack,TN,dd444d84759d7b3c17e7c3e97f9565546f9d3df2,llm_lime,qwen36_27b_local,full,0.2,,1,0.8,0.8,-0.0563999999999999,0.0563999999999999,5,0
openstack,TN,dd444d84759d7b3c17e7c3e97f9565546f9d3df2,llm_lime,qwen36_27b_local,full,0.2,,2,0.6,1.0,-0.0827999999999999,0.0827999999999999,5,0
openstack,TN,dd444d84759d7b3c17e7c3e97f9565546f9d3df2,llm_lime,qwen36_27b_local,full,0.2,,3,0.6,0.8,-0.0587999999999999,0.0587999999999999,5,0
openstack,TN,dd444d84759d7b3c17e7c3e97f9565546f9d3df2,llm_lime,qwen36_27b_local,full,0.2,,4,0.8,1.0,-0.0831999999999999,0.0831999999999999,5,0
openstack,TN,dd444d84759d7b3c17e7c3e97f9565546f9d3df2,llm_lime,qwen36_27b_local,full,0.2,,5,0.6,0.8,-0.0587999999999999,0.0587999999999999,5,0
openstack,TN,747373f4bdfe4814000a88e4443b56545d5d55bd,llm_lime,qwen36_27b_local,full,0.2,,1,1.0,0.8,-0.0175999999999999,0.0399999999999999,5,0
openstack,TN,747373f4bdfe4814000a88e4443b56545d5d55bd,llm_lime,qwen36_27b_local,full,0.2,,2,1.0,0.8,-0.0155999999999999,0.038,5,0
openstack,TN,747373f4bdfe4814000a88e4443b56545d5d55bd,llm_lime,qwen36_27b_local,full,0.2,,3,1.0,0.8,-0.0163999999999999,0.0388,5,0
openstack,TN,747373f4bdfe4814000a88e4443b56545d5d55bd,llm_lime,qwen36_27b_local,full,0.2,,4,1.0,0.8,-0.0155999999999999,0.038,5,0
openstack,TN,747373f4bdfe4814000a88e4443b56545d5d55bd,llm_lime,qwen36_27b_local,full,0.2,,5,1.0,0.8,-0.0155999999999999,0.038,5,0
openstack,FN,763fd62464e9a0753e061171cc1fd826055bbc01,llm_lime,qwen36_27b_local,full,0.2,,1,0.6,0.6,0.0659999999999999,0.0739999999999999,5,0
openstack,FN,763fd62464e9a0753e061171cc1fd826055bbc01,llm_lime,qwen36_27b_local,full,0.2,,2,1.0,0.8,0.0763999999999999,0.0843999999999999,5,0
openstack,FN,763fd62464e9a0753e061171cc1fd826055bbc01,llm_lime,qwen36_27b_local,full,0.2,,3,1.0,0.8,0.0763999999999999,0.0843999999999999,5,0
openstack,FN,763fd62464e9a0753e061171cc1fd826055bbc01,llm_lime,qwen36_27b_local,full,0.2,,4,1.0,0.8,0.0707999999999999,0.0787999999999999,5,0
openstack,FN,763fd62464e9a0753e061171cc1fd826055bbc01,llm_lime,qwen36_27b_local,full,0.2,,5,1.0,1.0,0.0839999999999999,0.0839999999999999,5,0
openstack,FN,267eea50fd9e9c74faa96d529a7ec2fd8aa8d51f,llm_lime,qwen36_27b_local,full,0.2,,1,0.8,0.4,-0.0407999999999999,0.0616,5,0
openstack,FN,267eea50fd9e9c74faa96d529a7ec2fd8aa8d51f,llm_lime,qwen36_27b_local,full,0.2,,2,0.8,0.4,-0.0407999999999999,0.0616,5,0
openstack,FN,267eea50fd9e9c74faa96d529a7ec2fd8aa8d51f,llm_lime,qwen36_27b_local,full,0.2,,3,0.8,0.6,-0.0675999999999999,0.086,5,0
openstack,FN,267eea50fd9e9c74faa96d529a7ec2fd8aa8d51f,llm_lime,qwen36_27b_local,full,0.2,,4,0.8,0.4,-0.0035999999999999,0.0243999999999999,5,0
openstack,FN,267eea50fd9e9c74faa96d529a7ec2fd8aa8d51f,llm_lime,qwen36_27b_local,full,0.2,,5,0.8,0.4,-0.0407999999999999,0.0616,5,0
openstack,TN,978066fe31a5331f143a05e1fd753c729b2dcf09,llm_lime,qwen36_27b_local,full,0.2,,1,0.6,0.4,-0.0087999999999999,0.0311999999999999,5,0
openstack,TN,978066fe31a5331f143a05e1fd753c729b2dcf09,llm_lime,qwen36_27b_local,full,0.2,,2,0.6,0.4,-0.0179999999999999,0.0227999999999999,5,0
openstack,TN,978066fe31a5331f143a05e1fd753c729b2dcf09,llm_lime,qwen36_27b_local,full,0.2,,3,0.6,0.4,-0.0087999999999999,0.0311999999999999,5,0
openstack,TN,978066fe31a5331f143a05e1fd753c729b2dcf09,llm_lime,qwen36_27b_local,full,0.2,,4,0.6,0.6,-0.0151999999999999,0.0351999999999999,5,0
openstack,TN,978066fe31a5331f143a05e1fd753c729b2dcf09,llm_lime,qwen36_27b_local,full,0.2,,5,0.6,0.6,-0.0211999999999999,0.0363999999999999,5,0
openstack,TN,545925c66cb3ee005aa7e497ad4b3c97eb2f410b,llm_lime,qwen36_27b_local,full,0.2,,1,1.0,0.8,-0.0392,0.0616,5,0
openstack,TN,545925c66cb3ee005aa7e497ad4b3c97eb2f410b,llm_lime,qwen36_27b_local,full,0.2,,2,1.0,0.8,-0.0384,0.0608,5,0
openstack,TN,545925c66cb3ee005aa7e497ad4b3c97eb2f410b,llm_lime,qwen36_27b_local,full,0.2,,3,1.0,0.6,-0.03,0.0524,5,0
openstack,TN,545925c66cb3ee005aa7e497ad4b3c97eb2f410b,llm_lime,qwen36_27b_local,full,0.2,,4,1.0,0.6,-0.0284,0.0508,5,0
openstack,TN,545925c66cb3ee005aa7e497ad4b3c97eb2f410b,llm_lime,qwen36_27b_local,full,0.2,,5,1.0,0.6,-0.03,0.0524,5,0
openstack,FN,bc6ca87a6a01ecbda926a78d07cadbd4e3ab97e0,llm_lime,qwen36_27b_local,full,0.2,,1,0.6,0.4,0.0343999999999999,0.0527999999999999,5,0
openstack,FN,bc6ca87a6a01ecbda926a78d07cadbd4e3ab97e0,llm_lime,qwen36_27b_local,full,0.2,,2,0.8,0.6,0.0627999999999999,0.0627999999999999,5,0
openstack,FN,bc6ca87a6a01ecbda926a78d07cadbd4e3ab97e0,llm_lime,qwen36_27b_local,full,0.2,,3,0.5,0.5,0.0494999999999999,0.0594999999999999,4,0
openstack,FN,bc6ca87a6a01ecbda926a78d07cadbd4e3ab97e0,llm_lime,qwen36_27b_local,full,0.2,,4,0.5,0.5,0.0494999999999999,0.0594999999999999,4,0
openstack,FN,bc6ca87a6a01ecbda926a78d07cadbd4e3ab97e0,llm_lime,qwen36_27b_local,full,0.2,,5,0.5,0.5,0.0494999999999999,0.0594999999999999,4,0
openstack,FP,280cc7c5ae4b07a9a1e23b8f9cc925be9872c8e1,llm_lime,qwen36_27b_local,full,0.2,,1,0.8,1.0,-0.1259999999999999,0.142,5,0
openstack,FP,280cc7c5ae4b07a9a1e23b8f9cc925be9872c8e1,llm_lime,qwen36_27b_local,full,0.2,,2,0.8,0.8,-0.1375999999999999,0.1375999999999999,5,0
openstack,FP,280cc7c5ae4b07a9a1e23b8f9cc925be9872c8e1,llm_lime,qwen36_27b_local,full,0.2,,3,1.0,1.0,-0.1259999999999999,0.142,5,0
openstack,FP,280cc7c5ae4b07a9a1e23b8f9cc925be9872c8e1,llm_lime,qwen36_27b_local,full,0.2,,4,0.8,0.8,-0.1091999999999999,0.1251999999999999,5,0
openstack,FP,280cc7c5ae4b07a9a1e23b8f9cc925be9872c8e1,llm_lime,qwen36_27b_local,full,0.2,,5,0.8,0.8,-0.1091999999999999,0.1251999999999999,5,0
openstack,FP,6aecf475dbff9c7d477378c021749b987d47deae,llm_lime,qwen36_27b_local,full,0.2,,1,1.0,0.8,-0.1896,0.1952,5,0
openstack,FP,6aecf475dbff9c7d477378c021749b987d47deae,llm_lime,qwen36_27b_local,full,0.2,,2,1.0,0.8,-0.1896,0.1952,5,0
openstack,FP,6aecf475dbff9c7d477378c021749b987d47deae,llm_lime,qwen36_27b_local,full,0.2,,3,1.0,0.8,-0.1896,0.1952,5,0
openstack,FP,6aecf475dbff9c7d477378c021749b987d47deae,llm_lime,qwen36_27b_local,full,0.2,,4,1.0,0.8,-0.1896,0.1952,5,0
openstack,FP,6aecf475dbff9c7d477378c021749b987d47deae,llm_lime,qwen36_27b_local,full,0.2,,5,1.0,0.8,-0.1896,0.1952,5,0
openstack,FP,baa52224dc73e8ca3bdcbdaa5d62bc26fb38052f,llm_lime,qwen36_27b_local,full,0.2,,1,1.0,0.8,-0.1795999999999999,0.1795999999999999,5,0
openstack,FP,baa52224dc73e8ca3bdcbdaa5d62bc26fb38052f,llm_lime,qwen36_27b_local,full,0.2,,2,1.0,0.8,-0.1795999999999999,0.1795999999999999,5,0
openstack,FP,baa52224dc73e8ca3bdcbdaa5d62bc26fb38052f,llm_lime,qwen36_27b_local,full,0.2,,3,0.6,0.8,-0.1671999999999999,0.1671999999999999,5,0
openstack,FP,baa52224dc73e8ca3bdcbdaa5d62bc26fb38052f,llm_lime,qwen36_27b_local,full,0.2,,4,0.8,0.8,-0.1891999999999999,0.1891999999999999,5,0
openstack,FP,baa52224dc73e8ca3bdcbdaa5d62bc26fb38052f,llm_lime,qwen36_27b_local,full,0.2,,5,0.8,0.8,-0.1767999999999999,0.1767999999999999,5,0
openstack,TN,d2e40a3e49819dace92975de3e3d7ba3a3fac79d,llm_lime,qwen36_27b_local,full,0.2,,1,0.8,0.6,-0.0863999999999999,0.0863999999999999,5,0
openstack,TN,d2e40a3e49819dace92975de3e3d7ba3a3fac79d,llm_lime,qwen36_27b_local,full,0.2,,2,1.0,0.4,-0.0703999999999999,0.0776,5,0
openstack,TN,d2e40a3e49819dace92975de3e3d7ba3a3fac79d,llm_lime,qwen36_27b_local,full,0.2,,3,1.0,0.6,-0.0676,0.0812,5,0
openstack,TN,d2e40a3e49819dace92975de3e3d7ba3a3fac79d,llm_lime,qwen36_27b_local,full,0.2,,4,0.8,0.6,-0.0855999999999999,0.0855999999999999,5,0
openstack,TN,d2e40a3e49819dace92975de3e3d7ba3a3fac79d,llm_lime,qwen36_27b_local,full,0.2,,5,1.0,0.4,-0.0764,0.0764,5,0
openstack,TN,57566f4c8d2929c25e76564883369a7c6eda720a,llm_lime,qwen36_27b_local,full,0.2,,1,0.8,0.6,-0.0147999999999999,0.0363999999999999,5,0
openstack,TN,57566f4c8d2929c25e76564883369a7c6eda720a,llm_lime,qwen36_27b_local,full,0.2,,2,0.8,0.4,0.0004,0.0308,5,0
openstack,TN,57566f4c8d2929c25e76564883369a7c6eda720a,llm_lime,qwen36_27b_local,full,0.2,,3,0.8,0.6,-0.0147999999999999,0.0363999999999999,5,0
openstack,TN,57566f4c8d2929c25e76564883369a7c6eda720a,llm_lime,qwen36_27b_local,full,0.2,,4,0.8,0.6,-0.0171999999999999,0.0387999999999999,5,0
openstack,TN,57566f4c8d2929c25e76564883369a7c6eda720a,llm_lime,qwen36_27b_local,full,0.2,,5,0.8,0.4,-0.0019999999999999,0.0331999999999999,5,0
openstack,TP,03db94ebaa3fc2c76694fd566e2c9eefbf851a7f,llm_lime,qwen36_27b_local,full,0.2,,1,1.0,1.0,-0.2256,0.2256,5,0
openstack,TP,03db94ebaa3fc2c76694fd566e2c9eefbf851a7f,llm_lime,qwen36_27b_local,full,0.2,,2,1.0,1.0,-0.2076,0.2076,5,0
openstack,TP,03db94ebaa3fc2c76694fd566e2c9eefbf851a7f,llm_lime,qwen36_27b_local,full,0.2,,3,1.0,1.0,-0.1536,0.1688,5,0
openstack,TP,03db94ebaa3fc2c76694fd566e2c9eefbf851a7f,llm_lime,qwen36_27b_local,full,0.2,,4,1.0,1.0,-0.2132,0.2284,5,0
openstack,TP,03db94ebaa3fc2c76694fd566e2c9eefbf851a7f,llm_lime,qwen36_27b_local,full,0.2,,5,1.0,1.0,-0.2132,0.2284,5,0
openstack,FN,703ba3c4e3d0b442c3097b6c844a59e560c09fe8,llm_lime,qwen36_27b_local,full,0.2,,1,1.0,0.2,0.0163999999999999,0.0243999999999999,5,0
openstack,FN,703ba3c4e3d0b442c3097b6c844a59e560c09fe8,llm_lime,qwen36_27b_local,full,0.2,,2,1.0,0.2,0.0195999999999999,0.0211999999999999,5,0
openstack,FN,703ba3c4e3d0b442c3097b6c844a59e560c09fe8,llm_lime,qwen36_27b_local,full,0.2,,3,1.0,0.4,0.0015999999999999,0.0391999999999999,5,0
openstack,FN,703ba3c4e3d0b442c3097b6c844a59e560c09fe8,llm_lime,qwen36_27b_local,full,0.2,,4,1.0,0.4,0.0015999999999999,0.0391999999999999,5,0
openstack,FN,703ba3c4e3d0b442c3097b6c844a59e560c09fe8,llm_lime,qwen36_27b_local,full,0.2,,5,1.0,0.4,-0.0008,0.0335999999999999,5,0
openstack,FN,e3df049cad2b7a264acbad4d6baecbc813546e5d,llm_lime,qwen36_27b_local,full,0.2,,1,0.6,0.4,-0.0583999999999999,0.0727999999999999,5,0
openstack,FN,e3df049cad2b7a264acbad4d6baecbc813546e5d,llm_lime,qwen36_27b_local,full,0.2,,2,0.75,0.5,-0.0774999999999999,0.0864999999999999,4,0
openstack,FN,e3df049cad2b7a264acbad4d6baecbc813546e5d,llm_lime,qwen36_27b_local,full,0.2,,3,0.6,0.4,-0.0583999999999999,0.0727999999999999,5,0
openstack,FN,e3df049cad2b7a264acbad4d6baecbc813546e5d,llm_lime,qwen36_27b_local,full,0.2,,4,0.6,0.4,-0.0575999999999999,0.0735999999999999,5,0
openstack,FN,e3df049cad2b7a264acbad4d6baecbc813546e5d,llm_lime,qwen36_27b_local,full,0.2,,5,0.75,0.5,-0.0774999999999999,0.0864999999999999,4,0
openstack,FN,d1b3adfbe471ad99ddf0dd2b483b77435c157aea,llm_lime,qwen36_27b_local,full,0.2,,1,0.8,0.8,0.058,0.0964,5,0
openstack,FN,d1b3adfbe471ad99ddf0dd2b483b77435c157aea,llm_lime,qwen36_27b_local,full,0.2,,2,0.8,0.8,0.058,0.0964,5,0
openstack,FN,d1b3adfbe471ad99ddf0dd2b483b77435c157aea,llm_lime,qwen36_27b_local,full,0.2,,3,0.8,0.8,0.058,0.0964,5,0
openstack,FN,d1b3adfbe471ad99ddf0dd2b483b77435c157aea,llm_lime,qwen36_27b_local,full,0.2,,4,1.0,0.8,0.0924,0.0996,5,0
openstack,FN,d1b3adfbe471ad99ddf0dd2b483b77435c157aea,llm_lime,qwen36_27b_local,full,0.2,,5,0.8,0.8,0.058,0.0964,5,0
openstack,TN,87be408b126e81ded85b03896f9c85f8a8d4ac90,llm_lime,qwen36_27b_local,full,0.2,,1,0.8,0.6,-0.0284,0.054,5,0
openstack,TN,87be408b126e81ded85b03896f9c85f8a8d4ac90,llm_lime,qwen36_27b_local,full,0.2,,2,0.8,0.6,-0.0284,0.054,5,0
openstack,TN,87be408b126e81ded85b03896f9c85f8a8d4ac90,llm_lime,qwen36_27b_local,full,0.2,,3,0.8,0.6,-0.0284,0.054,5,0
openstack,TN,87be408b126e81ded85b03896f9c85f8a8d4ac90,llm_lime,qwen36_27b_local,full,0.2,,4,0.8,0.6,-0.0284,0.054,5,0
openstack,TN,87be408b126e81ded85b03896f9c85f8a8d4ac90,llm_lime,qwen36_27b_local,full,0.2,,5,0.8,0.4,-0.0195999999999999,0.05,5,0
openstack,TP,22c9cf3d95c3d14351045bac2920b4e0994ec42f,llm_lime,qwen36_27b_local,full,0.2,,1,1.0,1.0,-0.3176,0.3176,5,0
openstack,TP,22c9cf3d95c3d14351045bac2920b4e0994ec42f,llm_lime,qwen36_27b_local,full,0.2,,2,1.0,1.0,-0.3176,0.3176,5,0
openstack,TP,22c9cf3d95c3d14351045bac2920b4e0994ec42f,llm_lime,qwen36_27b_local,full,0.2,,3,1.0,0.8,-0.2707999999999999,0.2707999999999999,5,0
openstack,TP,22c9cf3d95c3d14351045bac2920b4e0994ec42f,llm_lime,qwen36_27b_local,full,0.2,,4,1.0,1.0,-0.3176,0.3176,5,0
openstack,TP,22c9cf3d95c3d14351045bac2920b4e0994ec42f,llm_lime,qwen36_27b_local,full,0.2,,5,1.0,0.8,-0.2883999999999999,0.2883999999999999,5,0
openstack,TP,092820939d53268152893a15fdaf5129554fbcb3,llm_lime,qwen36_27b_local,full,0.2,,1,1.0,0.8,-0.1532,0.2092,5,0
openstack,TP,092820939d53268152893a15fdaf5129554fbcb3,llm_lime,qwen36_27b_local,full,0.2,,2,1.0,0.8,-0.1532,0.2092,5,0
openstack,TP,092820939d53268152893a15fdaf5129554fbcb3,llm_lime,qwen36_27b_local,full,0.2,,3,1.0,0.8,-0.1532,0.2092,5,0
openstack,TP,092820939d53268152893a15fdaf5129554fbcb3,llm_lime,qwen36_27b_local,full,0.2,,4,1.0,1.0,-0.2256,0.272,5,0
openstack,TP,092820939d53268152893a15fdaf5129554fbcb3,llm_lime,qwen36_27b_local,full,0.2,,5,1.0,0.8,-0.1532,0.2092,5,0
openstack,TN,dd13c2784b5aec539197d1b76fafc6a6b38a33e8,llm_lime,qwen36_27b_local,full,0.2,,1,0.6,0.8,0.0355999999999999,0.0764,5,0
openstack,TN,dd13c2784b5aec539197d1b76fafc6a6b38a33e8,llm_lime,qwen36_27b_local,full,0.2,,2,0.6,0.8,0.0355999999999999,0.0764,5,0
openstack,TN,dd13c2784b5aec539197d1b76fafc6a6b38a33e8,llm_lime,qwen36_27b_local,full,0.2,,3,1.0,0.8,0.0355999999999999,0.0764,5,0
openstack,TN,dd13c2784b5aec539197d1b76fafc6a6b38a33e8,llm_lime,qwen36_27b_local,full,0.2,,4,0.8,0.8,0.0355999999999999,0.0764,5,0
openstack,TN,dd13c2784b5aec539197d1b76fafc6a6b38a33e8,llm_lime,qwen36_27b_local,full,0.2,,5,0.6,0.8,0.0355999999999999,0.0764,5,0
openstack,TP,40eaa89a9001edda3e1146831b26aaf7ded64c4a,llm_lime,qwen36_27b_local,full,0.2,,1,1.0,0.8,-0.21,0.21,5,0
openstack,TP,40eaa89a9001edda3e1146831b26aaf7ded64c4a,llm_lime,qwen36_27b_local,full,0.2,,2,1.0,0.8,-0.212,0.212,5,0
openstack,TP,40eaa89a9001edda3e1146831b26aaf7ded64c4a,llm_lime,qwen36_27b_local,full,0.2,,3,1.0,0.8,-0.21,0.21,5,0
openstack,TP,40eaa89a9001edda3e1146831b26aaf7ded64c4a,llm_lime,qwen36_27b_local,full,0.2,,4,1.0,0.8,-0.198,0.198,5,0
openstack,TP,40eaa89a9001edda3e1146831b26aaf7ded64c4a,llm_lime,qwen36_27b_local,full,0.2,,5,1.0,0.8,-0.198,0.198,5,0
openstack,TN,1e6538d43e76b867776cf226e1d6d6c900412f99,llm_lime,qwen36_27b_local,full,0.2,,1,1.0,0.8,-0.0844,0.0844,5,0
openstack,TN,1e6538d43e76b867776cf226e1d6d6c900412f99,llm_lime,qwen36_27b_local,full,0.2,,2,1.0,0.8,-0.0844,0.0844,5,0
openstack,TN,1e6538d43e76b867776cf226e1d6d6c900412f99,llm_lime,qwen36_27b_local,full,0.2,,3,1.0,0.8,-0.0844,0.0844,5,0
openstack,TN,1e6538d43e76b867776cf226e1d6d6c900412f99,llm_lime,qwen36_27b_local,full,0.2,,4,1.0,0.8,-0.0844,0.0844,5,0
openstack,TN,1e6538d43e76b867776cf226e1d6d6c900412f99,llm_lime,qwen36_27b_local,full,0.2,,5,1.0,0.8,-0.0844,0.0844,5,0
openstack,FP,70de423255fd01822188bb9082a0c0cc1c8ec2d0,llm_lime,qwen36_27b_local,full,0.2,,1,1.0,0.8,-0.2948,0.2964,5,0
openstack,FP,70de423255fd01822188bb9082a0c0cc1c8ec2d0,llm_lime,qwen36_27b_local,full,0.2,,2,1.0,0.8,-0.3208,0.3224,5,0
openstack,FP,70de423255fd01822188bb9082a0c0cc1c8ec2d0,llm_lime,qwen36_27b_local,full,0.2,,3,1.0,0.8,-0.3208,0.3224,5,0
openstack,FP,70de423255fd01822188bb9082a0c0cc1c8ec2d0,llm_lime,qwen36_27b_local,full,0.2,,4,1.0,0.8,-0.3208,0.3224,5,0
openstack,FP,70de423255fd01822188bb9082a0c0cc1c8ec2d0,llm_lime,qwen36_27b_local,full,0.2,,5,1.0,0.8,-0.3096,0.3112,5,0
openstack,TP,56324c12aa58ff9cf46582611b071f3abb743ddf,llm_lime,qwen36_27b_local,full,0.2,,1,1.0,0.8,-0.1736,0.1736,5,0
openstack,TP,56324c12aa58ff9cf46582611b071f3abb743ddf,llm_lime,qwen36_27b_local,full,0.2,,2,1.0,0.8,-0.1736,0.1736,5,0
openstack,TP,56324c12aa58ff9cf46582611b071f3abb743ddf,llm_lime,qwen36_27b_local,full,0.2,,3,0.6,0.8,-0.1468,0.1468,5,0
openstack,TP,56324c12aa58ff9cf46582611b071f3abb743ddf,llm_lime,qwen36_27b_local,full,0.2,,4,1.0,1.0,-0.194,0.194,5,0
openstack,TP,56324c12aa58ff9cf46582611b071f3abb743ddf,llm_lime,qwen36_27b_local,full,0.2,,5,0.8,0.8,-0.1736,0.1736,5,0
openstack,FN,848664f646bf087df59778434daa6feae1e71c74,llm_lime,qwen36_27b_local,full,0.2,,1,1.0,1.0,-0.0943999999999999,0.0943999999999999,5,0
openstack,FN,848664f646bf087df59778434daa6feae1e71c74,llm_lime,qwen36_27b_local,full,0.2,,2,1.0,1.0,-0.1063999999999999,0.1063999999999999,5,0
openstack,FN,848664f646bf087df59778434daa6feae1e71c74,llm_lime,qwen36_27b_local,full,0.2,,3,1.0,1.0,-0.0967999999999999,0.0967999999999999,5,0
openstack,FN,848664f646bf087df59778434daa6feae1e71c74,llm_lime,qwen36_27b_local,full,0.2,,4,1.0,1.0,-0.1063999999999999,0.1063999999999999,5,0
openstack,FN,848664f646bf087df59778434daa6feae1e71c74,llm_lime,qwen36_27b_local,full,0.2,,5,1.0,1.0,-0.0983999999999999,0.0983999999999999,5,0
openstack,FN,91a8cd2952a25b340f5778cace95910e43cbcbb6,llm_lime,qwen36_27b_local,full,0.2,,1,0.8,0.2,0.0243999999999999,0.0283999999999999,5,0
openstack,FN,91a8cd2952a25b340f5778cace95910e43cbcbb6,llm_lime,qwen36_27b_local,full,0.2,,2,0.8,0.2,0.0243999999999999,0.0283999999999999,5,0
openstack,FN,91a8cd2952a25b340f5778cace95910e43cbcbb6,llm_lime,qwen36_27b_local,full,0.2,,3,0.8,0.2,0.0243999999999999,0.0283999999999999,5,0
openstack,FN,91a8cd2952a25b340f5778cace95910e43cbcbb6,llm_lime,qwen36_27b_local,full,0.2,,4,0.8,0.2,0.0243999999999999,0.0283999999999999,5,0
openstack,FN,91a8cd2952a25b340f5778cace95910e43cbcbb6,llm_lime,qwen36_27b_local,full,0.2,,5,0.8,0.2,0.0243999999999999,0.0283999999999999,5,0
openstack,FN,d402747547e1a356c6c2c20b57f52af39b63e831,llm_lime,qwen36_27b_local,full,0.2,,1,0.8,0.8,0.0076,0.0372,5,0
openstack,FN,d402747547e1a356c6c2c20b57f52af39b63e831,llm_lime,qwen36_27b_local,full,0.2,,2,0.8,0.6,0.0016,0.0312,5,0
openstack,FN,d402747547e1a356c6c2c20b57f52af39b63e831,llm_lime,qwen36_27b_local,full,0.2,,3,0.8,0.8,-0.0383999999999999,0.0712,5,0
openstack,FN,d402747547e1a356c6c2c20b57f52af39b63e831,llm_lime,qwen36_27b_local,full,0.2,,4,0.8,0.8,-0.0183999999999999,0.0472,5,0
openstack,FN,d402747547e1a356c6c2c20b57f52af39b63e831,llm_lime,qwen36_27b_local,full,0.2,,5,0.8,0.8,0.0076,0.0372,5,0
openstack,TN,348b7a9f7d64094d60ece0460aed02b66c52f1b1,llm_lime,qwen36_27b_local,full,0.2,,1,0.8,0.4,-0.0944,0.1112,5,0
openstack,TN,348b7a9f7d64094d60ece0460aed02b66c52f1b1,llm_lime,qwen36_27b_local,full,0.2,,2,0.8,0.4,-0.0904,0.1144,5,0
openstack,TN,348b7a9f7d64094d60ece0460aed02b66c52f1b1,llm_lime,qwen36_27b_local,full,0.2,,3,0.8,0.2,0.0024,0.016,5,0
openstack,TN,348b7a9f7d64094d60ece0460aed02b66c52f1b1,llm_lime,qwen36_27b_local,full,0.2,,4,0.8,0.4,-0.0944,0.1112,5,0
openstack,TN,348b7a9f7d64094d60ece0460aed02b66c52f1b1,llm_lime,qwen36_27b_local,full,0.2,,5,0.6,0.0,0.0124,0.0132,5,0
openstack,FP,2bb9e5563c69f79d5da23668b08dd9c88f9d4348,llm_lime,qwen36_27b_local,full,0.2,,1,1.0,1.0,-0.1919999999999999,0.1919999999999999,5,0
openstack,FP,2bb9e5563c69f79d5da23668b08dd9c88f9d4348,llm_lime,qwen36_27b_local,full,0.2,,2,1.0,1.0,-0.1731999999999999,0.1731999999999999,5,0
openstack,FP,2bb9e5563c69f79d5da23668b08dd9c88f9d4348,llm_lime,qwen36_27b_local,full,0.2,,3,1.0,1.0,-0.1919999999999999,0.1919999999999999,5,0
openstack,FP,2bb9e5563c69f79d5da23668b08dd9c88f9d4348,llm_lime,qwen36_27b_local,full,0.2,,4,1.0,1.0,-0.1919999999999999,0.1919999999999999,5,0
openstack,FP,2bb9e5563c69f79d5da23668b08dd9c88f9d4348,llm_lime,qwen36_27b_local,full,0.2,,5,1.0,1.0,-0.1919999999999999,0.1919999999999999,5,0
openstack,TP,5f2b88b1aafb9a35638e54f796685f633428b6a5,llm_lime,qwen36_27b_local,full,0.2,,1,0.8,1.0,-0.1659999999999999,0.1659999999999999,5,0
openstack,TP,5f2b88b1aafb9a35638e54f796685f633428b6a5,llm_lime,qwen36_27b_local,full,0.2,,2,0.8,1.0,-0.1539999999999999,0.1539999999999999,5,0
openstack,TP,5f2b88b1aafb9a35638e54f796685f633428b6a5,llm_lime,qwen36_27b_local,full,0.2,,3,0.8,0.8,-0.1436,0.1436,5,0
openstack,TP,5f2b88b1aafb9a35638e54f796685f633428b6a5,llm_lime,qwen36_27b_local,full,0.2,,4,0.8,1.0,-0.1715999999999999,0.1715999999999999,5,0
openstack,TP,5f2b88b1aafb9a35638e54f796685f633428b6a5,llm_lime,qwen36_27b_local,full,0.2,,5,0.8,0.8,-0.1436,0.1436,5,0
openstack,FN,017dd6b4bcf92c14d49421268cb571c00879f3cc,llm_lime,qwen36_27b_local,full,0.2,,1,0.8,0.6,0.0736,0.0776,5,0
openstack,FN,017dd6b4bcf92c14d49421268cb571c00879f3cc,llm_lime,qwen36_27b_local,full,0.2,,2,1.0,0.25,0.047,0.057,4,0
openstack,FN,017dd6b4bcf92c14d49421268cb571c00879f3cc,llm_lime,qwen36_27b_local,full,0.2,,3,1.0,0.5,0.0605,0.0655,4,0
openstack,FN,017dd6b4bcf92c14d49421268cb571c00879f3cc,llm_lime,qwen36_27b_local,full,0.2,,4,0.6,0.6,0.0672,0.0712,5,0
openstack,FN,017dd6b4bcf92c14d49421268cb571c00879f3cc,llm_lime,qwen36_27b_local,full,0.2,,5,0.8,0.6,0.0672,0.0712,5,0
openstack,FP,41d6b479fe8baf66578044b8773c3b892d64a2c4,llm_lime,qwen36_27b_local,full,0.2,,1,0.8,0.8,-0.1275999999999999,0.1355999999999999,5,0
openstack,FP,41d6b479fe8baf66578044b8773c3b892d64a2c4,llm_lime,qwen36_27b_local,full,0.2,,2,1.0,0.8,-0.1315999999999999,0.1395999999999999,5,0
openstack,FP,41d6b479fe8baf66578044b8773c3b892d64a2c4,llm_lime,qwen36_27b_local,full,0.2,,3,1.0,0.8,-0.1315999999999999,0.1395999999999999,5,0
openstack,FP,41d6b479fe8baf66578044b8773c3b892d64a2c4,llm_lime,qwen36_27b_local,full,0.2,,4,1.0,0.8,-0.1195999999999999,0.1275999999999999,5,0
openstack,FP,41d6b479fe8baf66578044b8773c3b892d64a2c4,llm_lime,qwen36_27b_local,full,0.2,,5,1.0,1.0,-0.1643999999999999,0.1643999999999999,5,0
openstack,FN,913a99c79456abbfef1642e6dc70e6a4ff4e25db,llm_lime,qwen36_27b_local,full,0.2,,1,1.0,0.6,0.1112,0.112,5,0
openstack,FN,913a99c79456abbfef1642e6dc70e6a4ff4e25db,llm_lime,qwen36_27b_local,full,0.2,,2,1.0,0.6,0.1112,0.112,5,0
openstack,FN,913a99c79456abbfef1642e6dc70e6a4ff4e25db,llm_lime,qwen36_27b_local,full,0.2,,3,1.0,0.6,0.1112,0.112,5,0
openstack,FN,913a99c79456abbfef1642e6dc70e6a4ff4e25db,llm_lime,qwen36_27b_local,full,0.2,,4,1.0,0.6,0.1112,0.112,5,0
openstack,FN,913a99c79456abbfef1642e6dc70e6a4ff4e25db,llm_lime,qwen36_27b_local,full,0.2,,5,1.0,0.6,0.1112,0.112,5,0
openstack,FP,e4ea54104ec38f5fe4c792d4d3d1865de34bb4c3,llm_lime,qwen36_27b_local,full,0.2,,1,0.8,0.8,-0.1383999999999999,0.1391999999999999,5,0
openstack,FP,e4ea54104ec38f5fe4c792d4d3d1865de34bb4c3,llm_lime,qwen36_27b_local,full,0.2,,2,0.8,1.0,-0.1835999999999999,0.1835999999999999,5,0
openstack,FP,e4ea54104ec38f5fe4c792d4d3d1865de34bb4c3,llm_lime,qwen36_27b_local,full,0.2,,3,0.8,0.8,-0.1383999999999999,0.1391999999999999,5,0
openstack,FP,e4ea54104ec38f5fe4c792d4d3d1865de34bb4c3,llm_lime,qwen36_27b_local,full,0.2,,4,1.0,0.8,-0.1383999999999999,0.1391999999999999,5,0
openstack,FP,e4ea54104ec38f5fe4c792d4d3d1865de34bb4c3,llm_lime,qwen36_27b_local,full,0.2,,5,0.8,0.8,-0.1383999999999999,0.1391999999999999,5,0
openstack,FN,1c6b2fce289b68af92afeddf8d30efcda1903f06,llm_lime,qwen36_27b_local,full,0.2,,1,0.8,0.6,0.0196,0.0411999999999999,5,0
openstack,FN,1c6b2fce289b68af92afeddf8d30efcda1903f06,llm_lime,qwen36_27b_local,full,0.2,,2,0.8,0.6,0.0196,0.0411999999999999,5,0
openstack,FN,1c6b2fce289b68af92afeddf8d30efcda1903f06,llm_lime,qwen36_27b_local,full,0.2,,3,0.8,0.6,0.0196,0.0411999999999999,5,0
openstack,FN,1c6b2fce289b68af92afeddf8d30efcda1903f06,llm_lime,qwen36_27b_local,full,0.2,,4,0.8,0.6,0.0196,0.0411999999999999,5,0
openstack,FN,1c6b2fce289b68af92afeddf8d30efcda1903f06,llm_lime,qwen36_27b_local,full,0.2,,5,1.0,0.6,0.0196,0.0411999999999999,5,0
openstack,FN,8ccdc4ac5053c6e39660044a9f8c1f695370e9a7,llm_lime,qwen36_27b_local,full,0.2,,1,0.8,1.0,0.012,0.0824,5,0
openstack,FN,8ccdc4ac5053c6e39660044a9f8c1f695370e9a7,llm_lime,qwen36_27b_local,full,0.2,,2,0.8,0.8,0.0436,0.058,5,0
openstack,FN,8ccdc4ac5053c6e39660044a9f8c1f695370e9a7,llm_lime,qwen36_27b_local,full,0.2,,3,1.0,1.0,0.0288,0.0848,5,0
openstack,FN,8ccdc4ac5053c6e39660044a9f8c1f695370e9a7,llm_lime,qwen36_27b_local,full,0.2,,4,0.8,1.0,0.0496,0.064,5,0
openstack,FN,8ccdc4ac5053c6e39660044a9f8c1f695370e9a7,llm_lime,qwen36_27b_local,full,0.2,,5,1.0,1.0,0.012,0.0824,5,0
openstack,FP,a985e34cdeef777fe7ff943e363a5f1be6d991b7,llm_lime,qwen36_27b_local,full,0.2,,1,1.0,0.8,-0.0832,0.0856,5,0
openstack,FP,a985e34cdeef777fe7ff943e363a5f1be6d991b7,llm_lime,qwen36_27b_local,full,0.2,,2,1.0,0.8,-0.0832,0.0856,5,0
openstack,FP,a985e34cdeef777fe7ff943e363a5f1be6d991b7,llm_lime,qwen36_27b_local,full,0.2,,3,1.0,0.8,-0.0832,0.0856,5,0
openstack,FP,a985e34cdeef777fe7ff943e363a5f1be6d991b7,llm_lime,qwen36_27b_local,full,0.2,,4,1.0,1.0,-0.1344,0.1344,5,0
openstack,FP,a985e34cdeef777fe7ff943e363a5f1be6d991b7,llm_lime,qwen36_27b_local,full,0.2,,5,1.0,0.8,-0.0832,0.0856,5,0
openstack,TP,3b28cb2a10f7746a32cb7f7b62b6fc92ebcfb1e5,llm_lime,qwen36_27b_local,full,0.2,,1,1.0,0.8,-0.21,0.2164,5,0
openstack,TP,3b28cb2a10f7746a32cb7f7b62b6fc92ebcfb1e5,llm_lime,qwen36_27b_local,full,0.2,,2,1.0,0.8,-0.1791999999999999,0.1856,5,0
openstack,TP,3b28cb2a10f7746a32cb7f7b62b6fc92ebcfb1e5,llm_lime,qwen36_27b_local,full,0.2,,3,1.0,0.8,-0.21,0.2164,5,0
openstack,TP,3b28cb2a10f7746a32cb7f7b62b6fc92ebcfb1e5,llm_lime,qwen36_27b_local,full,0.2,,4,1.0,1.0,-0.2072,0.2072,5,0
openstack,TP,3b28cb2a10f7746a32cb7f7b62b6fc92ebcfb1e5,llm_lime,qwen36_27b_local,full,0.2,,5,1.0,0.8,-0.1791999999999999,0.1856,5,0
openstack,FN,c2c37272bf788aac63399127cddd487dc0f15c38,llm_lime,qwen36_27b_local,full,0.2,,1,0.6,0.6,-0.022,0.0348,5,0
openstack,FN,c2c37272bf788aac63399127cddd487dc0f15c38,llm_lime,qwen36_27b_local,full,0.2,,2,0.6,0.6,-0.0296,0.0424,5,0
openstack,FN,c2c37272bf788aac63399127cddd487dc0f15c38,llm_lime,qwen36_27b_local,full,0.2,,3,0.6,0.6,-0.022,0.0348,5,0
openstack,FN,c2c37272bf788aac63399127cddd487dc0f15c38,llm_lime,qwen36_27b_local,full,0.2,,4,0.4,0.4,-0.01,0.0244,5,0
openstack,FN,c2c37272bf788aac63399127cddd487dc0f15c38,llm_lime,qwen36_27b_local,full,0.2,,5,0.6,0.6,-0.0192,0.032,5,0
openstack,FN,37510ac03478704bafba89e8c4f4e0e9041d661d,llm_lime,qwen36_27b_local,full,0.2,,1,0.6,0.6,0.0868,0.0868,5,0
openstack,FN,37510ac03478704bafba89e8c4f4e0e9041d661d,llm_lime,qwen36_27b_local,full,0.2,,2,0.6,0.6,0.0928,0.0928,5,0
openstack,FN,37510ac03478704bafba89e8c4f4e0e9041d661d,llm_lime,qwen36_27b_local,full,0.2,,3,0.6,0.6,0.0868,0.0868,5,0
openstack,FN,37510ac03478704bafba89e8c4f4e0e9041d661d,llm_lime,qwen36_27b_local,full,0.2,,4,0.6,0.6,0.0955999999999999,0.0955999999999999,5,0
openstack,FN,37510ac03478704bafba89e8c4f4e0e9041d661d,llm_lime,qwen36_27b_local,full,0.2,,5,0.8,0.8,0.1076,0.1076,5,0
openstack,TN,5cc9d999352c21d3f4b5c39d3ea9d4378ca86544,llm_lime,qwen36_27b_local,full,0.2,,1,0.25,1.0,0.057,0.074,4,0
openstack,TN,5cc9d999352c21d3f4b5c39d3ea9d4378ca86544,llm_lime,qwen36_27b_local,full,0.2,,2,0.8,0.6,-0.0319999999999999,0.1216,5,0
openstack,TN,5cc9d999352c21d3f4b5c39d3ea9d4378ca86544,llm_lime,qwen36_27b_local,full,0.2,,3,0.6,0.6,0.0388,0.0524,5,0
openstack,TN,5cc9d999352c21d3f4b5c39d3ea9d4378ca86544,llm_lime,qwen36_27b_local,full,0.2,,4,0.6,0.6,0.0388,0.0524,5,0
openstack,TN,5cc9d999352c21d3f4b5c39d3ea9d4378ca86544,llm_lime,qwen36_27b_local,full,0.2,,5,0.25,1.0,-0.0529999999999999,0.151,4,0
openstack,FP,ce12d7a1e53fffce57baab18de2ab885ba1df8ee,llm_lime,qwen36_27b_local,full,0.2,,1,0.8,0.4,-0.0772,0.086,5,0
openstack,FP,ce12d7a1e53fffce57baab18de2ab885ba1df8ee,llm_lime,qwen36_27b_local,full,0.2,,2,0.8,0.4,-0.0772,0.086,5,0
openstack,FP,ce12d7a1e53fffce57baab18de2ab885ba1df8ee,llm_lime,qwen36_27b_local,full,0.2,,3,1.0,0.4,-0.0772,0.086,5,0
openstack,FP,ce12d7a1e53fffce57baab18de2ab885ba1df8ee,llm_lime,qwen36_27b_local,full,0.2,,4,1.0,0.4,-0.0772,0.086,5,0
openstack,FP,ce12d7a1e53fffce57baab18de2ab885ba1df8ee,llm_lime,qwen36_27b_local,full,0.2,,5,1.0,0.4,-0.0772,0.086,5,0
openstack,FN,221f386029faf499c5a445374685cba5b67df31e,llm_lime,qwen36_27b_local,full,0.2,,1,0.8,1.0,-0.0551999999999999,0.148,5,0
openstack,FN,221f386029faf499c5a445374685cba5b67df31e,llm_lime,qwen36_27b_local,full,0.2,,2,0.8,1.0,-0.0551999999999999,0.148,5,0
openstack,FN,221f386029faf499c5a445374685cba5b67df31e,llm_lime,qwen36_27b_local,full,0.2,,3,0.8,0.8,0.0488,0.0992,5,0
openstack,FN,221f386029faf499c5a445374685cba5b67df31e,llm_lime,qwen36_27b_local,full,0.2,,4,0.8,1.0,0.0392,0.1088,5,0
openstack,FN,221f386029faf499c5a445374685cba5b67df31e,llm_lime,qwen36_27b_local,full,0.2,,5,0.8,1.0,-0.0551999999999999,0.148,5,0
openstack,FP,3eea37b85b1abc72786a2b24baf01141b4d95f08,llm_lime,qwen36_27b_local,full,0.2,,1,1.0,1.0,-0.146,0.146,5,0
openstack,FP,3eea37b85b1abc72786a2b24baf01141b4d95f08,llm_lime,qwen36_27b_local,full,0.2,,2,1.0,1.0,-0.146,0.146,5,0
openstack,FP,3eea37b85b1abc72786a2b24baf01141b4d95f08,llm_lime,qwen36_27b_local,full,0.2,,3,1.0,1.0,-0.146,0.146,5,0
openstack,FP,3eea37b85b1abc72786a2b24baf01141b4d95f08,llm_lime,qwen36_27b_local,full,0.2,,4,1.0,1.0,-0.146,0.146,5,0
openstack,FP,3eea37b85b1abc72786a2b24baf01141b4d95f08,llm_lime,qwen36_27b_local,full,0.2,,5,1.0,1.0,-0.146,0.146,5,0
openstack,FN,589c495c1ae62129e20ab5e2641e330541eee01f,llm_lime,qwen36_27b_local,full,0.2,,1,0.6,0.6,0.0875999999999999,0.0907999999999999,5,0
openstack,FN,589c495c1ae62129e20ab5e2641e330541eee01f,llm_lime,qwen36_27b_local,full,0.2,,2,0.6,0.6,0.0875999999999999,0.0907999999999999,5,0
openstack,FN,589c495c1ae62129e20ab5e2641e330541eee01f,llm_lime,qwen36_27b_local,full,0.2,,3,0.6,0.6,0.0875999999999999,0.0907999999999999,5,0
openstack,FN,589c495c1ae62129e20ab5e2641e330541eee01f,llm_lime,qwen36_27b_local,full,0.2,,4,0.8,0.6,0.0779999999999999,0.0811999999999999,5,0
openstack,FN,589c495c1ae62129e20ab5e2641e330541eee01f,llm_lime,qwen36_27b_local,full,0.2,,5,0.6,0.6,0.0875999999999999,0.0907999999999999,5,0
openstack,FP,750e065d6d137715dd03d5c90623145177f64cbb,llm_lime,qwen36_27b_local,full,0.2,,1,0.8,1.0,-0.1736,0.1736,5,0
openstack,FP,750e065d6d137715dd03d5c90623145177f64cbb,llm_lime,qwen36_27b_local,full,0.2,,2,0.8,1.0,-0.1736,0.1736,5,0
openstack,FP,750e065d6d137715dd03d5c90623145177f64cbb,llm_lime,qwen36_27b_local,full,0.2,,3,0.8,1.0,-0.1736,0.1736,5,0
openstack,FP,750e065d6d137715dd03d5c90623145177f64cbb,llm_lime,qwen36_27b_local,full,0.2,,4,0.8,1.0,-0.1736,0.1736,5,0
openstack,FP,750e065d6d137715dd03d5c90623145177f64cbb,llm_lime,qwen36_27b_local,full,0.2,,5,0.8,1.0,-0.1736,0.1736,5,0
openstack,FP,4b53e4edf9f7f8c794316d3a0920d727723d1bab,llm_lofo,qwen36_27b_local,full,0.2,,1,1.0,0.8,-0.236,0.24,5,0
openstack,FP,4b53e4edf9f7f8c794316d3a0920d727723d1bab,llm_lofo,qwen36_27b_local,full,0.2,,2,1.0,0.8,-0.236,0.24,5,0
openstack,FP,4b53e4edf9f7f8c794316d3a0920d727723d1bab,llm_lofo,qwen36_27b_local,full,0.2,,3,1.0,0.8,-0.236,0.24,5,0
openstack,FP,4b53e4edf9f7f8c794316d3a0920d727723d1bab,llm_lofo,qwen36_27b_local,full,0.2,,4,1.0,0.8,-0.236,0.24,5,0
openstack,FP,4b53e4edf9f7f8c794316d3a0920d727723d1bab,llm_lofo,qwen36_27b_local,full,0.2,,5,1.0,0.8,-0.236,0.24,5,0
openstack,TN,467b4e4d419f0ca5db8468516d64ffec5cedc67e,llm_lofo,qwen36_27b_local,full,0.2,,1,1.0,1.0,-0.11,0.11,5,0
openstack,TN,467b4e4d419f0ca5db8468516d64ffec5cedc67e,llm_lofo,qwen36_27b_local,full,0.2,,2,1.0,1.0,-0.1008,0.1008,5,0
openstack,TN,467b4e4d419f0ca5db8468516d64ffec5cedc67e,llm_lofo,qwen36_27b_local,full,0.2,,3,1.0,1.0,-0.11,0.11,5,0
openstack,TN,467b4e4d419f0ca5db8468516d64ffec5cedc67e,llm_lofo,qwen36_27b_local,full,0.2,,4,1.0,1.0,-0.11,0.11,5,0
openstack,TN,467b4e4d419f0ca5db8468516d64ffec5cedc67e,llm_lofo,qwen36_27b_local,full,0.2,,5,1.0,1.0,-0.11,0.11,5,0
openstack,TP,eaf6340847c35ace3b4b681a95b8a79a7a3f2491,llm_lofo,qwen36_27b_local,full,0.2,,1,1.0,0.8,-0.172,0.1744,5,0
openstack,TP,eaf6340847c35ace3b4b681a95b8a79a7a3f2491,llm_lofo,qwen36_27b_local,full,0.2,,2,1.0,0.8,-0.1744,0.1768,5,0
openstack,TP,eaf6340847c35ace3b4b681a95b8a79a7a3f2491,llm_lofo,qwen36_27b_local,full,0.2,,3,1.0,0.8,-0.172,0.1744,5,0
openstack,TP,eaf6340847c35ace3b4b681a95b8a79a7a3f2491,llm_lofo,qwen36_27b_local,full,0.2,,4,1.0,0.8,-0.172,0.1744,5,0
openstack,TP,eaf6340847c35ace3b4b681a95b8a79a7a3f2491,llm_lofo,qwen36_27b_local,full,0.2,,5,1.0,0.8,-0.172,0.1744,5,0
openstack,TP,fd351903a1759109f66d0c66d42cd3a1b7f23861,llm_lofo,qwen36_27b_local,full,0.2,,1,1.0,1.0,-0.2128,0.2128,5,0
openstack,TP,fd351903a1759109f66d0c66d42cd3a1b7f23861,llm_lofo,qwen36_27b_local,full,0.2,,2,1.0,1.0,-0.2128,0.2128,5,0
openstack,TP,fd351903a1759109f66d0c66d42cd3a1b7f23861,llm_lofo,qwen36_27b_local,full,0.2,,3,1.0,1.0,-0.2128,0.2128,5,0
openstack,TP,fd351903a1759109f66d0c66d42cd3a1b7f23861,llm_lofo,qwen36_27b_local,full,0.2,,4,0.8,1.0,-0.2092,0.2092,5,0
openstack,TP,fd351903a1759109f66d0c66d42cd3a1b7f23861,llm_lofo,qwen36_27b_local,full,0.2,,5,1.0,1.0,-0.2128,0.2128,5,0
openstack,FP,2530ccff8f0a0105d1626c65616080b27682e129,llm_lofo,qwen36_27b_local,full,0.2,,1,1.0,0.8,-0.1123999999999999,0.1219999999999999,5,0
openstack,FP,2530ccff8f0a0105d1626c65616080b27682e129,llm_lofo,qwen36_27b_local,full,0.2,,2,1.0,1.0,-0.2115999999999999,0.2115999999999999,5,0
openstack,FP,2530ccff8f0a0105d1626c65616080b27682e129,llm_lofo,qwen36_27b_local,full,0.2,,3,1.0,0.8,-0.1123999999999999,0.1219999999999999,5,0
openstack,FP,2530ccff8f0a0105d1626c65616080b27682e129,llm_lofo,qwen36_27b_local,full,0.2,,4,1.0,0.8,-0.1123999999999999,0.1219999999999999,5,0
openstack,FP,2530ccff8f0a0105d1626c65616080b27682e129,llm_lofo,qwen36_27b_local,full,0.2,,5,1.0,1.0,-0.2115999999999999,0.2115999999999999,5,0
openstack,FN,1476b030bd53deddd85468c0d8b545d8f8f30f19,llm_lofo,qwen36_27b_local,full,0.2,,1,0.75,0.75,-0.0249999999999999,0.0419999999999999,4,0
openstack,FN,1476b030bd53deddd85468c0d8b545d8f8f30f19,llm_lofo,qwen36_27b_local,full,0.2,,2,1.0,1.0,-0.0349999999999999,0.0519999999999999,4,0
openstack,FN,1476b030bd53deddd85468c0d8b545d8f8f30f19,llm_lofo,qwen36_27b_local,full,0.2,,3,0.75,0.75,-0.0249999999999999,0.0419999999999999,4,0
openstack,FN,1476b030bd53deddd85468c0d8b545d8f8f30f19,llm_lofo,qwen36_27b_local,full,0.2,,4,1.0,1.0,-0.0334999999999999,0.0504999999999999,4,0
openstack,FN,1476b030bd53deddd85468c0d8b545d8f8f30f19,llm_lofo,qwen36_27b_local,full,0.2,,5,1.0,1.0,-0.0334999999999999,0.0504999999999999,4,0
openstack,TP,83a5f90f82b40be4c74685f557d6af0f8a3b1a30,llm_lofo,qwen36_27b_local,full,0.2,,1,0.8,1.0,-0.2328,0.2328,5,0
openstack,TP,83a5f90f82b40be4c74685f557d6af0f8a3b1a30,llm_lofo,qwen36_27b_local,full,0.2,,2,1.0,1.0,-0.2492,0.2492,5,0
openstack,TP,83a5f90f82b40be4c74685f557d6af0f8a3b1a30,llm_lofo,qwen36_27b_local,full,0.2,,3,0.8,1.0,-0.2328,0.2328,5,0
openstack,TP,83a5f90f82b40be4c74685f557d6af0f8a3b1a30,llm_lofo,qwen36_27b_local,full,0.2,,4,1.0,1.0,-0.2492,0.2492,5,0
openstack,TP,83a5f90f82b40be4c74685f557d6af0f8a3b1a30,llm_lofo,qwen36_27b_local,full,0.2,,5,1.0,1.0,-0.2532,0.2532,5,0
openstack,TP,6f1a1f5e8ead9ceb145e13927cd9ae7fdca9add4,llm_lofo,qwen36_27b_local,full,0.2,,1,1.0,1.0,-0.238,0.238,5,0
openstack,TP,6f1a1f5e8ead9ceb145e13927cd9ae7fdca9add4,llm_lofo,qwen36_27b_local,full,0.2,,2,1.0,1.0,-0.238,0.238,5,0
openstack,TP,6f1a1f5e8ead9ceb145e13927cd9ae7fdca9add4,llm_lofo,qwen36_27b_local,full,0.2,,3,1.0,1.0,-0.2308,0.2308,5,0
openstack,TP,6f1a1f5e8ead9ceb145e13927cd9ae7fdca9add4,llm_lofo,qwen36_27b_local,full,0.2,,4,1.0,1.0,-0.2216,0.2216,5,0
openstack,TP,6f1a1f5e8ead9ceb145e13927cd9ae7fdca9add4,llm_lofo,qwen36_27b_local,full,0.2,,5,1.0,1.0,-0.196,0.196,5,0
openstack,FP,e847eed4a5600b6812338bb4903a0cffcde7f1f3,llm_lofo,qwen36_27b_local,full,0.2,,1,0.6,1.0,-0.1888,0.1888,5,0
openstack,FP,e847eed4a5600b6812338bb4903a0cffcde7f1f3,llm_lofo,qwen36_27b_local,full,0.2,,2,0.8,1.0,-0.194,0.194,5,0
openstack,FP,e847eed4a5600b6812338bb4903a0cffcde7f1f3,llm_lofo,qwen36_27b_local,full,0.2,,3,0.6,1.0,-0.1888,0.1888,5,0
openstack,FP,e847eed4a5600b6812338bb4903a0cffcde7f1f3,llm_lofo,qwen36_27b_local,full,0.2,,4,0.6,1.0,-0.1888,0.1888,5,0
openstack,FP,e847eed4a5600b6812338bb4903a0cffcde7f1f3,llm_lofo,qwen36_27b_local,full,0.2,,5,0.6,1.0,-0.1888,0.1888,5,0
openstack,TP,e7bdd19f0ed7d4c61d195735ee43a11da78f97d6,llm_lofo,qwen36_27b_local,full,0.2,,1,1.0,1.0,-0.4084,0.4084,5,0
openstack,TP,e7bdd19f0ed7d4c61d195735ee43a11da78f97d6,llm_lofo,qwen36_27b_local,full,0.2,,2,1.0,1.0,-0.4124,0.4124,5,0
openstack,TP,e7bdd19f0ed7d4c61d195735ee43a11da78f97d6,llm_lofo,qwen36_27b_local,full,0.2,,3,1.0,1.0,-0.4124,0.4124,5,0
openstack,TP,e7bdd19f0ed7d4c61d195735ee43a11da78f97d6,llm_lofo,qwen36_27b_local,full,0.2,,4,1.0,1.0,-0.3832,0.3832,5,0
openstack,TP,e7bdd19f0ed7d4c61d195735ee43a11da78f97d6,llm_lofo,qwen36_27b_local,full,0.2,,5,1.0,1.0,-0.3832,0.3832,5,0
openstack,TN,936f765b855d7af14ae557383f0dcc6fd9e8655c,llm_lofo,qwen36_27b_local,full,0.2,,1,1.0,0.8,-0.0639999999999999,0.0639999999999999,5,0
openstack,TN,936f765b855d7af14ae557383f0dcc6fd9e8655c,llm_lofo,qwen36_27b_local,full,0.2,,2,1.0,1.0,-0.0755999999999999,0.0755999999999999,5,0
openstack,TN,936f765b855d7af14ae557383f0dcc6fd9e8655c,llm_lofo,qwen36_27b_local,full,0.2,,3,1.0,0.8,-0.0639999999999999,0.0639999999999999,5,0
openstack,TN,936f765b855d7af14ae557383f0dcc6fd9e8655c,llm_lofo,qwen36_27b_local,full,0.2,,4,1.0,1.0,-0.0755999999999999,0.0755999999999999,5,0
openstack,TN,936f765b855d7af14ae557383f0dcc6fd9e8655c,llm_lofo,qwen36_27b_local,full,0.2,,5,1.0,1.0,-0.0755999999999999,0.0755999999999999,5,0
openstack,FP,034db863a02ce38a520e4b8aa3a65e1ccdb37f30,llm_lofo,qwen36_27b_local,full,0.2,,1,0.8,1.0,-0.2332,0.2332,5,0
openstack,FP,034db863a02ce38a520e4b8aa3a65e1ccdb37f30,llm_lofo,qwen36_27b_local,full,0.2,,2,0.8,1.0,-0.2224,0.2224,5,0
openstack,FP,034db863a02ce38a520e4b8aa3a65e1ccdb37f30,llm_lofo,qwen36_27b_local,full,0.2,,3,0.8,1.0,-0.2332,0.2332,5,0
openstack,FP,034db863a02ce38a520e4b8aa3a65e1ccdb37f30,llm_lofo,qwen36_27b_local,full,0.2,,4,0.8,1.0,-0.2332,0.2332,5,0
openstack,FP,034db863a02ce38a520e4b8aa3a65e1ccdb37f30,llm_lofo,qwen36_27b_local,full,0.2,,5,0.8,1.0,-0.2224,0.2224,5,0
openstack,FN,ab1cb6378f136ae8adcb0027385b43763e402cca,llm_lofo,qwen36_27b_local,full,0.2,,1,0.8,0.8,0.0067999999999999,0.0604,5,0
openstack,FN,ab1cb6378f136ae8adcb0027385b43763e402cca,llm_lofo,qwen36_27b_local,full,0.2,,2,0.8,0.8,0.0067999999999999,0.0604,5,0
openstack,FN,ab1cb6378f136ae8adcb0027385b43763e402cca,llm_lofo,qwen36_27b_local,full,0.2,,3,0.8,0.8,0.0067999999999999,0.0604,5,0
openstack,FN,ab1cb6378f136ae8adcb0027385b43763e402cca,llm_lofo,qwen36_27b_local,full,0.2,,4,0.8,0.8,0.0067999999999999,0.0604,5,0
openstack,FN,ab1cb6378f136ae8adcb0027385b43763e402cca,llm_lofo,qwen36_27b_local,full,0.2,,5,0.6,0.8,0.0035999999999999,0.0572,5,0
openstack,TP,7cfdf4aa811fb708d9fed4e36aec79c26d19cfee,llm_lofo,qwen36_27b_local,full,0.2,,1,1.0,1.0,-0.2739999999999999,0.2739999999999999,5,0
openstack,TP,7cfdf4aa811fb708d9fed4e36aec79c26d19cfee,llm_lofo,qwen36_27b_local,full,0.2,,2,1.0,1.0,-0.2739999999999999,0.2739999999999999,5,0
openstack,TP,7cfdf4aa811fb708d9fed4e36aec79c26d19cfee,llm_lofo,qwen36_27b_local,full,0.2,,3,1.0,1.0,-0.2619999999999999,0.2619999999999999,5,0
openstack,TP,7cfdf4aa811fb708d9fed4e36aec79c26d19cfee,llm_lofo,qwen36_27b_local,full,0.2,,4,1.0,1.0,-0.2739999999999999,0.2739999999999999,5,0
openstack,TP,7cfdf4aa811fb708d9fed4e36aec79c26d19cfee,llm_lofo,qwen36_27b_local,full,0.2,,5,1.0,1.0,-0.2619999999999999,0.2619999999999999,5,0
openstack,TP,e55a5f412bf6bc343eb8bb11348afe57c2012066,llm_lofo,qwen36_27b_local,full,0.2,,1,1.0,1.0,-0.2564,0.2564,5,0
openstack,TP,e55a5f412bf6bc343eb8bb11348afe57c2012066,llm_lofo,qwen36_27b_local,full,0.2,,2,1.0,1.0,-0.2564,0.2564,5,0
openstack,TP,e55a5f412bf6bc343eb8bb11348afe57c2012066,llm_lofo,qwen36_27b_local,full,0.2,,3,1.0,1.0,-0.2564,0.2564,5,0
openstack,TP,e55a5f412bf6bc343eb8bb11348afe57c2012066,llm_lofo,qwen36_27b_local,full,0.2,,4,1.0,1.0,-0.2672,0.2672,5,0
openstack,TP,e55a5f412bf6bc343eb8bb11348afe57c2012066,llm_lofo,qwen36_27b_local,full,0.2,,5,1.0,1.0,-0.2564,0.2564,5,0
openstack,TN,8b44c9df29572efca928c1d36fa3e7a90e94caa0,llm_lofo,qwen36_27b_local,full,0.2,,1,0.4,0.4,-0.0148,0.0172,5,0
openstack,TN,8b44c9df29572efca928c1d36fa3e7a90e94caa0,llm_lofo,qwen36_27b_local,full,0.2,,2,0.4,0.6,-0.0204,0.0228,5,0
openstack,TN,8b44c9df29572efca928c1d36fa3e7a90e94caa0,llm_lofo,qwen36_27b_local,full,0.2,,3,0.6,0.4,-0.0296,0.032,5,0
openstack,TN,8b44c9df29572efca928c1d36fa3e7a90e94caa0,llm_lofo,qwen36_27b_local,full,0.2,,4,0.4,0.2,-0.0124,0.0148,5,0
openstack,TN,8b44c9df29572efca928c1d36fa3e7a90e94caa0,llm_lofo,qwen36_27b_local,full,0.2,,5,0.6,0.4,-0.044,0.0464,5,0
openstack,TN,4d75cbf3c35a8aa917d3970beac99d612f13eed3,llm_lofo,qwen36_27b_local,full,0.2,,1,0.5,0.75,0.0115,0.0575,4,0
openstack,TN,4d75cbf3c35a8aa917d3970beac99d612f13eed3,llm_lofo,qwen36_27b_local,full,0.2,,2,0.5,0.75,0.0115,0.0575,4,0
openstack,TN,4d75cbf3c35a8aa917d3970beac99d612f13eed3,llm_lofo,qwen36_27b_local,full,0.2,,3,1.0,1.0,0.058,0.058,1,0
openstack,TN,4d75cbf3c35a8aa917d3970beac99d612f13eed3,llm_lofo,qwen36_27b_local,full,0.2,,4,0.5,0.75,0.0115,0.0575,4,0
openstack,TN,4d75cbf3c35a8aa917d3970beac99d612f13eed3,llm_lofo,qwen36_27b_local,full,0.2,,5,0.5,0.75,0.0115,0.0575,4,0
openstack,TN,2ecaad46a737c24965ae81fc19947db9264de684,llm_lofo,qwen36_27b_local,full,0.2,,1,0.8,0.6,-0.0004,0.0355999999999999,5,0
openstack,TN,2ecaad46a737c24965ae81fc19947db9264de684,llm_lofo,qwen36_27b_local,full,0.2,,2,0.8,0.6,-0.024,0.0408,5,0
openstack,TN,2ecaad46a737c24965ae81fc19947db9264de684,llm_lofo,qwen36_27b_local,full,0.2,,3,0.8,0.6,-0.024,0.0408,5,0
openstack,TN,2ecaad46a737c24965ae81fc19947db9264de684,llm_lofo,qwen36_27b_local,full,0.2,,4,0.8,0.6,-0.024,0.0408,5,0
openstack,TN,2ecaad46a737c24965ae81fc19947db9264de684,llm_lofo,qwen36_27b_local,full,0.2,,5,0.8,0.6,-0.024,0.0408,5,0
openstack,TN,bfb9d3f179607c25f91d77585f97df6d0704c253,llm_lofo,qwen36_27b_local,full,0.2,,1,1.0,0.6,-0.0652,0.0652,5,0
openstack,TN,bfb9d3f179607c25f91d77585f97df6d0704c253,llm_lofo,qwen36_27b_local,full,0.2,,2,1.0,0.6,-0.0652,0.0652,5,0
openstack,TN,bfb9d3f179607c25f91d77585f97df6d0704c253,llm_lofo,qwen36_27b_local,full,0.2,,3,1.0,0.6,-0.0652,0.0652,5,0
openstack,TN,bfb9d3f179607c25f91d77585f97df6d0704c253,llm_lofo,qwen36_27b_local,full,0.2,,4,1.0,0.6,-0.0636,0.0636,5,0
openstack,TN,bfb9d3f179607c25f91d77585f97df6d0704c253,llm_lofo,qwen36_27b_local,full,0.2,,5,1.0,0.8,-0.0752,0.0752,5,0
openstack,FP,bfcd4b2f1be3ab37ae0801dd523ce952577cda14,llm_lofo,qwen36_27b_local,full,0.2,,1,1.0,1.0,-0.19,0.19,5,0
openstack,FP,bfcd4b2f1be3ab37ae0801dd523ce952577cda14,llm_lofo,qwen36_27b_local,full,0.2,,2,1.0,1.0,-0.1768,0.1768,5,0
openstack,FP,bfcd4b2f1be3ab37ae0801dd523ce952577cda14,llm_lofo,qwen36_27b_local,full,0.2,,3,1.0,1.0,-0.1744,0.1744,5,0
openstack,FP,bfcd4b2f1be3ab37ae0801dd523ce952577cda14,llm_lofo,qwen36_27b_local,full,0.2,,4,1.0,1.0,-0.2084,0.2084,5,0
openstack,FP,bfcd4b2f1be3ab37ae0801dd523ce952577cda14,llm_lofo,qwen36_27b_local,full,0.2,,5,1.0,1.0,-0.1744,0.1744,5,0
openstack,TP,c08f99c7e072e349632684d565bcac357ce93b6d,llm_lofo,qwen36_27b_local,full,0.2,,1,1.0,0.8,-0.2072,0.2088,5,0
openstack,TP,c08f99c7e072e349632684d565bcac357ce93b6d,llm_lofo,qwen36_27b_local,full,0.2,,2,1.0,0.8,-0.2012,0.2028,5,0
openstack,TP,c08f99c7e072e349632684d565bcac357ce93b6d,llm_lofo,qwen36_27b_local,full,0.2,,3,1.0,0.8,-0.2072,0.2088,5,0
openstack,TP,c08f99c7e072e349632684d565bcac357ce93b6d,llm_lofo,qwen36_27b_local,full,0.2,,4,1.0,1.0,-0.2388,0.2388,5,0
openstack,TP,c08f99c7e072e349632684d565bcac357ce93b6d,llm_lofo,qwen36_27b_local,full,0.2,,5,1.0,0.8,-0.2132,0.2148,5,0
openstack,TN,1a3f2e8f44f0138d0328312e07b1341970c7903a,llm_lofo,qwen36_27b_local,full,0.2,,1,1.0,1.0,-0.0719999999999999,0.0719999999999999,5,0
openstack,TN,1a3f2e8f44f0138d0328312e07b1341970c7903a,llm_lofo,qwen36_27b_local,full,0.2,,2,1.0,1.0,-0.1028,0.1028,5,0
openstack,TN,1a3f2e8f44f0138d0328312e07b1341970c7903a,llm_lofo,qwen36_27b_local,full,0.2,,3,1.0,1.0,-0.0948,0.0948,5,0
openstack,TN,1a3f2e8f44f0138d0328312e07b1341970c7903a,llm_lofo,qwen36_27b_local,full,0.2,,4,1.0,1.0,-0.0719999999999999,0.0719999999999999,5,0
openstack,TN,1a3f2e8f44f0138d0328312e07b1341970c7903a,llm_lofo,qwen36_27b_local,full,0.2,,5,1.0,1.0,-0.0719999999999999,0.0719999999999999,5,0
openstack,TP,45662d77a2da77714f8e792e86ebd64a52270ef5,llm_lofo,qwen36_27b_local,full,0.2,,1,0.8,1.0,-0.224,0.224,5,0
openstack,TP,45662d77a2da77714f8e792e86ebd64a52270ef5,llm_lofo,qwen36_27b_local,full,0.2,,2,0.8,1.0,-0.2084,0.2084,5,0
openstack,TP,45662d77a2da77714f8e792e86ebd64a52270ef5,llm_lofo,qwen36_27b_local,full,0.2,,3,0.8,1.0,-0.224,0.224,5,0
openstack,TP,45662d77a2da77714f8e792e86ebd64a52270ef5,llm_lofo,qwen36_27b_local,full,0.2,,4,0.8,1.0,-0.224,0.224,5,0
openstack,TP,45662d77a2da77714f8e792e86ebd64a52270ef5,llm_lofo,qwen36_27b_local,full,0.2,,5,0.8,1.0,-0.224,0.224,5,0
openstack,TP,6f31523b314e7ac4ad83d13842cf2fa1014c39b2,llm_lofo,qwen36_27b_local,full,0.2,,1,0.6,1.0,-0.1635999999999999,0.1635999999999999,5,0
openstack,TP,6f31523b314e7ac4ad83d13842cf2fa1014c39b2,llm_lofo,qwen36_27b_local,full,0.2,,2,0.6,1.0,-0.1635999999999999,0.1635999999999999,5,0
openstack,TP,6f31523b314e7ac4ad83d13842cf2fa1014c39b2,llm_lofo,qwen36_27b_local,full,0.2,,3,0.6,1.0,-0.1635999999999999,0.1635999999999999,5,0
openstack,TP,6f31523b314e7ac4ad83d13842cf2fa1014c39b2,llm_lofo,qwen36_27b_local,full,0.2,,4,0.6,1.0,-0.1635999999999999,0.1635999999999999,5,0
openstack,TP,6f31523b314e7ac4ad83d13842cf2fa1014c39b2,llm_lofo,qwen36_27b_local,full,0.2,,5,0.6,1.0,-0.1635999999999999,0.1635999999999999,5,0
openstack,FP,410a83c89de9912207574999b3736a550ed253ba,llm_lofo,qwen36_27b_local,full,0.2,,1,0.8,0.8,-0.1612,0.1612,5,0
openstack,FP,410a83c89de9912207574999b3736a550ed253ba,llm_lofo,qwen36_27b_local,full,0.2,,2,0.6,0.6,-0.1184,0.1184,5,0
openstack,FP,410a83c89de9912207574999b3736a550ed253ba,llm_lofo,qwen36_27b_local,full,0.2,,3,0.8,0.8,-0.1612,0.1612,5,0
openstack,FP,410a83c89de9912207574999b3736a550ed253ba,llm_lofo,qwen36_27b_local,full,0.2,,4,0.8,0.8,-0.1684,0.1684,5,0
openstack,FP,410a83c89de9912207574999b3736a550ed253ba,llm_lofo,qwen36_27b_local,full,0.2,,5,0.8,0.8,-0.1684,0.1684,5,0
openstack,FP,4e2919e6b208a2e95d75782f9cad0a6f0892d983,llm_lofo,qwen36_27b_local,full,0.2,,1,0.8,0.8,-0.1416,0.1416,5,0
openstack,FP,4e2919e6b208a2e95d75782f9cad0a6f0892d983,llm_lofo,qwen36_27b_local,full,0.2,,2,0.8,0.6,-0.1228,0.1236,5,0
openstack,FP,4e2919e6b208a2e95d75782f9cad0a6f0892d983,llm_lofo,qwen36_27b_local,full,0.2,,3,0.8,0.8,-0.1416,0.1416,5,0
openstack,FP,4e2919e6b208a2e95d75782f9cad0a6f0892d983,llm_lofo,qwen36_27b_local,full,0.2,,4,0.8,0.8,-0.1416,0.1416,5,0
openstack,FP,4e2919e6b208a2e95d75782f9cad0a6f0892d983,llm_lofo,qwen36_27b_local,full,0.2,,5,0.8,0.8,-0.1416,0.1416,5,0
openstack,FP,558f7b00f56f37adaa68239c9ce95d25b2d65f56,llm_lofo,qwen36_27b_local,full,0.2,,1,1.0,1.0,-0.1808,0.1808,5,0
openstack,FP,558f7b00f56f37adaa68239c9ce95d25b2d65f56,llm_lofo,qwen36_27b_local,full,0.2,,2,1.0,1.0,-0.1808,0.1808,5,0
openstack,FP,558f7b00f56f37adaa68239c9ce95d25b2d65f56,llm_lofo,qwen36_27b_local,full,0.2,,3,1.0,1.0,-0.1808,0.1808,5,0
openstack,FP,558f7b00f56f37adaa68239c9ce95d25b2d65f56,llm_lofo,qwen36_27b_local,full,0.2,,4,1.0,1.0,-0.1852,0.1852,5,0
openstack,FP,558f7b00f56f37adaa68239c9ce95d25b2d65f56,llm_lofo,qwen36_27b_local,full,0.2,,5,1.0,1.0,-0.1828,0.1828,5,0
openstack,TN,70fad48add19cc565726f098e1e7a2165b24cc77,llm_lofo,qwen36_27b_local,full,0.2,,1,0.8,0.6,-0.054,0.0628,5,0
openstack,TN,70fad48add19cc565726f098e1e7a2165b24cc77,llm_lofo,qwen36_27b_local,full,0.2,,2,0.8,0.6,-0.0636,0.0636,5,0
openstack,TN,70fad48add19cc565726f098e1e7a2165b24cc77,llm_lofo,qwen36_27b_local,full,0.2,,3,0.8,0.6,-0.054,0.0628,5,0
openstack,TN,70fad48add19cc565726f098e1e7a2165b24cc77,llm_lofo,qwen36_27b_local,full,0.2,,4,0.8,0.6,-0.0556,0.0644,5,0
openstack,TN,70fad48add19cc565726f098e1e7a2165b24cc77,llm_lofo,qwen36_27b_local,full,0.2,,5,0.8,0.6,-0.0636,0.0636,5,0
openstack,TP,76d3c644f3f5866a5c07f80b66132d81b8b57e78,llm_lofo,qwen36_27b_local,full,0.2,,1,1.0,0.8,-0.3232,0.3304,5,0
openstack,TP,76d3c644f3f5866a5c07f80b66132d81b8b57e78,llm_lofo,qwen36_27b_local,full,0.2,,2,1.0,0.8,-0.3232,0.3304,5,0
openstack,TP,76d3c644f3f5866a5c07f80b66132d81b8b57e78,llm_lofo,qwen36_27b_local,full,0.2,,3,1.0,0.8,-0.3232,0.3304,5,0
openstack,TP,76d3c644f3f5866a5c07f80b66132d81b8b57e78,llm_lofo,qwen36_27b_local,full,0.2,,4,1.0,0.8,-0.3232,0.3304,5,0
openstack,TP,76d3c644f3f5866a5c07f80b66132d81b8b57e78,llm_lofo,qwen36_27b_local,full,0.2,,5,1.0,0.8,-0.3232,0.3304,5,0
openstack,FN,2b60912d5667350eae7ecbc67d4dba3658518d10,llm_lofo,qwen36_27b_local,full,0.2,,1,0.6,0.4,-0.004,0.0288,5,0
openstack,FN,2b60912d5667350eae7ecbc67d4dba3658518d10,llm_lofo,qwen36_27b_local,full,0.2,,2,1.0,0.6,0.0027999999999999,0.0587999999999999,5,0
openstack,FN,2b60912d5667350eae7ecbc67d4dba3658518d10,llm_lofo,qwen36_27b_local,full,0.2,,3,0.6,0.4,-0.004,0.0288,5,0
openstack,FN,2b60912d5667350eae7ecbc67d4dba3658518d10,llm_lofo,qwen36_27b_local,full,0.2,,4,0.8,0.6,-0.1016,0.1256,5,0
openstack,FN,2b60912d5667350eae7ecbc67d4dba3658518d10,llm_lofo,qwen36_27b_local,full,0.2,,5,0.6,0.4,-0.004,0.0288,5,0
openstack,TP,88c62c1ca290c1d2a33ff192a302e492a4b11cb3,llm_lofo,qwen36_27b_local,full,0.2,,1,0.6,0.8,-0.0824,0.1192,5,0
openstack,TP,88c62c1ca290c1d2a33ff192a302e492a4b11cb3,llm_lofo,qwen36_27b_local,full,0.2,,2,0.6,0.8,-0.126,0.126,5,0
openstack,TP,88c62c1ca290c1d2a33ff192a302e492a4b11cb3,llm_lofo,qwen36_27b_local,full,0.2,,3,0.6,0.8,-0.122,0.1244,5,0
openstack,TP,88c62c1ca290c1d2a33ff192a302e492a4b11cb3,llm_lofo,qwen36_27b_local,full,0.2,,4,0.4,0.6,-0.0996,0.102,5,0
openstack,TP,88c62c1ca290c1d2a33ff192a302e492a4b11cb3,llm_lofo,qwen36_27b_local,full,0.2,,5,0.6,0.8,-0.122,0.1244,5,0
openstack,FP,296da649452f66dd15a15ee4274ab0f8609250e2,llm_lofo,qwen36_27b_local,full,0.2,,1,1.0,1.0,-0.1788,0.1788,5,0
openstack,FP,296da649452f66dd15a15ee4274ab0f8609250e2,llm_lofo,qwen36_27b_local,full,0.2,,2,1.0,1.0,-0.1788,0.1788,5,0
openstack,FP,296da649452f66dd15a15ee4274ab0f8609250e2,llm_lofo,qwen36_27b_local,full,0.2,,3,1.0,1.0,-0.1788,0.1788,5,0
openstack,FP,296da649452f66dd15a15ee4274ab0f8609250e2,llm_lofo,qwen36_27b_local,full,0.2,,4,1.0,1.0,-0.1788,0.1788,5,0
openstack,FP,296da649452f66dd15a15ee4274ab0f8609250e2,llm_lofo,qwen36_27b_local,full,0.2,,5,1.0,1.0,-0.1788,0.1788,5,0
openstack,TP,379cf65d82b11f5e6f8732a585d5373beda85046,llm_lofo,qwen36_27b_local,full,0.2,,1,0.8,1.0,-0.1887999999999999,0.1887999999999999,5,0
openstack,TP,379cf65d82b11f5e6f8732a585d5373beda85046,llm_lofo,qwen36_27b_local,full,0.2,,2,0.8,1.0,-0.1887999999999999,0.1887999999999999,5,0
openstack,TP,379cf65d82b11f5e6f8732a585d5373beda85046,llm_lofo,qwen36_27b_local,full,0.2,,3,0.8,1.0,-0.1887999999999999,0.1887999999999999,5,0
openstack,TP,379cf65d82b11f5e6f8732a585d5373beda85046,llm_lofo,qwen36_27b_local,full,0.2,,4,0.8,1.0,-0.1887999999999999,0.1887999999999999,5,0
openstack,TP,379cf65d82b11f5e6f8732a585d5373beda85046,llm_lofo,qwen36_27b_local,full,0.2,,5,0.8,1.0,-0.1887999999999999,0.1887999999999999,5,0
openstack,TN,79a1a113775df87d420b242cea4bbf953df3779c,llm_lofo,qwen36_27b_local,full,0.2,,1,0.8,1.0,-0.0532,0.0908,5,0
openstack,TN,79a1a113775df87d420b242cea4bbf953df3779c,llm_lofo,qwen36_27b_local,full,0.2,,2,0.8,1.0,-0.0532,0.0908,5,0
openstack,TN,79a1a113775df87d420b242cea4bbf953df3779c,llm_lofo,qwen36_27b_local,full,0.2,,3,0.6,0.8,-0.0356,0.0764,5,0
openstack,TN,79a1a113775df87d420b242cea4bbf953df3779c,llm_lofo,qwen36_27b_local,full,0.2,,4,0.8,0.8,-0.0332,0.0788,5,0
openstack,TN,79a1a113775df87d420b242cea4bbf953df3779c,llm_lofo,qwen36_27b_local,full,0.2,,5,0.6,0.8,-0.0356,0.0764,5,0
openstack,TN,dd444d84759d7b3c17e7c3e97f9565546f9d3df2,llm_lofo,qwen36_27b_local,full,0.2,,1,1.0,1.0,-0.0827999999999999,0.0827999999999999,5,0
openstack,TN,dd444d84759d7b3c17e7c3e97f9565546f9d3df2,llm_lofo,qwen36_27b_local,full,0.2,,2,1.0,1.0,-0.0827999999999999,0.0827999999999999,5,0
openstack,TN,dd444d84759d7b3c17e7c3e97f9565546f9d3df2,llm_lofo,qwen36_27b_local,full,0.2,,3,1.0,1.0,-0.0827999999999999,0.0827999999999999,5,0
openstack,TN,dd444d84759d7b3c17e7c3e97f9565546f9d3df2,llm_lofo,qwen36_27b_local,full,0.2,,4,1.0,0.8,-0.0723999999999999,0.0723999999999999,5,0
openstack,TN,dd444d84759d7b3c17e7c3e97f9565546f9d3df2,llm_lofo,qwen36_27b_local,full,0.2,,5,1.0,0.8,-0.0723999999999999,0.0723999999999999,5,0
openstack,TN,747373f4bdfe4814000a88e4443b56545d5d55bd,llm_lofo,qwen36_27b_local,full,0.2,,1,0.6,0.4,0.002,0.0244,5,0
openstack,TN,747373f4bdfe4814000a88e4443b56545d5d55bd,llm_lofo,qwen36_27b_local,full,0.2,,2,0.6,0.4,0.0004,0.026,5,0
openstack,TN,747373f4bdfe4814000a88e4443b56545d5d55bd,llm_lofo,qwen36_27b_local,full,0.2,,3,0.8,0.6,-0.0244,0.0316,5,0
openstack,TN,747373f4bdfe4814000a88e4443b56545d5d55bd,llm_lofo,qwen36_27b_local,full,0.2,,4,0.8,0.4,-0.0096,0.0248,5,0
openstack,TN,747373f4bdfe4814000a88e4443b56545d5d55bd,llm_lofo,qwen36_27b_local,full,0.2,,5,0.8,0.6,-0.0199999999999999,0.0312,5,0
openstack,FN,763fd62464e9a0753e061171cc1fd826055bbc01,llm_lofo,qwen36_27b_local,full,0.2,,1,0.8,0.6,0.0659999999999999,0.0739999999999999,5,0
openstack,FN,763fd62464e9a0753e061171cc1fd826055bbc01,llm_lofo,qwen36_27b_local,full,0.2,,2,0.8,0.6,0.0659999999999999,0.0739999999999999,5,0
openstack,FN,763fd62464e9a0753e061171cc1fd826055bbc01,llm_lofo,qwen36_27b_local,full,0.2,,3,0.8,0.6,0.0659999999999999,0.0739999999999999,5,0
openstack,FN,763fd62464e9a0753e061171cc1fd826055bbc01,llm_lofo,qwen36_27b_local,full,0.2,,4,1.0,0.8,0.0763999999999999,0.0843999999999999,5,0
openstack,FN,763fd62464e9a0753e061171cc1fd826055bbc01,llm_lofo,qwen36_27b_local,full,0.2,,5,0.8,0.6,0.0659999999999999,0.0739999999999999,5,0
openstack,FN,267eea50fd9e9c74faa96d529a7ec2fd8aa8d51f,llm_lofo,qwen36_27b_local,full,0.2,,1,0.8,0.4,-0.0035999999999999,0.0243999999999999,5,0
openstack,FN,267eea50fd9e9c74faa96d529a7ec2fd8aa8d51f,llm_lofo,qwen36_27b_local,full,0.2,,2,0.8,0.6,0.0016,0.0296,5,0
openstack,FN,267eea50fd9e9c74faa96d529a7ec2fd8aa8d51f,llm_lofo,qwen36_27b_local,full,0.2,,3,0.8,0.6,0.0016,0.0296,5,0
openstack,FN,267eea50fd9e9c74faa96d529a7ec2fd8aa8d51f,llm_lofo,qwen36_27b_local,full,0.2,,4,0.8,0.6,0.0016,0.0296,5,0
openstack,FN,267eea50fd9e9c74faa96d529a7ec2fd8aa8d51f,llm_lofo,qwen36_27b_local,full,0.2,,5,0.8,0.6,0.0016,0.0296,5,0
openstack,TN,978066fe31a5331f143a05e1fd753c729b2dcf09,llm_lofo,qwen36_27b_local,full,0.2,,1,0.6,0.4,-0.0091999999999999,0.0291999999999999,5,0
openstack,TN,978066fe31a5331f143a05e1fd753c729b2dcf09,llm_lofo,qwen36_27b_local,full,0.2,,2,0.6,0.4,-0.0091999999999999,0.0291999999999999,5,0
openstack,TN,978066fe31a5331f143a05e1fd753c729b2dcf09,llm_lofo,qwen36_27b_local,full,0.2,,3,0.6,0.4,-0.0091999999999999,0.0291999999999999,5,0
openstack,TN,978066fe31a5331f143a05e1fd753c729b2dcf09,llm_lofo,qwen36_27b_local,full,0.2,,4,0.6,0.4,-0.0091999999999999,0.0291999999999999,5,0
openstack,TN,978066fe31a5331f143a05e1fd753c729b2dcf09,llm_lofo,qwen36_27b_local,full,0.2,,5,0.6,0.4,-0.0119999999999999,0.0319999999999999,5,0
openstack,TN,545925c66cb3ee005aa7e497ad4b3c97eb2f410b,llm_lofo,qwen36_27b_local,full,0.2,,1,0.8,0.8,-0.0408,0.0632,5,0
openstack,TN,545925c66cb3ee005aa7e497ad4b3c97eb2f410b,llm_lofo,qwen36_27b_local,full,0.2,,2,0.8,0.8,-0.0408,0.0632,5,0
openstack,TN,545925c66cb3ee005aa7e497ad4b3c97eb2f410b,llm_lofo,qwen36_27b_local,full,0.2,,3,1.0,1.0,-0.0468,0.0692,5,0
openstack,TN,545925c66cb3ee005aa7e497ad4b3c97eb2f410b,llm_lofo,qwen36_27b_local,full,0.2,,4,0.8,0.8,-0.0408,0.0632,5,0
openstack,TN,545925c66cb3ee005aa7e497ad4b3c97eb2f410b,llm_lofo,qwen36_27b_local,full,0.2,,5,0.8,0.8,-0.0408,0.0632,5,0
openstack,FN,bc6ca87a6a01ecbda926a78d07cadbd4e3ab97e0,llm_lofo,qwen36_27b_local,full,0.2,,1,1.0,0.8,0.0575999999999999,0.0575999999999999,5,0
openstack,FN,bc6ca87a6a01ecbda926a78d07cadbd4e3ab97e0,llm_lofo,qwen36_27b_local,full,0.2,,2,0.8,0.2,0.0219999999999999,0.0331999999999999,5,0
openstack,FN,bc6ca87a6a01ecbda926a78d07cadbd4e3ab97e0,llm_lofo,qwen36_27b_local,full,0.2,,3,0.8,0.2,0.0219999999999999,0.0331999999999999,5,0
openstack,FN,bc6ca87a6a01ecbda926a78d07cadbd4e3ab97e0,llm_lofo,qwen36_27b_local,full,0.2,,4,0.8,0.2,-0.0076,0.0275999999999999,5,0
openstack,FN,bc6ca87a6a01ecbda926a78d07cadbd4e3ab97e0,llm_lofo,qwen36_27b_local,full,0.2,,5,0.8,0.2,0.0219999999999999,0.0331999999999999,5,0
openstack,FP,280cc7c5ae4b07a9a1e23b8f9cc925be9872c8e1,llm_lofo,qwen36_27b_local,full,0.2,,1,0.8,0.8,-0.1375999999999999,0.1375999999999999,5,0
openstack,FP,280cc7c5ae4b07a9a1e23b8f9cc925be9872c8e1,llm_lofo,qwen36_27b_local,full,0.2,,2,1.0,1.0,-0.1755999999999999,0.1755999999999999,5,0
openstack,FP,280cc7c5ae4b07a9a1e23b8f9cc925be9872c8e1,llm_lofo,qwen36_27b_local,full,0.2,,3,0.8,0.8,-0.1375999999999999,0.1375999999999999,5,0
openstack,FP,280cc7c5ae4b07a9a1e23b8f9cc925be9872c8e1,llm_lofo,qwen36_27b_local,full,0.2,,4,1.0,1.0,-0.1755999999999999,0.1755999999999999,5,0
openstack,FP,280cc7c5ae4b07a9a1e23b8f9cc925be9872c8e1,llm_lofo,qwen36_27b_local,full,0.2,,5,0.8,0.8,-0.1375999999999999,0.1375999999999999,5,0
openstack,FP,6aecf475dbff9c7d477378c021749b987d47deae,llm_lofo,qwen36_27b_local,full,0.2,,1,1.0,0.8,-0.1896,0.1952,5,0
openstack,FP,6aecf475dbff9c7d477378c021749b987d47deae,llm_lofo,qwen36_27b_local,full,0.2,,2,1.0,0.8,-0.2012,0.2068,5,0
openstack,FP,6aecf475dbff9c7d477378c021749b987d47deae,llm_lofo,qwen36_27b_local,full,0.2,,3,1.0,0.8,-0.1896,0.1952,5,0
openstack,FP,6aecf475dbff9c7d477378c021749b987d47deae,llm_lofo,qwen36_27b_local,full,0.2,,4,1.0,0.8,-0.1896,0.1952,5,0
openstack,FP,6aecf475dbff9c7d477378c021749b987d47deae,llm_lofo,qwen36_27b_local,full,0.2,,5,1.0,0.8,-0.2012,0.2068,5,0
openstack,FP,baa52224dc73e8ca3bdcbdaa5d62bc26fb38052f,llm_lofo,qwen36_27b_local,full,0.2,,1,0.8,0.8,-0.1891999999999999,0.1891999999999999,5,0
openstack,FP,baa52224dc73e8ca3bdcbdaa5d62bc26fb38052f,llm_lofo,qwen36_27b_local,full,0.2,,2,0.8,0.8,-0.1891999999999999,0.1891999999999999,5,0
openstack,FP,baa52224dc73e8ca3bdcbdaa5d62bc26fb38052f,llm_lofo,qwen36_27b_local,full,0.2,,3,0.8,0.8,-0.1891999999999999,0.1891999999999999,5,0
openstack,FP,baa52224dc73e8ca3bdcbdaa5d62bc26fb38052f,llm_lofo,qwen36_27b_local,full,0.2,,4,0.8,0.8,-0.1891999999999999,0.1891999999999999,5,0
openstack,FP,baa52224dc73e8ca3bdcbdaa5d62bc26fb38052f,llm_lofo,qwen36_27b_local,full,0.2,,5,0.8,0.8,-0.1891999999999999,0.1891999999999999,5,0
openstack,TN,d2e40a3e49819dace92975de3e3d7ba3a3fac79d,llm_lofo,qwen36_27b_local,full,0.2,,1,0.6,0.2,-0.0708,0.0708,5,0
openstack,TN,d2e40a3e49819dace92975de3e3d7ba3a3fac79d,llm_lofo,qwen36_27b_local,full,0.2,,2,0.4,0.2,-0.0648,0.072,5,0
openstack,TN,d2e40a3e49819dace92975de3e3d7ba3a3fac79d,llm_lofo,qwen36_27b_local,full,0.2,,3,0.6,0.2,-0.064,0.0712,5,0
openstack,TN,d2e40a3e49819dace92975de3e3d7ba3a3fac79d,llm_lofo,qwen36_27b_local,full,0.2,,4,0.4,0.2,-0.0648,0.072,5,0
openstack,TN,d2e40a3e49819dace92975de3e3d7ba3a3fac79d,llm_lofo,qwen36_27b_local,full,0.2,,5,0.6,0.2,-0.0708,0.0708,5,0
openstack,TN,57566f4c8d2929c25e76564883369a7c6eda720a,llm_lofo,qwen36_27b_local,full,0.2,,1,0.6,0.2,-0.0207999999999999,0.0295999999999999,5,0
openstack,TN,57566f4c8d2929c25e76564883369a7c6eda720a,llm_lofo,qwen36_27b_local,full,0.2,,2,0.6,0.2,-0.0207999999999999,0.0295999999999999,5,0
openstack,TN,57566f4c8d2929c25e76564883369a7c6eda720a,llm_lofo,qwen36_27b_local,full,0.2,,3,0.6,0.2,0.0092,0.022,5,0
openstack,TN,57566f4c8d2929c25e76564883369a7c6eda720a,llm_lofo,qwen36_27b_local,full,0.2,,4,0.6,0.2,-0.0207999999999999,0.0295999999999999,5,0
openstack,TN,57566f4c8d2929c25e76564883369a7c6eda720a,llm_lofo,qwen36_27b_local,full,0.2,,5,0.6,0.2,-0.0207999999999999,0.0295999999999999,5,0
openstack,TP,03db94ebaa3fc2c76694fd566e2c9eefbf851a7f,llm_lofo,qwen36_27b_local,full,0.2,,1,1.0,1.0,-0.2216,0.2216,5,0
openstack,TP,03db94ebaa3fc2c76694fd566e2c9eefbf851a7f,llm_lofo,qwen36_27b_local,full,0.2,,2,1.0,1.0,-0.2256,0.2256,5,0
openstack,TP,03db94ebaa3fc2c76694fd566e2c9eefbf851a7f,llm_lofo,qwen36_27b_local,full,0.2,,3,1.0,1.0,-0.2076,0.2076,5,0
openstack,TP,03db94ebaa3fc2c76694fd566e2c9eefbf851a7f,llm_lofo,qwen36_27b_local,full,0.2,,4,1.0,1.0,-0.2076,0.2076,5,0
openstack,TP,03db94ebaa3fc2c76694fd566e2c9eefbf851a7f,llm_lofo,qwen36_27b_local,full,0.2,,5,1.0,1.0,-0.2076,0.2076,5,0
openstack,FN,703ba3c4e3d0b442c3097b6c844a59e560c09fe8,llm_lofo,qwen36_27b_local,full,0.2,,1,1.0,0.2,0.0111999999999999,0.0215999999999999,5,0
openstack,FN,703ba3c4e3d0b442c3097b6c844a59e560c09fe8,llm_lofo,qwen36_27b_local,full,0.2,,2,1.0,0.2,0.0111999999999999,0.0215999999999999,5,0
openstack,FN,703ba3c4e3d0b442c3097b6c844a59e560c09fe8,llm_lofo,qwen36_27b_local,full,0.2,,3,1.0,0.2,0.0167999999999999,0.0239999999999999,5,0
openstack,FN,703ba3c4e3d0b442c3097b6c844a59e560c09fe8,llm_lofo,qwen36_27b_local,full,0.2,,4,1.0,0.4,-0.0036,0.0363999999999999,5,0
openstack,FN,703ba3c4e3d0b442c3097b6c844a59e560c09fe8,llm_lofo,qwen36_27b_local,full,0.2,,5,1.0,0.4,-0.0036,0.0363999999999999,5,0
openstack,FN,e3df049cad2b7a264acbad4d6baecbc813546e5d,llm_lofo,qwen36_27b_local,full,0.2,,1,0.8,0.4,-0.0575999999999999,0.0735999999999999,5,0
openstack,FN,e3df049cad2b7a264acbad4d6baecbc813546e5d,llm_lofo,qwen36_27b_local,full,0.2,,2,0.8,0.4,-0.0575999999999999,0.0735999999999999,5,0
openstack,FN,e3df049cad2b7a264acbad4d6baecbc813546e5d,llm_lofo,qwen36_27b_local,full,0.2,,3,0.6,0.2,-0.0391999999999999,0.0648,5,0
openstack,FN,e3df049cad2b7a264acbad4d6baecbc813546e5d,llm_lofo,qwen36_27b_local,full,0.2,,4,0.6,0.2,-0.0391999999999999,0.0648,5,0
openstack,FN,e3df049cad2b7a264acbad4d6baecbc813546e5d,llm_lofo,qwen36_27b_local,full,0.2,,5,0.8,0.4,-0.0575999999999999,0.0735999999999999,5,0
openstack,FN,d1b3adfbe471ad99ddf0dd2b483b77435c157aea,llm_lofo,qwen36_27b_local,full,0.2,,1,1.0,1.0,0.0708,0.102,5,0
openstack,FN,d1b3adfbe471ad99ddf0dd2b483b77435c157aea,llm_lofo,qwen36_27b_local,full,0.2,,2,1.0,1.0,0.0708,0.102,5,0
openstack,FN,d1b3adfbe471ad99ddf0dd2b483b77435c157aea,llm_lofo,qwen36_27b_local,full,0.2,,3,1.0,1.0,0.1016,0.1016,5,0
openstack,FN,d1b3adfbe471ad99ddf0dd2b483b77435c157aea,llm_lofo,qwen36_27b_local,full,0.2,,4,1.0,1.0,0.1016,0.1016,5,0
openstack,FN,d1b3adfbe471ad99ddf0dd2b483b77435c157aea,llm_lofo,qwen36_27b_local,full,0.2,,5,1.0,1.0,0.0708,0.102,5,0
openstack,TN,87be408b126e81ded85b03896f9c85f8a8d4ac90,llm_lofo,qwen36_27b_local,full,0.2,,1,0.8,0.4,-0.024,0.0512,5,0
openstack,TN,87be408b126e81ded85b03896f9c85f8a8d4ac90,llm_lofo,qwen36_27b_local,full,0.2,,2,0.6,0.4,-0.0223999999999999,0.0496,5,0
openstack,TN,87be408b126e81ded85b03896f9c85f8a8d4ac90,llm_lofo,qwen36_27b_local,full,0.2,,3,0.8,0.4,-0.0179999999999999,0.05,5,0
openstack,TN,87be408b126e81ded85b03896f9c85f8a8d4ac90,llm_lofo,qwen36_27b_local,full,0.2,,4,0.8,0.4,-0.024,0.0512,5,0
openstack,TN,87be408b126e81ded85b03896f9c85f8a8d4ac90,llm_lofo,qwen36_27b_local,full,0.2,,5,0.6,0.4,-0.0211999999999999,0.0484,5,0
openstack,TP,22c9cf3d95c3d14351045bac2920b4e0994ec42f,llm_lofo,qwen36_27b_local,full,0.2,,1,1.0,1.0,-0.3176,0.3176,5,0
openstack,TP,22c9cf3d95c3d14351045bac2920b4e0994ec42f,llm_lofo,qwen36_27b_local,full,0.2,,2,1.0,1.0,-0.3176,0.3176,5,0
openstack,TP,22c9cf3d95c3d14351045bac2920b4e0994ec42f,llm_lofo,qwen36_27b_local,full,0.2,,3,1.0,1.0,-0.2956,0.2956,5,0
openstack,TP,22c9cf3d95c3d14351045bac2920b4e0994ec42f,llm_lofo,qwen36_27b_local,full,0.2,,4,1.0,1.0,-0.3176,0.3176,5,0
openstack,TP,22c9cf3d95c3d14351045bac2920b4e0994ec42f,llm_lofo,qwen36_27b_local,full,0.2,,5,1.0,1.0,-0.3176,0.3176,5,0
openstack,TP,092820939d53268152893a15fdaf5129554fbcb3,llm_lofo,qwen36_27b_local,full,0.2,,1,1.0,1.0,-0.2776,0.2776,5,0
openstack,TP,092820939d53268152893a15fdaf5129554fbcb3,llm_lofo,qwen36_27b_local,full,0.2,,2,1.0,1.0,-0.2776,0.2776,5,0
openstack,TP,092820939d53268152893a15fdaf5129554fbcb3,llm_lofo,qwen36_27b_local,full,0.2,,3,1.0,1.0,-0.2776,0.2776,5,0
openstack,TP,092820939d53268152893a15fdaf5129554fbcb3,llm_lofo,qwen36_27b_local,full,0.2,,4,1.0,1.0,-0.2776,0.2776,5,0
openstack,TP,092820939d53268152893a15fdaf5129554fbcb3,llm_lofo,qwen36_27b_local,full,0.2,,5,1.0,1.0,-0.1868,0.2332,5,0
openstack,TN,dd13c2784b5aec539197d1b76fafc6a6b38a33e8,llm_lofo,qwen36_27b_local,full,0.2,,1,1.0,0.6,0.0515999999999999,0.0668,5,0
openstack,TN,dd13c2784b5aec539197d1b76fafc6a6b38a33e8,llm_lofo,qwen36_27b_local,full,0.2,,2,1.0,0.6,0.0523999999999999,0.0676,5,0
openstack,TN,dd13c2784b5aec539197d1b76fafc6a6b38a33e8,llm_lofo,qwen36_27b_local,full,0.2,,3,1.0,0.6,0.0523999999999999,0.0676,5,0
openstack,TN,dd13c2784b5aec539197d1b76fafc6a6b38a33e8,llm_lofo,qwen36_27b_local,full,0.2,,4,1.0,0.6,0.0515999999999999,0.0668,5,0
openstack,TN,dd13c2784b5aec539197d1b76fafc6a6b38a33e8,llm_lofo,qwen36_27b_local,full,0.2,,5,1.0,0.6,0.0515999999999999,0.0668,5,0
openstack,TP,40eaa89a9001edda3e1146831b26aaf7ded64c4a,llm_lofo,qwen36_27b_local,full,0.2,,1,1.0,0.8,-0.2032,0.2032,5,0
openstack,TP,40eaa89a9001edda3e1146831b26aaf7ded64c4a,llm_lofo,qwen36_27b_local,full,0.2,,2,1.0,0.8,-0.21,0.21,5,0
openstack,TP,40eaa89a9001edda3e1146831b26aaf7ded64c4a,llm_lofo,qwen36_27b_local,full,0.2,,3,1.0,0.8,-0.212,0.212,5,0
openstack,TP,40eaa89a9001edda3e1146831b26aaf7ded64c4a,llm_lofo,qwen36_27b_local,full,0.2,,4,1.0,0.8,-0.21,0.21,5,0
openstack,TP,40eaa89a9001edda3e1146831b26aaf7ded64c4a,llm_lofo,qwen36_27b_local,full,0.2,,5,1.0,0.8,-0.1948,0.1948,5,0
openstack,TN,1e6538d43e76b867776cf226e1d6d6c900412f99,llm_lofo,qwen36_27b_local,full,0.2,,1,1.0,0.6,-0.0352,0.0432,5,0
openstack,TN,1e6538d43e76b867776cf226e1d6d6c900412f99,llm_lofo,qwen36_27b_local,full,0.2,,2,0.8,0.6,-0.0624,0.0624,5,0
openstack,TN,1e6538d43e76b867776cf226e1d6d6c900412f99,llm_lofo,qwen36_27b_local,full,0.2,,3,1.0,0.8,-0.0772,0.0772,5,0
openstack,TN,1e6538d43e76b867776cf226e1d6d6c900412f99,llm_lofo,qwen36_27b_local,full,0.2,,4,1.0,0.8,-0.0772,0.0772,5,0
openstack,TN,1e6538d43e76b867776cf226e1d6d6c900412f99,llm_lofo,qwen36_27b_local,full,0.2,,5,0.8,0.6,-0.0624,0.0624,5,0
openstack,FP,70de423255fd01822188bb9082a0c0cc1c8ec2d0,llm_lofo,qwen36_27b_local,full,0.2,,1,1.0,0.8,-0.294,0.2956,5,0
openstack,FP,70de423255fd01822188bb9082a0c0cc1c8ec2d0,llm_lofo,qwen36_27b_local,full,0.2,,2,1.0,0.8,-0.3208,0.3224,5,0
openstack,FP,70de423255fd01822188bb9082a0c0cc1c8ec2d0,llm_lofo,qwen36_27b_local,full,0.2,,3,1.0,0.8,-0.294,0.2956,5,0
openstack,FP,70de423255fd01822188bb9082a0c0cc1c8ec2d0,llm_lofo,qwen36_27b_local,full,0.2,,4,1.0,0.8,-0.3096,0.3112,5,0
openstack,FP,70de423255fd01822188bb9082a0c0cc1c8ec2d0,llm_lofo,qwen36_27b_local,full,0.2,,5,1.0,0.8,-0.3096,0.3112,5,0
openstack,TP,56324c12aa58ff9cf46582611b071f3abb743ddf,llm_lofo,qwen36_27b_local,full,0.2,,1,1.0,0.6,-0.1544,0.1544,5,0
openstack,TP,56324c12aa58ff9cf46582611b071f3abb743ddf,llm_lofo,qwen36_27b_local,full,0.2,,2,1.0,0.6,-0.1544,0.1544,5,0
openstack,TP,56324c12aa58ff9cf46582611b071f3abb743ddf,llm_lofo,qwen36_27b_local,full,0.2,,3,1.0,0.6,-0.1544,0.1544,5,0
openstack,TP,56324c12aa58ff9cf46582611b071f3abb743ddf,llm_lofo,qwen36_27b_local,full,0.2,,4,1.0,0.6,-0.1544,0.1544,5,0
openstack,TP,56324c12aa58ff9cf46582611b071f3abb743ddf,llm_lofo,qwen36_27b_local,full,0.2,,5,1.0,0.75,-0.186,0.186,4,0
openstack,FN,848664f646bf087df59778434daa6feae1e71c74,llm_lofo,qwen36_27b_local,full,0.2,,1,1.0,1.0,-0.0967999999999999,0.0967999999999999,5,0
openstack,FN,848664f646bf087df59778434daa6feae1e71c74,llm_lofo,qwen36_27b_local,full,0.2,,2,1.0,0.8,-0.0779999999999999,0.0779999999999999,5,0
openstack,FN,848664f646bf087df59778434daa6feae1e71c74,llm_lofo,qwen36_27b_local,full,0.2,,3,1.0,1.0,-0.0967999999999999,0.0967999999999999,5,0
openstack,FN,848664f646bf087df59778434daa6feae1e71c74,llm_lofo,qwen36_27b_local,full,0.2,,4,1.0,1.0,-0.0967999999999999,0.0967999999999999,5,0
openstack,FN,848664f646bf087df59778434daa6feae1e71c74,llm_lofo,qwen36_27b_local,full,0.2,,5,1.0,0.8,-0.0707999999999999,0.0771999999999999,5,0
openstack,FN,91a8cd2952a25b340f5778cace95910e43cbcbb6,llm_lofo,qwen36_27b_local,full,0.2,,1,0.8,0.4,-0.0048,0.0575999999999999,5,0
openstack,FN,91a8cd2952a25b340f5778cace95910e43cbcbb6,llm_lofo,qwen36_27b_local,full,0.2,,2,0.6,0.4,0.0323999999999999,0.0339999999999999,5,0
openstack,FN,91a8cd2952a25b340f5778cace95910e43cbcbb6,llm_lofo,qwen36_27b_local,full,0.2,,3,0.8,0.4,0.0027999999999999,0.05,5,0
openstack,FN,91a8cd2952a25b340f5778cace95910e43cbcbb6,llm_lofo,qwen36_27b_local,full,0.2,,4,0.6,0.4,0.0323999999999999,0.0339999999999999,5,0
openstack,FN,91a8cd2952a25b340f5778cace95910e43cbcbb6,llm_lofo,qwen36_27b_local,full,0.2,,5,0.6,0.4,0.0323999999999999,0.0339999999999999,5,0
openstack,FN,d402747547e1a356c6c2c20b57f52af39b63e831,llm_lofo,qwen36_27b_local,full,0.2,,1,0.8,0.6,0.0244,0.0316,5,0
openstack,FN,d402747547e1a356c6c2c20b57f52af39b63e831,llm_lofo,qwen36_27b_local,full,0.2,,2,0.8,0.6,0.0244,0.0316,5,0
openstack,FN,d402747547e1a356c6c2c20b57f52af39b63e831,llm_lofo,qwen36_27b_local,full,0.2,,3,0.8,0.6,-0.0307999999999999,0.0636,5,0
openstack,FN,d402747547e1a356c6c2c20b57f52af39b63e831,llm_lofo,qwen36_27b_local,full,0.2,,4,0.6,0.8,-0.0443999999999999,0.0723999999999999,5,0
openstack,FN,d402747547e1a356c6c2c20b57f52af39b63e831,llm_lofo,qwen36_27b_local,full,0.2,,5,0.6,0.8,-0.0443999999999999,0.0723999999999999,5,0
openstack,TN,348b7a9f7d64094d60ece0460aed02b66c52f1b1,llm_lofo,qwen36_27b_local,full,0.2,,1,0.6,0.0,0.0108,0.0116,5,0
openstack,TN,348b7a9f7d64094d60ece0460aed02b66c52f1b1,llm_lofo,qwen36_27b_local,full,0.2,,2,0.4,0.0,0.0092,0.0148,5,0
openstack,TN,348b7a9f7d64094d60ece0460aed02b66c52f1b1,llm_lofo,qwen36_27b_local,full,0.2,,3,0.5,0.25,-0.0075,0.0145,4,0
openstack,TN,348b7a9f7d64094d60ece0460aed02b66c52f1b1,llm_lofo,qwen36_27b_local,full,0.2,,4,0.4,0.4,-0.1032,0.1072,5,0
openstack,TN,348b7a9f7d64094d60ece0460aed02b66c52f1b1,llm_lofo,qwen36_27b_local,full,0.2,,5,0.6,0.0,0.0108,0.0116,5,0
openstack,FP,2bb9e5563c69f79d5da23668b08dd9c88f9d4348,llm_lofo,qwen36_27b_local,full,0.2,,1,0.8,1.0,-0.1743999999999999,0.1743999999999999,5,0
openstack,FP,2bb9e5563c69f79d5da23668b08dd9c88f9d4348,llm_lofo,qwen36_27b_local,full,0.2,,2,0.8,1.0,-0.1743999999999999,0.1743999999999999,5,0
openstack,FP,2bb9e5563c69f79d5da23668b08dd9c88f9d4348,llm_lofo,qwen36_27b_local,full,0.2,,3,0.8,1.0,-0.2055999999999999,0.2055999999999999,5,0
openstack,FP,2bb9e5563c69f79d5da23668b08dd9c88f9d4348,llm_lofo,qwen36_27b_local,full,0.2,,4,0.8,1.0,-0.1743999999999999,0.1743999999999999,5,0
openstack,FP,2bb9e5563c69f79d5da23668b08dd9c88f9d4348,llm_lofo,qwen36_27b_local,full,0.2,,5,0.8,1.0,-0.2095999999999999,0.2095999999999999,5,0
openstack,TP,5f2b88b1aafb9a35638e54f796685f633428b6a5,llm_lofo,qwen36_27b_local,full,0.2,,1,0.8,1.0,-0.1715999999999999,0.1715999999999999,5,0
openstack,TP,5f2b88b1aafb9a35638e54f796685f633428b6a5,llm_lofo,qwen36_27b_local,full,0.2,,2,0.8,1.0,-0.1715999999999999,0.1715999999999999,5,0
openstack,TP,5f2b88b1aafb9a35638e54f796685f633428b6a5,llm_lofo,qwen36_27b_local,full,0.2,,3,0.8,1.0,-0.1715999999999999,0.1715999999999999,5,0
openstack,TP,5f2b88b1aafb9a35638e54f796685f633428b6a5,llm_lofo,qwen36_27b_local,full,0.2,,4,0.8,1.0,-0.1715999999999999,0.1715999999999999,5,0
openstack,TP,5f2b88b1aafb9a35638e54f796685f633428b6a5,llm_lofo,qwen36_27b_local,full,0.2,,5,0.8,1.0,-0.1715999999999999,0.1715999999999999,5,0
openstack,FN,017dd6b4bcf92c14d49421268cb571c00879f3cc,llm_lofo,qwen36_27b_local,full,0.2,,1,1.0,0.5,0.0605,0.0655,4,0
openstack,FN,017dd6b4bcf92c14d49421268cb571c00879f3cc,llm_lofo,qwen36_27b_local,full,0.2,,2,1.0,0.5,0.0605,0.0655,4,0
openstack,FN,017dd6b4bcf92c14d49421268cb571c00879f3cc,llm_lofo,qwen36_27b_local,full,0.2,,3,1.0,0.5,0.0605,0.0655,4,0
openstack,FN,017dd6b4bcf92c14d49421268cb571c00879f3cc,llm_lofo,qwen36_27b_local,full,0.2,,4,1.0,0.6,0.0108,0.09,5,0
openstack,FN,017dd6b4bcf92c14d49421268cb571c00879f3cc,llm_lofo,qwen36_27b_local,full,0.2,,5,1.0,0.6,0.0108,0.09,5,0
openstack,FP,41d6b479fe8baf66578044b8773c3b892d64a2c4,llm_lofo,qwen36_27b_local,full,0.2,,1,0.6,1.0,-0.1699999999999999,0.1699999999999999,5,0
openstack,FP,41d6b479fe8baf66578044b8773c3b892d64a2c4,llm_lofo,qwen36_27b_local,full,0.2,,2,0.6,1.0,-0.1699999999999999,0.1699999999999999,5,0
openstack,FP,41d6b479fe8baf66578044b8773c3b892d64a2c4,llm_lofo,qwen36_27b_local,full,0.2,,3,0.8,1.0,-0.1563999999999999,0.1563999999999999,5,0
openstack,FP,41d6b479fe8baf66578044b8773c3b892d64a2c4,llm_lofo,qwen36_27b_local,full,0.2,,4,0.6,0.8,-0.1323999999999999,0.1403999999999999,5,0
openstack,FP,41d6b479fe8baf66578044b8773c3b892d64a2c4,llm_lofo,qwen36_27b_local,full,0.2,,5,0.6,1.0,-0.1699999999999999,0.1699999999999999,5,0
openstack,FN,913a99c79456abbfef1642e6dc70e6a4ff4e25db,llm_lofo,qwen36_27b_local,full,0.2,,1,1.0,0.8,0.1284,0.1284,5,0
openstack,FN,913a99c79456abbfef1642e6dc70e6a4ff4e25db,llm_lofo,qwen36_27b_local,full,0.2,,2,1.0,0.8,0.1268,0.1276,5,0
openstack,FN,913a99c79456abbfef1642e6dc70e6a4ff4e25db,llm_lofo,qwen36_27b_local,full,0.2,,3,1.0,0.4,0.0964,0.0972,5,0
openstack,FN,913a99c79456abbfef1642e6dc70e6a4ff4e25db,llm_lofo,qwen36_27b_local,full,0.2,,4,1.0,0.6,0.1072,0.108,5,0
openstack,FN,913a99c79456abbfef1642e6dc70e6a4ff4e25db,llm_lofo,qwen36_27b_local,full,0.2,,5,1.0,0.8,0.0864,0.1152,5,0
openstack,FP,e4ea54104ec38f5fe4c792d4d3d1865de34bb4c3,llm_lofo,qwen36_27b_local,full,0.2,,1,0.8,1.0,-0.1587999999999999,0.1587999999999999,5,0
openstack,FP,e4ea54104ec38f5fe4c792d4d3d1865de34bb4c3,llm_lofo,qwen36_27b_local,full,0.2,,2,0.8,1.0,-0.1587999999999999,0.1587999999999999,5,0
openstack,FP,e4ea54104ec38f5fe4c792d4d3d1865de34bb4c3,llm_lofo,qwen36_27b_local,full,0.2,,3,0.8,1.0,-0.1587999999999999,0.1587999999999999,5,0
openstack,FP,e4ea54104ec38f5fe4c792d4d3d1865de34bb4c3,llm_lofo,qwen36_27b_local,full,0.2,,4,0.8,1.0,-0.1587999999999999,0.1587999999999999,5,0
openstack,FP,e4ea54104ec38f5fe4c792d4d3d1865de34bb4c3,llm_lofo,qwen36_27b_local,full,0.2,,5,0.8,1.0,-0.1587999999999999,0.1587999999999999,5,0
openstack,FN,1c6b2fce289b68af92afeddf8d30efcda1903f06,llm_lofo,qwen36_27b_local,full,0.2,,1,1.0,0.6,0.0196,0.0411999999999999,5,0
openstack,FN,1c6b2fce289b68af92afeddf8d30efcda1903f06,llm_lofo,qwen36_27b_local,full,0.2,,2,1.0,0.6,0.0196,0.0411999999999999,5,0
openstack,FN,1c6b2fce289b68af92afeddf8d30efcda1903f06,llm_lofo,qwen36_27b_local,full,0.2,,3,1.0,0.6,0.0196,0.0411999999999999,5,0
openstack,FN,1c6b2fce289b68af92afeddf8d30efcda1903f06,llm_lofo,qwen36_27b_local,full,0.2,,4,1.0,0.6,0.0196,0.0411999999999999,5,0
openstack,FN,1c6b2fce289b68af92afeddf8d30efcda1903f06,llm_lofo,qwen36_27b_local,full,0.2,,5,1.0,0.6,0.0196,0.0411999999999999,5,0
openstack,FN,8ccdc4ac5053c6e39660044a9f8c1f695370e9a7,llm_lofo,qwen36_27b_local,full,0.2,,1,0.8,1.0,0.0596,0.074,5,0
openstack,FN,8ccdc4ac5053c6e39660044a9f8c1f695370e9a7,llm_lofo,qwen36_27b_local,full,0.2,,2,0.8,1.0,0.0596,0.074,5,0
openstack,FN,8ccdc4ac5053c6e39660044a9f8c1f695370e9a7,llm_lofo,qwen36_27b_local,full,0.2,,3,0.8,1.0,0.0596,0.074,5,0
openstack,FN,8ccdc4ac5053c6e39660044a9f8c1f695370e9a7,llm_lofo,qwen36_27b_local,full,0.2,,4,0.8,1.0,0.0596,0.074,5,0
openstack,FN,8ccdc4ac5053c6e39660044a9f8c1f695370e9a7,llm_lofo,qwen36_27b_local,full,0.2,,5,0.8,1.0,0.0596,0.074,5,0
openstack,FP,a985e34cdeef777fe7ff943e363a5f1be6d991b7,llm_lofo,qwen36_27b_local,full,0.2,,1,0.8,1.0,-0.0928,0.0928,5,0
openstack,FP,a985e34cdeef777fe7ff943e363a5f1be6d991b7,llm_lofo,qwen36_27b_local,full,0.2,,2,1.0,1.0,-0.1344,0.1344,5,0
openstack,FP,a985e34cdeef777fe7ff943e363a5f1be6d991b7,llm_lofo,qwen36_27b_local,full,0.2,,3,1.0,1.0,-0.1344,0.1344,5,0
openstack,FP,a985e34cdeef777fe7ff943e363a5f1be6d991b7,llm_lofo,qwen36_27b_local,full,0.2,,4,1.0,1.0,-0.1344,0.1344,5,0
openstack,FP,a985e34cdeef777fe7ff943e363a5f1be6d991b7,llm_lofo,qwen36_27b_local,full,0.2,,5,1.0,1.0,-0.1344,0.1344,5,0
openstack,TP,3b28cb2a10f7746a32cb7f7b62b6fc92ebcfb1e5,llm_lofo,qwen36_27b_local,full,0.2,,1,1.0,1.0,-0.2292,0.2292,5,0
openstack,TP,3b28cb2a10f7746a32cb7f7b62b6fc92ebcfb1e5,llm_lofo,qwen36_27b_local,full,0.2,,2,1.0,1.0,-0.2292,0.2292,5,0
openstack,TP,3b28cb2a10f7746a32cb7f7b62b6fc92ebcfb1e5,llm_lofo,qwen36_27b_local,full,0.2,,3,1.0,1.0,-0.2292,0.2292,5,0
openstack,TP,3b28cb2a10f7746a32cb7f7b62b6fc92ebcfb1e5,llm_lofo,qwen36_27b_local,full,0.2,,4,1.0,1.0,-0.2292,0.2292,5,0
openstack,TP,3b28cb2a10f7746a32cb7f7b62b6fc92ebcfb1e5,llm_lofo,qwen36_27b_local,full,0.2,,5,1.0,1.0,-0.2292,0.2292,5,0
openstack,FN,c2c37272bf788aac63399127cddd487dc0f15c38,llm_lofo,qwen36_27b_local,full,0.2,,1,1.0,0.6,-0.0236,0.0364,5,0
openstack,FN,c2c37272bf788aac63399127cddd487dc0f15c38,llm_lofo,qwen36_27b_local,full,0.2,,2,0.8,0.6,-0.0248,0.0352,5,0
openstack,FN,c2c37272bf788aac63399127cddd487dc0f15c38,llm_lofo,qwen36_27b_local,full,0.2,,3,0.8,0.6,-0.0248,0.0352,5,0
openstack,FN,c2c37272bf788aac63399127cddd487dc0f15c38,llm_lofo,qwen36_27b_local,full,0.2,,4,1.0,0.8,-0.044,0.0488,5,0
openstack,FN,c2c37272bf788aac63399127cddd487dc0f15c38,llm_lofo,qwen36_27b_local,full,0.2,,5,1.0,0.8,-0.044,0.0488,5,0
openstack,FN,37510ac03478704bafba89e8c4f4e0e9041d661d,llm_lofo,qwen36_27b_local,full,0.2,,1,1.0,0.6,0.1012,0.1012,5,0
openstack,FN,37510ac03478704bafba89e8c4f4e0e9041d661d,llm_lofo,qwen36_27b_local,full,0.2,,2,1.0,0.6,0.1012,0.1012,5,0
openstack,FN,37510ac03478704bafba89e8c4f4e0e9041d661d,llm_lofo,qwen36_27b_local,full,0.2,,3,1.0,0.6,0.0955999999999999,0.0955999999999999,5,0
openstack,FN,37510ac03478704bafba89e8c4f4e0e9041d661d,llm_lofo,qwen36_27b_local,full,0.2,,4,1.0,0.6,0.1012,0.1012,5,0
openstack,FN,37510ac03478704bafba89e8c4f4e0e9041d661d,llm_lofo,qwen36_27b_local,full,0.2,,5,1.0,0.5,0.0925,0.0925,4,0
openstack,TN,5cc9d999352c21d3f4b5c39d3ea9d4378ca86544,llm_lofo,qwen36_27b_local,full,0.2,,1,1.0,0.8,0.042,0.0732,5,0
openstack,TN,5cc9d999352c21d3f4b5c39d3ea9d4378ca86544,llm_lofo,qwen36_27b_local,full,0.2,,2,1.0,0.8,0.042,0.0732,5,0
openstack,TN,5cc9d999352c21d3f4b5c39d3ea9d4378ca86544,llm_lofo,qwen36_27b_local,full,0.2,,3,1.0,0.8,0.042,0.0732,5,0
openstack,TN,5cc9d999352c21d3f4b5c39d3ea9d4378ca86544,llm_lofo,qwen36_27b_local,full,0.2,,4,1.0,0.8,0.042,0.0732,5,0
openstack,TN,5cc9d999352c21d3f4b5c39d3ea9d4378ca86544,llm_lofo,qwen36_27b_local,full,0.2,,5,1.0,0.6,0.0232,0.0584,5,0
openstack,FP,ce12d7a1e53fffce57baab18de2ab885ba1df8ee,llm_lofo,qwen36_27b_local,full,0.2,,1,0.8,0.4,-0.0772,0.086,5,0
openstack,FP,ce12d7a1e53fffce57baab18de2ab885ba1df8ee,llm_lofo,qwen36_27b_local,full,0.2,,2,0.8,0.4,-0.0772,0.086,5,0
openstack,FP,ce12d7a1e53fffce57baab18de2ab885ba1df8ee,llm_lofo,qwen36_27b_local,full,0.2,,3,0.8,0.4,-0.0772,0.086,5,0
openstack,FP,ce12d7a1e53fffce57baab18de2ab885ba1df8ee,llm_lofo,qwen36_27b_local,full,0.2,,4,0.8,0.4,-0.0772,0.086,5,0
openstack,FP,ce12d7a1e53fffce57baab18de2ab885ba1df8ee,llm_lofo,qwen36_27b_local,full,0.2,,5,0.8,0.4,-0.0772,0.086,5,0
openstack,FN,221f386029faf499c5a445374685cba5b67df31e,llm_lofo,qwen36_27b_local,full,0.2,,1,0.8,0.8,0.0068,0.086,5,0
openstack,FN,221f386029faf499c5a445374685cba5b67df31e,llm_lofo,qwen36_27b_local,full,0.2,,2,0.8,0.8,0.0068,0.086,5,0
openstack,FN,221f386029faf499c5a445374685cba5b67df31e,llm_lofo,qwen36_27b_local,full,0.2,,3,0.8,0.8,0.0068,0.086,5,0
openstack,FN,221f386029faf499c5a445374685cba5b67df31e,llm_lofo,qwen36_27b_local,full,0.2,,4,0.8,0.8,0.0068,0.086,5,0
openstack,FN,221f386029faf499c5a445374685cba5b67df31e,llm_lofo,qwen36_27b_local,full,0.2,,5,0.8,0.8,0.0068,0.086,5,0
openstack,FP,3eea37b85b1abc72786a2b24baf01141b4d95f08,llm_lofo,qwen36_27b_local,full,0.2,,1,1.0,0.8,-0.1228,0.1244,5,0
openstack,FP,3eea37b85b1abc72786a2b24baf01141b4d95f08,llm_lofo,qwen36_27b_local,full,0.2,,2,1.0,0.8,-0.12,0.1216,5,0
openstack,FP,3eea37b85b1abc72786a2b24baf01141b4d95f08,llm_lofo,qwen36_27b_local,full,0.2,,3,1.0,0.8,-0.1228,0.1244,5,0
openstack,FP,3eea37b85b1abc72786a2b24baf01141b4d95f08,llm_lofo,qwen36_27b_local,full,0.2,,4,1.0,0.8,-0.1228,0.1244,5,0
openstack,FP,3eea37b85b1abc72786a2b24baf01141b4d95f08,llm_lofo,qwen36_27b_local,full,0.2,,5,1.0,0.8,-0.1228,0.1244,5,0
openstack,FN,589c495c1ae62129e20ab5e2641e330541eee01f,llm_lofo,qwen36_27b_local,full,0.2,,1,0.8,0.6,0.0751999999999999,0.0783999999999999,5,0
openstack,FN,589c495c1ae62129e20ab5e2641e330541eee01f,llm_lofo,qwen36_27b_local,full,0.2,,2,0.8,0.6,0.0751999999999999,0.0783999999999999,5,0
openstack,FN,589c495c1ae62129e20ab5e2641e330541eee01f,llm_lofo,qwen36_27b_local,full,0.2,,3,0.8,0.8,0.0931999999999999,0.0963999999999999,5,0
openstack,FN,589c495c1ae62129e20ab5e2641e330541eee01f,llm_lofo,qwen36_27b_local,full,0.2,,4,0.8,0.6,0.0779999999999999,0.0811999999999999,5,0
openstack,FN,589c495c1ae62129e20ab5e2641e330541eee01f,llm_lofo,qwen36_27b_local,full,0.2,,5,0.6,0.6,0.0899999999999999,0.0931999999999999,5,0
openstack,FP,750e065d6d137715dd03d5c90623145177f64cbb,llm_lofo,qwen36_27b_local,full,0.2,,1,0.8,1.0,-0.14,0.1631999999999999,5,0
openstack,FP,750e065d6d137715dd03d5c90623145177f64cbb,llm_lofo,qwen36_27b_local,full,0.2,,2,0.8,1.0,-0.1736,0.1736,5,0
openstack,FP,750e065d6d137715dd03d5c90623145177f64cbb,llm_lofo,qwen36_27b_local,full,0.2,,3,0.8,1.0,-0.1736,0.1736,5,0
openstack,FP,750e065d6d137715dd03d5c90623145177f64cbb,llm_lofo,qwen36_27b_local,full,0.2,,4,0.8,0.8,-0.15,0.1532,5,0
openstack,FP,750e065d6d137715dd03d5c90623145177f64cbb,llm_lofo,qwen36_27b_local,full,0.2,,5,0.8,1.0,-0.1736,0.1736,5,0
qt,FP,3d3ce2afe1937531f5fdc2af56697e93133e6d98,llm_counterfactual,qwen36_27b_local,full,0.2,,1,0.8,0.8,-0.0527042695965621,0.0725586731072031,5,0
qt,FP,3d3ce2afe1937531f5fdc2af56697e93133e6d98,llm_counterfactual,qwen36_27b_local,full,0.2,,2,0.8,0.8,-0.0475052035720433,0.0777577391317219,5,0
qt,FP,3d3ce2afe1937531f5fdc2af56697e93133e6d98,llm_counterfactual,qwen36_27b_local,full,0.2,,3,0.8,0.8,-0.0475052035720433,0.0777577391317218,5,0
qt,FP,3d3ce2afe1937531f5fdc2af56697e93133e6d98,llm_counterfactual,qwen36_27b_local,full,0.2,,4,0.8,0.8,-0.0475052035720434,0.0777577391317218,5,0
qt,FP,3d3ce2afe1937531f5fdc2af56697e93133e6d98,llm_counterfactual,qwen36_27b_local,full,0.2,,5,1.0,1.0,-0.0329537439317507,0.0830606830020702,5,0
qt,TN,eb5994df1307b2e17e729374e1f7ab1c8fe82750,llm_counterfactual,qwen36_27b_local,full,0.2,,1,0.8,0.6,-0.0493053823433316,0.0493053823433316,5,0
qt,TN,eb5994df1307b2e17e729374e1f7ab1c8fe82750,llm_counterfactual,qwen36_27b_local,full,0.2,,2,0.8,0.6,-0.0493053823433316,0.0493053823433316,5,0
qt,TN,eb5994df1307b2e17e729374e1f7ab1c8fe82750,llm_counterfactual,qwen36_27b_local,full,0.2,,3,0.8,0.6,-0.0522660913781743,0.0522660913781743,5,0
qt,TN,eb5994df1307b2e17e729374e1f7ab1c8fe82750,llm_counterfactual,qwen36_27b_local,full,0.2,,4,0.8,0.6,-0.0493053823433316,0.0493053823433316,5,0
qt,TN,eb5994df1307b2e17e729374e1f7ab1c8fe82750,llm_counterfactual,qwen36_27b_local,full,0.2,,5,0.8,0.6,-0.0493053823433316,0.0493053823433316,5,0
qt,FN,2ad213cc02094e003802530757fa4010720a22e6,llm_counterfactual,qwen36_27b_local,full,0.2,,1,0.8,0.6,-0.038734132092292,0.042969801185104,5,0
qt,FN,2ad213cc02094e003802530757fa4010720a22e6,llm_counterfactual,qwen36_27b_local,full,0.2,,2,0.6,0.2,-0.01197476349993,0.0198541929750694,5,0
qt,FN,2ad213cc02094e003802530757fa4010720a22e6,llm_counterfactual,qwen36_27b_local,full,0.2,,3,0.6,0.4,-0.0157076862287056,0.023587115703845,5,0
qt,FN,2ad213cc02094e003802530757fa4010720a22e6,llm_counterfactual,qwen36_27b_local,full,0.2,,4,0.8,0.4,-0.0211336138637781,0.0253692829565901,5,0
qt,FN,2ad213cc02094e003802530757fa4010720a22e6,llm_counterfactual,qwen36_27b_local,full,0.2,,5,0.8,0.4,-0.0214295682190204,0.0250733286013479,5,0
qt,TP,256bbc4f139036a780a63b80af8bb461a77d333a,llm_counterfactual,qwen36_27b_local,full,0.2,,1,1.0,1.0,-0.1226993830268912,0.1589445426291937,5,0
qt,TP,256bbc4f139036a780a63b80af8bb461a77d333a,llm_counterfactual,qwen36_27b_local,full,0.2,,2,1.0,1.0,-0.1226993830268912,0.1589445426291937,5,0
qt,TP,256bbc4f139036a780a63b80af8bb461a77d333a,llm_counterfactual,qwen36_27b_local,full,0.2,,3,1.0,1.0,-0.1226993830268912,0.1589445426291937,5,0
qt,TP,256bbc4f139036a780a63b80af8bb461a77d333a,llm_counterfactual,qwen36_27b_local,full,0.2,,4,1.0,1.0,-0.1226993830268912,0.1589445426291937,5,0
qt,TP,256bbc4f139036a780a63b80af8bb461a77d333a,llm_counterfactual,qwen36_27b_local,full,0.2,,5,1.0,1.0,-0.1226993830268912,0.1589445426291937,5,0
qt,TP,ae292be8690109940fdd9862321b2389a0957404,llm_counterfactual,qwen36_27b_local,full,0.2,,1,1.0,1.0,-0.1937658284845091,0.1937658284845091,5,0
qt,TP,ae292be8690109940fdd9862321b2389a0957404,llm_counterfactual,qwen36_27b_local,full,0.2,,2,1.0,0.8,-0.1645218767825604,0.1718344618165741,5,0
qt,TP,ae292be8690109940fdd9862321b2389a0957404,llm_counterfactual,qwen36_27b_local,full,0.2,,3,1.0,1.0,-0.1842344674132183,0.1842344674132183,5,0
qt,TP,ae292be8690109940fdd9862321b2389a0957404,llm_counterfactual,qwen36_27b_local,full,0.2,,4,1.0,1.0,-0.1842344674132183,0.1842344674132183,5,0
qt,TP,ae292be8690109940fdd9862321b2389a0957404,llm_counterfactual,qwen36_27b_local,full,0.2,,5,1.0,1.0,-0.1842344674132183,0.1842344674132183,5,0
qt,FN,3786411f7f8770f28ba2a97cb646a0eb7a5eaa99,llm_counterfactual,qwen36_27b_local,full,0.2,,1,1.0,0.4,0.0063141421924967,0.0412225149418087,5,0
qt,FN,3786411f7f8770f28ba2a97cb646a0eb7a5eaa99,llm_counterfactual,qwen36_27b_local,full,0.2,,2,1.0,0.4,0.0063141421924967,0.0412225149418088,5,0
qt,FN,3786411f7f8770f28ba2a97cb646a0eb7a5eaa99,llm_counterfactual,qwen36_27b_local,full,0.2,,3,1.0,0.4,0.0063141421924967,0.0412225149418088,5,0
qt,FN,3786411f7f8770f28ba2a97cb646a0eb7a5eaa99,llm_counterfactual,qwen36_27b_local,full,0.2,,4,1.0,0.4,0.0063141421924968,0.0412225149418088,5,0
qt,FN,3786411f7f8770f28ba2a97cb646a0eb7a5eaa99,llm_counterfactual,qwen36_27b_local,full,0.2,,5,1.0,0.4,0.0063141421924967,0.0412225149418089,5,0
qt,FP,8835c0376befd009702b9a17c506639e31c842b9,llm_counterfactual,qwen36_27b_local,full,0.2,,1,0.8,1.0,-0.0949506405818089,0.1600822732348699,5,0
qt,FP,8835c0376befd009702b9a17c506639e31c842b9,llm_counterfactual,qwen36_27b_local,full,0.2,,2,0.8,1.0,-0.0949506405818089,0.16008227323487,5,0
qt,FP,8835c0376befd009702b9a17c506639e31c842b9,llm_counterfactual,qwen36_27b_local,full,0.2,,3,0.8,1.0,-0.0949506405818089,0.16008227323487,5,0
qt,FP,8835c0376befd009702b9a17c506639e31c842b9,llm_counterfactual,qwen36_27b_local,full,0.2,,4,0.8,1.0,-0.0949506405818089,0.1600822732348699,5,0
qt,FP,8835c0376befd009702b9a17c506639e31c842b9,llm_counterfactual,qwen36_27b_local,full,0.2,,5,0.8,1.0,-0.0949506405818089,0.16008227323487,5,0
qt,FN,9e99dba4a22bbf212b3e6d1e2607a16dbbd04d90,llm_counterfactual,qwen36_27b_local,full,0.2,,1,0.4,0.6,0.0699662880158054,0.0699662880158054,5,0
qt,FN,9e99dba4a22bbf212b3e6d1e2607a16dbbd04d90,llm_counterfactual,qwen36_27b_local,full,0.2,,2,0.2,0.6,0.0699662880158056,0.0699662880158056,5,0
qt,FN,9e99dba4a22bbf212b3e6d1e2607a16dbbd04d90,llm_counterfactual,qwen36_27b_local,full,0.2,,3,0.0,0.6,0.0699662880158055,0.0699662880158055,5,0
qt,FN,9e99dba4a22bbf212b3e6d1e2607a16dbbd04d90,llm_counterfactual,qwen36_27b_local,full,0.2,,4,0.2,0.6,0.0699662880158055,0.0699662880158055,5,0
qt,FN,9e99dba4a22bbf212b3e6d1e2607a16dbbd04d90,llm_counterfactual,qwen36_27b_local,full,0.2,,5,0.0,0.6,0.0623058318053493,0.0623058318053493,5,0
qt,FN,f506e01665c9bf689887ccf057a03588829efeea,llm_counterfactual,qwen36_27b_local,full,0.2,,1,0.6,0.6,-0.0339380968674914,0.0421778582265806,5,0
qt,FN,f506e01665c9bf689887ccf057a03588829efeea,llm_counterfactual,qwen36_27b_local,full,0.2,,2,0.8,0.8,-0.0468911063834235,0.0468911063834235,5,0
qt,FN,f506e01665c9bf689887ccf057a03588829efeea,llm_counterfactual,qwen36_27b_local,full,0.2,,3,0.8,0.8,-0.0468911063834236,0.0468911063834236,5,0
qt,FN,f506e01665c9bf689887ccf057a03588829efeea,llm_counterfactual,qwen36_27b_local,full,0.2,,4,0.8,0.8,-0.0440656952603063,0.0440656952603063,5,0
qt,FN,f506e01665c9bf689887ccf057a03588829efeea,llm_counterfactual,qwen36_27b_local,full,0.2,,5,0.6,0.6,-0.0329785374397621,0.0412182987988513,5,0
qt,TP,fa7626713b3a943609453459190e16c49d61dfd3,llm_counterfactual,qwen36_27b_local,full,0.2,,1,0.8,0.6,-0.0848263562878222,0.0848263562878222,5,0
qt,TP,fa7626713b3a943609453459190e16c49d61dfd3,llm_counterfactual,qwen36_27b_local,full,0.2,,2,0.8,0.6,-0.0848263562878223,0.0848263562878223,5,0
qt,TP,fa7626713b3a943609453459190e16c49d61dfd3,llm_counterfactual,qwen36_27b_local,full,0.2,,3,0.8,0.6,-0.0848263562878222,0.0848263562878222,5,0
qt,TP,fa7626713b3a943609453459190e16c49d61dfd3,llm_counterfactual,qwen36_27b_local,full,0.2,,4,0.8,0.6,-0.0848263562878223,0.0848263562878223,5,0
qt,TP,fa7626713b3a943609453459190e16c49d61dfd3,llm_counterfactual,qwen36_27b_local,full,0.2,,5,0.8,0.6,-0.0848263562878223,0.0848263562878223,5,0
qt,FP,093064fdeb6e777d2dc88dbb4f4adb8fddac3aa5,llm_counterfactual,qwen36_27b_local,full,0.2,,1,1.0,1.0,-0.2181352871003618,0.2181352871003618,5,0
qt,FP,093064fdeb6e777d2dc88dbb4f4adb8fddac3aa5,llm_counterfactual,qwen36_27b_local,full,0.2,,2,1.0,1.0,-0.2181352871003618,0.2181352871003618,5,0
qt,FP,093064fdeb6e777d2dc88dbb4f4adb8fddac3aa5,llm_counterfactual,qwen36_27b_local,full,0.2,,3,1.0,1.0,-0.2181352871003618,0.2181352871003618,5,0
qt,FP,093064fdeb6e777d2dc88dbb4f4adb8fddac3aa5,llm_counterfactual,qwen36_27b_local,full,0.2,,4,1.0,1.0,-0.2181352871003618,0.2181352871003618,5,0
qt,FP,093064fdeb6e777d2dc88dbb4f4adb8fddac3aa5,llm_counterfactual,qwen36_27b_local,full,0.2,,5,1.0,1.0,-0.2181352871003618,0.2181352871003618,5,0
qt,TP,da8ace713a19d2a8c9831ddf50d17607bc4856cc,llm_counterfactual,qwen36_27b_local,full,0.2,,1,1.0,1.0,-0.1118675281658325,0.1424419167172397,5,0
qt,TP,da8ace713a19d2a8c9831ddf50d17607bc4856cc,llm_counterfactual,qwen36_27b_local,full,0.2,,2,1.0,1.0,-0.1118675281658324,0.1424419167172397,5,0
qt,TP,da8ace713a19d2a8c9831ddf50d17607bc4856cc,llm_counterfactual,qwen36_27b_local,full,0.2,,3,1.0,1.0,-0.1118675281658325,0.1424419167172397,5,0
qt,TP,da8ace713a19d2a8c9831ddf50d17607bc4856cc,llm_counterfactual,qwen36_27b_local,full,0.2,,4,1.0,1.0,-0.1118675281658325,0.1424419167172397,5,0
qt,TP,da8ace713a19d2a8c9831ddf50d17607bc4856cc,llm_counterfactual,qwen36_27b_local,full,0.2,,5,1.0,1.0,-0.1118675281658325,0.1424419167172396,5,0
qt,FP,08cfd02312d21391c956b8bf50ab7d6caa0d8082,llm_counterfactual,qwen36_27b_local,full,0.2,,1,0.6,0.8,-0.079720045557638,0.1107590517895012,5,0
qt,FP,08cfd02312d21391c956b8bf50ab7d6caa0d8082,llm_counterfactual,qwen36_27b_local,full,0.2,,2,0.6,0.8,-0.079720045557638,0.1107590517895012,5,0
qt,FP,08cfd02312d21391c956b8bf50ab7d6caa0d8082,llm_counterfactual,qwen36_27b_local,full,0.2,,3,0.8,0.8,-0.0682159301492369,0.1222631671979023,5,0
qt,FP,08cfd02312d21391c956b8bf50ab7d6caa0d8082,llm_counterfactual,qwen36_27b_local,full,0.2,,4,0.8,0.8,-0.0427569016427294,0.1278431449232581,5,0
qt,FP,08cfd02312d21391c956b8bf50ab7d6caa0d8082,llm_counterfactual,qwen36_27b_local,full,0.2,,5,0.8,0.8,-0.0427569016427294,0.1278431449232581,5,0
qt,FP,a02b371eb2f34bf198c95cf0caa1fbad639f96bb,llm_counterfactual,qwen36_27b_local,full,0.2,,1,1.0,0.8,-0.0611579601476218,0.0791967404149734,5,0
qt,FP,a02b371eb2f34bf198c95cf0caa1fbad639f96bb,llm_counterfactual,qwen36_27b_local,full,0.2,,2,0.8,0.6,-0.0522044559487394,0.070243236216091,5,0
qt,FP,a02b371eb2f34bf198c95cf0caa1fbad639f96bb,llm_counterfactual,qwen36_27b_local,full,0.2,,3,1.0,0.6,-0.0521504819115721,0.0701892621789237,5,0
qt,FP,a02b371eb2f34bf198c95cf0caa1fbad639f96bb,llm_counterfactual,qwen36_27b_local,full,0.2,,4,1.0,0.8,-0.0611579601476218,0.0791967404149734,5,0
qt,FP,a02b371eb2f34bf198c95cf0caa1fbad639f96bb,llm_counterfactual,qwen36_27b_local,full,0.2,,5,1.0,0.8,-0.0611579601476217,0.0791967404149734,5,0
qt,TN,5cb54cb5ebae99fab121061e25e26eec3056203a,llm_counterfactual,qwen36_27b_local,full,0.2,,1,0.6,1.0,0.0575007339252837,0.0749847082143,5,0
qt,TN,5cb54cb5ebae99fab121061e25e26eec3056203a,llm_counterfactual,qwen36_27b_local,full,0.2,,2,0.6,1.0,0.0575007339252838,0.0749847082143,5,0
qt,TN,5cb54cb5ebae99fab121061e25e26eec3056203a,llm_counterfactual,qwen36_27b_local,full,0.2,,3,0.6,1.0,0.0575007339252838,0.0749847082143001,5,0
qt,TN,5cb54cb5ebae99fab121061e25e26eec3056203a,llm_counterfactual,qwen36_27b_local,full,0.2,,4,0.6,1.0,0.0575007339252838,0.0749847082143001,5,0
qt,TN,5cb54cb5ebae99fab121061e25e26eec3056203a,llm_counterfactual,qwen36_27b_local,full,0.2,,5,0.6,1.0,0.0575007339252838,0.0749847082143001,5,0
qt,TN,9a50333dd03969abb3f09c0f90dcb4afd048e47a,llm_counterfactual,qwen36_27b_local,full,0.2,,1,0.8,0.8,-0.0486088188764467,0.0621581146191009,5,0
qt,TN,9a50333dd03969abb3f09c0f90dcb4afd048e47a,llm_counterfactual,qwen36_27b_local,full,0.2,,2,0.8,0.6,-0.018567867402699,0.0352925377565789,5,0
qt,TN,9a50333dd03969abb3f09c0f90dcb4afd048e47a,llm_counterfactual,qwen36_27b_local,full,0.2,,3,0.8,0.8,-0.0486088188764468,0.0621581146191009,5,0
qt,TN,9a50333dd03969abb3f09c0f90dcb4afd048e47a,llm_counterfactual,qwen36_27b_local,full,0.2,,4,0.8,0.8,-0.0486088188764467,0.0621581146191009,5,0
qt,TN,9a50333dd03969abb3f09c0f90dcb4afd048e47a,llm_counterfactual,qwen36_27b_local,full,0.2,,5,0.8,0.8,-0.0410543509596608,0.0570217996757366,5,0
qt,FN,18f7e6dc9f59159b70cb7e6a8745738f42d4f46f,llm_counterfactual,qwen36_27b_local,full,0.2,,1,0.6,1.0,0.0635791551746433,0.0999788673672125,5,0
qt,FN,18f7e6dc9f59159b70cb7e6a8745738f42d4f46f,llm_counterfactual,qwen36_27b_local,full,0.2,,2,0.6,1.0,0.0635791551746433,0.0999788673672125,5,0
qt,FN,18f7e6dc9f59159b70cb7e6a8745738f42d4f46f,llm_counterfactual,qwen36_27b_local,full,0.2,,3,0.6,1.0,0.0635791551746433,0.0999788673672125,5,0
qt,FN,18f7e6dc9f59159b70cb7e6a8745738f42d4f46f,llm_counterfactual,qwen36_27b_local,full,0.2,,4,0.6,1.0,0.0635791551746433,0.0999788673672125,5,0
qt,FN,18f7e6dc9f59159b70cb7e6a8745738f42d4f46f,llm_counterfactual,qwen36_27b_local,full,0.2,,5,0.6,0.8,0.0565097224733598,0.092909434665929,5,0
qt,TP,d31304eab9e7424edc20fb83a8a19cd979458029,llm_counterfactual,qwen36_27b_local,full,0.2,,1,1.0,0.6,-0.0320684101962464,0.076578305063284,5,0
qt,TP,d31304eab9e7424edc20fb83a8a19cd979458029,llm_counterfactual,qwen36_27b_local,full,0.2,,2,1.0,0.8,-0.013089805349174,0.090243459075477,5,0
qt,TP,d31304eab9e7424edc20fb83a8a19cd979458029,llm_counterfactual,qwen36_27b_local,full,0.2,,3,1.0,0.8,-0.013089805349174,0.090243459075477,5,0
qt,TP,d31304eab9e7424edc20fb83a8a19cd979458029,llm_counterfactual,qwen36_27b_local,full,0.2,,4,1.0,0.8,-0.0174264008964838,0.0912203143630466,5,0
qt,TP,d31304eab9e7424edc20fb83a8a19cd979458029,llm_counterfactual,qwen36_27b_local,full,0.2,,5,1.0,0.8,-0.013089805349174,0.090243459075477,5,0
qt,TN,bd79c331f14e6cfab9e0b5815404c8194526e8f1,llm_counterfactual,qwen36_27b_local,full,0.2,,1,1.0,0.4,-0.0038717157977968,0.0325988925232179,5,0
qt,TN,bd79c331f14e6cfab9e0b5815404c8194526e8f1,llm_counterfactual,qwen36_27b_local,full,0.2,,2,1.0,0.2,-0.01290518546984,0.0235654228511746,5,0
qt,TN,bd79c331f14e6cfab9e0b5815404c8194526e8f1,llm_counterfactual,qwen36_27b_local,full,0.2,,3,1.0,0.6,-0.0107092096338648,0.0390197401733915,5,0
qt,TN,bd79c331f14e6cfab9e0b5815404c8194526e8f1,llm_counterfactual,qwen36_27b_local,full,0.2,,4,1.0,0.6,-0.0107092096338648,0.0390197401733915,5,0
qt,TN,bd79c331f14e6cfab9e0b5815404c8194526e8f1,llm_counterfactual,qwen36_27b_local,full,0.2,,5,1.0,0.2,-0.0129051854698399,0.0235654228511746,5,0
qt,TN,67ee72f3145fd14b36af408918ed3420504d3035,llm_counterfactual,qwen36_27b_local,full,0.2,,1,0.8,0.6,-0.0306854663446895,0.0651759832507526,5,0
qt,TN,67ee72f3145fd14b36af408918ed3420504d3035,llm_counterfactual,qwen36_27b_local,full,0.2,,2,0.8,0.4,-0.0461168687707071,0.0537752014155058,5,0
qt,TN,67ee72f3145fd14b36af408918ed3420504d3035,llm_counterfactual,qwen36_27b_local,full,0.2,,3,0.8,0.4,-0.0461168687707071,0.0537752014155058,5,0
qt,TN,67ee72f3145fd14b36af408918ed3420504d3035,llm_counterfactual,qwen36_27b_local,full,0.2,,4,1.0,0.4,-0.0220669109540515,0.0565574278601146,5,0
qt,TN,67ee72f3145fd14b36af408918ed3420504d3035,llm_counterfactual,qwen36_27b_local,full,0.2,,5,0.8,0.6,-0.0306854663446894,0.0651759832507526,5,0
qt,FN,67ced4791ddabebfa19a2f101aa292b5eba60b90,llm_counterfactual,qwen36_27b_local,full,0.2,,1,0.6,0.4,0.0028434123800419,0.0365356533043838,5,0
qt,FN,67ced4791ddabebfa19a2f101aa292b5eba60b90,llm_counterfactual,qwen36_27b_local,full,0.2,,2,0.6,0.4,0.0039513166900913,0.0376435576144331,5,0
qt,FN,67ced4791ddabebfa19a2f101aa292b5eba60b90,llm_counterfactual,qwen36_27b_local,full,0.2,,3,0.5,0.25,-0.0156531699466686,0.0264621312087587,4,0
qt,FN,67ced4791ddabebfa19a2f101aa292b5eba60b90,llm_counterfactual,qwen36_27b_local,full,0.2,,4,0.8,0.6,0.0174323291650113,0.0511245700893532,5,0
qt,FN,67ced4791ddabebfa19a2f101aa292b5eba60b90,llm_counterfactual,qwen36_27b_local,full,0.2,,5,0.6,0.4,0.0028434123800419,0.0365356533043838,5,0
qt,FP,86d91d2bf8e7ac7a75f88f0e4886140abc06fd4c,llm_counterfactual,qwen36_27b_local,full,0.2,,1,0.8,0.6,-0.1082642203865811,0.151459143858664,5,0
qt,FP,86d91d2bf8e7ac7a75f88f0e4886140abc06fd4c,llm_counterfactual,qwen36_27b_local,full,0.2,,2,0.8,0.4,-0.1216069663688818,0.1381163978763632,5,0
qt,FP,86d91d2bf8e7ac7a75f88f0e4886140abc06fd4c,llm_counterfactual,qwen36_27b_local,full,0.2,,3,1.0,0.6,-0.0920486059884479,0.1676747582567971,5,0
qt,FP,86d91d2bf8e7ac7a75f88f0e4886140abc06fd4c,llm_counterfactual,qwen36_27b_local,full,0.2,,4,0.8,0.6,-0.1082642203865811,0.151459143858664,5,0
qt,FP,86d91d2bf8e7ac7a75f88f0e4886140abc06fd4c,llm_counterfactual,qwen36_27b_local,full,0.2,,5,1.0,0.4,-0.1216069663688818,0.1381163978763632,5,0
qt,TN,121cdbdd30de1bee58e349859409dd08865c17f5,llm_counterfactual,qwen36_27b_local,full,0.2,,1,1.0,0.4,0.0024218480178231,0.0254476441515141,5,0
qt,TN,121cdbdd30de1bee58e349859409dd08865c17f5,llm_counterfactual,qwen36_27b_local,full,0.2,,2,1.0,0.2,0.0094178548102823,0.0184516373590548,5,0
qt,TN,121cdbdd30de1bee58e349859409dd08865c17f5,llm_counterfactual,qwen36_27b_local,full,0.2,,3,0.6,0.2,0.0008139178475694,0.0167055058438798,5,0
qt,TN,121cdbdd30de1bee58e349859409dd08865c17f5,llm_counterfactual,qwen36_27b_local,full,0.2,,4,0.6,0.2,0.0008139178475695,0.0167055058438798,5,0
qt,TN,121cdbdd30de1bee58e349859409dd08865c17f5,llm_counterfactual,qwen36_27b_local,full,0.2,,5,0.8,0.4,0.0011431792352308,0.0222004773661657,5,0
qt,TP,9bd30943bae136d28d42b9a9188a8586c963d461,llm_counterfactual,qwen36_27b_local,full,0.2,,1,0.8,0.6,-0.0327244868881195,0.0704472992887515,5,0
qt,TP,9bd30943bae136d28d42b9a9188a8586c963d461,llm_counterfactual,qwen36_27b_local,full,0.2,,2,0.6,0.4,-0.0241178938544939,0.0649751813038867,5,0
qt,TP,9bd30943bae136d28d42b9a9188a8586c963d461,llm_counterfactual,qwen36_27b_local,full,0.2,,3,0.6,0.4,-0.0241178938544939,0.0649751813038867,5,0
qt,TP,9bd30943bae136d28d42b9a9188a8586c963d461,llm_counterfactual,qwen36_27b_local,full,0.2,,4,0.8,0.6,-0.0327244868881195,0.0704472992887515,5,0
qt,TP,9bd30943bae136d28d42b9a9188a8586c963d461,llm_counterfactual,qwen36_27b_local,full,0.2,,5,0.8,0.6,-0.0327244868881195,0.0704472992887515,5,0
qt,FN,ac48071b185d17022d48c6379a2549ac2736cb8c,llm_counterfactual,qwen36_27b_local,full,0.2,,1,1.0,0.8,-0.07446263602629,0.07446263602629,5,0
qt,FN,ac48071b185d17022d48c6379a2549ac2736cb8c,llm_counterfactual,qwen36_27b_local,full,0.2,,2,1.0,0.8,-0.0744626360262901,0.0744626360262901,5,0
qt,FN,ac48071b185d17022d48c6379a2549ac2736cb8c,llm_counterfactual,qwen36_27b_local,full,0.2,,3,1.0,0.8,-0.0605434744906967,0.0605434744906967,5,0
qt,FN,ac48071b185d17022d48c6379a2549ac2736cb8c,llm_counterfactual,qwen36_27b_local,full,0.2,,4,1.0,0.8,-0.0744626360262901,0.0744626360262901,5,0
qt,FN,ac48071b185d17022d48c6379a2549ac2736cb8c,llm_counterfactual,qwen36_27b_local,full,0.2,,5,1.0,0.8,-0.0744626360262901,0.0744626360262901,5,0
qt,TN,fc2f0fb39008f95133f6fd24662fe92195431808,llm_counterfactual,qwen36_27b_local,full,0.2,,1,0.6,0.4,-0.0337431251569127,0.0446392290530166,5,0
qt,TN,fc2f0fb39008f95133f6fd24662fe92195431808,llm_counterfactual,qwen36_27b_local,full,0.2,,2,1.0,0.4,-0.0402391791874629,0.0402391791874629,5,0
qt,TN,fc2f0fb39008f95133f6fd24662fe92195431808,llm_counterfactual,qwen36_27b_local,full,0.2,,3,0.6,0.4,-0.0337431251569127,0.0446392290530166,5,0
qt,TN,fc2f0fb39008f95133f6fd24662fe92195431808,llm_counterfactual,qwen36_27b_local,full,0.2,,4,0.6,0.4,-0.0395705182038416,0.0504666220999455,5,0
qt,TN,fc2f0fb39008f95133f6fd24662fe92195431808,llm_counterfactual,qwen36_27b_local,full,0.2,,5,0.6,0.2,-0.0273374555391742,0.0382335594352781,5,0
qt,FP,41ae544c40e0568bd627a992a23b8c8f8f5cc27d,llm_counterfactual,qwen36_27b_local,full,0.2,,1,1.0,1.0,-0.1421629968305547,0.156992790846063,5,0
qt,FP,41ae544c40e0568bd627a992a23b8c8f8f5cc27d,llm_counterfactual,qwen36_27b_local,full,0.2,,2,1.0,1.0,-0.1421629968305547,0.156992790846063,5,0
qt,FP,41ae544c40e0568bd627a992a23b8c8f8f5cc27d,llm_counterfactual,qwen36_27b_local,full,0.2,,3,1.0,1.0,-0.1421629968305547,0.156992790846063,5,0
qt,FP,41ae544c40e0568bd627a992a23b8c8f8f5cc27d,llm_counterfactual,qwen36_27b_local,full,0.2,,4,1.0,1.0,-0.1421629968305547,0.156992790846063,5,0
qt,FP,41ae544c40e0568bd627a992a23b8c8f8f5cc27d,llm_counterfactual,qwen36_27b_local,full,0.2,,5,1.0,1.0,-0.1421629968305547,0.156992790846063,5,0
qt,FN,895cb4681ee78caaf9b99c88390a74ff1d79ae61,llm_counterfactual,qwen36_27b_local,full,0.2,,1,0.8,0.6,0.0329765427646503,0.0737074679690419,5,0
qt,FN,895cb4681ee78caaf9b99c88390a74ff1d79ae61,llm_counterfactual,qwen36_27b_local,full,0.2,,2,0.6,0.6,0.0420213579229551,0.0646626528107371,5,0
qt,FN,895cb4681ee78caaf9b99c88390a74ff1d79ae61,llm_counterfactual,qwen36_27b_local,full,0.2,,3,0.6,0.6,0.0420213579229551,0.0646626528107371,5,0
qt,FN,895cb4681ee78caaf9b99c88390a74ff1d79ae61,llm_counterfactual,qwen36_27b_local,full,0.2,,4,0.8,0.6,0.0108595424454611,0.0730911135025993,5,0
qt,FN,895cb4681ee78caaf9b99c88390a74ff1d79ae61,llm_counterfactual,qwen36_27b_local,full,0.2,,5,0.6,0.6,0.0420213579229551,0.0646626528107371,5,0
qt,TP,dfda6f14b3e210a33b71ef1c6fa3c75a9c866cce,llm_counterfactual,qwen36_27b_local,full,0.2,,1,1.0,0.6,-0.0529836247826258,0.0624610545403733,5,0
qt,TP,dfda6f14b3e210a33b71ef1c6fa3c75a9c866cce,llm_counterfactual,qwen36_27b_local,full,0.2,,2,1.0,0.6,-0.0514626389588292,0.0609400687165768,5,0
qt,TP,dfda6f14b3e210a33b71ef1c6fa3c75a9c866cce,llm_counterfactual,qwen36_27b_local,full,0.2,,3,1.0,0.6,-0.0529836247826258,0.0624610545403733,5,0
qt,TP,dfda6f14b3e210a33b71ef1c6fa3c75a9c866cce,llm_counterfactual,qwen36_27b_local,full,0.2,,4,1.0,0.6,-0.0529836247826258,0.0624610545403734,5,0
qt,TP,dfda6f14b3e210a33b71ef1c6fa3c75a9c866cce,llm_counterfactual,qwen36_27b_local,full,0.2,,5,1.0,0.6,-0.0514626389588292,0.0609400687165768,5,0
qt,TN,9b3d91237bf38492fd97457624d4cb5cd486bd56,llm_counterfactual,qwen36_27b_local,full,0.2,,1,1.0,0.6,-0.050120150656302,0.050120150656302,5,0
qt,TN,9b3d91237bf38492fd97457624d4cb5cd486bd56,llm_counterfactual,qwen36_27b_local,full,0.2,,2,1.0,0.6,-0.0484543880900674,0.0503738704755315,5,0
qt,TN,9b3d91237bf38492fd97457624d4cb5cd486bd56,llm_counterfactual,qwen36_27b_local,full,0.2,,3,1.0,0.6,-0.0484543880900674,0.0503738704755315,5,0
qt,TN,9b3d91237bf38492fd97457624d4cb5cd486bd56,llm_counterfactual,qwen36_27b_local,full,0.2,,4,1.0,0.6,-0.0484543880900674,0.0503738704755315,5,0
qt,TN,9b3d91237bf38492fd97457624d4cb5cd486bd56,llm_counterfactual,qwen36_27b_local,full,0.2,,5,0.8,0.4,-0.0282103564502766,0.0301298388357408,5,0
qt,TN,2831fa76655c614ed3df0816401514950e79b5e6,llm_counterfactual,qwen36_27b_local,full,0.2,,1,0.5,0.0,0.0016183536724881,0.0145123368964811,4,0
qt,TN,2831fa76655c614ed3df0816401514950e79b5e6,llm_counterfactual,qwen36_27b_local,full,0.2,,2,0.8,0.2,-0.0112134360444011,0.0241179884995767,5,0
qt,TN,2831fa76655c614ed3df0816401514950e79b5e6,llm_counterfactual,qwen36_27b_local,full,0.2,,3,0.4,0.4,-0.0236624667950278,0.0355916314727147,5,0
qt,TN,2831fa76655c614ed3df0816401514950e79b5e6,llm_counterfactual,qwen36_27b_local,full,0.2,,4,0.6,0.2,-0.0066387965358366,0.0286926280081412,5,0
qt,TN,2831fa76655c614ed3df0816401514950e79b5e6,llm_counterfactual,qwen36_27b_local,full,0.2,,5,0.6,0.2,-0.0124665524626228,0.0243957171403096,5,0
qt,FN,d8782b0cc680f09d605133bd37a44d290894c01e,llm_counterfactual,qwen36_27b_local,full,0.2,,1,1.0,0.6,-0.0410489660321805,0.0410489660321805,5,0
qt,FN,d8782b0cc680f09d605133bd37a44d290894c01e,llm_counterfactual,qwen36_27b_local,full,0.2,,2,1.0,0.6,-0.0410489660321805,0.0410489660321805,5,0
qt,FN,d8782b0cc680f09d605133bd37a44d290894c01e,llm_counterfactual,qwen36_27b_local,full,0.2,,3,1.0,0.6,-0.0443802605125581,0.0443802605125581,5,0
qt,FN,d8782b0cc680f09d605133bd37a44d290894c01e,llm_counterfactual,qwen36_27b_local,full,0.2,,4,1.0,0.6,-0.0443802605125581,0.0443802605125581,5,0
qt,FN,d8782b0cc680f09d605133bd37a44d290894c01e,llm_counterfactual,qwen36_27b_local,full,0.2,,5,1.0,0.6,-0.0443802605125581,0.0443802605125581,5,0
qt,TP,5dd76ba31c3c7cb9c0d9d97cd62f0d2f535a23f7,llm_counterfactual,qwen36_27b_local,full,0.2,,1,1.0,1.0,-0.0818414900610034,0.1171679136374269,5,0
qt,TP,5dd76ba31c3c7cb9c0d9d97cd62f0d2f535a23f7,llm_counterfactual,qwen36_27b_local,full,0.2,,2,1.0,0.8,-0.1033599156830004,0.1033599156830004,5,0
qt,TP,5dd76ba31c3c7cb9c0d9d97cd62f0d2f535a23f7,llm_counterfactual,qwen36_27b_local,full,0.2,,3,1.0,0.8,-0.1033599156830004,0.1033599156830004,5,0
qt,TP,5dd76ba31c3c7cb9c0d9d97cd62f0d2f535a23f7,llm_counterfactual,qwen36_27b_local,full,0.2,,4,1.0,1.0,-0.1111696753848595,0.1111696753848595,5,0
qt,TP,5dd76ba31c3c7cb9c0d9d97cd62f0d2f535a23f7,llm_counterfactual,qwen36_27b_local,full,0.2,,5,1.0,0.8,-0.1033599156830004,0.1033599156830004,5,0
qt,FP,237c867a002c8035aac7ff8a870da717eb7b0878,llm_counterfactual,qwen36_27b_local,full,0.2,,1,0.8,1.0,-0.087301605898156,0.1029412508470447,5,0
qt,FP,237c867a002c8035aac7ff8a870da717eb7b0878,llm_counterfactual,qwen36_27b_local,full,0.2,,2,0.6,0.8,-0.0373883654165219,0.0530280103654105,5,0
qt,FP,237c867a002c8035aac7ff8a870da717eb7b0878,llm_counterfactual,qwen36_27b_local,full,0.2,,3,1.0,1.0,-0.087301605898156,0.1029412508470447,5,0
qt,FP,237c867a002c8035aac7ff8a870da717eb7b0878,llm_counterfactual,qwen36_27b_local,full,0.2,,4,0.8,1.0,-0.0873016058981561,0.1029412508470447,5,0
qt,FP,237c867a002c8035aac7ff8a870da717eb7b0878,llm_counterfactual,qwen36_27b_local,full,0.2,,5,1.0,1.0,-0.0873016058981561,0.1029412508470447,5,0
qt,TN,f3ca13f3d12f52c60f4cd41d0b336c24a8d3359d,llm_counterfactual,qwen36_27b_local,full,0.2,,1,1.0,0.6,-0.0401225560256036,0.0515355464351106,5,0
qt,TN,f3ca13f3d12f52c60f4cd41d0b336c24a8d3359d,llm_counterfactual,qwen36_27b_local,full,0.2,,2,1.0,0.4,-0.0253854261379973,0.0367984165475043,5,0
qt,TN,f3ca13f3d12f52c60f4cd41d0b336c24a8d3359d,llm_counterfactual,qwen36_27b_local,full,0.2,,3,1.0,0.6,-0.0468704157656669,0.0468704157656669,5,0
qt,TN,f3ca13f3d12f52c60f4cd41d0b336c24a8d3359d,llm_counterfactual,qwen36_27b_local,full,0.2,,4,1.0,0.6,-0.0468704157656669,0.0468704157656669,5,0
qt,TN,f3ca13f3d12f52c60f4cd41d0b336c24a8d3359d,llm_counterfactual,qwen36_27b_local,full,0.2,,5,1.0,0.6,-0.0468704157656668,0.0468704157656668,5,0
qt,TP,267edbec198a0cedbf7bed4c3c5fa93c1dbc86bd,llm_counterfactual,qwen36_27b_local,full,0.2,,1,1.0,0.6,-0.0316070973212118,0.0720163533987891,5,0
qt,TP,267edbec198a0cedbf7bed4c3c5fa93c1dbc86bd,llm_counterfactual,qwen36_27b_local,full,0.2,,2,1.0,0.8,-0.0196023396881756,0.0840211110318253,5,0
qt,TP,267edbec198a0cedbf7bed4c3c5fa93c1dbc86bd,llm_counterfactual,qwen36_27b_local,full,0.2,,3,1.0,0.6,-0.0316070973212118,0.0720163533987891,5,0
qt,TP,267edbec198a0cedbf7bed4c3c5fa93c1dbc86bd,llm_counterfactual,qwen36_27b_local,full,0.2,,4,1.0,0.8,-0.0460062961953276,0.0774090827645007,5,0
qt,TP,267edbec198a0cedbf7bed4c3c5fa93c1dbc86bd,llm_counterfactual,qwen36_27b_local,full,0.2,,5,1.0,0.8,-0.0460062961953276,0.0774090827645007,5,0
qt,TN,e3b7957d6552e88aa23bd0ecc474db5f14981707,llm_counterfactual,qwen36_27b_local,full,0.2,,1,1.0,0.6,-0.0268869338959335,0.0335575125559385,5,0
qt,TN,e3b7957d6552e88aa23bd0ecc474db5f14981707,llm_counterfactual,qwen36_27b_local,full,0.2,,2,1.0,0.6,-0.0268869338959335,0.0335575125559385,5,0
qt,TN,e3b7957d6552e88aa23bd0ecc474db5f14981707,llm_counterfactual,qwen36_27b_local,full,0.2,,3,1.0,0.6,-0.0242986277264612,0.0288493241947888,5,0
qt,TN,e3b7957d6552e88aa23bd0ecc474db5f14981707,llm_counterfactual,qwen36_27b_local,full,0.2,,4,1.0,0.6,-0.0301012111716033,0.0303432352802688,5,0
qt,TN,e3b7957d6552e88aa23bd0ecc474db5f14981707,llm_counterfactual,qwen36_27b_local,full,0.2,,5,1.0,0.6,-0.0232386866306225,0.0299092652906275,5,0
qt,FP,571b11d41c9dadd5ef11e4e954c16c5ca39d718e,llm_counterfactual,qwen36_27b_local,full,0.2,,1,1.0,0.8,-0.0837028730168474,0.0837028730168474,5,0
qt,FP,571b11d41c9dadd5ef11e4e954c16c5ca39d718e,llm_counterfactual,qwen36_27b_local,full,0.2,,2,0.8,0.8,-0.0837028730168474,0.0837028730168474,5,0
qt,FP,571b11d41c9dadd5ef11e4e954c16c5ca39d718e,llm_counterfactual,qwen36_27b_local,full,0.2,,3,0.8,0.8,-0.0837028730168474,0.0837028730168474,5,0
qt,FP,571b11d41c9dadd5ef11e4e954c16c5ca39d718e,llm_counterfactual,qwen36_27b_local,full,0.2,,4,0.8,0.8,-0.0670273729975533,0.0670273729975533,5,0
qt,FP,571b11d41c9dadd5ef11e4e954c16c5ca39d718e,llm_counterfactual,qwen36_27b_local,full,0.2,,5,1.0,0.8,-0.0837028730168474,0.0837028730168474,5,0
qt,FN,8cf186cc7c56144b02d5b40d8f4832ff3021e68a,llm_counterfactual,qwen36_27b_local,full,0.2,,1,0.8,0.8,-0.0759039582143493,0.0777785880300429,5,0
qt,FN,8cf186cc7c56144b02d5b40d8f4832ff3021e68a,llm_counterfactual,qwen36_27b_local,full,0.2,,2,1.0,1.0,-0.0572458865257919,0.0572458865257919,5,0
qt,FN,8cf186cc7c56144b02d5b40d8f4832ff3021e68a,llm_counterfactual,qwen36_27b_local,full,0.2,,3,1.0,1.0,-0.0909405866479984,0.0909405866479984,5,0
qt,FN,8cf186cc7c56144b02d5b40d8f4832ff3021e68a,llm_counterfactual,qwen36_27b_local,full,0.2,,4,1.0,1.0,-0.0909405866479984,0.0909405866479984,5,0
qt,FN,8cf186cc7c56144b02d5b40d8f4832ff3021e68a,llm_counterfactual,qwen36_27b_local,full,0.2,,5,0.8,0.8,-0.0759039582143493,0.0777785880300429,5,0
qt,FP,02b7ec05d5713aec67577cebc18e5906b5a98598,llm_counterfactual,qwen36_27b_local,full,0.2,,1,1.0,0.8,-0.047020463650293,0.0888862412794977,5,0
qt,FP,02b7ec05d5713aec67577cebc18e5906b5a98598,llm_counterfactual,qwen36_27b_local,full,0.2,,2,1.0,0.8,-0.047020463650293,0.0888862412794977,5,0
qt,FP,02b7ec05d5713aec67577cebc18e5906b5a98598,llm_counterfactual,qwen36_27b_local,full,0.2,,3,1.0,0.8,-0.0470204636502929,0.0888862412794976,5,0
qt,FP,02b7ec05d5713aec67577cebc18e5906b5a98598,llm_counterfactual,qwen36_27b_local,full,0.2,,4,1.0,0.8,-0.0837870782629068,0.0837870782629068,5,0
qt,FP,02b7ec05d5713aec67577cebc18e5906b5a98598,llm_counterfactual,qwen36_27b_local,full,0.2,,5,1.0,0.8,-0.0470204636502929,0.0888862412794976,5,0
qt,TN,88a8deea86fe69448ca1586c2ee567a53dee1008,llm_counterfactual,qwen36_27b_local,full,0.2,,1,1.0,0.4,-0.0473065748539025,0.0473065748539025,5,0
qt,TN,88a8deea86fe69448ca1586c2ee567a53dee1008,llm_counterfactual,qwen36_27b_local,full,0.2,,2,0.8,0.4,-0.0476044628273216,0.0476044628273216,5,0
qt,TN,88a8deea86fe69448ca1586c2ee567a53dee1008,llm_counterfactual,qwen36_27b_local,full,0.2,,3,1.0,0.4,-0.0473065748539025,0.0473065748539025,5,0
qt,TN,88a8deea86fe69448ca1586c2ee567a53dee1008,llm_counterfactual,qwen36_27b_local,full,0.2,,4,1.0,0.4,-0.0473065748539025,0.0473065748539025,5,0
qt,TN,88a8deea86fe69448ca1586c2ee567a53dee1008,llm_counterfactual,qwen36_27b_local,full,0.2,,5,1.0,0.4,-0.0473065748539025,0.0473065748539025,5,0
qt,FP,1af927976ac953f922e35d71a16a32d328bb2efd,llm_counterfactual,qwen36_27b_local,full,0.2,,1,1.0,0.4,-0.0385436922795184,0.0403698161556423,5,0
qt,FP,1af927976ac953f922e35d71a16a32d328bb2efd,llm_counterfactual,qwen36_27b_local,full,0.2,,2,1.0,0.4,-0.0395947257573188,0.0414208496334427,5,0
qt,FP,1af927976ac953f922e35d71a16a32d328bb2efd,llm_counterfactual,qwen36_27b_local,full,0.2,,3,1.0,0.4,-0.0390760418222063,0.0409021656983302,5,0
qt,FP,1af927976ac953f922e35d71a16a32d328bb2efd,llm_counterfactual,qwen36_27b_local,full,0.2,,4,0.8,0.4,-0.0345064435633223,0.0363325674394462,5,0
qt,FP,1af927976ac953f922e35d71a16a32d328bb2efd,llm_counterfactual,qwen36_27b_local,full,0.2,,5,1.0,0.4,-0.0385436922795184,0.0403698161556423,5,0
qt,FN,eaa54a8f9884652513c7c3ab489f31ff1e5d712c,llm_counterfactual,qwen36_27b_local,full,0.2,,1,0.4,0.0,-0.0086675680714638,0.0166778541539007,5,0
qt,FN,eaa54a8f9884652513c7c3ab489f31ff1e5d712c,llm_counterfactual,qwen36_27b_local,full,0.2,,2,0.4,0.0,-0.0086675680714638,0.0166778541539007,5,0
qt,FN,eaa54a8f9884652513c7c3ab489f31ff1e5d712c,llm_counterfactual,qwen36_27b_local,full,0.2,,3,0.6,0.0,-0.0016121744617761,0.018049094462176,5,0
qt,FN,eaa54a8f9884652513c7c3ab489f31ff1e5d712c,llm_counterfactual,qwen36_27b_local,full,0.2,,4,0.4,0.0,-0.0086675680714638,0.0166778541539007,5,0
qt,FN,eaa54a8f9884652513c7c3ab489f31ff1e5d712c,llm_counterfactual,qwen36_27b_local,full,0.2,,5,0.6,0.2,-0.0119999054413179,0.0200101915237549,5,0
qt,TP,9d23aebb271ea534a66cb3aceb2e63d9a1c870d6,llm_counterfactual,qwen36_27b_local,full,0.2,,1,1.0,0.8,-0.2142383488005662,0.2181963883800343,5,0
qt,TP,9d23aebb271ea534a66cb3aceb2e63d9a1c870d6,llm_counterfactual,qwen36_27b_local,full,0.2,,2,1.0,0.8,-0.1808239762683365,0.1847820158478046,5,0
qt,TP,9d23aebb271ea534a66cb3aceb2e63d9a1c870d6,llm_counterfactual,qwen36_27b_local,full,0.2,,3,1.0,1.0,-0.2081029070631479,0.2081029070631479,5,0
qt,TP,9d23aebb271ea534a66cb3aceb2e63d9a1c870d6,llm_counterfactual,qwen36_27b_local,full,0.2,,4,1.0,0.8,-0.2142383488005662,0.2181963883800342,5,0
qt,TP,9d23aebb271ea534a66cb3aceb2e63d9a1c870d6,llm_counterfactual,qwen36_27b_local,full,0.2,,5,1.0,0.8,-0.2241220109367493,0.2280800505162174,5,0
qt,FN,4e3917587b11432d2d892f5146b367de2a3e4864,llm_counterfactual,qwen36_27b_local,full,0.2,,1,1.0,0.8,-0.0828468544192774,0.0866502377969805,5,0
qt,FN,4e3917587b11432d2d892f5146b367de2a3e4864,llm_counterfactual,qwen36_27b_local,full,0.2,,2,1.0,0.8,-0.0828468544192774,0.0866502377969804,5,0
qt,FN,4e3917587b11432d2d892f5146b367de2a3e4864,llm_counterfactual,qwen36_27b_local,full,0.2,,3,1.0,0.6,-0.0589342432022261,0.062737626579929,5,0
qt,FN,4e3917587b11432d2d892f5146b367de2a3e4864,llm_counterfactual,qwen36_27b_local,full,0.2,,4,1.0,0.6,-0.0730229000318959,0.076826283409599,5,0
qt,FN,4e3917587b11432d2d892f5146b367de2a3e4864,llm_counterfactual,qwen36_27b_local,full,0.2,,5,1.0,0.6,-0.0589342432022261,0.0627376265799291,5,0
qt,TN,bcf1167ccb52341d72e6e2921077d2244803ee8d,llm_counterfactual,qwen36_27b_local,full,0.2,,1,1.0,0.4,-0.0150888827677453,0.0275465705035768,5,0
qt,TN,bcf1167ccb52341d72e6e2921077d2244803ee8d,llm_counterfactual,qwen36_27b_local,full,0.2,,2,1.0,0.4,-0.0150888827677454,0.0275465705035768,5,0
qt,TN,bcf1167ccb52341d72e6e2921077d2244803ee8d,llm_counterfactual,qwen36_27b_local,full,0.2,,3,1.0,0.4,0.0288521043742589,0.0481018491834021,5,0
qt,TN,bcf1167ccb52341d72e6e2921077d2244803ee8d,llm_counterfactual,qwen36_27b_local,full,0.2,,4,1.0,0.6,-0.0011726942355717,0.0403768144039412,5,0
qt,TN,bcf1167ccb52341d72e6e2921077d2244803ee8d,llm_counterfactual,qwen36_27b_local,full,0.2,,5,1.0,0.4,0.0288521043742589,0.0481018491834021,5,0
qt,TN,3e379bcc799edb6a78bc8cea093a278dbe32f33c,llm_counterfactual,qwen36_27b_local,full,0.2,,1,0.6,0.6,-0.0475440208932745,0.0510671786179028,5,0
qt,TN,3e379bcc799edb6a78bc8cea093a278dbe32f33c,llm_counterfactual,qwen36_27b_local,full,0.2,,2,0.6,0.4,-0.041454172454396,0.0449773301790243,5,0
qt,TN,3e379bcc799edb6a78bc8cea093a278dbe32f33c,llm_counterfactual,qwen36_27b_local,full,0.2,,3,0.8,0.6,-0.051630737376276,0.051630737376276,5,0
qt,TN,3e379bcc799edb6a78bc8cea093a278dbe32f33c,llm_counterfactual,qwen36_27b_local,full,0.2,,4,0.6,0.6,-0.0475440208932745,0.0510671786179027,5,0
qt,TN,3e379bcc799edb6a78bc8cea093a278dbe32f33c,llm_counterfactual,qwen36_27b_local,full,0.2,,5,0.8,0.6,-0.0475440208932744,0.0510671786179027,5,0
qt,TN,4ebc2cf74e557b65a8ce1dc518ca92f399ce89e8,llm_counterfactual,qwen36_27b_local,full,0.2,,1,0.8,0.8,0.0246068441841918,0.0441627842125325,5,0
qt,TN,4ebc2cf74e557b65a8ce1dc518ca92f399ce89e8,llm_counterfactual,qwen36_27b_local,full,0.2,,2,0.6,0.6,0.0077151280056559,0.0362501639791023,5,0
qt,TN,4ebc2cf74e557b65a8ce1dc518ca92f399ce89e8,llm_counterfactual,qwen36_27b_local,full,0.2,,3,0.4,0.8,0.0255645588392726,0.0451204988676132,5,0
qt,TN,4ebc2cf74e557b65a8ce1dc518ca92f399ce89e8,llm_counterfactual,qwen36_27b_local,full,0.2,,4,0.8,0.6,0.009748236046683,0.0355859954871387,5,0
qt,TN,4ebc2cf74e557b65a8ce1dc518ca92f399ce89e8,llm_counterfactual,qwen36_27b_local,full,0.2,,5,0.4,0.8,0.0214550592267751,0.0472928186672307,5,0
qt,FN,7e298e2f2ceeee1a2d1a81238ca019d9a0c9519f,llm_counterfactual,qwen36_27b_local,full,0.2,,1,0.8,0.4,-0.0377767755241927,0.0553031083784849,5,0
qt,FN,7e298e2f2ceeee1a2d1a81238ca019d9a0c9519f,llm_counterfactual,qwen36_27b_local,full,0.2,,2,0.8,0.4,-0.0377767755241928,0.055303108378485,5,0
qt,FN,7e298e2f2ceeee1a2d1a81238ca019d9a0c9519f,llm_counterfactual,qwen36_27b_local,full,0.2,,3,0.8,0.2,-0.014883026196037,0.0367570846330171,5,0
qt,FN,7e298e2f2ceeee1a2d1a81238ca019d9a0c9519f,llm_counterfactual,qwen36_27b_local,full,0.2,,4,0.8,0.4,-0.0377767755241928,0.055303108378485,5,0
qt,FN,7e298e2f2ceeee1a2d1a81238ca019d9a0c9519f,llm_counterfactual,qwen36_27b_local,full,0.2,,5,0.8,0.4,-0.0377767755241928,0.055303108378485,5,0
qt,FN,93dabeba9dc5f6cbab60e65b3cc8df5fe48745a9,llm_counterfactual,qwen36_27b_local,full,0.2,,1,0.6,0.4,0.0303438147853914,0.0387490848963803,5,0
qt,FN,93dabeba9dc5f6cbab60e65b3cc8df5fe48745a9,llm_counterfactual,qwen36_27b_local,full,0.2,,2,0.2,0.6,0.0380516008321536,0.0464568709431426,5,0
qt,FN,93dabeba9dc5f6cbab60e65b3cc8df5fe48745a9,llm_counterfactual,qwen36_27b_local,full,0.2,,3,0.2,0.6,0.0380516008321537,0.0464568709431426,5,0
qt,FN,93dabeba9dc5f6cbab60e65b3cc8df5fe48745a9,llm_counterfactual,qwen36_27b_local,full,0.2,,4,0.4,0.4,0.034955371005663,0.0364044690254377,5,0
qt,FN,93dabeba9dc5f6cbab60e65b3cc8df5fe48745a9,llm_counterfactual,qwen36_27b_local,full,0.2,,5,0.4,0.4,0.034955371005663,0.0364044690254377,5,0
qt,TN,0234e5c96417f451f8de279b8ff92734836badd4,llm_counterfactual,qwen36_27b_local,full,0.2,,1,0.6,0.2,0.0141100713910288,0.0194002711687748,5,0
qt,TN,0234e5c96417f451f8de279b8ff92734836badd4,llm_counterfactual,qwen36_27b_local,full,0.2,,2,0.8,0.2,0.008954222280918,0.0202925200189551,5,0
qt,TN,0234e5c96417f451f8de279b8ff92734836badd4,llm_counterfactual,qwen36_27b_local,full,0.2,,3,0.8,0.2,0.0085027079034638,0.0198410056415009,5,0
qt,TN,0234e5c96417f451f8de279b8ff92734836badd4,llm_counterfactual,qwen36_27b_local,full,0.2,,4,0.8,0.2,0.0089542222809179,0.0202925200189551,5,0
qt,TN,0234e5c96417f451f8de279b8ff92734836badd4,llm_counterfactual,qwen36_27b_local,full,0.2,,5,0.8,0.2,0.0138622391444678,0.0191524389222138,5,0
qt,FP,eb93d7b51773b43e6a3e41961898a6033bcd9479,llm_counterfactual,qwen36_27b_local,full,0.2,,1,1.0,0.6,-0.0575564048750123,0.0709867703889027,5,0
qt,FP,eb93d7b51773b43e6a3e41961898a6033bcd9479,llm_counterfactual,qwen36_27b_local,full,0.2,,2,1.0,0.6,-0.0575564048750122,0.0709867703889027,5,0
qt,FP,eb93d7b51773b43e6a3e41961898a6033bcd9479,llm_counterfactual,qwen36_27b_local,full,0.2,,3,1.0,0.8,-0.0783773470280972,0.0872647423469167,5,0
qt,FP,eb93d7b51773b43e6a3e41961898a6033bcd9479,llm_counterfactual,qwen36_27b_local,full,0.2,,4,1.0,0.6,-0.0601790502194431,0.0683641250444718,5,0
qt,FP,eb93d7b51773b43e6a3e41961898a6033bcd9479,llm_counterfactual,qwen36_27b_local,full,0.2,,5,1.0,0.6,-0.0580068376575689,0.070536337606346,5,0
qt,FN,e6d17c8691bfafa033b82a4d81a9caf4a2fd1b85,llm_counterfactual,qwen36_27b_local,full,0.2,,1,0.8,0.6,-0.000470431723204,0.0585312863447725,5,0
qt,FN,e6d17c8691bfafa033b82a4d81a9caf4a2fd1b85,llm_counterfactual,qwen36_27b_local,full,0.2,,2,0.6,0.6,0.002748276457992,0.0508265546632675,5,0
qt,FN,e6d17c8691bfafa033b82a4d81a9caf4a2fd1b85,llm_counterfactual,qwen36_27b_local,full,0.2,,3,0.6,0.6,0.000428279719415,0.0576325749021535,5,0
qt,FN,e6d17c8691bfafa033b82a4d81a9caf4a2fd1b85,llm_counterfactual,qwen36_27b_local,full,0.2,,4,0.4,0.6,0.0061089039257622,0.0519519506958063,5,0
qt,FN,e6d17c8691bfafa033b82a4d81a9caf4a2fd1b85,llm_counterfactual,qwen36_27b_local,full,0.2,,5,1.0,0.6,-0.0029323477483553,0.0565071788696147,5,0
qt,FN,5303225aef739c534714c1ac1d4dd096f0cc38d0,llm_counterfactual,qwen36_27b_local,full,0.2,,1,0.8,0.6,0.0088013025403118,0.0513071055665469,5,0
qt,FN,5303225aef739c534714c1ac1d4dd096f0cc38d0,llm_counterfactual,qwen36_27b_local,full,0.2,,2,0.8,0.6,0.015190400303892,0.0576962033301272,5,0
qt,FN,5303225aef739c534714c1ac1d4dd096f0cc38d0,llm_counterfactual,qwen36_27b_local,full,0.2,,3,0.6,0.4,0.0324958006095229,0.0324958006095229,5,0
qt,FN,5303225aef739c534714c1ac1d4dd096f0cc38d0,llm_counterfactual,qwen36_27b_local,full,0.2,,4,0.8,0.6,0.0088013025403117,0.0513071055665469,5,0
qt,FN,5303225aef739c534714c1ac1d4dd096f0cc38d0,llm_counterfactual,qwen36_27b_local,full,0.2,,5,0.6,0.6,0.0088013025403117,0.0513071055665469,5,0
qt,FN,a69edf01cb0a2a06282dc7b89724ffa542f6546d,llm_counterfactual,qwen36_27b_local,full,0.2,,1,0.8,0.4,-0.0188381920789984,0.0421824139906472,5,0
qt,FN,a69edf01cb0a2a06282dc7b89724ffa542f6546d,llm_counterfactual,qwen36_27b_local,full,0.2,,2,0.75,0.5,-0.0168731182863336,0.0379246824351122,4,0
qt,FN,a69edf01cb0a2a06282dc7b89724ffa542f6546d,llm_counterfactual,qwen36_27b_local,full,0.2,,3,0.8,0.4,-0.0188381920789985,0.0421824139906472,5,0
qt,FN,a69edf01cb0a2a06282dc7b89724ffa542f6546d,llm_counterfactual,qwen36_27b_local,full,0.2,,4,0.8,0.4,-0.0188381920789985,0.0421824139906472,5,0
qt,FN,a69edf01cb0a2a06282dc7b89724ffa542f6546d,llm_counterfactual,qwen36_27b_local,full,0.2,,5,0.6,0.6,-0.0065814698329904,0.0544391362366553,5,0
qt,FP,e58fdbaeb033a801ac7b5dd1f63657b36d6e1305,llm_counterfactual,qwen36_27b_local,full,0.2,,1,1.0,1.0,-0.1226374692540475,0.1226374692540475,5,0
qt,FP,e58fdbaeb033a801ac7b5dd1f63657b36d6e1305,llm_counterfactual,qwen36_27b_local,full,0.2,,2,1.0,1.0,-0.1226374692540475,0.1226374692540475,5,0
qt,FP,e58fdbaeb033a801ac7b5dd1f63657b36d6e1305,llm_counterfactual,qwen36_27b_local,full,0.2,,3,1.0,1.0,-0.1226374692540475,0.1226374692540475,5,0
qt,FP,e58fdbaeb033a801ac7b5dd1f63657b36d6e1305,llm_counterfactual,qwen36_27b_local,full,0.2,,4,1.0,1.0,-0.1247996248992387,0.1247996248992387,5,0
qt,FP,e58fdbaeb033a801ac7b5dd1f63657b36d6e1305,llm_counterfactual,qwen36_27b_local,full,0.2,,5,1.0,1.0,-0.1226374692540475,0.1226374692540475,5,0
qt,TP,d3393ce25833c0afd7f0fa6b85fd6f3bd7ad520a,llm_counterfactual,qwen36_27b_local,full,0.2,,1,1.0,0.8,-0.0727027262298597,0.0856469415383607,5,0
qt,TP,d3393ce25833c0afd7f0fa6b85fd6f3bd7ad520a,llm_counterfactual,qwen36_27b_local,full,0.2,,2,1.0,0.8,-0.0727027262298596,0.0856469415383607,5,0
qt,TP,d3393ce25833c0afd7f0fa6b85fd6f3bd7ad520a,llm_counterfactual,qwen36_27b_local,full,0.2,,3,1.0,1.0,-0.1029374604732074,0.1029374604732074,5,0
qt,TP,d3393ce25833c0afd7f0fa6b85fd6f3bd7ad520a,llm_counterfactual,qwen36_27b_local,full,0.2,,4,1.0,1.0,-0.0830363126252487,0.0959805279337497,5,0
qt,TP,d3393ce25833c0afd7f0fa6b85fd6f3bd7ad520a,llm_counterfactual,qwen36_27b_local,full,0.2,,5,1.0,0.8,-0.0727027262298597,0.0856469415383607,5,0
qt,FN,6486a4bd196ca2bf0047ae80e78eee06e5e18e18,llm_counterfactual,qwen36_27b_local,full,0.2,,1,0.6,0.6,0.0257865123720155,0.0394210016922189,5,0
qt,FN,6486a4bd196ca2bf0047ae80e78eee06e5e18e18,llm_counterfactual,qwen36_27b_local,full,0.2,,2,0.6,0.6,0.0199320484005543,0.0401746516906859,5,0
qt,FN,6486a4bd196ca2bf0047ae80e78eee06e5e18e18,llm_counterfactual,qwen36_27b_local,full,0.2,,3,0.8,0.8,0.0020546240222701,0.0580520760689699,5,0
qt,FN,6486a4bd196ca2bf0047ae80e78eee06e5e18e18,llm_counterfactual,qwen36_27b_local,full,0.2,,4,0.8,0.6,0.0257865123720156,0.039421001692219,5,0
qt,FN,6486a4bd196ca2bf0047ae80e78eee06e5e18e18,llm_counterfactual,qwen36_27b_local,full,0.2,,5,0.8,0.6,0.0263690928867389,0.0400035822069423,5,0
qt,FP,ddb4fb4c60987ce6e0b9e50de9a5f3a7ff0e8757,llm_counterfactual,qwen36_27b_local,full,0.2,,1,1.0,0.8,-0.0168103074493543,0.0810793070683056,5,0
qt,FP,ddb4fb4c60987ce6e0b9e50de9a5f3a7ff0e8757,llm_counterfactual,qwen36_27b_local,full,0.2,,2,1.0,0.8,-0.0251591019576641,0.0727305125599959,5,0
qt,FP,ddb4fb4c60987ce6e0b9e50de9a5f3a7ff0e8757,llm_counterfactual,qwen36_27b_local,full,0.2,,3,1.0,0.8,-0.0168103074493543,0.0810793070683057,5,0
qt,FP,ddb4fb4c60987ce6e0b9e50de9a5f3a7ff0e8757,llm_counterfactual,qwen36_27b_local,full,0.2,,4,1.0,0.8,-0.0058766361235203,0.0920129783941397,5,0
qt,FP,ddb4fb4c60987ce6e0b9e50de9a5f3a7ff0e8757,llm_counterfactual,qwen36_27b_local,full,0.2,,5,1.0,0.8,-0.0251591019576641,0.0727305125599959,5,0
qt,TP,03a1675eac4baf8c7a6e0602102bbafa3176771c,llm_counterfactual,qwen36_27b_local,full,0.2,,1,1.0,0.6,-0.0242182013646124,0.0687449212524203,5,0
qt,TP,03a1675eac4baf8c7a6e0602102bbafa3176771c,llm_counterfactual,qwen36_27b_local,full,0.2,,2,1.0,0.6,-0.0242182013646124,0.0687449212524203,5,0
qt,TP,03a1675eac4baf8c7a6e0602102bbafa3176771c,llm_counterfactual,qwen36_27b_local,full,0.2,,3,1.0,0.6,-0.0242182013646124,0.0687449212524203,5,0
qt,TP,03a1675eac4baf8c7a6e0602102bbafa3176771c,llm_counterfactual,qwen36_27b_local,full,0.2,,4,1.0,0.6,-0.0242182013646124,0.0687449212524203,5,0
qt,TP,03a1675eac4baf8c7a6e0602102bbafa3176771c,llm_counterfactual,qwen36_27b_local,full,0.2,,5,1.0,0.6,-0.0242182013646124,0.0687449212524203,5,0
qt,FP,36997810d9fec492635152be89efaa55208e224a,llm_counterfactual,qwen36_27b_local,full,0.2,,1,0.6,0.6,-0.0241314412933601,0.0580541875946778,5,0
qt,FP,36997810d9fec492635152be89efaa55208e224a,llm_counterfactual,qwen36_27b_local,full,0.2,,2,0.6,0.6,-0.0573809176978344,0.0739820974704427,5,0
qt,FP,36997810d9fec492635152be89efaa55208e224a,llm_counterfactual,qwen36_27b_local,full,0.2,,3,0.8,0.6,-0.0573809176978343,0.0739820974704427,5,0
qt,FP,36997810d9fec492635152be89efaa55208e224a,llm_counterfactual,qwen36_27b_local,full,0.2,,4,0.6,0.4,-0.0647809049628053,0.0665821102054718,5,0
qt,FP,36997810d9fec492635152be89efaa55208e224a,llm_counterfactual,qwen36_27b_local,full,0.2,,5,0.8,0.2,0.0020775660185206,0.0163248189967542,5,0
qt,TN,4f4ad7c262ce4723417efa14c4d3fdb875be53d0,llm_counterfactual,qwen36_27b_local,full,0.2,,1,0.6,0.6,-0.0356263965479267,0.0399187263381368,5,0
qt,TN,4f4ad7c262ce4723417efa14c4d3fdb875be53d0,llm_counterfactual,qwen36_27b_local,full,0.2,,2,0.8,0.6,-0.0356034094269102,0.0398957392171203,5,0
qt,TN,4f4ad7c262ce4723417efa14c4d3fdb875be53d0,llm_counterfactual,qwen36_27b_local,full,0.2,,3,0.6,0.8,-0.0469560597187397,0.0469560597187397,5,0
qt,TN,4f4ad7c262ce4723417efa14c4d3fdb875be53d0,llm_counterfactual,qwen36_27b_local,full,0.2,,4,0.8,0.8,-0.0390264923290542,0.0433188221192642,5,0
qt,TN,4f4ad7c262ce4723417efa14c4d3fdb875be53d0,llm_counterfactual,qwen36_27b_local,full,0.2,,5,0.8,0.8,-0.0390264923290541,0.0433188221192643,5,0
qt,TP,a50911bc0bfca1185e99ce6638fbf03cf592789d,llm_counterfactual,qwen36_27b_local,full,0.2,,1,1.0,1.0,-0.0142323565602924,0.0826929829340305,5,0
qt,TP,a50911bc0bfca1185e99ce6638fbf03cf592789d,llm_counterfactual,qwen36_27b_local,full,0.2,,2,1.0,1.0,-0.0142323565602924,0.0826929829340305,5,0
qt,TP,a50911bc0bfca1185e99ce6638fbf03cf592789d,llm_counterfactual,qwen36_27b_local,full,0.2,,3,1.0,1.0,-0.0142323565602924,0.0826929829340305,5,0
qt,TP,a50911bc0bfca1185e99ce6638fbf03cf592789d,llm_counterfactual,qwen36_27b_local,full,0.2,,4,1.0,1.0,-0.0142323565602924,0.0826929829340305,5,0
qt,TP,a50911bc0bfca1185e99ce6638fbf03cf592789d,llm_counterfactual,qwen36_27b_local,full,0.2,,5,1.0,0.8,-0.0398491522771746,0.0613095673464088,5,0
qt,TP,bb199cc8ad4111808260f6255312b08c7d81dcbc,llm_counterfactual,qwen36_27b_local,full,0.2,,1,0.8,0.6,-0.0686323641477857,0.083160005573145,5,0
qt,TP,bb199cc8ad4111808260f6255312b08c7d81dcbc,llm_counterfactual,qwen36_27b_local,full,0.2,,2,0.8,0.6,-0.0686323641477857,0.0831600055731451,5,0
qt,TP,bb199cc8ad4111808260f6255312b08c7d81dcbc,llm_counterfactual,qwen36_27b_local,full,0.2,,3,1.0,0.6,-0.0748693650165911,0.0837489734724137,5,0
qt,TP,bb199cc8ad4111808260f6255312b08c7d81dcbc,llm_counterfactual,qwen36_27b_local,full,0.2,,4,0.8,0.6,-0.0686323641477857,0.083160005573145,5,0
qt,TP,bb199cc8ad4111808260f6255312b08c7d81dcbc,llm_counterfactual,qwen36_27b_local,full,0.2,,5,0.8,0.6,-0.0686323641477857,0.083160005573145,5,0
qt,FP,6a91dcba2e4fa85dc345c2d403c757ab7676e28c,llm_counterfactual,qwen36_27b_local,full,0.2,,1,1.0,0.6,-0.0409895432054537,0.0529136426842868,5,0
qt,FP,6a91dcba2e4fa85dc345c2d403c757ab7676e28c,llm_counterfactual,qwen36_27b_local,full,0.2,,2,1.0,0.6,-0.0409895432054537,0.0529136426842868,5,0
qt,FP,6a91dcba2e4fa85dc345c2d403c757ab7676e28c,llm_counterfactual,qwen36_27b_local,full,0.2,,3,1.0,0.6,-0.0483424940766376,0.0602665935554707,5,0
qt,FP,6a91dcba2e4fa85dc345c2d403c757ab7676e28c,llm_counterfactual,qwen36_27b_local,full,0.2,,4,1.0,0.6,-0.0409895432054537,0.0529136426842868,5,0
qt,FP,6a91dcba2e4fa85dc345c2d403c757ab7676e28c,llm_counterfactual,qwen36_27b_local,full,0.2,,5,1.0,0.6,-0.0409895432054537,0.0529136426842868,5,0
qt,TN,e38a98ad4453974b2848eeed02d81e0c408ce0c6,llm_counterfactual,qwen36_27b_local,full,0.2,,1,1.0,0.6,-0.0552176745261141,0.0605552164489321,5,0
qt,TN,e38a98ad4453974b2848eeed02d81e0c408ce0c6,llm_counterfactual,qwen36_27b_local,full,0.2,,2,1.0,0.4,0.0020609352201352,0.0326637232694731,5,0
qt,TN,e38a98ad4453974b2848eeed02d81e0c408ce0c6,llm_counterfactual,qwen36_27b_local,full,0.2,,3,1.0,0.4,0.0020609352201352,0.0326637232694731,5,0
qt,TN,e38a98ad4453974b2848eeed02d81e0c408ce0c6,llm_counterfactual,qwen36_27b_local,full,0.2,,4,1.0,0.4,-0.0465462684195096,0.0590431332378366,5,0
qt,TN,e38a98ad4453974b2848eeed02d81e0c408ce0c6,llm_counterfactual,qwen36_27b_local,full,0.2,,5,1.0,0.4,0.0020609352201352,0.0326637232694731,5,0
qt,FP,1c6d5b0696f324495e95a12f7718ae7593c9b58a,llm_counterfactual,qwen36_27b_local,full,0.2,,1,1.0,0.6,-0.0807671742983766,0.0824760570123013,5,0
qt,FP,1c6d5b0696f324495e95a12f7718ae7593c9b58a,llm_counterfactual,qwen36_27b_local,full,0.2,,2,1.0,0.8,-0.1266427544200094,0.128351637133934,5,0
qt,FP,1c6d5b0696f324495e95a12f7718ae7593c9b58a,llm_counterfactual,qwen36_27b_local,full,0.2,,3,1.0,0.8,-0.0971124005007457,0.0988212832146704,5,0
qt,FP,1c6d5b0696f324495e95a12f7718ae7593c9b58a,llm_counterfactual,qwen36_27b_local,full,0.2,,4,1.0,0.8,-0.1266427544200094,0.128351637133934,5,0
qt,FP,1c6d5b0696f324495e95a12f7718ae7593c9b58a,llm_counterfactual,qwen36_27b_local,full,0.2,,5,1.0,0.8,-0.1266427544200094,0.1283516371339341,5,0
qt,FP,cd542a82b0c2d5c9a4ea167a84e5ea8a25c5d969,llm_counterfactual,qwen36_27b_local,full,0.2,,1,1.0,0.6,-0.0594591875961506,0.0607475183130528,5,0
qt,FP,cd542a82b0c2d5c9a4ea167a84e5ea8a25c5d969,llm_counterfactual,qwen36_27b_local,full,0.2,,2,1.0,0.6,-0.0594591875961506,0.0607475183130528,5,0
qt,FP,cd542a82b0c2d5c9a4ea167a84e5ea8a25c5d969,llm_counterfactual,qwen36_27b_local,full,0.2,,3,1.0,0.6,-0.0594591875961506,0.0607475183130528,5,0
qt,FP,cd542a82b0c2d5c9a4ea167a84e5ea8a25c5d969,llm_counterfactual,qwen36_27b_local,full,0.2,,4,1.0,0.4,-0.032975534094264,0.0383194663524821,5,0
qt,FP,cd542a82b0c2d5c9a4ea167a84e5ea8a25c5d969,llm_counterfactual,qwen36_27b_local,full,0.2,,5,1.0,0.6,-0.0557906867987025,0.0570790175156046,5,0
qt,TP,b254b03dc3b1cfcfc5f17158d2470e0a9a946a0e,llm_counterfactual,qwen36_27b_local,full,0.2,,1,1.0,0.8,-0.0998457266199368,0.1017231991474093,5,0
qt,TP,b254b03dc3b1cfcfc5f17158d2470e0a9a946a0e,llm_counterfactual,qwen36_27b_local,full,0.2,,2,1.0,0.8,-0.1059595368698372,0.1125005839180271,5,0
qt,TP,b254b03dc3b1cfcfc5f17158d2470e0a9a946a0e,llm_counterfactual,qwen36_27b_local,full,0.2,,3,0.8,0.8,-0.0998457266199368,0.1017231991474093,5,0
qt,TP,b254b03dc3b1cfcfc5f17158d2470e0a9a946a0e,llm_counterfactual,qwen36_27b_local,full,0.2,,4,1.0,0.8,-0.1114701101469892,0.1133475826744617,5,0
qt,TP,b254b03dc3b1cfcfc5f17158d2470e0a9a946a0e,llm_counterfactual,qwen36_27b_local,full,0.2,,5,1.0,0.8,-0.1114701101469892,0.1133475826744617,5,0
qt,TP,1a7bc520c5df4da80b7e65acbec1f546f9c87870,llm_counterfactual,qwen36_27b_local,full,0.2,,1,0.8,0.6,-0.0979454364035491,0.0979454364035491,5,0
qt,TP,1a7bc520c5df4da80b7e65acbec1f546f9c87870,llm_counterfactual,qwen36_27b_local,full,0.2,,2,0.8,0.6,-0.0979454364035491,0.0979454364035491,5,0
qt,TP,1a7bc520c5df4da80b7e65acbec1f546f9c87870,llm_counterfactual,qwen36_27b_local,full,0.2,,3,1.0,0.6,-0.0992673751696271,0.0992673751696271,5,0
qt,TP,1a7bc520c5df4da80b7e65acbec1f546f9c87870,llm_counterfactual,qwen36_27b_local,full,0.2,,4,0.8,0.6,-0.0992673751696272,0.0992673751696272,5,0
qt,TP,1a7bc520c5df4da80b7e65acbec1f546f9c87870,llm_counterfactual,qwen36_27b_local,full,0.2,,5,0.8,0.6,-0.0979454364035491,0.0979454364035491,5,0
qt,FN,5629823b05ca7d24924ac879b5a0469a3cb03e78,llm_counterfactual,qwen36_27b_local,full,0.2,,1,1.0,0.75,-0.0783278886631886,0.0783278886631886,4,0
qt,FN,5629823b05ca7d24924ac879b5a0469a3cb03e78,llm_counterfactual,qwen36_27b_local,full,0.2,,2,1.0,0.6,-0.051682774425777,0.0672655475873243,5,0
qt,FN,5629823b05ca7d24924ac879b5a0469a3cb03e78,llm_counterfactual,qwen36_27b_local,full,0.2,,3,1.0,0.6,-0.051682774425777,0.0672655475873243,5,0
qt,FN,5629823b05ca7d24924ac879b5a0469a3cb03e78,llm_counterfactual,qwen36_27b_local,full,0.2,,4,1.0,0.6,-0.0545443225428411,0.0644039994702602,5,0
qt,FN,5629823b05ca7d24924ac879b5a0469a3cb03e78,llm_counterfactual,qwen36_27b_local,full,0.2,,5,1.0,0.6,-0.0599703528738537,0.0704531084834624,5,0
qt,TN,9b54447e453e2cb7b7375e2c6104b2595ab1594e,llm_counterfactual,qwen36_27b_local,full,0.2,,1,0.8,0.6,-0.0516058000396129,0.0516058000396129,5,0
qt,TN,9b54447e453e2cb7b7375e2c6104b2595ab1594e,llm_counterfactual,qwen36_27b_local,full,0.2,,2,0.8,0.6,-0.0494001082851657,0.0494001082851657,5,0
qt,TN,9b54447e453e2cb7b7375e2c6104b2595ab1594e,llm_counterfactual,qwen36_27b_local,full,0.2,,3,0.6,0.6,-0.0494001082851658,0.0494001082851658,5,0
qt,TN,9b54447e453e2cb7b7375e2c6104b2595ab1594e,llm_counterfactual,qwen36_27b_local,full,0.2,,4,0.6,0.6,-0.0494001082851658,0.0494001082851658,5,0
qt,TN,9b54447e453e2cb7b7375e2c6104b2595ab1594e,llm_counterfactual,qwen36_27b_local,full,0.2,,5,0.8,0.6,-0.0494001082851657,0.0494001082851657,5,0
qt,FP,3981a1f440914e8108af3d854a1b01dd596a8a0e,llm_counterfactual,qwen36_27b_local,full,0.2,,1,0.8,0.6,-0.0714295132491567,0.1063895300922342,5,0
qt,FP,3981a1f440914e8108af3d854a1b01dd596a8a0e,llm_counterfactual,qwen36_27b_local,full,0.2,,2,0.8,0.8,-0.0556491318339627,0.1221699115074282,5,0
qt,FP,3981a1f440914e8108af3d854a1b01dd596a8a0e,llm_counterfactual,qwen36_27b_local,full,0.2,,3,1.0,0.75,-0.0781138351044506,0.144159969072288,4,0
qt,FP,3981a1f440914e8108af3d854a1b01dd596a8a0e,llm_counterfactual,qwen36_27b_local,full,0.2,,4,0.8,0.8,-0.0556491318339627,0.1221699115074282,5,0
qt,FP,3981a1f440914e8108af3d854a1b01dd596a8a0e,llm_counterfactual,qwen36_27b_local,full,0.2,,5,0.8,0.6,-0.080431275345424,0.0973877679959668,5,0
qt,TN,4331ccd4b735d9d721a384193a3d42ee2ce6c805,llm_counterfactual,qwen36_27b_local,full,0.2,,1,0.8,0.8,-0.0250710001795514,0.0510933975873955,5,0
qt,TN,4331ccd4b735d9d721a384193a3d42ee2ce6c805,llm_counterfactual,qwen36_27b_local,full,0.2,,2,0.8,0.8,-0.0250710001795515,0.0510933975873955,5,0
qt,TN,4331ccd4b735d9d721a384193a3d42ee2ce6c805,llm_counterfactual,qwen36_27b_local,full,0.2,,3,0.8,0.8,-0.0250710001795514,0.0510933975873955,5,0
qt,TN,4331ccd4b735d9d721a384193a3d42ee2ce6c805,llm_counterfactual,qwen36_27b_local,full,0.2,,4,0.6,0.8,-0.0297088400149117,0.0557312374227559,5,0
qt,TN,4331ccd4b735d9d721a384193a3d42ee2ce6c805,llm_counterfactual,qwen36_27b_local,full,0.2,,5,0.8,0.8,-0.0250710001795514,0.0510933975873955,5,0
qt,TP,afbb57ae84ecbee5fab9eb6e58356b19d7995ea5,llm_counterfactual,qwen36_27b_local,full,0.2,,1,1.0,0.8,-0.1434534526153714,0.1458506839554599,5,0
qt,TP,afbb57ae84ecbee5fab9eb6e58356b19d7995ea5,llm_counterfactual,qwen36_27b_local,full,0.2,,2,0.8,0.8,-0.1211369477886434,0.123534179128732,5,0
qt,TP,afbb57ae84ecbee5fab9eb6e58356b19d7995ea5,llm_counterfactual,qwen36_27b_local,full,0.2,,3,1.0,0.8,-0.1434534526153714,0.1458506839554599,5,0
qt,TP,afbb57ae84ecbee5fab9eb6e58356b19d7995ea5,llm_counterfactual,qwen36_27b_local,full,0.2,,4,1.0,0.8,-0.1434534526153714,0.1458506839554599,5,0
qt,TP,afbb57ae84ecbee5fab9eb6e58356b19d7995ea5,llm_counterfactual,qwen36_27b_local,full,0.2,,5,1.0,0.8,-0.1434534526153714,0.14585068395546,5,0
qt,TP,17513266b81e88b84fda250734f07c94a198fabc,llm_counterfactual,qwen36_27b_local,full,0.2,,1,1.0,0.8,-0.0869820085395356,0.0869820085395356,5,0
qt,TP,17513266b81e88b84fda250734f07c94a198fabc,llm_counterfactual,qwen36_27b_local,full,0.2,,2,1.0,0.8,-0.0869820085395356,0.0869820085395356,5,0
qt,TP,17513266b81e88b84fda250734f07c94a198fabc,llm_counterfactual,qwen36_27b_local,full,0.2,,3,0.8,0.8,-0.0844146149681946,0.0844146149681946,5,0
qt,TP,17513266b81e88b84fda250734f07c94a198fabc,llm_counterfactual,qwen36_27b_local,full,0.2,,4,1.0,0.8,-0.0869820085395355,0.0869820085395355,5,0
qt,TP,17513266b81e88b84fda250734f07c94a198fabc,llm_counterfactual,qwen36_27b_local,full,0.2,,5,1.0,0.8,-0.0869820085395356,0.0869820085395356,5,0
qt,FN,cdbc4b83d59e08189d6ece9ccd88a646be155c08,llm_counterfactual,qwen36_27b_local,full,0.2,,1,0.8,0.4,-0.0319995841184276,0.0357118290163868,5,0
qt,FN,cdbc4b83d59e08189d6ece9ccd88a646be155c08,llm_counterfactual,qwen36_27b_local,full,0.2,,2,0.8,0.4,-0.0423797197978833,0.0460919646958424,5,0
qt,FN,cdbc4b83d59e08189d6ece9ccd88a646be155c08,llm_counterfactual,qwen36_27b_local,full,0.2,,3,0.8,0.4,-0.0319995841184276,0.0357118290163868,5,0
qt,FN,cdbc4b83d59e08189d6ece9ccd88a646be155c08,llm_counterfactual,qwen36_27b_local,full,0.2,,4,0.8,0.4,-0.0319995841184276,0.0357118290163867,5,0
qt,FN,cdbc4b83d59e08189d6ece9ccd88a646be155c08,llm_counterfactual,qwen36_27b_local,full,0.2,,5,0.8,0.4,-0.0319995841184276,0.0357118290163867,5,0
qt,FP,753c744b23abfecad6463890dfdf6e97c7eeaa5c,llm_counterfactual,qwen36_27b_local,full,0.2,,1,1.0,0.8,-0.0249002390230733,0.1038229994451734,5,0
qt,FP,753c744b23abfecad6463890dfdf6e97c7eeaa5c,llm_counterfactual,qwen36_27b_local,full,0.2,,2,1.0,0.8,0.0078994162351762,0.115365591914134,5,0
qt,FP,753c744b23abfecad6463890dfdf6e97c7eeaa5c,llm_counterfactual,qwen36_27b_local,full,0.2,,3,1.0,0.8,-0.0249002390230732,0.1038229994451734,5,0
qt,FP,753c744b23abfecad6463890dfdf6e97c7eeaa5c,llm_counterfactual,qwen36_27b_local,full,0.2,,4,1.0,0.6,-0.057569885733432,0.075657912460803,5,0
qt,FP,753c744b23abfecad6463890dfdf6e97c7eeaa5c,llm_counterfactual,qwen36_27b_local,full,0.2,,5,1.0,0.8,-0.0249002390230732,0.1038229994451734,5,0
qt,TP,a4f8b9ae6dfacf9ad5c190cde6098ebf13102f41,llm_counterfactual,qwen36_27b_local,full,0.2,,1,1.0,0.8,-0.017299087580653,0.0794867430195294,5,0
qt,TP,a4f8b9ae6dfacf9ad5c190cde6098ebf13102f41,llm_counterfactual,qwen36_27b_local,full,0.2,,2,1.0,1.0,-0.0022769406799347,0.0945088899202478,5,0
qt,TP,a4f8b9ae6dfacf9ad5c190cde6098ebf13102f41,llm_counterfactual,qwen36_27b_local,full,0.2,,3,1.0,0.8,-0.017299087580653,0.0794867430195295,5,0
qt,TP,a4f8b9ae6dfacf9ad5c190cde6098ebf13102f41,llm_counterfactual,qwen36_27b_local,full,0.2,,4,1.0,1.0,-0.0022769406799347,0.0945088899202478,5,0
qt,TP,a4f8b9ae6dfacf9ad5c190cde6098ebf13102f41,llm_counterfactual,qwen36_27b_local,full,0.2,,5,1.0,0.8,-0.017299087580653,0.0794867430195294,5,0
qt,TP,fca89004d75412dd378cc44ad79ed3c1e05c765b,llm_counterfactual,qwen36_27b_local,full,0.2,,1,1.0,0.8,-0.0151826443400614,0.0950098862310406,5,0
qt,TP,fca89004d75412dd378cc44ad79ed3c1e05c765b,llm_counterfactual,qwen36_27b_local,full,0.2,,2,1.0,0.8,-0.0151826443400614,0.0950098862310406,5,0
qt,TP,fca89004d75412dd378cc44ad79ed3c1e05c765b,llm_counterfactual,qwen36_27b_local,full,0.2,,3,1.0,0.8,-0.0151826443400614,0.0950098862310406,5,0
qt,TP,fca89004d75412dd378cc44ad79ed3c1e05c765b,llm_counterfactual,qwen36_27b_local,full,0.2,,4,1.0,0.8,-0.0151826443400613,0.0950098862310407,5,0
qt,TP,fca89004d75412dd378cc44ad79ed3c1e05c765b,llm_counterfactual,qwen36_27b_local,full,0.2,,5,1.0,0.8,-0.0151826443400613,0.0950098862310406,5,0
qt,FP,3d3ce2afe1937531f5fdc2af56697e93133e6d98,llm_kernelshap,qwen36_27b_local,full,0.2,,1,0.8,0.6,-0.0300905634502604,0.0717876092615919,5,0
qt,FP,3d3ce2afe1937531f5fdc2af56697e93133e6d98,llm_kernelshap,qwen36_27b_local,full,0.2,,2,1.0,0.8,-0.0458360869743553,0.0794268557294098,5,0
qt,FP,3d3ce2afe1937531f5fdc2af56697e93133e6d98,llm_kernelshap,qwen36_27b_local,full,0.2,,3,0.8,0.6,-0.0300905634502604,0.0717876092615919,5,0
qt,FP,3d3ce2afe1937531f5fdc2af56697e93133e6d98,llm_kernelshap,qwen36_27b_local,full,0.2,,4,1.0,0.8,-0.0475052035720434,0.0777577391317218,5,0
qt,FP,3d3ce2afe1937531f5fdc2af56697e93133e6d98,llm_kernelshap,qwen36_27b_local,full,0.2,,5,0.8,0.6,-0.0300905634502604,0.0717876092615919,5,0
qt,TN,eb5994df1307b2e17e729374e1f7ab1c8fe82750,llm_kernelshap,qwen36_27b_local,full,0.2,,1,0.8,0.8,-0.0635959611420221,0.0635959611420221,5,0
qt,TN,eb5994df1307b2e17e729374e1f7ab1c8fe82750,llm_kernelshap,qwen36_27b_local,full,0.2,,2,0.8,0.6,-0.0479792214328618,0.0479792214328618,5,0
qt,TN,eb5994df1307b2e17e729374e1f7ab1c8fe82750,llm_kernelshap,qwen36_27b_local,full,0.2,,3,0.8,0.6,-0.0479792214328618,0.0479792214328618,5,0
qt,TN,eb5994df1307b2e17e729374e1f7ab1c8fe82750,llm_kernelshap,qwen36_27b_local,full,0.2,,4,0.8,0.6,-0.0509792753845335,0.0509792753845335,5,0
qt,TN,eb5994df1307b2e17e729374e1f7ab1c8fe82750,llm_kernelshap,qwen36_27b_local,full,0.2,,5,0.8,0.6,-0.0493053823433316,0.0493053823433316,5,0
qt,FN,2ad213cc02094e003802530757fa4010720a22e6,llm_kernelshap,qwen36_27b_local,full,0.2,,1,0.4,0.4,-0.014668565195677,0.0225479946708164,5,0
qt,FN,2ad213cc02094e003802530757fa4010720a22e6,llm_kernelshap,qwen36_27b_local,full,0.2,,2,0.4,0.2,-0.011481496941802,0.0193609264169414,5,0
qt,FN,2ad213cc02094e003802530757fa4010720a22e6,llm_kernelshap,qwen36_27b_local,full,0.2,,3,0.4,0.4,-0.014668565195677,0.0225479946708164,5,0
qt,FN,2ad213cc02094e003802530757fa4010720a22e6,llm_kernelshap,qwen36_27b_local,full,0.2,,4,0.2,0.2,-0.011481496941802,0.0193609264169414,5,0
qt,FN,2ad213cc02094e003802530757fa4010720a22e6,llm_kernelshap,qwen36_27b_local,full,0.2,,5,0.2,0.2,-0.011481496941802,0.0193609264169414,5,0
qt,TP,256bbc4f139036a780a63b80af8bb461a77d333a,llm_kernelshap,qwen36_27b_local,full,0.2,,1,1.0,1.0,-0.1595279925126436,0.1595279925126436,5,0
qt,TP,256bbc4f139036a780a63b80af8bb461a77d333a,llm_kernelshap,qwen36_27b_local,full,0.2,,2,1.0,1.0,-0.1595279925126436,0.1595279925126436,5,0
qt,TP,256bbc4f139036a780a63b80af8bb461a77d333a,llm_kernelshap,qwen36_27b_local,full,0.2,,3,1.0,1.0,-0.1595279925126436,0.1595279925126436,5,0
qt,TP,256bbc4f139036a780a63b80af8bb461a77d333a,llm_kernelshap,qwen36_27b_local,full,0.2,,4,1.0,1.0,-0.1540398246564499,0.1540398246564499,5,0
qt,TP,256bbc4f139036a780a63b80af8bb461a77d333a,llm_kernelshap,qwen36_27b_local,full,0.2,,5,1.0,1.0,-0.1540398246564499,0.1540398246564499,5,0
qt,TP,ae292be8690109940fdd9862321b2389a0957404,llm_kernelshap,qwen36_27b_local,full,0.2,,1,0.8,1.0,-0.1842344674132183,0.1842344674132183,5,0
qt,TP,ae292be8690109940fdd9862321b2389a0957404,llm_kernelshap,qwen36_27b_local,full,0.2,,2,0.8,1.0,-0.1842344674132183,0.1842344674132183,5,0
qt,TP,ae292be8690109940fdd9862321b2389a0957404,llm_kernelshap,qwen36_27b_local,full,0.2,,3,0.8,1.0,-0.1842344674132183,0.1842344674132183,5,0
qt,TP,ae292be8690109940fdd9862321b2389a0957404,llm_kernelshap,qwen36_27b_local,full,0.2,,4,1.0,1.0,-0.1842344674132183,0.1842344674132183,5,0
qt,TP,ae292be8690109940fdd9862321b2389a0957404,llm_kernelshap,qwen36_27b_local,full,0.2,,5,0.8,1.0,-0.1842344674132183,0.1842344674132183,5,0
qt,FN,3786411f7f8770f28ba2a97cb646a0eb7a5eaa99,llm_kernelshap,qwen36_27b_local,full,0.2,,1,1.0,0.4,-0.002212782398334,0.0379977352344389,5,0
qt,FN,3786411f7f8770f28ba2a97cb646a0eb7a5eaa99,llm_kernelshap,qwen36_27b_local,full,0.2,,2,1.0,0.4,-0.002212782398334,0.0379977352344389,5,0
qt,FN,3786411f7f8770f28ba2a97cb646a0eb7a5eaa99,llm_kernelshap,qwen36_27b_local,full,0.2,,3,0.8,0.2,0.0137025803690393,0.0338340767652662,5,0
qt,FN,3786411f7f8770f28ba2a97cb646a0eb7a5eaa99,llm_kernelshap,qwen36_27b_local,full,0.2,,4,0.8,0.2,0.0137025803690393,0.0338340767652661,5,0
qt,FN,3786411f7f8770f28ba2a97cb646a0eb7a5eaa99,llm_kernelshap,qwen36_27b_local,full,0.2,,5,1.0,0.4,-0.0022127823983341,0.0379977352344389,5,0
qt,FP,8835c0376befd009702b9a17c506639e31c842b9,llm_kernelshap,qwen36_27b_local,full,0.2,,1,0.8,1.0,-0.0949506405818089,0.16008227323487,5,0
qt,FP,8835c0376befd009702b9a17c506639e31c842b9,llm_kernelshap,qwen36_27b_local,full,0.2,,2,0.8,1.0,-0.0949506405818089,0.16008227323487,5,0
qt,FP,8835c0376befd009702b9a17c506639e31c842b9,llm_kernelshap,qwen36_27b_local,full,0.2,,3,0.8,1.0,-0.0949506405818089,0.16008227323487,5,0
qt,FP,8835c0376befd009702b9a17c506639e31c842b9,llm_kernelshap,qwen36_27b_local,full,0.2,,4,0.6,0.8,-0.0740559429071592,0.14694551711741,5,0
qt,FP,8835c0376befd009702b9a17c506639e31c842b9,llm_kernelshap,qwen36_27b_local,full,0.2,,5,0.8,1.0,-0.0949506405818089,0.16008227323487,5,0
qt,FN,9e99dba4a22bbf212b3e6d1e2607a16dbbd04d90,llm_kernelshap,qwen36_27b_local,full,0.2,,1,0.6,0.4,0.0509033998426308,0.061810325829809,5,0
qt,FN,9e99dba4a22bbf212b3e6d1e2607a16dbbd04d90,llm_kernelshap,qwen36_27b_local,full,0.2,,2,0.6,0.4,0.0509033998426307,0.061810325829809,5,0
qt,FN,9e99dba4a22bbf212b3e6d1e2607a16dbbd04d90,llm_kernelshap,qwen36_27b_local,full,0.2,,3,0.6,0.4,0.0509033998426308,0.061810325829809,5,0
qt,FN,9e99dba4a22bbf212b3e6d1e2607a16dbbd04d90,llm_kernelshap,qwen36_27b_local,full,0.2,,4,0.6,0.6,0.0649433874174389,0.0722769538510055,5,0
qt,FN,9e99dba4a22bbf212b3e6d1e2607a16dbbd04d90,llm_kernelshap,qwen36_27b_local,full,0.2,,5,0.4,0.4,0.053286276279919,0.0606198427134856,5,0
qt,FN,f506e01665c9bf689887ccf057a03588829efeea,llm_kernelshap,qwen36_27b_local,full,0.2,,1,0.8,0.6,-0.039451367749897,0.0476911291089862,5,0
qt,FN,f506e01665c9bf689887ccf057a03588829efeea,llm_kernelshap,qwen36_27b_local,full,0.2,,2,0.8,0.6,-0.039451367749897,0.0476911291089862,5,0
qt,FN,f506e01665c9bf689887ccf057a03588829efeea,llm_kernelshap,qwen36_27b_local,full,0.2,,3,0.6,0.6,-0.0388781437253955,0.0471179050844847,5,0
qt,FN,f506e01665c9bf689887ccf057a03588829efeea,llm_kernelshap,qwen36_27b_local,full,0.2,,4,0.8,0.6,-0.039451367749897,0.0476911291089862,5,0
qt,FN,f506e01665c9bf689887ccf057a03588829efeea,llm_kernelshap,qwen36_27b_local,full,0.2,,5,0.8,0.6,-0.039451367749897,0.0476911291089862,5,0
qt,TP,fa7626713b3a943609453459190e16c49d61dfd3,llm_kernelshap,qwen36_27b_local,full,0.2,,1,1.0,0.6,-0.0848263562878223,0.0848263562878223,5,0
qt,TP,fa7626713b3a943609453459190e16c49d61dfd3,llm_kernelshap,qwen36_27b_local,full,0.2,,2,1.0,0.6,-0.0848263562878222,0.0848263562878222,5,0
qt,TP,fa7626713b3a943609453459190e16c49d61dfd3,llm_kernelshap,qwen36_27b_local,full,0.2,,3,0.8,0.4,-0.0733007892646743,0.0748720098660192,5,0
qt,TP,fa7626713b3a943609453459190e16c49d61dfd3,llm_kernelshap,qwen36_27b_local,full,0.2,,4,0.6,0.4,-0.0613339620442758,0.0690701486320152,5,0
qt,TP,fa7626713b3a943609453459190e16c49d61dfd3,llm_kernelshap,qwen36_27b_local,full,0.2,,5,1.0,0.6,-0.0848263562878222,0.0848263562878222,5,0
qt,FP,093064fdeb6e777d2dc88dbb4f4adb8fddac3aa5,llm_kernelshap,qwen36_27b_local,full,0.2,,1,1.0,1.0,-0.2173861058894159,0.2173861058894159,5,0
qt,FP,093064fdeb6e777d2dc88dbb4f4adb8fddac3aa5,llm_kernelshap,qwen36_27b_local,full,0.2,,2,1.0,1.0,-0.2745257621015511,0.2745257621015511,5,0
qt,FP,093064fdeb6e777d2dc88dbb4f4adb8fddac3aa5,llm_kernelshap,qwen36_27b_local,full,0.2,,3,1.0,1.0,-0.2847268728955192,0.2847268728955192,5,0
qt,FP,093064fdeb6e777d2dc88dbb4f4adb8fddac3aa5,llm_kernelshap,qwen36_27b_local,full,0.2,,4,1.0,1.0,-0.2173861058894159,0.2173861058894159,5,0
qt,FP,093064fdeb6e777d2dc88dbb4f4adb8fddac3aa5,llm_kernelshap,qwen36_27b_local,full,0.2,,5,1.0,1.0,-0.2173861058894159,0.2173861058894159,5,0
qt,TP,da8ace713a19d2a8c9831ddf50d17607bc4856cc,llm_kernelshap,qwen36_27b_local,full,0.2,,1,1.0,1.0,-0.1118675281658324,0.1424419167172396,5,0
qt,TP,da8ace713a19d2a8c9831ddf50d17607bc4856cc,llm_kernelshap,qwen36_27b_local,full,0.2,,2,1.0,1.0,-0.1118675281658325,0.1424419167172397,5,0
qt,TP,da8ace713a19d2a8c9831ddf50d17607bc4856cc,llm_kernelshap,qwen36_27b_local,full,0.2,,3,1.0,1.0,-0.1118675281658325,0.1424419167172397,5,0
qt,TP,da8ace713a19d2a8c9831ddf50d17607bc4856cc,llm_kernelshap,qwen36_27b_local,full,0.2,,4,0.8,0.8,-0.1271608472690895,0.1271608472690895,5,0
qt,TP,da8ace713a19d2a8c9831ddf50d17607bc4856cc,llm_kernelshap,qwen36_27b_local,full,0.2,,5,0.8,1.0,-0.1052704669263906,0.1358448554777978,5,0
qt,FP,08cfd02312d21391c956b8bf50ab7d6caa0d8082,llm_kernelshap,qwen36_27b_local,full,0.2,,1,0.8,1.0,-0.0508107305704764,0.1358969738510051,5,0
qt,FP,08cfd02312d21391c956b8bf50ab7d6caa0d8082,llm_kernelshap,qwen36_27b_local,full,0.2,,2,0.8,0.8,-0.079720045557638,0.1107590517895012,5,0
qt,FP,08cfd02312d21391c956b8bf50ab7d6caa0d8082,llm_kernelshap,qwen36_27b_local,full,0.2,,3,0.8,0.8,-0.079720045557638,0.1107590517895012,5,0
qt,FP,08cfd02312d21391c956b8bf50ab7d6caa0d8082,llm_kernelshap,qwen36_27b_local,full,0.2,,4,0.8,0.8,-0.079720045557638,0.1107590517895012,5,0
qt,FP,08cfd02312d21391c956b8bf50ab7d6caa0d8082,llm_kernelshap,qwen36_27b_local,full,0.2,,5,0.6,0.8,-0.079720045557638,0.1107590517895012,5,0
qt,FP,a02b371eb2f34bf198c95cf0caa1fbad639f96bb,llm_kernelshap,qwen36_27b_local,full,0.2,,1,0.8,0.8,-0.0611579601476218,0.0791967404149734,5,0
qt,FP,a02b371eb2f34bf198c95cf0caa1fbad639f96bb,llm_kernelshap,qwen36_27b_local,full,0.2,,2,0.8,0.8,-0.0611579601476217,0.0791967404149734,5,0
qt,FP,a02b371eb2f34bf198c95cf0caa1fbad639f96bb,llm_kernelshap,qwen36_27b_local,full,0.2,,3,1.0,0.6,-0.0521504819115721,0.0701892621789237,5,0
qt,FP,a02b371eb2f34bf198c95cf0caa1fbad639f96bb,llm_kernelshap,qwen36_27b_local,full,0.2,,4,0.8,0.8,-0.0611579601476218,0.0791967404149734,5,0
qt,FP,a02b371eb2f34bf198c95cf0caa1fbad639f96bb,llm_kernelshap,qwen36_27b_local,full,0.2,,5,1.0,0.6,-0.0521504819115721,0.0701892621789237,5,0
qt,TN,5cb54cb5ebae99fab121061e25e26eec3056203a,llm_kernelshap,qwen36_27b_local,full,0.2,,1,1.0,1.0,0.0547601616529445,0.0722441359419608,5,0
qt,TN,5cb54cb5ebae99fab121061e25e26eec3056203a,llm_kernelshap,qwen36_27b_local,full,0.2,,2,1.0,1.0,0.0547601616529445,0.0722441359419608,5,0
qt,TN,5cb54cb5ebae99fab121061e25e26eec3056203a,llm_kernelshap,qwen36_27b_local,full,0.2,,3,1.0,1.0,0.0556331937204994,0.0731171680095156,5,0
qt,TN,5cb54cb5ebae99fab121061e25e26eec3056203a,llm_kernelshap,qwen36_27b_local,full,0.2,,4,1.0,1.0,0.0556331937204993,0.0731171680095156,5,0
qt,TN,5cb54cb5ebae99fab121061e25e26eec3056203a,llm_kernelshap,qwen36_27b_local,full,0.2,,5,1.0,1.0,0.0556331937204993,0.0731171680095157,5,0
qt,TN,9a50333dd03969abb3f09c0f90dcb4afd048e47a,llm_kernelshap,qwen36_27b_local,full,0.2,,1,0.4,0.6,-0.0155768740571974,0.0382835311020805,5,0
qt,TN,9a50333dd03969abb3f09c0f90dcb4afd048e47a,llm_kernelshap,qwen36_27b_local,full,0.2,,2,0.6,0.8,-0.0486088188764467,0.062158114619101,5,0
qt,TN,9a50333dd03969abb3f09c0f90dcb4afd048e47a,llm_kernelshap,qwen36_27b_local,full,0.2,,3,0.6,0.8,-0.0486088188764467,0.0621581146191009,5,0
qt,TN,9a50333dd03969abb3f09c0f90dcb4afd048e47a,llm_kernelshap,qwen36_27b_local,full,0.2,,4,0.4,0.8,-0.040183368242235,0.0537326639848892,5,0
qt,TN,9a50333dd03969abb3f09c0f90dcb4afd048e47a,llm_kernelshap,qwen36_27b_local,full,0.2,,5,0.6,0.8,-0.0486088188764467,0.0621581146191009,5,0
qt,FN,18f7e6dc9f59159b70cb7e6a8745738f42d4f46f,llm_kernelshap,qwen36_27b_local,full,0.2,,1,1.0,1.0,0.0635791551746433,0.0999788673672125,5,0
qt,FN,18f7e6dc9f59159b70cb7e6a8745738f42d4f46f,llm_kernelshap,qwen36_27b_local,full,0.2,,2,1.0,0.8,0.0449193344912497,0.0858757323540383,5,0
qt,FN,18f7e6dc9f59159b70cb7e6a8745738f42d4f46f,llm_kernelshap,qwen36_27b_local,full,0.2,,3,1.0,1.0,0.0635791551746433,0.0999788673672125,5,0
qt,FN,18f7e6dc9f59159b70cb7e6a8745738f42d4f46f,llm_kernelshap,qwen36_27b_local,full,0.2,,4,1.0,1.0,0.0635791551746433,0.0999788673672125,5,0
qt,FN,18f7e6dc9f59159b70cb7e6a8745738f42d4f46f,llm_kernelshap,qwen36_27b_local,full,0.2,,5,0.8,0.8,0.0503245480746587,0.0867242602672278,5,0
qt,TP,d31304eab9e7424edc20fb83a8a19cd979458029,llm_kernelshap,qwen36_27b_local,full,0.2,,1,0.4,0.4,-0.0500003800003677,0.0586463352591627,5,0
qt,TP,d31304eab9e7424edc20fb83a8a19cd979458029,llm_kernelshap,qwen36_27b_local,full,0.2,,2,0.6,0.6,-0.0320684101962464,0.076578305063284,5,0
qt,TP,d31304eab9e7424edc20fb83a8a19cd979458029,llm_kernelshap,qwen36_27b_local,full,0.2,,3,0.4,0.6,-0.0363216080702624,0.072325107189268,5,0
qt,TP,d31304eab9e7424edc20fb83a8a19cd979458029,llm_kernelshap,qwen36_27b_local,full,0.2,,4,0.8,0.8,-0.013089805349174,0.090243459075477,5,0
qt,TP,d31304eab9e7424edc20fb83a8a19cd979458029,llm_kernelshap,qwen36_27b_local,full,0.2,,5,0.6,0.6,-0.0320684101962464,0.076578305063284,5,0
qt,TN,bd79c331f14e6cfab9e0b5815404c8194526e8f1,llm_kernelshap,qwen36_27b_local,full,0.2,,1,0.4,0.4,-0.0038717157977967,0.0325988925232179,5,0
qt,TN,bd79c331f14e6cfab9e0b5815404c8194526e8f1,llm_kernelshap,qwen36_27b_local,full,0.2,,2,0.8,0.6,-0.0227377847897341,0.0497369362321675,5,0
qt,TN,bd79c331f14e6cfab9e0b5815404c8194526e8f1,llm_kernelshap,qwen36_27b_local,full,0.2,,3,0.6,0.6,-0.0107092096338647,0.0390197401733916,5,0
qt,TN,bd79c331f14e6cfab9e0b5815404c8194526e8f1,llm_kernelshap,qwen36_27b_local,full,0.2,,4,0.4,0.4,-0.0038717157977967,0.0325988925232179,5,0
qt,TN,bd79c331f14e6cfab9e0b5815404c8194526e8f1,llm_kernelshap,qwen36_27b_local,full,0.2,,5,0.6,0.6,-0.0107092096338648,0.0390197401733916,5,0
qt,TN,67ee72f3145fd14b36af408918ed3420504d3035,llm_kernelshap,qwen36_27b_local,full,0.2,,1,1.0,0.4,0.0007350257331318,0.0337554911729312,5,0
qt,TN,67ee72f3145fd14b36af408918ed3420504d3035,llm_kernelshap,qwen36_27b_local,full,0.2,,2,1.0,0.4,-0.0461168687707072,0.0537752014155059,5,0
qt,TN,67ee72f3145fd14b36af408918ed3420504d3035,llm_kernelshap,qwen36_27b_local,full,0.2,,3,0.8,0.6,-0.0570063098716123,0.0570063098716123,5,0
qt,TN,67ee72f3145fd14b36af408918ed3420504d3035,llm_kernelshap,qwen36_27b_local,full,0.2,,4,1.0,0.4,-0.0461168687707071,0.0537752014155058,5,0
qt,TN,67ee72f3145fd14b36af408918ed3420504d3035,llm_kernelshap,qwen36_27b_local,full,0.2,,5,1.0,0.4,-0.0220669109540515,0.0565574278601146,5,0
qt,FN,67ced4791ddabebfa19a2f101aa292b5eba60b90,llm_kernelshap,qwen36_27b_local,full,0.2,,1,0.4,0.4,0.0361633854896391,0.0361633854896391,5,0
qt,FN,67ced4791ddabebfa19a2f101aa292b5eba60b90,llm_kernelshap,qwen36_27b_local,full,0.2,,2,0.6,0.4,0.0291282591947339,0.0409154285490417,5,0
qt,FN,67ced4791ddabebfa19a2f101aa292b5eba60b90,llm_kernelshap,qwen36_27b_local,full,0.2,,3,0.6,0.4,0.0291282591947339,0.0409154285490417,5,0
qt,FN,67ced4791ddabebfa19a2f101aa292b5eba60b90,llm_kernelshap,qwen36_27b_local,full,0.2,,4,0.8,0.6,0.0467749931625206,0.0585621625168283,5,0
qt,FN,67ced4791ddabebfa19a2f101aa292b5eba60b90,llm_kernelshap,qwen36_27b_local,full,0.2,,5,0.6,0.6,0.0174323291650113,0.0511245700893532,5,0
qt,FP,86d91d2bf8e7ac7a75f88f0e4886140abc06fd4c,llm_kernelshap,qwen36_27b_local,full,0.2,,1,0.8,0.6,-0.1357633866800436,0.1460254354156218,5,0
qt,FP,86d91d2bf8e7ac7a75f88f0e4886140abc06fd4c,llm_kernelshap,qwen36_27b_local,full,0.2,,2,0.8,0.6,-0.1357633866800436,0.1460254354156218,5,0
qt,FP,86d91d2bf8e7ac7a75f88f0e4886140abc06fd4c,llm_kernelshap,qwen36_27b_local,full,0.2,,3,0.8,0.6,-0.1357633866800436,0.1460254354156218,5,0
qt,FP,86d91d2bf8e7ac7a75f88f0e4886140abc06fd4c,llm_kernelshap,qwen36_27b_local,full,0.2,,4,0.8,0.6,-0.1357633866800436,0.1460254354156218,5,0
qt,FP,86d91d2bf8e7ac7a75f88f0e4886140abc06fd4c,llm_kernelshap,qwen36_27b_local,full,0.2,,5,1.0,0.6,-0.0969237096903666,0.168857430112654,5,0
qt,TN,121cdbdd30de1bee58e349859409dd08865c17f5,llm_kernelshap,qwen36_27b_local,full,0.2,,1,0.6,0.2,0.0088640197083618,0.0190054724609756,5,0
qt,TN,121cdbdd30de1bee58e349859409dd08865c17f5,llm_kernelshap,qwen36_27b_local,full,0.2,,2,0.8,0.4,0.0024218480178232,0.0254476441515141,5,0
qt,TN,121cdbdd30de1bee58e349859409dd08865c17f5,llm_kernelshap,qwen36_27b_local,full,0.2,,3,0.8,0.4,0.0024218480178232,0.0254476441515141,5,0
qt,TN,121cdbdd30de1bee58e349859409dd08865c17f5,llm_kernelshap,qwen36_27b_local,full,0.2,,4,0.8,0.4,0.0024218480178231,0.0254476441515141,5,0
qt,TN,121cdbdd30de1bee58e349859409dd08865c17f5,llm_kernelshap,qwen36_27b_local,full,0.2,,5,0.6,0.4,0.0016639223595216,0.0216797342418749,5,0
qt,TP,9bd30943bae136d28d42b9a9188a8586c963d461,llm_kernelshap,qwen36_27b_local,full,0.2,,1,0.6,0.4,-0.0470780262059445,0.0560937599709265,5,0
qt,TP,9bd30943bae136d28d42b9a9188a8586c963d461,llm_kernelshap,qwen36_27b_local,full,0.2,,2,0.6,0.4,-0.0470780262059445,0.0560937599709265,5,0
qt,TP,9bd30943bae136d28d42b9a9188a8586c963d461,llm_kernelshap,qwen36_27b_local,full,0.2,,3,0.6,0.4,-0.0470780262059445,0.0560937599709264,5,0
qt,TP,9bd30943bae136d28d42b9a9188a8586c963d461,llm_kernelshap,qwen36_27b_local,full,0.2,,4,0.6,0.4,-0.0384708451975017,0.0579084433136713,5,0
qt,TP,9bd30943bae136d28d42b9a9188a8586c963d461,llm_kernelshap,qwen36_27b_local,full,0.2,,5,0.6,0.4,-0.0241178938544939,0.0649751813038867,5,0
qt,FN,ac48071b185d17022d48c6379a2549ac2736cb8c,llm_kernelshap,qwen36_27b_local,full,0.2,,1,0.8,0.6,-0.0573934772374249,0.0587081189771771,5,0
qt,FN,ac48071b185d17022d48c6379a2549ac2736cb8c,llm_kernelshap,qwen36_27b_local,full,0.2,,2,0.8,0.8,-0.0717814112778601,0.0717814112778601,5,0
qt,FN,ac48071b185d17022d48c6379a2549ac2736cb8c,llm_kernelshap,qwen36_27b_local,full,0.2,,3,1.0,0.8,-0.0717814112778601,0.0717814112778601,5,0
qt,FN,ac48071b185d17022d48c6379a2549ac2736cb8c,llm_kernelshap,qwen36_27b_local,full,0.2,,4,1.0,0.8,-0.0605434744906967,0.0605434744906967,5,0
qt,FN,ac48071b185d17022d48c6379a2549ac2736cb8c,llm_kernelshap,qwen36_27b_local,full,0.2,,5,0.8,0.8,-0.0736930798647892,0.0736930798647892,5,0
qt,TN,fc2f0fb39008f95133f6fd24662fe92195431808,llm_kernelshap,qwen36_27b_local,full,0.2,,1,0.6,0.4,-0.0395705182038416,0.0504666220999455,5,0
qt,TN,fc2f0fb39008f95133f6fd24662fe92195431808,llm_kernelshap,qwen36_27b_local,full,0.2,,2,0.8,0.6,-0.052501223213118,0.052501223213118,5,0
qt,TN,fc2f0fb39008f95133f6fd24662fe92195431808,llm_kernelshap,qwen36_27b_local,full,0.2,,3,0.6,0.4,-0.0460955535953794,0.0460955535953794,5,0
qt,TN,fc2f0fb39008f95133f6fd24662fe92195431808,llm_kernelshap,qwen36_27b_local,full,0.2,,4,0.6,0.4,-0.0460955535953794,0.0460955535953794,5,0
qt,TN,fc2f0fb39008f95133f6fd24662fe92195431808,llm_kernelshap,qwen36_27b_local,full,0.2,,5,0.6,0.4,-0.0395705182038416,0.0504666220999455,5,0
qt,FP,41ae544c40e0568bd627a992a23b8c8f8f5cc27d,llm_kernelshap,qwen36_27b_local,full,0.2,,1,1.0,1.0,-0.1421629968305547,0.156992790846063,5,0
qt,FP,41ae544c40e0568bd627a992a23b8c8f8f5cc27d,llm_kernelshap,qwen36_27b_local,full,0.2,,2,1.0,1.0,-0.17535143431412,0.17535143431412,5,0
qt,FP,41ae544c40e0568bd627a992a23b8c8f8f5cc27d,llm_kernelshap,qwen36_27b_local,full,0.2,,3,0.8,1.0,-0.1421629968305547,0.156992790846063,5,0
qt,FP,41ae544c40e0568bd627a992a23b8c8f8f5cc27d,llm_kernelshap,qwen36_27b_local,full,0.2,,4,1.0,1.0,-0.1421629968305547,0.156992790846063,5,0
qt,FP,41ae544c40e0568bd627a992a23b8c8f8f5cc27d,llm_kernelshap,qwen36_27b_local,full,0.2,,5,1.0,1.0,-0.17535143431412,0.17535143431412,5,0
qt,FN,895cb4681ee78caaf9b99c88390a74ff1d79ae61,llm_kernelshap,qwen36_27b_local,full,0.2,,1,1.0,0.8,0.0057759650450506,0.0942406628791859,5,0
qt,FN,895cb4681ee78caaf9b99c88390a74ff1d79ae61,llm_kernelshap,qwen36_27b_local,full,0.2,,2,1.0,1.0,0.0074998301195566,0.0925167978046799,5,0
qt,FN,895cb4681ee78caaf9b99c88390a74ff1d79ae61,llm_kernelshap,qwen36_27b_local,full,0.2,,3,1.0,1.0,-0.0021663499228945,0.1021829778471311,5,0
qt,FN,895cb4681ee78caaf9b99c88390a74ff1d79ae61,llm_kernelshap,qwen36_27b_local,full,0.2,,4,1.0,0.8,0.0232742603406697,0.0767423675835668,5,0
qt,FN,895cb4681ee78caaf9b99c88390a74ff1d79ae61,llm_kernelshap,qwen36_27b_local,full,0.2,,5,1.0,0.8,0.0154421450875018,0.0845744828367347,5,0
qt,TP,dfda6f14b3e210a33b71ef1c6fa3c75a9c866cce,llm_kernelshap,qwen36_27b_local,full,0.2,,1,1.0,0.6,-0.0514626389588292,0.0609400687165768,5,0
qt,TP,dfda6f14b3e210a33b71ef1c6fa3c75a9c866cce,llm_kernelshap,qwen36_27b_local,full,0.2,,2,1.0,0.6,-0.0514626389588292,0.0609400687165767,5,0
qt,TP,dfda6f14b3e210a33b71ef1c6fa3c75a9c866cce,llm_kernelshap,qwen36_27b_local,full,0.2,,3,1.0,0.6,-0.0514626389588292,0.0609400687165768,5,0
qt,TP,dfda6f14b3e210a33b71ef1c6fa3c75a9c866cce,llm_kernelshap,qwen36_27b_local,full,0.2,,4,1.0,0.6,-0.0514626389588292,0.0609400687165768,5,0
qt,TP,dfda6f14b3e210a33b71ef1c6fa3c75a9c866cce,llm_kernelshap,qwen36_27b_local,full,0.2,,5,1.0,0.6,-0.0514626389588292,0.0609400687165768,5,0
qt,TN,9b3d91237bf38492fd97457624d4cb5cd486bd56,llm_kernelshap,qwen36_27b_local,full,0.2,,1,0.8,0.6,-0.0451500626046146,0.0470695449900788,5,0
qt,TN,9b3d91237bf38492fd97457624d4cb5cd486bd56,llm_kernelshap,qwen36_27b_local,full,0.2,,2,0.8,0.6,-0.0484543880900675,0.0503738704755316,5,0
qt,TN,9b3d91237bf38492fd97457624d4cb5cd486bd56,llm_kernelshap,qwen36_27b_local,full,0.2,,3,0.8,0.8,-0.0505153763494813,0.0524348587349454,5,0
qt,TN,9b3d91237bf38492fd97457624d4cb5cd486bd56,llm_kernelshap,qwen36_27b_local,full,0.2,,4,0.8,0.4,-0.0282103564502766,0.0301298388357408,5,0
qt,TN,9b3d91237bf38492fd97457624d4cb5cd486bd56,llm_kernelshap,qwen36_27b_local,full,0.2,,5,0.6,0.4,-0.0302753532533377,0.0420597827956046,5,0
qt,TN,2831fa76655c614ed3df0816401514950e79b5e6,llm_kernelshap,qwen36_27b_local,full,0.2,,1,0.6,0.0,-1.752171199607133e-05,0.0129220741671715,5,0
qt,TN,2831fa76655c614ed3df0816401514950e79b5e6,llm_kernelshap,qwen36_27b_local,full,0.2,,2,0.6,0.0,-1.752171199600472e-05,0.0129220741671715,5,0
qt,TN,2831fa76655c614ed3df0816401514950e79b5e6,llm_kernelshap,qwen36_27b_local,full,0.2,,3,0.6,0.2,-0.0112134360444011,0.0241179884995766,5,0
qt,TN,2831fa76655c614ed3df0816401514950e79b5e6,llm_kernelshap,qwen36_27b_local,full,0.2,,4,0.6,0.2,-0.0130133345831321,0.0249424992608189,5,0
qt,TN,2831fa76655c614ed3df0816401514950e79b5e6,llm_kernelshap,qwen36_27b_local,full,0.2,,5,0.6,0.2,-0.013013334583132,0.0249424992608189,5,0
qt,FN,d8782b0cc680f09d605133bd37a44d290894c01e,llm_kernelshap,qwen36_27b_local,full,0.2,,1,0.8,0.6,-0.0355636259134728,0.0355636259134728,5,0
qt,FN,d8782b0cc680f09d605133bd37a44d290894c01e,llm_kernelshap,qwen36_27b_local,full,0.2,,2,1.0,0.8,-0.0479694407442003,0.0479694407442003,5,0
qt,FN,d8782b0cc680f09d605133bd37a44d290894c01e,llm_kernelshap,qwen36_27b_local,full,0.2,,3,0.8,0.6,-0.03846307403813,0.03846307403813,5,0
qt,FN,d8782b0cc680f09d605133bd37a44d290894c01e,llm_kernelshap,qwen36_27b_local,full,0.2,,4,1.0,0.8,-0.0479694407442003,0.0479694407442003,5,0
qt,FN,d8782b0cc680f09d605133bd37a44d290894c01e,llm_kernelshap,qwen36_27b_local,full,0.2,,5,0.6,0.6,-0.0294212396289635,0.0372731012316296,5,0
qt,TP,5dd76ba31c3c7cb9c0d9d97cd62f0d2f535a23f7,llm_kernelshap,qwen36_27b_local,full,0.2,,1,0.8,0.8,-0.0961617150740855,0.1028476886243448,5,0
qt,TP,5dd76ba31c3c7cb9c0d9d97cd62f0d2f535a23f7,llm_kernelshap,qwen36_27b_local,full,0.2,,2,0.8,0.8,-0.0961617150740855,0.1028476886243448,5,0
qt,TP,5dd76ba31c3c7cb9c0d9d97cd62f0d2f535a23f7,llm_kernelshap,qwen36_27b_local,full,0.2,,3,0.8,0.8,-0.0961617150740855,0.1028476886243448,5,0
qt,TP,5dd76ba31c3c7cb9c0d9d97cd62f0d2f535a23f7,llm_kernelshap,qwen36_27b_local,full,0.2,,4,0.8,0.8,-0.0961617150740855,0.1028476886243447,5,0
qt,TP,5dd76ba31c3c7cb9c0d9d97cd62f0d2f535a23f7,llm_kernelshap,qwen36_27b_local,full,0.2,,5,0.8,0.8,-0.0961617150740855,0.1028476886243448,5,0
qt,FP,237c867a002c8035aac7ff8a870da717eb7b0878,llm_kernelshap,qwen36_27b_local,full,0.2,,1,1.0,0.8,-0.1005237974321123,0.1005237974321123,5,0
qt,FP,237c867a002c8035aac7ff8a870da717eb7b0878,llm_kernelshap,qwen36_27b_local,full,0.2,,2,1.0,0.8,-0.1005237974321123,0.1005237974321123,5,0
qt,FP,237c867a002c8035aac7ff8a870da717eb7b0878,llm_kernelshap,qwen36_27b_local,full,0.2,,3,1.0,0.8,-0.095843422514812,0.095843422514812,5,0
qt,FP,237c867a002c8035aac7ff8a870da717eb7b0878,llm_kernelshap,qwen36_27b_local,full,0.2,,4,1.0,0.8,-0.095843422514812,0.095843422514812,5,0
qt,FP,237c867a002c8035aac7ff8a870da717eb7b0878,llm_kernelshap,qwen36_27b_local,full,0.2,,5,1.0,0.8,-0.1005237974321123,0.1005237974321123,5,0
qt,TN,f3ca13f3d12f52c60f4cd41d0b336c24a8d3359d,llm_kernelshap,qwen36_27b_local,full,0.2,,1,1.0,0.8,-0.0545208852772721,0.0659338756867791,5,0
qt,TN,f3ca13f3d12f52c60f4cd41d0b336c24a8d3359d,llm_kernelshap,qwen36_27b_local,full,0.2,,2,0.8,0.6,-0.0468704157656669,0.0468704157656669,5,0
qt,TN,f3ca13f3d12f52c60f4cd41d0b336c24a8d3359d,llm_kernelshap,qwen36_27b_local,full,0.2,,3,1.0,0.8,-0.0596397214908692,0.060815039473182,5,0
qt,TN,f3ca13f3d12f52c60f4cd41d0b336c24a8d3359d,llm_kernelshap,qwen36_27b_local,full,0.2,,4,0.6,0.8,-0.0355300609937009,0.0561280414670133,5,0
qt,TN,f3ca13f3d12f52c60f4cd41d0b336c24a8d3359d,llm_kernelshap,qwen36_27b_local,full,0.2,,5,1.0,0.8,-0.0596397214908692,0.0608150394731819,5,0
qt,TP,267edbec198a0cedbf7bed4c3c5fa93c1dbc86bd,llm_kernelshap,qwen36_27b_local,full,0.2,,1,0.8,0.8,-0.0451996970926759,0.0782156818671524,5,0
qt,TP,267edbec198a0cedbf7bed4c3c5fa93c1dbc86bd,llm_kernelshap,qwen36_27b_local,full,0.2,,2,0.8,0.8,-0.0196023396881756,0.0840211110318253,5,0
qt,TP,267edbec198a0cedbf7bed4c3c5fa93c1dbc86bd,llm_kernelshap,qwen36_27b_local,full,0.2,,3,0.8,0.8,-0.0451996970926759,0.0782156818671524,5,0
qt,TP,267edbec198a0cedbf7bed4c3c5fa93c1dbc86bd,llm_kernelshap,qwen36_27b_local,full,0.2,,4,0.8,0.8,-0.0196023396881756,0.0840211110318253,5,0
qt,TP,267edbec198a0cedbf7bed4c3c5fa93c1dbc86bd,llm_kernelshap,qwen36_27b_local,full,0.2,,5,0.8,0.8,-0.0451996970926759,0.0782156818671524,5,0
qt,TN,e3b7957d6552e88aa23bd0ecc474db5f14981707,llm_kernelshap,qwen36_27b_local,full,0.2,,1,0.8,0.6,-0.0258814208965989,0.032551999556604,5,0
qt,TN,e3b7957d6552e88aa23bd0ecc474db5f14981707,llm_kernelshap,qwen36_27b_local,full,0.2,,2,0.6,0.4,-0.0170352907122093,0.0253385011527308,5,0
qt,TN,e3b7957d6552e88aa23bd0ecc474db5f14981707,llm_kernelshap,qwen36_27b_local,full,0.2,,3,0.8,0.6,-0.0242986277264612,0.0288493241947888,5,0
qt,TN,e3b7957d6552e88aa23bd0ecc474db5f14981707,llm_kernelshap,qwen36_27b_local,full,0.2,,4,0.8,0.6,-0.0242986277264612,0.0288493241947887,5,0
qt,TN,e3b7957d6552e88aa23bd0ecc474db5f14981707,llm_kernelshap,qwen36_27b_local,full,0.2,,5,0.8,0.6,-0.0290956981722687,0.0293377222809342,5,0
qt,FP,571b11d41c9dadd5ef11e4e954c16c5ca39d718e,llm_kernelshap,qwen36_27b_local,full,0.2,,1,1.0,1.0,-0.0968760681007809,0.0968760681007809,5,0
qt,FP,571b11d41c9dadd5ef11e4e954c16c5ca39d718e,llm_kernelshap,qwen36_27b_local,full,0.2,,2,0.8,0.8,-0.0819041565025088,0.0831580974279334,5,0
qt,FP,571b11d41c9dadd5ef11e4e954c16c5ca39d718e,llm_kernelshap,qwen36_27b_local,full,0.2,,3,0.8,0.8,-0.0837028730168474,0.0837028730168474,5,0
qt,FP,571b11d41c9dadd5ef11e4e954c16c5ca39d718e,llm_kernelshap,qwen36_27b_local,full,0.2,,4,1.0,1.0,-0.0968760681007809,0.0968760681007809,5,0
qt,FP,571b11d41c9dadd5ef11e4e954c16c5ca39d718e,llm_kernelshap,qwen36_27b_local,full,0.2,,5,0.8,0.8,-0.0837028730168474,0.0837028730168474,5,0
qt,FN,8cf186cc7c56144b02d5b40d8f4832ff3021e68a,llm_kernelshap,qwen36_27b_local,full,0.2,,1,1.0,1.0,-0.0572458865257919,0.0572458865257919,5,0
qt,FN,8cf186cc7c56144b02d5b40d8f4832ff3021e68a,llm_kernelshap,qwen36_27b_local,full,0.2,,2,1.0,0.8,-0.0738980141512074,0.0738980141512074,5,0
qt,FN,8cf186cc7c56144b02d5b40d8f4832ff3021e68a,llm_kernelshap,qwen36_27b_local,full,0.2,,3,0.8,0.8,-0.0695176191774322,0.0713922489931258,5,0
qt,FN,8cf186cc7c56144b02d5b40d8f4832ff3021e68a,llm_kernelshap,qwen36_27b_local,full,0.2,,4,0.8,0.8,-0.0695176191774322,0.0713922489931258,5,0
qt,FN,8cf186cc7c56144b02d5b40d8f4832ff3021e68a,llm_kernelshap,qwen36_27b_local,full,0.2,,5,1.0,1.0,-0.0845542476110813,0.0845542476110813,5,0
qt,FP,02b7ec05d5713aec67577cebc18e5906b5a98598,llm_kernelshap,qwen36_27b_local,full,0.2,,1,1.0,0.8,-0.047020463650293,0.0888862412794977,5,0
qt,FP,02b7ec05d5713aec67577cebc18e5906b5a98598,llm_kernelshap,qwen36_27b_local,full,0.2,,2,1.0,0.8,-0.047020463650293,0.0888862412794976,5,0
qt,FP,02b7ec05d5713aec67577cebc18e5906b5a98598,llm_kernelshap,qwen36_27b_local,full,0.2,,3,1.0,0.8,-0.0590649408764837,0.0768417640533069,5,0
qt,FP,02b7ec05d5713aec67577cebc18e5906b5a98598,llm_kernelshap,qwen36_27b_local,full,0.2,,4,1.0,0.8,-0.1003169082073984,0.1003169082073984,5,0
qt,FP,02b7ec05d5713aec67577cebc18e5906b5a98598,llm_kernelshap,qwen36_27b_local,full,0.2,,5,1.0,0.8,-0.0837870782629068,0.0837870782629068,5,0
qt,TN,88a8deea86fe69448ca1586c2ee567a53dee1008,llm_kernelshap,qwen36_27b_local,full,0.2,,1,0.8,0.4,-0.0476044628273216,0.0476044628273216,5,0
qt,TN,88a8deea86fe69448ca1586c2ee567a53dee1008,llm_kernelshap,qwen36_27b_local,full,0.2,,2,0.6,0.2,-0.0354017220835936,0.0354017220835936,5,0
qt,TN,88a8deea86fe69448ca1586c2ee567a53dee1008,llm_kernelshap,qwen36_27b_local,full,0.2,,3,0.8,0.4,-0.0476044628273216,0.0476044628273216,5,0
qt,TN,88a8deea86fe69448ca1586c2ee567a53dee1008,llm_kernelshap,qwen36_27b_local,full,0.2,,4,0.8,0.4,-0.0476044628273216,0.0476044628273216,5,0
qt,TN,88a8deea86fe69448ca1586c2ee567a53dee1008,llm_kernelshap,qwen36_27b_local,full,0.2,,5,0.8,0.4,-0.0476044628273216,0.0476044628273216,5,0
qt,FP,1af927976ac953f922e35d71a16a32d328bb2efd,llm_kernelshap,qwen36_27b_local,full,0.2,,1,0.8,0.4,-0.0390760418222063,0.0409021656983302,5,0
qt,FP,1af927976ac953f922e35d71a16a32d328bb2efd,llm_kernelshap,qwen36_27b_local,full,0.2,,2,0.8,0.4,-0.0390760418222063,0.0409021656983302,5,0
qt,FP,1af927976ac953f922e35d71a16a32d328bb2efd,llm_kernelshap,qwen36_27b_local,full,0.2,,3,0.8,0.2,-0.0370815278497609,0.0389076517258848,5,0
qt,FP,1af927976ac953f922e35d71a16a32d328bb2efd,llm_kernelshap,qwen36_27b_local,full,0.2,,4,0.8,0.4,-0.0385436922795184,0.0403698161556423,5,0
qt,FP,1af927976ac953f922e35d71a16a32d328bb2efd,llm_kernelshap,qwen36_27b_local,full,0.2,,5,0.8,0.2,-0.0181517703125964,0.0199778941887203,5,0
qt,FN,eaa54a8f9884652513c7c3ab489f31ff1e5d712c,llm_kernelshap,qwen36_27b_local,full,0.2,,1,0.4,0.2,0.0154741434446985,0.0351354123686507,5,0
qt,FN,eaa54a8f9884652513c7c3ab489f31ff1e5d712c,llm_kernelshap,qwen36_27b_local,full,0.2,,2,0.4,0.2,0.0130328674279681,0.0326941363519203,5,0
qt,FN,eaa54a8f9884652513c7c3ab489f31ff1e5d712c,llm_kernelshap,qwen36_27b_local,full,0.2,,3,0.4,0.2,0.0130328674279681,0.0326941363519204,5,0
qt,FN,eaa54a8f9884652513c7c3ab489f31ff1e5d712c,llm_kernelshap,qwen36_27b_local,full,0.2,,4,0.4,0.2,0.0130328674279681,0.0326941363519203,5,0
qt,FN,eaa54a8f9884652513c7c3ab489f31ff1e5d712c,llm_kernelshap,qwen36_27b_local,full,0.2,,5,0.4,0.2,0.0130328674279681,0.0326941363519203,5,0
qt,TP,9d23aebb271ea534a66cb3aceb2e63d9a1c870d6,llm_kernelshap,qwen36_27b_local,full,0.2,,1,1.0,1.0,-0.2564140278833881,0.2564140278833881,5,0
qt,TP,9d23aebb271ea534a66cb3aceb2e63d9a1c870d6,llm_kernelshap,qwen36_27b_local,full,0.2,,2,1.0,1.0,-0.2564140278833881,0.2564140278833881,5,0
qt,TP,9d23aebb271ea534a66cb3aceb2e63d9a1c870d6,llm_kernelshap,qwen36_27b_local,full,0.2,,3,1.0,1.0,-0.2229996553511584,0.2229996553511584,5,0
qt,TP,9d23aebb271ea534a66cb3aceb2e63d9a1c870d6,llm_kernelshap,qwen36_27b_local,full,0.2,,4,1.0,1.0,-0.2564140278833881,0.2564140278833881,5,0
qt,TP,9d23aebb271ea534a66cb3aceb2e63d9a1c870d6,llm_kernelshap,qwen36_27b_local,full,0.2,,5,1.0,1.0,-0.2564140278833881,0.2564140278833881,5,0
qt,FN,4e3917587b11432d2d892f5146b367de2a3e4864,llm_kernelshap,qwen36_27b_local,full,0.2,,1,0.6,0.6,-0.0717439451065249,0.0755473284842278,5,0
qt,FN,4e3917587b11432d2d892f5146b367de2a3e4864,llm_kernelshap,qwen36_27b_local,full,0.2,,2,1.0,0.6,-0.0759176449797129,0.0759176449797129,5,0
qt,FN,4e3917587b11432d2d892f5146b367de2a3e4864,llm_kernelshap,qwen36_27b_local,full,0.2,,3,0.6,0.4,-0.0562596134707673,0.0600629968484703,5,0
qt,FN,4e3917587b11432d2d892f5146b367de2a3e4864,llm_kernelshap,qwen36_27b_local,full,0.2,,4,0.8,0.8,-0.0828468544192775,0.0866502377969805,5,0
qt,FN,4e3917587b11432d2d892f5146b367de2a3e4864,llm_kernelshap,qwen36_27b_local,full,0.2,,5,0.8,0.6,-0.073022900031896,0.0768262834095991,5,0
qt,TN,bcf1167ccb52341d72e6e2921077d2244803ee8d,llm_kernelshap,qwen36_27b_local,full,0.2,,1,1.0,0.6,0.0177022224590739,0.0592517310985869,5,0
qt,TN,bcf1167ccb52341d72e6e2921077d2244803ee8d,llm_kernelshap,qwen36_27b_local,full,0.2,,2,0.8,0.4,-0.0150888827677453,0.0275465705035768,5,0
qt,TN,bcf1167ccb52341d72e6e2921077d2244803ee8d,llm_kernelshap,qwen36_27b_local,full,0.2,,3,1.0,0.6,0.017702222459074,0.059251731098587,5,0
qt,TN,bcf1167ccb52341d72e6e2921077d2244803ee8d,llm_kernelshap,qwen36_27b_local,full,0.2,,4,1.0,0.4,-0.0150888827677453,0.0275465705035767,5,0
qt,TN,bcf1167ccb52341d72e6e2921077d2244803ee8d,llm_kernelshap,qwen36_27b_local,full,0.2,,5,1.0,0.6,0.013431665039158,0.0560671183104801,5,0
qt,TN,3e379bcc799edb6a78bc8cea093a278dbe32f33c,llm_kernelshap,qwen36_27b_local,full,0.2,,1,0.8,0.6,-0.0478754021206154,0.0513985598452437,5,0
qt,TN,3e379bcc799edb6a78bc8cea093a278dbe32f33c,llm_kernelshap,qwen36_27b_local,full,0.2,,2,0.8,0.6,-0.051630737376276,0.051630737376276,5,0
qt,TN,3e379bcc799edb6a78bc8cea093a278dbe32f33c,llm_kernelshap,qwen36_27b_local,full,0.2,,3,0.8,0.6,-0.0478754021206154,0.0513985598452436,5,0
qt,TN,3e379bcc799edb6a78bc8cea093a278dbe32f33c,llm_kernelshap,qwen36_27b_local,full,0.2,,4,0.8,0.6,-0.0478754021206154,0.0513985598452436,5,0
qt,TN,3e379bcc799edb6a78bc8cea093a278dbe32f33c,llm_kernelshap,qwen36_27b_local,full,0.2,,5,0.8,0.6,-0.051630737376276,0.051630737376276,5,0
qt,TN,4ebc2cf74e557b65a8ce1dc518ca92f399ce89e8,llm_kernelshap,qwen36_27b_local,full,0.2,,1,0.6,0.8,0.0256713623187789,0.0425300258141289,5,0
qt,TN,4ebc2cf74e557b65a8ce1dc518ca92f399ce89e8,llm_kernelshap,qwen36_27b_local,full,0.2,,2,0.6,0.8,0.025671362318779,0.0425300258141289,5,0
qt,TN,4ebc2cf74e557b65a8ce1dc518ca92f399ce89e8,llm_kernelshap,qwen36_27b_local,full,0.2,,3,0.6,0.8,0.025671362318779,0.0425300258141289,5,0
qt,TN,4ebc2cf74e557b65a8ce1dc518ca92f399ce89e8,llm_kernelshap,qwen36_27b_local,full,0.2,,4,0.8,0.8,0.0193601888843703,0.0474722596994738,5,0
qt,TN,4ebc2cf74e557b65a8ce1dc518ca92f399ce89e8,llm_kernelshap,qwen36_27b_local,full,0.2,,5,0.6,0.8,0.025671362318779,0.0425300258141289,5,0
qt,FN,7e298e2f2ceeee1a2d1a81238ca019d9a0c9519f,llm_kernelshap,qwen36_27b_local,full,0.2,,1,1.0,0.6,-0.0198389701381789,0.0516034256312861,5,0
qt,FN,7e298e2f2ceeee1a2d1a81238ca019d9a0c9519f,llm_kernelshap,qwen36_27b_local,full,0.2,,2,0.8,0.4,0.0047499287448906,0.0270145267482165,5,0
qt,FN,7e298e2f2ceeee1a2d1a81238ca019d9a0c9519f,llm_kernelshap,qwen36_27b_local,full,0.2,,3,1.0,0.6,-0.0198389701381789,0.0516034256312861,5,0
qt,FN,7e298e2f2ceeee1a2d1a81238ca019d9a0c9519f,llm_kernelshap,qwen36_27b_local,full,0.2,,4,1.0,0.6,-0.0198389701381789,0.0516034256312861,5,0
qt,FN,7e298e2f2ceeee1a2d1a81238ca019d9a0c9519f,llm_kernelshap,qwen36_27b_local,full,0.2,,5,1.0,0.6,-0.0198389701381789,0.051603425631286,5,0
qt,FN,93dabeba9dc5f6cbab60e65b3cc8df5fe48745a9,llm_kernelshap,qwen36_27b_local,full,0.2,,1,1.0,0.6,0.0492079800937672,0.0576132502047561,5,0
qt,FN,93dabeba9dc5f6cbab60e65b3cc8df5fe48745a9,llm_kernelshap,qwen36_27b_local,full,0.2,,2,1.0,0.6,0.0492079800937672,0.0576132502047561,5,0
qt,FN,93dabeba9dc5f6cbab60e65b3cc8df5fe48745a9,llm_kernelshap,qwen36_27b_local,full,0.2,,3,1.0,0.6,0.0492079800937673,0.0576132502047562,5,0
qt,FN,93dabeba9dc5f6cbab60e65b3cc8df5fe48745a9,llm_kernelshap,qwen36_27b_local,full,0.2,,4,0.8,0.4,0.0357879290045057,0.0441931991154946,5,0
qt,FN,93dabeba9dc5f6cbab60e65b3cc8df5fe48745a9,llm_kernelshap,qwen36_27b_local,full,0.2,,5,1.0,0.6,0.0492079800937672,0.0576132502047561,5,0
qt,TN,0234e5c96417f451f8de279b8ff92734836badd4,llm_kernelshap,qwen36_27b_local,full,0.2,,1,0.4,0.2,0.0138622391444679,0.0191524389222138,5,0
qt,TN,0234e5c96417f451f8de279b8ff92734836badd4,llm_kernelshap,qwen36_27b_local,full,0.2,,2,0.2,0.2,0.0138622391444678,0.0191524389222138,5,0
qt,TN,0234e5c96417f451f8de279b8ff92734836badd4,llm_kernelshap,qwen36_27b_local,full,0.2,,3,0.6,0.2,0.0089542222809179,0.0202925200189551,5,0
qt,TN,0234e5c96417f451f8de279b8ff92734836badd4,llm_kernelshap,qwen36_27b_local,full,0.2,,4,0.6,0.4,0.0192119613920067,0.0285639895319912,5,0
qt,TN,0234e5c96417f451f8de279b8ff92734836badd4,llm_kernelshap,qwen36_27b_local,full,0.2,,5,0.4,0.2,0.0085027079034637,0.0198410056415008,5,0
qt,FP,eb93d7b51773b43e6a3e41961898a6033bcd9479,llm_kernelshap,qwen36_27b_local,full,0.2,,1,0.8,0.6,-0.0575564048750123,0.0709867703889027,5,0
qt,FP,eb93d7b51773b43e6a3e41961898a6033bcd9479,llm_kernelshap,qwen36_27b_local,full,0.2,,2,0.6,0.6,-0.0580068376575689,0.0705363376063461,5,0
qt,FP,eb93d7b51773b43e6a3e41961898a6033bcd9479,llm_kernelshap,qwen36_27b_local,full,0.2,,3,0.6,0.6,-0.0580068376575689,0.070536337606346,5,0
qt,FP,eb93d7b51773b43e6a3e41961898a6033bcd9479,llm_kernelshap,qwen36_27b_local,full,0.2,,4,0.6,0.6,-0.0580068376575689,0.070536337606346,5,0
qt,FP,eb93d7b51773b43e6a3e41961898a6033bcd9479,llm_kernelshap,qwen36_27b_local,full,0.2,,5,0.6,0.6,-0.0580068376575689,0.070536337606346,5,0
qt,FN,e6d17c8691bfafa033b82a4d81a9caf4a2fd1b85,llm_kernelshap,qwen36_27b_local,full,0.2,,1,0.4,0.4,0.0154266614687831,0.0426341931527853,5,0
qt,FN,e6d17c8691bfafa033b82a4d81a9caf4a2fd1b85,llm_kernelshap,qwen36_27b_local,full,0.2,,2,0.4,0.4,0.0154266614687832,0.0426341931527854,5,0
qt,FN,e6d17c8691bfafa033b82a4d81a9caf4a2fd1b85,llm_kernelshap,qwen36_27b_local,full,0.2,,3,0.4,0.4,0.0154266614687832,0.0426341931527854,5,0
qt,FN,e6d17c8691bfafa033b82a4d81a9caf4a2fd1b85,llm_kernelshap,qwen36_27b_local,full,0.2,,4,0.4,0.4,0.0154266614687831,0.0426341931527854,5,0
qt,FN,e6d17c8691bfafa033b82a4d81a9caf4a2fd1b85,llm_kernelshap,qwen36_27b_local,full,0.2,,5,0.4,0.4,0.0154266614687832,0.0426341931527854,5,0
qt,FN,5303225aef739c534714c1ac1d4dd096f0cc38d0,llm_kernelshap,qwen36_27b_local,full,0.2,,1,1.0,0.6,0.0089583427039614,0.0595580066945777,5,0
qt,FN,5303225aef739c534714c1ac1d4dd096f0cc38d0,llm_kernelshap,qwen36_27b_local,full,0.2,,2,0.8,0.8,0.02036102801037,0.0628668310366052,5,0
qt,FN,5303225aef739c534714c1ac1d4dd096f0cc38d0,llm_kernelshap,qwen36_27b_local,full,0.2,,3,0.8,0.8,0.00336660152121,0.065149747877329,5,0
qt,FN,5303225aef739c534714c1ac1d4dd096f0cc38d0,llm_kernelshap,qwen36_27b_local,full,0.2,,4,0.8,0.8,0.00336660152121,0.065149747877329,5,0
qt,FN,5303225aef739c534714c1ac1d4dd096f0cc38d0,llm_kernelshap,qwen36_27b_local,full,0.2,,5,0.6,1.0,0.0085806875573307,0.0703638339134496,5,0
qt,FN,a69edf01cb0a2a06282dc7b89724ffa542f6546d,llm_kernelshap,qwen36_27b_local,full,0.2,,1,0.8,0.6,-0.0128842929710077,0.0529596464899574,5,0
qt,FN,a69edf01cb0a2a06282dc7b89724ffa542f6546d,llm_kernelshap,qwen36_27b_local,full,0.2,,2,0.6,0.6,-0.007221140979035,0.0537994650906106,5,0
qt,FN,a69edf01cb0a2a06282dc7b89724ffa542f6546d,llm_kernelshap,qwen36_27b_local,full,0.2,,3,0.6,0.6,-0.007221140979035,0.0537994650906107,5,0
qt,FN,a69edf01cb0a2a06282dc7b89724ffa542f6546d,llm_kernelshap,qwen36_27b_local,full,0.2,,4,0.8,0.6,-0.0135232849314281,0.0523206545295369,5,0
qt,FN,a69edf01cb0a2a06282dc7b89724ffa542f6546d,llm_kernelshap,qwen36_27b_local,full,0.2,,5,0.8,0.6,-0.0135232849314281,0.0523206545295369,5,0
qt,FP,e58fdbaeb033a801ac7b5dd1f63657b36d6e1305,llm_kernelshap,qwen36_27b_local,full,0.2,,1,0.8,0.8,-0.1304805764514159,0.1304805764514159,5,0
qt,FP,e58fdbaeb033a801ac7b5dd1f63657b36d6e1305,llm_kernelshap,qwen36_27b_local,full,0.2,,2,0.8,1.0,-0.1338809921847508,0.1338809921847508,5,0
qt,FP,e58fdbaeb033a801ac7b5dd1f63657b36d6e1305,llm_kernelshap,qwen36_27b_local,full,0.2,,3,0.8,0.8,-0.1555711892571672,0.1555711892571672,5,0
qt,FP,e58fdbaeb033a801ac7b5dd1f63657b36d6e1305,llm_kernelshap,qwen36_27b_local,full,0.2,,4,0.8,0.8,-0.1555711892571673,0.1555711892571673,5,0
qt,FP,e58fdbaeb033a801ac7b5dd1f63657b36d6e1305,llm_kernelshap,qwen36_27b_local,full,0.2,,5,0.8,0.8,-0.1555711892571673,0.1555711892571673,5,0
qt,TP,d3393ce25833c0afd7f0fa6b85fd6f3bd7ad520a,llm_kernelshap,qwen36_27b_local,full,0.2,,1,1.0,0.8,-0.0960938945853138,0.0960938945853138,5,0
qt,TP,d3393ce25833c0afd7f0fa6b85fd6f3bd7ad520a,llm_kernelshap,qwen36_27b_local,full,0.2,,2,1.0,1.0,-0.1029374604732074,0.1029374604732074,5,0
qt,TP,d3393ce25833c0afd7f0fa6b85fd6f3bd7ad520a,llm_kernelshap,qwen36_27b_local,full,0.2,,3,1.0,1.0,-0.1029374604732074,0.1029374604732074,5,0
qt,TP,d3393ce25833c0afd7f0fa6b85fd6f3bd7ad520a,llm_kernelshap,qwen36_27b_local,full,0.2,,4,1.0,0.8,-0.0960938945853139,0.0960938945853139,5,0
qt,TP,d3393ce25833c0afd7f0fa6b85fd6f3bd7ad520a,llm_kernelshap,qwen36_27b_local,full,0.2,,5,0.8,0.8,-0.0899236193778212,0.0899236193778212,5,0
qt,FN,6486a4bd196ca2bf0047ae80e78eee06e5e18e18,llm_kernelshap,qwen36_27b_local,full,0.2,,1,0.8,0.8,0.0039038373906795,0.0599012894373794,5,0
qt,FN,6486a4bd196ca2bf0047ae80e78eee06e5e18e18,llm_kernelshap,qwen36_27b_local,full,0.2,,2,0.8,0.8,0.0039038373906796,0.0599012894373795,5,0
qt,FN,6486a4bd196ca2bf0047ae80e78eee06e5e18e18,llm_kernelshap,qwen36_27b_local,full,0.2,,3,0.8,0.8,0.0039038373906796,0.0599012894373794,5,0
qt,FN,6486a4bd196ca2bf0047ae80e78eee06e5e18e18,llm_kernelshap,qwen36_27b_local,full,0.2,,4,0.6,0.6,-0.0003502335383912,0.0556472185083086,5,0
qt,FN,6486a4bd196ca2bf0047ae80e78eee06e5e18e18,llm_kernelshap,qwen36_27b_local,full,0.2,,5,0.8,0.8,0.0039038373906795,0.0599012894373795,5,0
qt,FP,ddb4fb4c60987ce6e0b9e50de9a5f3a7ff0e8757,llm_kernelshap,qwen36_27b_local,full,0.2,,1,0.4,0.8,-0.0210595897609187,0.0768300247567413,5,0
qt,FP,ddb4fb4c60987ce6e0b9e50de9a5f3a7ff0e8757,llm_kernelshap,qwen36_27b_local,full,0.2,,2,0.4,0.8,-0.0210595897609187,0.0768300247567413,5,0
qt,FP,ddb4fb4c60987ce6e0b9e50de9a5f3a7ff0e8757,llm_kernelshap,qwen36_27b_local,full,0.2,,3,0.4,0.8,-0.0210595897609187,0.0768300247567413,5,0
qt,FP,ddb4fb4c60987ce6e0b9e50de9a5f3a7ff0e8757,llm_kernelshap,qwen36_27b_local,full,0.2,,4,0.4,0.8,-0.0210595897609187,0.0768300247567413,5,0
qt,FP,ddb4fb4c60987ce6e0b9e50de9a5f3a7ff0e8757,llm_kernelshap,qwen36_27b_local,full,0.2,,5,0.4,0.8,-0.0210595897609187,0.0768300247567413,5,0
qt,TP,03a1675eac4baf8c7a6e0602102bbafa3176771c,llm_kernelshap,qwen36_27b_local,full,0.2,,1,0.4,0.4,0.0020830826427001,0.0424436372451078,5,0
qt,TP,03a1675eac4baf8c7a6e0602102bbafa3176771c,llm_kernelshap,qwen36_27b_local,full,0.2,,2,0.6,0.6,-0.0273023303308842,0.0678021903838491,5,0
qt,TP,03a1675eac4baf8c7a6e0602102bbafa3176771c,llm_kernelshap,qwen36_27b_local,full,0.2,,3,0.6,0.6,-0.0273023303308842,0.0678021903838491,5,0
qt,TP,03a1675eac4baf8c7a6e0602102bbafa3176771c,llm_kernelshap,qwen36_27b_local,full,0.2,,4,0.4,0.4,0.0020830826427,0.0424436372451078,5,0
qt,TP,03a1675eac4baf8c7a6e0602102bbafa3176771c,llm_kernelshap,qwen36_27b_local,full,0.2,,5,0.4,0.4,0.0020830826427001,0.0424436372451078,5,0
qt,FP,36997810d9fec492635152be89efaa55208e224a,llm_kernelshap,qwen36_27b_local,full,0.2,,1,1.0,0.4,-0.0543218555820053,0.0543218555820053,5,0
qt,FP,36997810d9fec492635152be89efaa55208e224a,llm_kernelshap,qwen36_27b_local,full,0.2,,2,1.0,0.4,-0.0523142968215731,0.0541155020642396,5,0
qt,FP,36997810d9fec492635152be89efaa55208e224a,llm_kernelshap,qwen36_27b_local,full,0.2,,3,1.0,0.6,-0.0882910435369076,0.0882910435369076,5,0
qt,FP,36997810d9fec492635152be89efaa55208e224a,llm_kernelshap,qwen36_27b_local,full,0.2,,4,1.0,0.4,-0.0489860738540644,0.0507872790967309,5,0
qt,FP,36997810d9fec492635152be89efaa55208e224a,llm_kernelshap,qwen36_27b_local,full,0.2,,5,1.0,0.4,-0.0543218555820053,0.0543218555820053,5,0
qt,TN,4f4ad7c262ce4723417efa14c4d3fdb875be53d0,llm_kernelshap,qwen36_27b_local,full,0.2,,1,0.8,0.8,-0.0469560597187398,0.0469560597187398,5,0
qt,TN,4f4ad7c262ce4723417efa14c4d3fdb875be53d0,llm_kernelshap,qwen36_27b_local,full,0.2,,2,0.8,0.8,-0.0469560597187398,0.0469560597187398,5,0
qt,TN,4f4ad7c262ce4723417efa14c4d3fdb875be53d0,llm_kernelshap,qwen36_27b_local,full,0.2,,3,0.4,0.4,-0.0181072957823056,0.03023947655172,5,0
qt,TN,4f4ad7c262ce4723417efa14c4d3fdb875be53d0,llm_kernelshap,qwen36_27b_local,full,0.2,,4,0.6,0.6,-0.0319808184186864,0.0412101319622858,5,0
qt,TN,4f4ad7c262ce4723417efa14c4d3fdb875be53d0,llm_kernelshap,qwen36_27b_local,full,0.2,,5,0.4,0.4,-0.0213458865300709,0.0334780672994853,5,0
qt,TP,a50911bc0bfca1185e99ce6638fbf03cf592789d,llm_kernelshap,qwen36_27b_local,full,0.2,,1,1.0,0.8,-0.0398491522771746,0.0613095673464088,5,0
qt,TP,a50911bc0bfca1185e99ce6638fbf03cf592789d,llm_kernelshap,qwen36_27b_local,full,0.2,,2,0.8,0.6,-0.0473111767427601,0.0538475428808233,5,0
qt,TP,a50911bc0bfca1185e99ce6638fbf03cf592789d,llm_kernelshap,qwen36_27b_local,full,0.2,,3,1.0,0.8,-0.0398491522771746,0.0613095673464088,5,0
qt,TP,a50911bc0bfca1185e99ce6638fbf03cf592789d,llm_kernelshap,qwen36_27b_local,full,0.2,,4,1.0,0.8,-0.0398491522771746,0.0613095673464088,5,0
qt,TP,a50911bc0bfca1185e99ce6638fbf03cf592789d,llm_kernelshap,qwen36_27b_local,full,0.2,,5,0.8,0.8,-0.0344642791435128,0.0624610603508101,5,0
qt,TP,bb199cc8ad4111808260f6255312b08c7d81dcbc,llm_kernelshap,qwen36_27b_local,full,0.2,,1,0.6,0.6,-0.0748693650165911,0.0837489734724137,5,0
qt,TP,bb199cc8ad4111808260f6255312b08c7d81dcbc,llm_kernelshap,qwen36_27b_local,full,0.2,,2,0.8,0.6,-0.0686323641477857,0.083160005573145,5,0
qt,TP,bb199cc8ad4111808260f6255312b08c7d81dcbc,llm_kernelshap,qwen36_27b_local,full,0.2,,3,0.8,0.6,-0.0686323641477857,0.083160005573145,5,0
qt,TP,bb199cc8ad4111808260f6255312b08c7d81dcbc,llm_kernelshap,qwen36_27b_local,full,0.2,,4,0.8,0.6,-0.0686323641477857,0.083160005573145,5,0
qt,TP,bb199cc8ad4111808260f6255312b08c7d81dcbc,llm_kernelshap,qwen36_27b_local,full,0.2,,5,0.8,0.6,-0.0686323641477857,0.0831600055731451,5,0
qt,FP,6a91dcba2e4fa85dc345c2d403c757ab7676e28c,llm_kernelshap,qwen36_27b_local,full,0.2,,1,0.8,0.8,-0.0597830493197138,0.0686437265065532,5,0
qt,FP,6a91dcba2e4fa85dc345c2d403c757ab7676e28c,llm_kernelshap,qwen36_27b_local,full,0.2,,2,0.8,0.8,-0.0597830493197139,0.0686437265065533,5,0
qt,FP,6a91dcba2e4fa85dc345c2d403c757ab7676e28c,llm_kernelshap,qwen36_27b_local,full,0.2,,3,0.8,0.8,-0.0597830493197139,0.0686437265065533,5,0
qt,FP,6a91dcba2e4fa85dc345c2d403c757ab7676e28c,llm_kernelshap,qwen36_27b_local,full,0.2,,4,0.8,0.8,-0.0597830493197138,0.0686437265065533,5,0
qt,FP,6a91dcba2e4fa85dc345c2d403c757ab7676e28c,llm_kernelshap,qwen36_27b_local,full,0.2,,5,0.8,0.8,-0.0597830493197139,0.0686437265065533,5,0
qt,TN,e38a98ad4453974b2848eeed02d81e0c408ce0c6,llm_kernelshap,qwen36_27b_local,full,0.2,,1,0.6,0.4,0.0020609352201352,0.0326637232694731,5,0
qt,TN,e38a98ad4453974b2848eeed02d81e0c408ce0c6,llm_kernelshap,qwen36_27b_local,full,0.2,,2,0.8,0.4,0.0020609352201352,0.0326637232694731,5,0
qt,TN,e38a98ad4453974b2848eeed02d81e0c408ce0c6,llm_kernelshap,qwen36_27b_local,full,0.2,,3,0.6,0.4,-0.0186954189103436,0.0240329608331616,5,0
qt,TN,e38a98ad4453974b2848eeed02d81e0c408ce0c6,llm_kernelshap,qwen36_27b_local,full,0.2,,4,0.8,0.4,-0.0465462684195096,0.0590431332378367,5,0
qt,TN,e38a98ad4453974b2848eeed02d81e0c408ce0c6,llm_kernelshap,qwen36_27b_local,full,0.2,,5,0.6,0.4,-0.0186954189103436,0.0240329608331616,5,0
qt,FP,1c6d5b0696f324495e95a12f7718ae7593c9b58a,llm_kernelshap,qwen36_27b_local,full,0.2,,1,0.8,0.8,-0.0980326825370051,0.0997415652509298,5,0
qt,FP,1c6d5b0696f324495e95a12f7718ae7593c9b58a,llm_kernelshap,qwen36_27b_local,full,0.2,,2,0.8,0.8,-0.1283141639628475,0.1300230466767722,5,0
qt,FP,1c6d5b0696f324495e95a12f7718ae7593c9b58a,llm_kernelshap,qwen36_27b_local,full,0.2,,3,1.0,0.8,-0.0991536204926069,0.0991536204926069,5,0
qt,FP,1c6d5b0696f324495e95a12f7718ae7593c9b58a,llm_kernelshap,qwen36_27b_local,full,0.2,,4,0.8,0.8,-0.1181106550128332,0.1198195377267579,5,0
qt,FP,1c6d5b0696f324495e95a12f7718ae7593c9b58a,llm_kernelshap,qwen36_27b_local,full,0.2,,5,0.8,0.8,-0.1181106550128332,0.1198195377267579,5,0
qt,FP,cd542a82b0c2d5c9a4ea167a84e5ea8a25c5d969,llm_kernelshap,qwen36_27b_local,full,0.2,,1,1.0,0.8,-0.0808907048883822,0.0808907048883822,5,0
qt,FP,cd542a82b0c2d5c9a4ea167a84e5ea8a25c5d969,llm_kernelshap,qwen36_27b_local,full,0.2,,2,1.0,0.8,-0.0808907048883822,0.0808907048883822,5,0
qt,FP,cd542a82b0c2d5c9a4ea167a84e5ea8a25c5d969,llm_kernelshap,qwen36_27b_local,full,0.2,,3,1.0,0.8,-0.0808907048883822,0.0808907048883822,5,0
qt,FP,cd542a82b0c2d5c9a4ea167a84e5ea8a25c5d969,llm_kernelshap,qwen36_27b_local,full,0.2,,4,1.0,0.8,-0.0808907048883822,0.0808907048883822,5,0
qt,FP,cd542a82b0c2d5c9a4ea167a84e5ea8a25c5d969,llm_kernelshap,qwen36_27b_local,full,0.2,,5,1.0,0.8,-0.0808907048883822,0.0808907048883822,5,0
qt,TP,b254b03dc3b1cfcfc5f17158d2470e0a9a946a0e,llm_kernelshap,qwen36_27b_local,full,0.2,,1,1.0,1.0,-0.1251944822035041,0.1251944822035041,5,0
qt,TP,b254b03dc3b1cfcfc5f17158d2470e0a9a946a0e,llm_kernelshap,qwen36_27b_local,full,0.2,,2,1.0,1.0,-0.1251944822035041,0.1251944822035041,5,0
qt,TP,b254b03dc3b1cfcfc5f17158d2470e0a9a946a0e,llm_kernelshap,qwen36_27b_local,full,0.2,,3,1.0,1.0,-0.1251944822035041,0.1251944822035041,5,0
qt,TP,b254b03dc3b1cfcfc5f17158d2470e0a9a946a0e,llm_kernelshap,qwen36_27b_local,full,0.2,,4,1.0,1.0,-0.1251944822035041,0.1251944822035041,5,0
qt,TP,b254b03dc3b1cfcfc5f17158d2470e0a9a946a0e,llm_kernelshap,qwen36_27b_local,full,0.2,,5,1.0,0.8,-0.1043672532294706,0.1062447257569431,5,0
qt,TP,1a7bc520c5df4da80b7e65acbec1f546f9c87870,llm_kernelshap,qwen36_27b_local,full,0.2,,1,1.0,0.8,-0.1066594052129971,0.1066594052129971,5,0
qt,TP,1a7bc520c5df4da80b7e65acbec1f546f9c87870,llm_kernelshap,qwen36_27b_local,full,0.2,,2,1.0,0.8,-0.1066594052129971,0.1066594052129971,5,0
qt,TP,1a7bc520c5df4da80b7e65acbec1f546f9c87870,llm_kernelshap,qwen36_27b_local,full,0.2,,3,1.0,0.6,-0.0992673751696272,0.0992673751696272,5,0
qt,TP,1a7bc520c5df4da80b7e65acbec1f546f9c87870,llm_kernelshap,qwen36_27b_local,full,0.2,,4,1.0,0.8,-0.1066594052129971,0.1066594052129971,5,0
qt,TP,1a7bc520c5df4da80b7e65acbec1f546f9c87870,llm_kernelshap,qwen36_27b_local,full,0.2,,5,1.0,0.6,-0.0992673751696272,0.0992673751696272,5,0
qt,FN,5629823b05ca7d24924ac879b5a0469a3cb03e78,llm_kernelshap,qwen36_27b_local,full,0.2,,1,0.6,0.4,-0.0244082573392613,0.038635483614884,5,0
qt,FN,5629823b05ca7d24924ac879b5a0469a3cb03e78,llm_kernelshap,qwen36_27b_local,full,0.2,,2,0.6,0.4,-0.0341416608516236,0.0483688871272464,5,0
qt,FN,5629823b05ca7d24924ac879b5a0469a3cb03e78,llm_kernelshap,qwen36_27b_local,full,0.2,,3,0.8,0.6,-0.0529226883977602,0.066025633615341,5,0
qt,FN,5629823b05ca7d24924ac879b5a0469a3cb03e78,llm_kernelshap,qwen36_27b_local,full,0.2,,4,0.8,0.6,-0.0557842365148244,0.063164085498277,5,0
qt,FN,5629823b05ca7d24924ac879b5a0469a3cb03e78,llm_kernelshap,qwen36_27b_local,full,0.2,,5,0.8,0.6,-0.0557842365148244,0.0631640854982769,5,0
qt,TN,9b54447e453e2cb7b7375e2c6104b2595ab1594e,llm_kernelshap,qwen36_27b_local,full,0.2,,1,0.8,0.6,-0.0379664944921527,0.0474309485844264,5,0
qt,TN,9b54447e453e2cb7b7375e2c6104b2595ab1594e,llm_kernelshap,qwen36_27b_local,full,0.2,,2,0.8,0.6,-0.0379664944921527,0.0474309485844264,5,0
qt,TN,9b54447e453e2cb7b7375e2c6104b2595ab1594e,llm_kernelshap,qwen36_27b_local,full,0.2,,3,0.6,0.6,-0.0456405363039994,0.0456405363039994,5,0
qt,TN,9b54447e453e2cb7b7375e2c6104b2595ab1594e,llm_kernelshap,qwen36_27b_local,full,0.2,,4,0.8,0.6,-0.0439317582277663,0.05339621232004,5,0
qt,TN,9b54447e453e2cb7b7375e2c6104b2595ab1594e,llm_kernelshap,qwen36_27b_local,full,0.2,,5,0.8,0.6,-0.0379664944921527,0.0474309485844264,5,0
qt,FP,3981a1f440914e8108af3d854a1b01dd596a8a0e,llm_kernelshap,qwen36_27b_local,full,0.2,,1,0.8,0.6,-0.0714295132491567,0.1063895300922341,5,0
qt,FP,3981a1f440914e8108af3d854a1b01dd596a8a0e,llm_kernelshap,qwen36_27b_local,full,0.2,,2,0.8,0.8,-0.0466473697376953,0.1311716736036955,5,0
qt,FP,3981a1f440914e8108af3d854a1b01dd596a8a0e,llm_kernelshap,qwen36_27b_local,full,0.2,,3,0.8,0.6,-0.0714295132491567,0.1063895300922341,5,0
qt,FP,3981a1f440914e8108af3d854a1b01dd596a8a0e,llm_kernelshap,qwen36_27b_local,full,0.2,,4,0.6,0.6,-0.0714295132491567,0.1063895300922341,5,0
qt,FP,3981a1f440914e8108af3d854a1b01dd596a8a0e,llm_kernelshap,qwen36_27b_local,full,0.2,,5,0.8,0.6,-0.0714295132491567,0.1063895300922341,5,0
qt,TN,4331ccd4b735d9d721a384193a3d42ee2ce6c805,llm_kernelshap,qwen36_27b_local,full,0.2,,1,0.8,0.6,-0.0128669465198681,0.0407649231697862,5,0
qt,TN,4331ccd4b735d9d721a384193a3d42ee2ce6c805,llm_kernelshap,qwen36_27b_local,full,0.2,,2,0.8,0.6,-0.0021400841518732,0.0300380608017914,5,0
qt,TN,4331ccd4b735d9d721a384193a3d42ee2ce6c805,llm_kernelshap,qwen36_27b_local,full,0.2,,3,0.8,0.6,-0.0021400841518732,0.0300380608017913,5,0
qt,TN,4331ccd4b735d9d721a384193a3d42ee2ce6c805,llm_kernelshap,qwen36_27b_local,full,0.2,,4,0.8,0.6,0.0300109751384932,0.0303809123441446,5,0
qt,TN,4331ccd4b735d9d721a384193a3d42ee2ce6c805,llm_kernelshap,qwen36_27b_local,full,0.2,,5,0.8,0.6,-0.0021400841518733,0.0300380608017913,5,0
qt,TP,afbb57ae84ecbee5fab9eb6e58356b19d7995ea5,llm_kernelshap,qwen36_27b_local,full,0.2,,1,1.0,1.0,-0.1758491378824853,0.1758491378824853,5,0
qt,TP,afbb57ae84ecbee5fab9eb6e58356b19d7995ea5,llm_kernelshap,qwen36_27b_local,full,0.2,,2,1.0,1.0,-0.1758491378824853,0.1758491378824853,5,0
qt,TP,afbb57ae84ecbee5fab9eb6e58356b19d7995ea5,llm_kernelshap,qwen36_27b_local,full,0.2,,3,1.0,1.0,-0.1758491378824853,0.1758491378824853,5,0
qt,TP,afbb57ae84ecbee5fab9eb6e58356b19d7995ea5,llm_kernelshap,qwen36_27b_local,full,0.2,,4,1.0,1.0,-0.1758491378824853,0.1758491378824853,5,0
qt,TP,afbb57ae84ecbee5fab9eb6e58356b19d7995ea5,llm_kernelshap,qwen36_27b_local,full,0.2,,5,1.0,1.0,-0.1758491378824853,0.1758491378824853,5,0
qt,TP,17513266b81e88b84fda250734f07c94a198fabc,llm_kernelshap,qwen36_27b_local,full,0.2,,1,0.8,0.8,-0.0869820085395356,0.0869820085395356,5,0
qt,TP,17513266b81e88b84fda250734f07c94a198fabc,llm_kernelshap,qwen36_27b_local,full,0.2,,2,0.8,0.8,-0.0869820085395355,0.0869820085395355,5,0
qt,TP,17513266b81e88b84fda250734f07c94a198fabc,llm_kernelshap,qwen36_27b_local,full,0.2,,3,1.0,1.0,-0.1018070552840881,0.1018070552840881,5,0
qt,TP,17513266b81e88b84fda250734f07c94a198fabc,llm_kernelshap,qwen36_27b_local,full,0.2,,4,0.8,0.8,-0.0869820085395355,0.0869820085395355,5,0
qt,TP,17513266b81e88b84fda250734f07c94a198fabc,llm_kernelshap,qwen36_27b_local,full,0.2,,5,1.0,1.0,-0.1018070552840881,0.1018070552840881,5,0
qt,FN,cdbc4b83d59e08189d6ece9ccd88a646be155c08,llm_kernelshap,qwen36_27b_local,full,0.2,,1,0.4,0.8,-0.0450833991129569,0.0450833991129569,5,0
qt,FN,cdbc4b83d59e08189d6ece9ccd88a646be155c08,llm_kernelshap,qwen36_27b_local,full,0.2,,2,0.2,0.6,-0.0283809997020524,0.0320932446000115,5,0
qt,FN,cdbc4b83d59e08189d6ece9ccd88a646be155c08,llm_kernelshap,qwen36_27b_local,full,0.2,,3,0.4,0.4,-0.0319995841184276,0.0357118290163867,5,0
qt,FN,cdbc4b83d59e08189d6ece9ccd88a646be155c08,llm_kernelshap,qwen36_27b_local,full,0.2,,4,0.6,0.6,-0.0508995178569672,0.0546117627549263,5,0
qt,FN,cdbc4b83d59e08189d6ece9ccd88a646be155c08,llm_kernelshap,qwen36_27b_local,full,0.2,,5,0.2,0.6,-0.0365636010538731,0.0365636010538731,5,0
qt,FP,753c744b23abfecad6463890dfdf6e97c7eeaa5c,llm_kernelshap,qwen36_27b_local,full,0.2,,1,0.8,0.8,-0.0249002390230733,0.1038229994451734,5,0
qt,FP,753c744b23abfecad6463890dfdf6e97c7eeaa5c,llm_kernelshap,qwen36_27b_local,full,0.2,,2,0.8,0.6,-0.0102843842375339,0.0971817914414237,5,0
qt,FP,753c744b23abfecad6463890dfdf6e97c7eeaa5c,llm_kernelshap,qwen36_27b_local,full,0.2,,3,0.8,0.6,-0.0102843842375339,0.0971817914414237,5,0
qt,FP,753c744b23abfecad6463890dfdf6e97c7eeaa5c,llm_kernelshap,qwen36_27b_local,full,0.2,,4,0.8,0.6,-0.057569885733432,0.075657912460803,5,0
qt,FP,753c744b23abfecad6463890dfdf6e97c7eeaa5c,llm_kernelshap,qwen36_27b_local,full,0.2,,5,0.8,0.6,-0.0102843842375339,0.0971817914414237,5,0
qt,TP,a4f8b9ae6dfacf9ad5c190cde6098ebf13102f41,llm_kernelshap,qwen36_27b_local,full,0.2,,1,0.6,0.6,-0.0275606211936374,0.069225209406545,5,0
qt,TP,a4f8b9ae6dfacf9ad5c190cde6098ebf13102f41,llm_kernelshap,qwen36_27b_local,full,0.2,,2,0.6,0.8,-0.01864927310941,0.0781365574907725,5,0
qt,TP,a4f8b9ae6dfacf9ad5c190cde6098ebf13102f41,llm_kernelshap,qwen36_27b_local,full,0.2,,3,0.6,0.8,-0.01864927310941,0.0781365574907725,5,0
qt,TP,a4f8b9ae6dfacf9ad5c190cde6098ebf13102f41,llm_kernelshap,qwen36_27b_local,full,0.2,,4,0.6,0.8,-0.01864927310941,0.0781365574907724,5,0
qt,TP,a4f8b9ae6dfacf9ad5c190cde6098ebf13102f41,llm_kernelshap,qwen36_27b_local,full,0.2,,5,0.6,0.8,-0.01864927310941,0.0781365574907724,5,0
qt,TP,fca89004d75412dd378cc44ad79ed3c1e05c765b,llm_kernelshap,qwen36_27b_local,full,0.2,,1,0.8,0.8,-0.0411531012640897,0.0850998712460257,5,0
qt,TP,fca89004d75412dd378cc44ad79ed3c1e05c765b,llm_kernelshap,qwen36_27b_local,full,0.2,,2,0.8,0.8,-0.0411531012640897,0.0850998712460257,5,0
qt,TP,fca89004d75412dd378cc44ad79ed3c1e05c765b,llm_kernelshap,qwen36_27b_local,full,0.2,,3,0.8,0.8,-0.0411531012640897,0.0850998712460257,5,0
qt,TP,fca89004d75412dd378cc44ad79ed3c1e05c765b,llm_kernelshap,qwen36_27b_local,full,0.2,,4,0.6,0.6,-0.0590816198469561,0.0671713526631593,5,0
qt,TP,fca89004d75412dd378cc44ad79ed3c1e05c765b,llm_kernelshap,qwen36_27b_local,full,0.2,,5,0.8,0.8,-0.0411531012640897,0.0850998712460257,5,0
qt,FP,3d3ce2afe1937531f5fdc2af56697e93133e6d98,llm_lime,qwen36_27b_local,full,0.2,,1,0.8,0.6,-0.0585783328237441,0.0666846098800211,5,0
qt,FP,3d3ce2afe1937531f5fdc2af56697e93133e6d98,llm_lime,qwen36_27b_local,full,0.2,,2,0.8,0.8,-0.0258856168207664,0.0759925558910859,5,0
qt,FP,3d3ce2afe1937531f5fdc2af56697e93133e6d98,llm_lime,qwen36_27b_local,full,0.2,,3,0.8,0.6,-0.0317596800479484,0.0701184926639039,5,0
qt,FP,3d3ce2afe1937531f5fdc2af56697e93133e6d98,llm_lime,qwen36_27b_local,full,0.2,,4,0.8,0.6,-0.0317596800479484,0.0701184926639039,5,0
qt,FP,3d3ce2afe1937531f5fdc2af56697e93133e6d98,llm_lime,qwen36_27b_local,full,0.2,,5,0.8,0.6,-0.0317596800479484,0.0701184926639039,5,0
qt,TN,eb5994df1307b2e17e729374e1f7ab1c8fe82750,llm_lime,qwen36_27b_local,full,0.2,,1,1.0,0.6,-0.0509792753845334,0.0509792753845334,5,0
qt,TN,eb5994df1307b2e17e729374e1f7ab1c8fe82750,llm_lime,qwen36_27b_local,full,0.2,,2,0.8,0.6,-0.0493053823433317,0.0493053823433317,5,0
qt,TN,eb5994df1307b2e17e729374e1f7ab1c8fe82750,llm_lime,qwen36_27b_local,full,0.2,,3,0.8,0.6,-0.0522660913781743,0.0522660913781743,5,0
qt,TN,eb5994df1307b2e17e729374e1f7ab1c8fe82750,llm_lime,qwen36_27b_local,full,0.2,,4,0.8,0.8,-0.0571378836658333,0.0571378836658333,5,0
qt,TN,eb5994df1307b2e17e729374e1f7ab1c8fe82750,llm_lime,qwen36_27b_local,full,0.2,,5,0.8,0.6,-0.0479792214328618,0.0479792214328618,5,0
qt,FN,2ad213cc02094e003802530757fa4010720a22e6,llm_lime,qwen36_27b_local,full,0.2,,1,0.6,0.4,-0.0157076862287056,0.023587115703845,5,0
qt,FN,2ad213cc02094e003802530757fa4010720a22e6,llm_lime,qwen36_27b_local,full,0.2,,2,1.0,0.4,-0.0157076862287055,0.023587115703845,5,0
qt,FN,2ad213cc02094e003802530757fa4010720a22e6,llm_lime,qwen36_27b_local,full,0.2,,3,1.0,0.6,-0.0108859175212226,0.028408884411328,5,0
qt,FN,2ad213cc02094e003802530757fa4010720a22e6,llm_lime,qwen36_27b_local,full,0.2,,4,0.4,0.4,-0.014668565195677,0.0225479946708164,5,0
qt,FN,2ad213cc02094e003802530757fa4010720a22e6,llm_lime,qwen36_27b_local,full,0.2,,5,0.6,0.4,-0.0157076862287056,0.023587115703845,5,0
qt,TP,256bbc4f139036a780a63b80af8bb461a77d333a,llm_lime,qwen36_27b_local,full,0.2,,1,1.0,1.0,-0.0912073295200073,0.1274524891223099,5,0
qt,TP,256bbc4f139036a780a63b80af8bb461a77d333a,llm_lime,qwen36_27b_local,full,0.2,,2,1.0,1.0,-0.096695497376201,0.1329406569785036,5,0
qt,TP,256bbc4f139036a780a63b80af8bb461a77d333a,llm_lime,qwen36_27b_local,full,0.2,,3,1.0,1.0,-0.1540398246564499,0.1540398246564499,5,0
qt,TP,256bbc4f139036a780a63b80af8bb461a77d333a,llm_lime,qwen36_27b_local,full,0.2,,4,0.8,1.0,-0.1540398246564499,0.1540398246564499,5,0
qt,TP,256bbc4f139036a780a63b80af8bb461a77d333a,llm_lime,qwen36_27b_local,full,0.2,,5,1.0,1.0,-0.1226993830268911,0.1589445426291937,5,0
qt,TP,ae292be8690109940fdd9862321b2389a0957404,llm_lime,qwen36_27b_local,full,0.2,,1,1.0,1.0,-0.1842344674132183,0.1842344674132183,5,0
qt,TP,ae292be8690109940fdd9862321b2389a0957404,llm_lime,qwen36_27b_local,full,0.2,,2,1.0,1.0,-0.1842344674132183,0.1842344674132183,5,0
qt,TP,ae292be8690109940fdd9862321b2389a0957404,llm_lime,qwen36_27b_local,full,0.2,,3,1.0,0.8,-0.1645218767825604,0.1718344618165741,5,0
qt,TP,ae292be8690109940fdd9862321b2389a0957404,llm_lime,qwen36_27b_local,full,0.2,,4,1.0,1.0,-0.1842344674132183,0.1842344674132183,5,0
qt,TP,ae292be8690109940fdd9862321b2389a0957404,llm_lime,qwen36_27b_local,full,0.2,,5,1.0,1.0,-0.1842344674132183,0.1842344674132183,5,0
qt,FN,3786411f7f8770f28ba2a97cb646a0eb7a5eaa99,llm_lime,qwen36_27b_local,full,0.2,,1,1.0,0.2,0.0137025803690393,0.0338340767652661,5,0
qt,FN,3786411f7f8770f28ba2a97cb646a0eb7a5eaa99,llm_lime,qwen36_27b_local,full,0.2,,2,1.0,0.2,0.0137025803690394,0.0338340767652661,5,0
qt,FN,3786411f7f8770f28ba2a97cb646a0eb7a5eaa99,llm_lime,qwen36_27b_local,full,0.2,,3,1.0,0.4,-0.002212782398334,0.037997735234439,5,0
qt,FN,3786411f7f8770f28ba2a97cb646a0eb7a5eaa99,llm_lime,qwen36_27b_local,full,0.2,,4,1.0,0.2,0.0137025803690393,0.0338340767652662,5,0
qt,FN,3786411f7f8770f28ba2a97cb646a0eb7a5eaa99,llm_lime,qwen36_27b_local,full,0.2,,5,1.0,0.2,0.0137025803690394,0.0338340767652661,5,0
qt,FP,8835c0376befd009702b9a17c506639e31c842b9,llm_lime,qwen36_27b_local,full,0.2,,1,0.8,1.0,-0.0949506405818089,0.16008227323487,5,0
qt,FP,8835c0376befd009702b9a17c506639e31c842b9,llm_lime,qwen36_27b_local,full,0.2,,2,0.8,1.0,-0.0949506405818089,0.16008227323487,5,0
qt,FP,8835c0376befd009702b9a17c506639e31c842b9,llm_lime,qwen36_27b_local,full,0.2,,3,0.8,1.0,-0.0949506405818089,0.16008227323487,5,0
qt,FP,8835c0376befd009702b9a17c506639e31c842b9,llm_lime,qwen36_27b_local,full,0.2,,4,0.8,1.0,-0.0949506405818089,0.16008227323487,5,0
qt,FP,8835c0376befd009702b9a17c506639e31c842b9,llm_lime,qwen36_27b_local,full,0.2,,5,0.8,1.0,-0.0949506405818089,0.16008227323487,5,0
qt,FN,9e99dba4a22bbf212b3e6d1e2607a16dbbd04d90,llm_lime,qwen36_27b_local,full,0.2,,1,0.2,0.6,0.0623058318053493,0.0623058318053493,5,0
qt,FN,9e99dba4a22bbf212b3e6d1e2607a16dbbd04d90,llm_lime,qwen36_27b_local,full,0.2,,2,0.6,0.4,0.0551663797198964,0.0587397392735081,5,0
qt,FN,9e99dba4a22bbf212b3e6d1e2607a16dbbd04d90,llm_lime,qwen36_27b_local,full,0.2,,3,0.2,0.6,0.0623058318053493,0.0623058318053493,5,0
qt,FN,9e99dba4a22bbf212b3e6d1e2607a16dbbd04d90,llm_lime,qwen36_27b_local,full,0.2,,4,0.2,0.8,0.0790450261544176,0.0790450261544176,5,0
qt,FN,9e99dba4a22bbf212b3e6d1e2607a16dbbd04d90,llm_lime,qwen36_27b_local,full,0.2,,5,0.8,0.4,0.0541912229438994,0.0585225027285404,5,0
qt,FN,f506e01665c9bf689887ccf057a03588829efeea,llm_lime,qwen36_27b_local,full,0.2,,1,0.8,0.8,-0.0468911063834236,0.0468911063834236,5,0
qt,FN,f506e01665c9bf689887ccf057a03588829efeea,llm_lime,qwen36_27b_local,full,0.2,,2,0.8,0.6,-0.0329785374397621,0.0412182987988513,5,0
qt,FN,f506e01665c9bf689887ccf057a03588829efeea,llm_lime,qwen36_27b_local,full,0.2,,3,0.6,0.6,-0.0367635079906087,0.0450032693496979,5,0
qt,FN,f506e01665c9bf689887ccf057a03588829efeea,llm_lime,qwen36_27b_local,full,0.2,,4,0.8,0.8,-0.0468911063834236,0.0468911063834236,5,0
qt,FN,f506e01665c9bf689887ccf057a03588829efeea,llm_lime,qwen36_27b_local,full,0.2,,5,0.4,0.4,-0.0310785126638066,0.0393182740228958,5,0
qt,TP,fa7626713b3a943609453459190e16c49d61dfd3,llm_lime,qwen36_27b_local,full,0.2,,1,0.8,0.6,-0.0848263562878223,0.0848263562878223,5,0
qt,TP,fa7626713b3a943609453459190e16c49d61dfd3,llm_lime,qwen36_27b_local,full,0.2,,2,0.8,0.6,-0.0848263562878222,0.0848263562878222,5,0
qt,TP,fa7626713b3a943609453459190e16c49d61dfd3,llm_lime,qwen36_27b_local,full,0.2,,3,0.8,0.6,-0.0848263562878223,0.0848263562878223,5,0
qt,TP,fa7626713b3a943609453459190e16c49d61dfd3,llm_lime,qwen36_27b_local,full,0.2,,4,0.8,0.6,-0.0848263562878222,0.0848263562878222,5,0
qt,TP,fa7626713b3a943609453459190e16c49d61dfd3,llm_lime,qwen36_27b_local,full,0.2,,5,0.8,0.6,-0.0848263562878222,0.0848263562878222,5,0
qt,FP,093064fdeb6e777d2dc88dbb4f4adb8fddac3aa5,llm_lime,qwen36_27b_local,full,0.2,,1,1.0,1.0,-0.2847268728955192,0.2847268728955192,5,0
qt,FP,093064fdeb6e777d2dc88dbb4f4adb8fddac3aa5,llm_lime,qwen36_27b_local,full,0.2,,2,1.0,1.0,-0.2181352871003618,0.2181352871003618,5,0
qt,FP,093064fdeb6e777d2dc88dbb4f4adb8fddac3aa5,llm_lime,qwen36_27b_local,full,0.2,,3,1.0,1.0,-0.2847268728955191,0.2847268728955191,5,0
qt,FP,093064fdeb6e777d2dc88dbb4f4adb8fddac3aa5,llm_lime,qwen36_27b_local,full,0.2,,4,1.0,1.0,-0.2009531452023212,0.2009531452023212,5,0
qt,FP,093064fdeb6e777d2dc88dbb4f4adb8fddac3aa5,llm_lime,qwen36_27b_local,full,0.2,,5,1.0,1.0,-0.2181352871003617,0.2181352871003617,5,0
qt,TP,da8ace713a19d2a8c9831ddf50d17607bc4856cc,llm_lime,qwen36_27b_local,full,0.2,,1,1.0,1.0,-0.1111314742937644,0.1417058628451717,5,0
qt,TP,da8ace713a19d2a8c9831ddf50d17607bc4856cc,llm_lime,qwen36_27b_local,full,0.2,,2,0.4,1.0,-0.1111314742937645,0.1417058628451717,5,0
qt,TP,da8ace713a19d2a8c9831ddf50d17607bc4856cc,llm_lime,qwen36_27b_local,full,0.2,,3,1.0,1.0,-0.1111314742937645,0.1417058628451717,5,0
qt,TP,da8ace713a19d2a8c9831ddf50d17607bc4856cc,llm_lime,qwen36_27b_local,full,0.2,,4,0.4,1.0,-0.1111314742937645,0.1417058628451717,5,0
qt,TP,da8ace713a19d2a8c9831ddf50d17607bc4856cc,llm_lime,qwen36_27b_local,full,0.2,,5,1.0,1.0,-0.1111314742937645,0.1417058628451717,5,0
qt,FP,08cfd02312d21391c956b8bf50ab7d6caa0d8082,llm_lime,qwen36_27b_local,full,0.2,,1,0.8,0.8,-0.0427569016427294,0.1278431449232581,5,0
qt,FP,08cfd02312d21391c956b8bf50ab7d6caa0d8082,llm_lime,qwen36_27b_local,full,0.2,,2,0.8,0.8,-0.0427569016427294,0.1278431449232581,5,0
qt,FP,08cfd02312d21391c956b8bf50ab7d6caa0d8082,llm_lime,qwen36_27b_local,full,0.2,,3,0.8,0.8,-0.0427569016427294,0.1278431449232581,5,0
qt,FP,08cfd02312d21391c956b8bf50ab7d6caa0d8082,llm_lime,qwen36_27b_local,full,0.2,,4,1.0,0.8,-0.0446109975468253,0.1259890490191623,5,0
qt,FP,08cfd02312d21391c956b8bf50ab7d6caa0d8082,llm_lime,qwen36_27b_local,full,0.2,,5,0.6,1.0,-0.0508107305704764,0.1358969738510051,5,0
qt,FP,a02b371eb2f34bf198c95cf0caa1fbad639f96bb,llm_lime,qwen36_27b_local,full,0.2,,1,1.0,0.6,-0.0521504819115722,0.0701892621789238,5,0
qt,FP,a02b371eb2f34bf198c95cf0caa1fbad639f96bb,llm_lime,qwen36_27b_local,full,0.2,,2,0.8,0.6,-0.0522044559487394,0.070243236216091,5,0
qt,FP,a02b371eb2f34bf198c95cf0caa1fbad639f96bb,llm_lime,qwen36_27b_local,full,0.2,,3,1.0,0.8,-0.0611579601476218,0.0791967404149734,5,0
qt,FP,a02b371eb2f34bf198c95cf0caa1fbad639f96bb,llm_lime,qwen36_27b_local,full,0.2,,4,1.0,0.6,-0.0521504819115721,0.0701892621789237,5,0
qt,FP,a02b371eb2f34bf198c95cf0caa1fbad639f96bb,llm_lime,qwen36_27b_local,full,0.2,,5,1.0,0.6,-0.0749154145979333,0.0749154145979333,5,0
qt,TN,5cb54cb5ebae99fab121061e25e26eec3056203a,llm_lime,qwen36_27b_local,full,0.2,,1,1.0,1.0,0.0556331937204993,0.0731171680095156,5,0
qt,TN,5cb54cb5ebae99fab121061e25e26eec3056203a,llm_lime,qwen36_27b_local,full,0.2,,2,0.4,1.0,0.0556331937204994,0.0731171680095156,5,0
qt,TN,5cb54cb5ebae99fab121061e25e26eec3056203a,llm_lime,qwen36_27b_local,full,0.2,,3,1.0,1.0,0.0547601616529446,0.0722441359419608,5,0
qt,TN,5cb54cb5ebae99fab121061e25e26eec3056203a,llm_lime,qwen36_27b_local,full,0.2,,4,0.6,0.8,0.0720429068489251,0.0720429068489251,5,0
qt,TN,5cb54cb5ebae99fab121061e25e26eec3056203a,llm_lime,qwen36_27b_local,full,0.2,,5,1.0,1.0,0.0556331937204993,0.0731171680095156,5,0
qt,TN,9a50333dd03969abb3f09c0f90dcb4afd048e47a,llm_lime,qwen36_27b_local,full,0.2,,1,0.8,0.6,-0.018567867402699,0.035292537756579,5,0
qt,TN,9a50333dd03969abb3f09c0f90dcb4afd048e47a,llm_lime,qwen36_27b_local,full,0.2,,2,0.8,0.6,-0.018567867402699,0.035292537756579,5,0
qt,TN,9a50333dd03969abb3f09c0f90dcb4afd048e47a,llm_lime,qwen36_27b_local,full,0.2,,3,0.8,0.8,-0.0486088188764467,0.0621581146191009,5,0
qt,TN,9a50333dd03969abb3f09c0f90dcb4afd048e47a,llm_lime,qwen36_27b_local,full,0.2,,4,0.8,0.4,0.0005159441403032,0.0253660875158055,5,0
qt,TN,9a50333dd03969abb3f09c0f90dcb4afd048e47a,llm_lime,qwen36_27b_local,full,0.2,,5,0.8,0.8,-0.0486088188764468,0.0621581146191009,5,0
qt,FN,18f7e6dc9f59159b70cb7e6a8745738f42d4f46f,llm_lime,qwen36_27b_local,full,0.2,,1,0.6,1.0,0.0635791551746434,0.0999788673672125,5,0
qt,FN,18f7e6dc9f59159b70cb7e6a8745738f42d4f46f,llm_lime,qwen36_27b_local,full,0.2,,2,0.75,0.75,0.0501603057813449,0.0956599460220563,4,0
qt,FN,18f7e6dc9f59159b70cb7e6a8745738f42d4f46f,llm_lime,qwen36_27b_local,full,0.2,,3,0.6,1.0,0.0635791551746433,0.0999788673672125,5,0
qt,FN,18f7e6dc9f59159b70cb7e6a8745738f42d4f46f,llm_lime,qwen36_27b_local,full,0.2,,4,0.6,1.0,0.0635791551746434,0.0999788673672125,5,0
qt,FN,18f7e6dc9f59159b70cb7e6a8745738f42d4f46f,llm_lime,qwen36_27b_local,full,0.2,,5,0.6,0.8,0.059388622270278,0.0957883344628472,5,0
qt,TP,d31304eab9e7424edc20fb83a8a19cd979458029,llm_lime,qwen36_27b_local,full,0.2,,1,1.0,0.8,0.0015255517941441,0.1048588162187951,5,0
qt,TP,d31304eab9e7424edc20fb83a8a19cd979458029,llm_lime,qwen36_27b_local,full,0.2,,2,1.0,0.8,0.0015255517941441,0.1048588162187951,5,0
qt,TP,d31304eab9e7424edc20fb83a8a19cd979458029,llm_lime,qwen36_27b_local,full,0.2,,3,1.0,0.8,0.0015255517941441,0.1048588162187951,5,0
qt,TP,d31304eab9e7424edc20fb83a8a19cd979458029,llm_lime,qwen36_27b_local,full,0.2,,4,1.0,0.8,-0.013089805349174,0.090243459075477,5,0
qt,TP,d31304eab9e7424edc20fb83a8a19cd979458029,llm_lime,qwen36_27b_local,full,0.2,,5,1.0,0.8,0.0015255517941441,0.1048588162187951,5,0
qt,TN,bd79c331f14e6cfab9e0b5815404c8194526e8f1,llm_lime,qwen36_27b_local,full,0.2,,1,1.0,0.4,-0.0240004622621343,0.025728487545122,5,0
qt,TN,bd79c331f14e6cfab9e0b5815404c8194526e8f1,llm_lime,qwen36_27b_local,full,0.2,,2,1.0,0.4,-0.0244747948226697,0.0257861739197631,5,0
qt,TN,bd79c331f14e6cfab9e0b5815404c8194526e8f1,llm_lime,qwen36_27b_local,full,0.2,,3,0.8,0.6,0.0121275387869613,0.0411297094126918,5,0
qt,TN,bd79c331f14e6cfab9e0b5815404c8194526e8f1,llm_lime,qwen36_27b_local,full,0.2,,4,1.0,0.4,-0.0240004622621343,0.025728487545122,5,0
qt,TN,bd79c331f14e6cfab9e0b5815404c8194526e8f1,llm_lime,qwen36_27b_local,full,0.2,,5,1.0,0.4,-0.019742679305908,0.0299862705013483,5,0
qt,TN,67ee72f3145fd14b36af408918ed3420504d3035,llm_lime,qwen36_27b_local,full,0.2,,1,0.8,0.4,-0.0461168687707071,0.0537752014155058,5,0
qt,TN,67ee72f3145fd14b36af408918ed3420504d3035,llm_lime,qwen36_27b_local,full,0.2,,2,0.8,0.4,-0.0461168687707071,0.0537752014155058,5,0
qt,TN,67ee72f3145fd14b36af408918ed3420504d3035,llm_lime,qwen36_27b_local,full,0.2,,3,0.8,0.4,-0.0461168687707071,0.0537752014155058,5,0
qt,TN,67ee72f3145fd14b36af408918ed3420504d3035,llm_lime,qwen36_27b_local,full,0.2,,4,0.8,0.4,-0.0461168687707071,0.0537752014155058,5,0
qt,TN,67ee72f3145fd14b36af408918ed3420504d3035,llm_lime,qwen36_27b_local,full,0.2,,5,0.8,0.4,-0.0461168687707071,0.0537752014155058,5,0
qt,FN,67ced4791ddabebfa19a2f101aa292b5eba60b90,llm_lime,qwen36_27b_local,full,0.2,,1,0.6,0.4,0.0039513166900913,0.0376435576144331,5,0
qt,FN,67ced4791ddabebfa19a2f101aa292b5eba60b90,llm_lime,qwen36_27b_local,full,0.2,,2,0.6,0.4,0.0028434123800419,0.0365356533043838,5,0
qt,FN,67ced4791ddabebfa19a2f101aa292b5eba60b90,llm_lime,qwen36_27b_local,full,0.2,,3,0.6,0.4,0.0028434123800419,0.0365356533043838,5,0
qt,FN,67ced4791ddabebfa19a2f101aa292b5eba60b90,llm_lime,qwen36_27b_local,full,0.2,,4,0.8,0.4,-0.0041917139148631,0.0412876963637864,5,0
qt,FN,67ced4791ddabebfa19a2f101aa292b5eba60b90,llm_lime,qwen36_27b_local,full,0.2,,5,0.4,0.4,0.002843412380042,0.0365356533043838,5,0
qt,FP,86d91d2bf8e7ac7a75f88f0e4886140abc06fd4c,llm_lime,qwen36_27b_local,full,0.2,,1,0.8,0.4,-0.1259133296106903,0.1398678101923303,5,0
qt,FP,86d91d2bf8e7ac7a75f88f0e4886140abc06fd4c,llm_lime,qwen36_27b_local,full,0.2,,2,0.6,0.6,-0.1357633866800436,0.1460254354156218,5,0
qt,FP,86d91d2bf8e7ac7a75f88f0e4886140abc06fd4c,llm_lime,qwen36_27b_local,full,0.2,,3,0.6,0.6,-0.1357633866800436,0.1460254354156218,5,0
qt,FP,86d91d2bf8e7ac7a75f88f0e4886140abc06fd4c,llm_lime,qwen36_27b_local,full,0.2,,4,0.8,0.8,-0.0792746004662573,0.1804487637789876,5,0
qt,FP,86d91d2bf8e7ac7a75f88f0e4886140abc06fd4c,llm_lime,qwen36_27b_local,full,0.2,,5,1.0,0.6,-0.0920486059884479,0.1676747582567971,5,0
qt,TN,121cdbdd30de1bee58e349859409dd08865c17f5,llm_lime,qwen36_27b_local,full,0.2,,1,1.0,0.6,-0.0058528275572282,0.0291964841586247,5,0
qt,TN,121cdbdd30de1bee58e349859409dd08865c17f5,llm_lime,qwen36_27b_local,full,0.2,,2,1.0,0.6,-0.0058528275572282,0.0291964841586248,5,0
qt,TN,121cdbdd30de1bee58e349859409dd08865c17f5,llm_lime,qwen36_27b_local,full,0.2,,3,1.0,0.6,-0.0058528275572283,0.0291964841586248,5,0
qt,TN,121cdbdd30de1bee58e349859409dd08865c17f5,llm_lime,qwen36_27b_local,full,0.2,,4,1.0,0.4,0.0062811646410495,0.0215883275282877,5,0
qt,TN,121cdbdd30de1bee58e349859409dd08865c17f5,llm_lime,qwen36_27b_local,full,0.2,,5,1.0,0.4,0.0062811646410495,0.0215883275282876,5,0
qt,TP,9bd30943bae136d28d42b9a9188a8586c963d461,llm_lime,qwen36_27b_local,full,0.2,,1,0.6,0.4,-0.0241178938544939,0.0649751813038867,5,0
qt,TP,9bd30943bae136d28d42b9a9188a8586c963d461,llm_lime,qwen36_27b_local,full,0.2,,2,1.0,0.4,-0.0241178938544939,0.0649751813038867,5,0
qt,TP,9bd30943bae136d28d42b9a9188a8586c963d461,llm_lime,qwen36_27b_local,full,0.2,,3,0.8,0.6,-0.0327244868881195,0.0704472992887515,5,0
qt,TP,9bd30943bae136d28d42b9a9188a8586c963d461,llm_lime,qwen36_27b_local,full,0.2,,4,1.0,0.4,-0.0212695966629636,0.067823478495417,5,0
qt,TP,9bd30943bae136d28d42b9a9188a8586c963d461,llm_lime,qwen36_27b_local,full,0.2,,5,0.6,0.4,-0.0241178938544939,0.0649751813038867,5,0
qt,FN,ac48071b185d17022d48c6379a2549ac2736cb8c,llm_lime,qwen36_27b_local,full,0.2,,1,1.0,0.8,-0.0717814112778601,0.0717814112778601,5,0
qt,FN,ac48071b185d17022d48c6379a2549ac2736cb8c,llm_lime,qwen36_27b_local,full,0.2,,2,1.0,0.8,-0.0717814112778601,0.0717814112778601,5,0
qt,FN,ac48071b185d17022d48c6379a2549ac2736cb8c,llm_lime,qwen36_27b_local,full,0.2,,3,1.0,0.8,-0.0717814112778601,0.0717814112778601,5,0
qt,FN,ac48071b185d17022d48c6379a2549ac2736cb8c,llm_lime,qwen36_27b_local,full,0.2,,4,1.0,0.8,-0.07178141127786,0.07178141127786,5,0
qt,FN,ac48071b185d17022d48c6379a2549ac2736cb8c,llm_lime,qwen36_27b_local,full,0.2,,5,1.0,0.8,-0.0605434744906967,0.0605434744906967,5,0
qt,TN,fc2f0fb39008f95133f6fd24662fe92195431808,llm_lime,qwen36_27b_local,full,0.2,,1,1.0,0.6,-0.052501223213118,0.052501223213118,5,0
qt,TN,fc2f0fb39008f95133f6fd24662fe92195431808,llm_lime,qwen36_27b_local,full,0.2,,2,0.6,0.4,-0.0395705182038416,0.0504666220999455,5,0
qt,TN,fc2f0fb39008f95133f6fd24662fe92195431808,llm_lime,qwen36_27b_local,full,0.2,,3,1.0,0.4,-0.0460955535953794,0.0460955535953794,5,0
qt,TN,fc2f0fb39008f95133f6fd24662fe92195431808,llm_lime,qwen36_27b_local,full,0.2,,4,0.6,0.4,-0.0395705182038416,0.0504666220999455,5,0
qt,TN,fc2f0fb39008f95133f6fd24662fe92195431808,llm_lime,qwen36_27b_local,full,0.2,,5,1.0,0.6,-0.052501223213118,0.052501223213118,5,0
qt,FP,41ae544c40e0568bd627a992a23b8c8f8f5cc27d,llm_lime,qwen36_27b_local,full,0.2,,1,1.0,1.0,-0.1421629968305547,0.156992790846063,5,0
qt,FP,41ae544c40e0568bd627a992a23b8c8f8f5cc27d,llm_lime,qwen36_27b_local,full,0.2,,2,1.0,1.0,-0.1421629968305547,0.156992790846063,5,0
qt,FP,41ae544c40e0568bd627a992a23b8c8f8f5cc27d,llm_lime,qwen36_27b_local,full,0.2,,3,1.0,1.0,-0.1421629968305547,0.156992790846063,5,0
qt,FP,41ae544c40e0568bd627a992a23b8c8f8f5cc27d,llm_lime,qwen36_27b_local,full,0.2,,4,1.0,1.0,-0.1421629968305547,0.156992790846063,5,0
qt,FP,41ae544c40e0568bd627a992a23b8c8f8f5cc27d,llm_lime,qwen36_27b_local,full,0.2,,5,1.0,1.0,-0.1421629968305547,0.156992790846063,5,0
qt,FN,895cb4681ee78caaf9b99c88390a74ff1d79ae61,llm_lime,qwen36_27b_local,full,0.2,,1,0.8,0.8,0.0057759650450506,0.0942406628791859,5,0
qt,FN,895cb4681ee78caaf9b99c88390a74ff1d79ae61,llm_lime,qwen36_27b_local,full,0.2,,2,0.8,0.8,0.0188925284335491,0.0811240994906874,5,0
qt,FN,895cb4681ee78caaf9b99c88390a74ff1d79ae61,llm_lime,qwen36_27b_local,full,0.2,,3,0.8,1.0,-0.0099984651760624,0.110015093100299,5,0
qt,FN,895cb4681ee78caaf9b99c88390a74ff1d79ae61,llm_lime,qwen36_27b_local,full,0.2,,4,0.6,0.8,0.0188925284335492,0.0811240994906873,5,0
qt,FN,895cb4681ee78caaf9b99c88390a74ff1d79ae61,llm_lime,qwen36_27b_local,full,0.2,,5,0.8,0.6,0.0256221434963575,0.074394484427879,5,0
qt,TP,dfda6f14b3e210a33b71ef1c6fa3c75a9c866cce,llm_lime,qwen36_27b_local,full,0.2,,1,1.0,0.6,-0.0529836247826258,0.0624610545403733,5,0
qt,TP,dfda6f14b3e210a33b71ef1c6fa3c75a9c866cce,llm_lime,qwen36_27b_local,full,0.2,,2,1.0,0.6,-0.0514626389588292,0.0609400687165768,5,0
qt,TP,dfda6f14b3e210a33b71ef1c6fa3c75a9c866cce,llm_lime,qwen36_27b_local,full,0.2,,3,1.0,0.6,-0.0514626389588292,0.0609400687165768,5,0
qt,TP,dfda6f14b3e210a33b71ef1c6fa3c75a9c866cce,llm_lime,qwen36_27b_local,full,0.2,,4,1.0,0.6,-0.0529836247826258,0.0624610545403733,5,0
qt,TP,dfda6f14b3e210a33b71ef1c6fa3c75a9c866cce,llm_lime,qwen36_27b_local,full,0.2,,5,1.0,0.6,-0.0529836247826258,0.0624610545403733,5,0
qt,TN,9b3d91237bf38492fd97457624d4cb5cd486bd56,llm_lime,qwen36_27b_local,full,0.2,,1,1.0,0.6,-0.0484543880900674,0.0503738704755315,5,0
qt,TN,9b3d91237bf38492fd97457624d4cb5cd486bd56,llm_lime,qwen36_27b_local,full,0.2,,2,1.0,0.6,-0.0451500626046146,0.0470695449900788,5,0
qt,TN,9b3d91237bf38492fd97457624d4cb5cd486bd56,llm_lime,qwen36_27b_local,full,0.2,,3,1.0,0.6,-0.0335756701951432,0.0354951525806074,5,0
qt,TN,9b3d91237bf38492fd97457624d4cb5cd486bd56,llm_lime,qwen36_27b_local,full,0.2,,4,1.0,0.6,-0.0451500626046146,0.0470695449900787,5,0
qt,TN,9b3d91237bf38492fd97457624d4cb5cd486bd56,llm_lime,qwen36_27b_local,full,0.2,,5,1.0,0.6,-0.0451500626046146,0.0470695449900788,5,0
qt,TN,2831fa76655c614ed3df0816401514950e79b5e6,llm_lime,qwen36_27b_local,full,0.2,,1,0.6,0.2,-0.0066387965358366,0.0286926280081412,5,0
qt,TN,2831fa76655c614ed3df0816401514950e79b5e6,llm_lime,qwen36_27b_local,full,0.2,,2,0.8,0.2,-0.0090362105982361,0.0242979035319808,5,0
qt,TN,2831fa76655c614ed3df0816401514950e79b5e6,llm_lime,qwen36_27b_local,full,0.2,,3,0.6,0.2,-0.0112134360444012,0.0241179884995766,5,0
qt,TN,2831fa76655c614ed3df0816401514950e79b5e6,llm_lime,qwen36_27b_local,full,0.2,,4,0.6,0.2,-0.0066387965358366,0.0286926280081411,5,0
qt,TN,2831fa76655c614ed3df0816401514950e79b5e6,llm_lime,qwen36_27b_local,full,0.2,,5,0.6,0.4,-0.0236624667950279,0.0355916314727148,5,0
qt,FN,d8782b0cc680f09d605133bd37a44d290894c01e,llm_lime,qwen36_27b_local,full,0.2,,1,1.0,0.6,-0.0410489660321805,0.0410489660321805,5,0
qt,FN,d8782b0cc680f09d605133bd37a44d290894c01e,llm_lime,qwen36_27b_local,full,0.2,,2,1.0,0.6,-0.0410489660321805,0.0410489660321805,5,0
qt,FN,d8782b0cc680f09d605133bd37a44d290894c01e,llm_lime,qwen36_27b_local,full,0.2,,3,1.0,0.8,-0.0432327519428447,0.0432327519428447,5,0
qt,FN,d8782b0cc680f09d605133bd37a44d290894c01e,llm_lime,qwen36_27b_local,full,0.2,,4,1.0,0.6,-0.03846307403813,0.03846307403813,5,0
qt,FN,d8782b0cc680f09d605133bd37a44d290894c01e,llm_lime,qwen36_27b_local,full,0.2,,5,1.0,0.6,-0.0410489660321805,0.0410489660321805,5,0
qt,TP,5dd76ba31c3c7cb9c0d9d97cd62f0d2f535a23f7,llm_lime,qwen36_27b_local,full,0.2,,1,1.0,0.8,-0.1033599156830004,0.1033599156830004,5,0
qt,TP,5dd76ba31c3c7cb9c0d9d97cd62f0d2f535a23f7,llm_lime,qwen36_27b_local,full,0.2,,2,1.0,0.8,-0.1033599156830004,0.1033599156830004,5,0
qt,TP,5dd76ba31c3c7cb9c0d9d97cd62f0d2f535a23f7,llm_lime,qwen36_27b_local,full,0.2,,3,1.0,0.8,-0.1033599156830004,0.1033599156830004,5,0
qt,TP,5dd76ba31c3c7cb9c0d9d97cd62f0d2f535a23f7,llm_lime,qwen36_27b_local,full,0.2,,4,1.0,1.0,-0.0818414900610034,0.1171679136374269,5,0
qt,TP,5dd76ba31c3c7cb9c0d9d97cd62f0d2f535a23f7,llm_lime,qwen36_27b_local,full,0.2,,5,1.0,1.0,-0.0930876096682132,0.1059217940302171,5,0
qt,FP,237c867a002c8035aac7ff8a870da717eb7b0878,llm_lime,qwen36_27b_local,full,0.2,,1,0.8,1.0,-0.0873016058981561,0.1029412508470447,5,0
qt,FP,237c867a002c8035aac7ff8a870da717eb7b0878,llm_lime,qwen36_27b_local,full,0.2,,2,0.8,1.0,-0.0873016058981561,0.1029412508470447,5,0
qt,FP,237c867a002c8035aac7ff8a870da717eb7b0878,llm_lime,qwen36_27b_local,full,0.2,,3,0.6,0.8,-0.095843422514812,0.095843422514812,5,0
qt,FP,237c867a002c8035aac7ff8a870da717eb7b0878,llm_lime,qwen36_27b_local,full,0.2,,4,0.6,0.8,-0.1005237974321123,0.1005237974321123,5,0
qt,FP,237c867a002c8035aac7ff8a870da717eb7b0878,llm_lime,qwen36_27b_local,full,0.2,,5,0.6,0.8,-0.1005237974321123,0.1005237974321123,5,0
qt,TN,f3ca13f3d12f52c60f4cd41d0b336c24a8d3359d,llm_lime,qwen36_27b_local,full,0.2,,1,1.0,0.4,-0.0253854261379973,0.0367984165475043,5,0
qt,TN,f3ca13f3d12f52c60f4cd41d0b336c24a8d3359d,llm_lime,qwen36_27b_local,full,0.2,,2,1.0,0.6,-0.0207929311060945,0.041390911579407,5,0
qt,TN,f3ca13f3d12f52c60f4cd41d0b336c24a8d3359d,llm_lime,qwen36_27b_local,full,0.2,,3,1.0,0.8,-0.0614419261771355,0.0614419261771355,5,0
qt,TN,f3ca13f3d12f52c60f4cd41d0b336c24a8d3359d,llm_lime,qwen36_27b_local,full,0.2,,4,0.8,0.8,-0.0355300609937008,0.0561280414670133,5,0
qt,TN,f3ca13f3d12f52c60f4cd41d0b336c24a8d3359d,llm_lime,qwen36_27b_local,full,0.2,,5,1.0,0.6,-0.0468704157656669,0.0468704157656669,5,0
qt,TP,267edbec198a0cedbf7bed4c3c5fa93c1dbc86bd,llm_lime,qwen36_27b_local,full,0.2,,1,1.0,0.8,-0.0460062961953276,0.0774090827645007,5,0
qt,TP,267edbec198a0cedbf7bed4c3c5fa93c1dbc86bd,llm_lime,qwen36_27b_local,full,0.2,,2,1.0,0.8,-0.0460062961953276,0.0774090827645007,5,0
qt,TP,267edbec198a0cedbf7bed4c3c5fa93c1dbc86bd,llm_lime,qwen36_27b_local,full,0.2,,3,1.0,0.8,-0.0196023396881756,0.0840211110318253,5,0
qt,TP,267edbec198a0cedbf7bed4c3c5fa93c1dbc86bd,llm_lime,qwen36_27b_local,full,0.2,,4,1.0,0.8,-0.0460062961953276,0.0774090827645007,5,0
qt,TP,267edbec198a0cedbf7bed4c3c5fa93c1dbc86bd,llm_lime,qwen36_27b_local,full,0.2,,5,1.0,0.8,-0.0460062961953276,0.0774090827645007,5,0
qt,TN,e3b7957d6552e88aa23bd0ecc474db5f14981707,llm_lime,qwen36_27b_local,full,0.2,,1,1.0,0.8,-0.0382520375200675,0.0382520375200675,5,0
qt,TN,e3b7957d6552e88aa23bd0ecc474db5f14981707,llm_lime,qwen36_27b_local,full,0.2,,2,1.0,0.8,-0.0382520375200675,0.0382520375200675,5,0
qt,TN,e3b7957d6552e88aa23bd0ecc474db5f14981707,llm_lime,qwen36_27b_local,full,0.2,,3,1.0,0.6,-0.0232386866306225,0.0299092652906275,5,0
qt,TN,e3b7957d6552e88aa23bd0ecc474db5f14981707,llm_lime,qwen36_27b_local,full,0.2,,4,1.0,0.6,-0.0273404532405044,0.0310929672126984,5,0
qt,TN,e3b7957d6552e88aa23bd0ecc474db5f14981707,llm_lime,qwen36_27b_local,full,0.2,,5,1.0,0.6,-0.0232386866306225,0.0299092652906275,5,0
qt,FP,571b11d41c9dadd5ef11e4e954c16c5ca39d718e,llm_lime,qwen36_27b_local,full,0.2,,1,1.0,1.0,-0.0968760681007809,0.0968760681007809,5,0
qt,FP,571b11d41c9dadd5ef11e4e954c16c5ca39d718e,llm_lime,qwen36_27b_local,full,0.2,,2,0.8,0.8,-0.0844426649435878,0.0844426649435878,5,0
qt,FP,571b11d41c9dadd5ef11e4e954c16c5ca39d718e,llm_lime,qwen36_27b_local,full,0.2,,3,0.6,0.8,-0.0670273729975533,0.0670273729975533,5,0
qt,FP,571b11d41c9dadd5ef11e4e954c16c5ca39d718e,llm_lime,qwen36_27b_local,full,0.2,,4,1.0,1.0,-0.0968760681007809,0.0968760681007809,5,0
qt,FP,571b11d41c9dadd5ef11e4e954c16c5ca39d718e,llm_lime,qwen36_27b_local,full,0.2,,5,0.6,0.8,-0.0670273729975533,0.0670273729975533,5,0
qt,FN,8cf186cc7c56144b02d5b40d8f4832ff3021e68a,llm_lime,qwen36_27b_local,full,0.2,,1,1.0,1.0,-0.0836225991212063,0.0836225991212063,5,0
qt,FN,8cf186cc7c56144b02d5b40d8f4832ff3021e68a,llm_lime,qwen36_27b_local,full,0.2,,2,1.0,1.0,-0.0836225991212062,0.0836225991212062,5,0
qt,FN,8cf186cc7c56144b02d5b40d8f4832ff3021e68a,llm_lime,qwen36_27b_local,full,0.2,,3,1.0,1.0,-0.0836225991212063,0.0836225991212063,5,0
qt,FN,8cf186cc7c56144b02d5b40d8f4832ff3021e68a,llm_lime,qwen36_27b_local,full,0.2,,4,1.0,1.0,-0.0836225991212062,0.0836225991212062,5,0
qt,FN,8cf186cc7c56144b02d5b40d8f4832ff3021e68a,llm_lime,qwen36_27b_local,full,0.2,,5,1.0,1.0,-0.0845542476110812,0.0845542476110812,5,0
qt,FP,02b7ec05d5713aec67577cebc18e5906b5a98598,llm_lime,qwen36_27b_local,full,0.2,,1,1.0,0.8,-0.0729230389813863,0.0906998621582095,5,0
qt,FP,02b7ec05d5713aec67577cebc18e5906b5a98598,llm_lime,qwen36_27b_local,full,0.2,,2,1.0,0.6,-0.05982272263107,0.0775995458078932,5,0
qt,FP,02b7ec05d5713aec67577cebc18e5906b5a98598,llm_lime,qwen36_27b_local,full,0.2,,3,1.0,0.8,-0.0590649408764837,0.0768417640533069,5,0
qt,FP,02b7ec05d5713aec67577cebc18e5906b5a98598,llm_lime,qwen36_27b_local,full,0.2,,4,1.0,0.8,-0.0590649408764837,0.0768417640533069,5,0
qt,FP,02b7ec05d5713aec67577cebc18e5906b5a98598,llm_lime,qwen36_27b_local,full,0.2,,5,1.0,0.8,-0.0837870782629068,0.0837870782629068,5,0
qt,TN,88a8deea86fe69448ca1586c2ee567a53dee1008,llm_lime,qwen36_27b_local,full,0.2,,1,0.8,0.4,-0.0476044628273216,0.0476044628273216,5,0
qt,TN,88a8deea86fe69448ca1586c2ee567a53dee1008,llm_lime,qwen36_27b_local,full,0.2,,2,0.8,0.4,-0.0476044628273217,0.0476044628273217,5,0
qt,TN,88a8deea86fe69448ca1586c2ee567a53dee1008,llm_lime,qwen36_27b_local,full,0.2,,3,0.8,0.2,-0.0333529398681382,0.0333529398681382,5,0
qt,TN,88a8deea86fe69448ca1586c2ee567a53dee1008,llm_lime,qwen36_27b_local,full,0.2,,4,0.8,0.4,-0.0476044628273217,0.0476044628273217,5,0
qt,TN,88a8deea86fe69448ca1586c2ee567a53dee1008,llm_lime,qwen36_27b_local,full,0.2,,5,1.0,0.4,-0.0473065748539025,0.0473065748539025,5,0
qt,FP,1af927976ac953f922e35d71a16a32d328bb2efd,llm_lime,qwen36_27b_local,full,0.2,,1,1.0,0.4,-0.0385436922795184,0.0403698161556423,5,0
qt,FP,1af927976ac953f922e35d71a16a32d328bb2efd,llm_lime,qwen36_27b_local,full,0.2,,2,1.0,0.4,-0.0385436922795184,0.0403698161556423,5,0
qt,FP,1af927976ac953f922e35d71a16a32d328bb2efd,llm_lime,qwen36_27b_local,full,0.2,,3,1.0,0.4,-0.0385436922795184,0.0403698161556423,5,0
qt,FP,1af927976ac953f922e35d71a16a32d328bb2efd,llm_lime,qwen36_27b_local,full,0.2,,4,1.0,0.4,-0.0385436922795184,0.0403698161556423,5,0
qt,FP,1af927976ac953f922e35d71a16a32d328bb2efd,llm_lime,qwen36_27b_local,full,0.2,,5,1.0,0.4,-0.0345064435633223,0.0363325674394462,5,0
qt,FN,eaa54a8f9884652513c7c3ab489f31ff1e5d712c,llm_lime,qwen36_27b_local,full,0.2,,1,0.4,0.0,-0.0086675680714638,0.0166778541539007,5,0
qt,FN,eaa54a8f9884652513c7c3ab489f31ff1e5d712c,llm_lime,qwen36_27b_local,full,0.2,,2,0.4,0.0,-0.0086675680714638,0.0166778541539007,5,0
qt,FN,eaa54a8f9884652513c7c3ab489f31ff1e5d712c,llm_lime,qwen36_27b_local,full,0.2,,3,0.4,0.0,-0.0086675680714638,0.0166778541539007,5,0
qt,FN,eaa54a8f9884652513c7c3ab489f31ff1e5d712c,llm_lime,qwen36_27b_local,full,0.2,,4,0.8,0.2,-0.0119999054413179,0.0200101915237548,5,0
qt,FN,eaa54a8f9884652513c7c3ab489f31ff1e5d712c,llm_lime,qwen36_27b_local,full,0.2,,5,0.2,0.0,-0.0003663032651481,0.019294965658804,5,0
qt,TP,9d23aebb271ea534a66cb3aceb2e63d9a1c870d6,llm_lime,qwen36_27b_local,full,0.2,,1,1.0,1.0,-0.196951547506622,0.196951547506622,5,0
qt,TP,9d23aebb271ea534a66cb3aceb2e63d9a1c870d6,llm_lime,qwen36_27b_local,full,0.2,,2,1.0,0.8,-0.2142383488005662,0.2181963883800343,5,0
qt,TP,9d23aebb271ea534a66cb3aceb2e63d9a1c870d6,llm_lime,qwen36_27b_local,full,0.2,,3,1.0,1.0,-0.2564140278833881,0.2564140278833881,5,0
qt,TP,9d23aebb271ea534a66cb3aceb2e63d9a1c870d6,llm_lime,qwen36_27b_local,full,0.2,,4,1.0,1.0,-0.196951547506622,0.196951547506622,5,0
qt,TP,9d23aebb271ea534a66cb3aceb2e63d9a1c870d6,llm_lime,qwen36_27b_local,full,0.2,,5,1.0,1.0,-0.196951547506622,0.196951547506622,5,0
qt,FN,4e3917587b11432d2d892f5146b367de2a3e4864,llm_lime,qwen36_27b_local,full,0.2,,1,1.0,0.6,-0.058934243202226,0.062737626579929,5,0
qt,FN,4e3917587b11432d2d892f5146b367de2a3e4864,llm_lime,qwen36_27b_local,full,0.2,,2,1.0,0.6,-0.058934243202226,0.0627376265799291,5,0
qt,FN,4e3917587b11432d2d892f5146b367de2a3e4864,llm_lime,qwen36_27b_local,full,0.2,,3,1.0,0.6,-0.058934243202226,0.0627376265799291,5,0
qt,FN,4e3917587b11432d2d892f5146b367de2a3e4864,llm_lime,qwen36_27b_local,full,0.2,,4,1.0,0.6,-0.058934243202226,0.0627376265799291,5,0
qt,FN,4e3917587b11432d2d892f5146b367de2a3e4864,llm_lime,qwen36_27b_local,full,0.2,,5,1.0,0.8,-0.0820565048700968,0.0820565048700968,5,0
qt,TN,bcf1167ccb52341d72e6e2921077d2244803ee8d,llm_lime,qwen36_27b_local,full,0.2,,1,1.0,0.6,0.017702222459074,0.059251731098587,5,0
qt,TN,bcf1167ccb52341d72e6e2921077d2244803ee8d,llm_lime,qwen36_27b_local,full,0.2,,2,1.0,0.4,-0.0150888827677453,0.0275465705035768,5,0
qt,TN,bcf1167ccb52341d72e6e2921077d2244803ee8d,llm_lime,qwen36_27b_local,full,0.2,,3,1.0,0.4,-0.0150888827677454,0.0275465705035768,5,0
qt,TN,bcf1167ccb52341d72e6e2921077d2244803ee8d,llm_lime,qwen36_27b_local,full,0.2,,4,1.0,0.4,-0.0160993836740334,0.0265360695972886,5,0
qt,TN,bcf1167ccb52341d72e6e2921077d2244803ee8d,llm_lime,qwen36_27b_local,full,0.2,,5,1.0,0.4,-0.0118288262541174,0.0297206823853956,5,0
qt,TN,3e379bcc799edb6a78bc8cea093a278dbe32f33c,llm_lime,qwen36_27b_local,full,0.2,,1,0.8,0.6,-0.051630737376276,0.051630737376276,5,0
qt,TN,3e379bcc799edb6a78bc8cea093a278dbe32f33c,llm_lime,qwen36_27b_local,full,0.2,,2,0.8,0.6,-0.0516307373762761,0.0516307373762761,5,0
qt,TN,3e379bcc799edb6a78bc8cea093a278dbe32f33c,llm_lime,qwen36_27b_local,full,0.2,,3,0.8,0.6,-0.051630737376276,0.051630737376276,5,0
qt,TN,3e379bcc799edb6a78bc8cea093a278dbe32f33c,llm_lime,qwen36_27b_local,full,0.2,,4,0.8,0.6,-0.051630737376276,0.051630737376276,5,0
qt,TN,3e379bcc799edb6a78bc8cea093a278dbe32f33c,llm_lime,qwen36_27b_local,full,0.2,,5,1.0,0.6,-0.0516307373762761,0.0516307373762761,5,0
qt,TN,4ebc2cf74e557b65a8ce1dc518ca92f399ce89e8,llm_lime,qwen36_27b_local,full,0.2,,1,0.8,0.8,0.025671362318779,0.0425300258141289,5,0
qt,TN,4ebc2cf74e557b65a8ce1dc518ca92f399ce89e8,llm_lime,qwen36_27b_local,full,0.2,,2,0.6,0.8,0.0245959689328326,0.0441519089611733,5,0
qt,TN,4ebc2cf74e557b65a8ce1dc518ca92f399ce89e8,llm_lime,qwen36_27b_local,full,0.2,,3,0.8,0.8,0.025671362318779,0.0425300258141289,5,0
qt,TN,4ebc2cf74e557b65a8ce1dc518ca92f399ce89e8,llm_lime,qwen36_27b_local,full,0.2,,4,0.8,0.8,0.025671362318779,0.0425300258141289,5,0
qt,TN,4ebc2cf74e557b65a8ce1dc518ca92f399ce89e8,llm_lime,qwen36_27b_local,full,0.2,,5,0.8,0.8,0.025671362318779,0.0425300258141289,5,0
qt,FN,7e298e2f2ceeee1a2d1a81238ca019d9a0c9519f,llm_lime,qwen36_27b_local,full,0.2,,1,0.8,0.2,-0.0207919772435684,0.0383183100978606,5,0
qt,FN,7e298e2f2ceeee1a2d1a81238ca019d9a0c9519f,llm_lime,qwen36_27b_local,full,0.2,,2,1.0,0.6,-0.0327784848183054,0.0603013990843724,5,0
qt,FN,7e298e2f2ceeee1a2d1a81238ca019d9a0c9519f,llm_lime,qwen36_27b_local,full,0.2,,3,0.8,0.4,-0.0066166297611606,0.0450234810678935,5,0
qt,FN,7e298e2f2ceeee1a2d1a81238ca019d9a0c9519f,llm_lime,qwen36_27b_local,full,0.2,,4,0.8,0.4,-0.0033604102724841,0.0461149871619053,5,0
qt,FN,7e298e2f2ceeee1a2d1a81238ca019d9a0c9519f,llm_lime,qwen36_27b_local,full,0.2,,5,1.0,0.6,-0.0635570782725542,0.0701994740861801,5,0
qt,FN,93dabeba9dc5f6cbab60e65b3cc8df5fe48745a9,llm_lime,qwen36_27b_local,full,0.2,,1,1.0,0.6,0.0492079800937672,0.0576132502047561,5,0
qt,FN,93dabeba9dc5f6cbab60e65b3cc8df5fe48745a9,llm_lime,qwen36_27b_local,full,0.2,,2,1.0,0.6,0.0492079800937672,0.0576132502047561,5,0
qt,FN,93dabeba9dc5f6cbab60e65b3cc8df5fe48745a9,llm_lime,qwen36_27b_local,full,0.2,,3,0.8,0.6,0.0492079800937672,0.0576132502047561,5,0
qt,FN,93dabeba9dc5f6cbab60e65b3cc8df5fe48745a9,llm_lime,qwen36_27b_local,full,0.2,,4,1.0,0.6,0.0492079800937671,0.0576132502047561,5,0
qt,FN,93dabeba9dc5f6cbab60e65b3cc8df5fe48745a9,llm_lime,qwen36_27b_local,full,0.2,,5,1.0,0.6,0.0492079800937672,0.0576132502047562,5,0
qt,TN,0234e5c96417f451f8de279b8ff92734836badd4,llm_lime,qwen36_27b_local,full,0.2,,1,0.8,0.2,0.0089542222809179,0.020292520018955,5,0
qt,TN,0234e5c96417f451f8de279b8ff92734836badd4,llm_lime,qwen36_27b_local,full,0.2,,2,0.8,0.2,0.0153702164109748,0.0247222445509593,5,0
qt,TN,0234e5c96417f451f8de279b8ff92734836badd4,llm_lime,qwen36_27b_local,full,0.2,,3,0.8,0.2,0.0138622391444678,0.0191524389222138,5,0
qt,TN,0234e5c96417f451f8de279b8ff92734836badd4,llm_lime,qwen36_27b_local,full,0.2,,4,0.8,0.2,0.008954222280918,0.020292520018955,5,0
qt,TN,0234e5c96417f451f8de279b8ff92734836badd4,llm_lime,qwen36_27b_local,full,0.2,,5,0.8,0.2,0.008954222280918,0.020292520018955,5,0
qt,FP,eb93d7b51773b43e6a3e41961898a6033bcd9479,llm_lime,qwen36_27b_local,full,0.2,,1,1.0,0.6,-0.0575564048750123,0.0709867703889027,5,0
qt,FP,eb93d7b51773b43e6a3e41961898a6033bcd9479,llm_lime,qwen36_27b_local,full,0.2,,2,1.0,0.6,-0.0575564048750123,0.0709867703889027,5,0
qt,FP,eb93d7b51773b43e6a3e41961898a6033bcd9479,llm_lime,qwen36_27b_local,full,0.2,,3,1.0,0.6,-0.0575564048750123,0.0709867703889027,5,0
qt,FP,eb93d7b51773b43e6a3e41961898a6033bcd9479,llm_lime,qwen36_27b_local,full,0.2,,4,1.0,0.6,-0.0580068376575689,0.070536337606346,5,0
qt,FP,eb93d7b51773b43e6a3e41961898a6033bcd9479,llm_lime,qwen36_27b_local,full,0.2,,5,1.0,0.6,-0.0575564048750123,0.0709867703889027,5,0
qt,FN,e6d17c8691bfafa033b82a4d81a9caf4a2fd1b85,llm_lime,qwen36_27b_local,full,0.2,,1,0.6,0.4,0.0154266614687831,0.0426341931527853,5,0
qt,FN,e6d17c8691bfafa033b82a4d81a9caf4a2fd1b85,llm_lime,qwen36_27b_local,full,0.2,,2,0.8,0.6,0.0048060154481371,0.0487688156731223,5,0
qt,FN,e6d17c8691bfafa033b82a4d81a9caf4a2fd1b85,llm_lime,qwen36_27b_local,full,0.2,,3,0.8,0.6,-0.0029323477483551,0.0565071788696146,5,0
qt,FN,e6d17c8691bfafa033b82a4d81a9caf4a2fd1b85,llm_lime,qwen36_27b_local,full,0.2,,4,0.6,0.4,0.0154266614687831,0.0426341931527854,5,0
qt,FN,e6d17c8691bfafa033b82a4d81a9caf4a2fd1b85,llm_lime,qwen36_27b_local,full,0.2,,5,0.8,0.6,-0.0029323477483552,0.0565071788696145,5,0
qt,FN,5303225aef739c534714c1ac1d4dd096f0cc38d0,llm_lime,qwen36_27b_local,full,0.2,,1,0.6,0.8,0.02036102801037,0.0628668310366051,5,0
qt,FN,5303225aef739c534714c1ac1d4dd096f0cc38d0,llm_lime,qwen36_27b_local,full,0.2,,2,0.6,0.8,0.0033666015212101,0.065149747877329,5,0
qt,FN,5303225aef739c534714c1ac1d4dd096f0cc38d0,llm_lime,qwen36_27b_local,full,0.2,,3,0.6,0.8,-0.0029790379127274,0.0588041084433914,5,0
qt,FN,5303225aef739c534714c1ac1d4dd096f0cc38d0,llm_lime,qwen36_27b_local,full,0.2,,4,0.6,0.8,0.02036102801037,0.0628668310366052,5,0
qt,FN,5303225aef739c534714c1ac1d4dd096f0cc38d0,llm_lime,qwen36_27b_local,full,0.2,,5,0.4,1.0,0.0085806875573307,0.0703638339134496,5,0
qt,FN,a69edf01cb0a2a06282dc7b89724ffa542f6546d,llm_lime,qwen36_27b_local,full,0.2,,1,0.6,0.6,-0.0065814698329904,0.0544391362366553,5,0
qt,FN,a69edf01cb0a2a06282dc7b89724ffa542f6546d,llm_lime,qwen36_27b_local,full,0.2,,2,0.8,0.4,-0.0188381920789985,0.0421824139906472,5,0
qt,FN,a69edf01cb0a2a06282dc7b89724ffa542f6546d,llm_lime,qwen36_27b_local,full,0.2,,3,0.8,0.6,-0.0059424778725699,0.0550781281970758,5,0
qt,FN,a69edf01cb0a2a06282dc7b89724ffa542f6546d,llm_lime,qwen36_27b_local,full,0.2,,4,1.0,0.6,-0.0128842929710077,0.0529596464899574,5,0
qt,FN,a69edf01cb0a2a06282dc7b89724ffa542f6546d,llm_lime,qwen36_27b_local,full,0.2,,5,0.8,0.4,-0.0188381920789984,0.0421824139906472,5,0
qt,FP,e58fdbaeb033a801ac7b5dd1f63657b36d6e1305,llm_lime,qwen36_27b_local,full,0.2,,1,1.0,1.0,-0.1898857815970193,0.1898857815970193,5,0
qt,FP,e58fdbaeb033a801ac7b5dd1f63657b36d6e1305,llm_lime,qwen36_27b_local,full,0.2,,2,1.0,1.0,-0.1898857815970192,0.1898857815970192,5,0
qt,FP,e58fdbaeb033a801ac7b5dd1f63657b36d6e1305,llm_lime,qwen36_27b_local,full,0.2,,3,1.0,0.8,-0.1308295560432526,0.1308295560432526,5,0
qt,FP,e58fdbaeb033a801ac7b5dd1f63657b36d6e1305,llm_lime,qwen36_27b_local,full,0.2,,4,1.0,0.8,-0.1308295560432527,0.1308295560432527,5,0
qt,FP,e58fdbaeb033a801ac7b5dd1f63657b36d6e1305,llm_lime,qwen36_27b_local,full,0.2,,5,1.0,1.0,-0.1898857815970193,0.1898857815970193,5,0
qt,TP,d3393ce25833c0afd7f0fa6b85fd6f3bd7ad520a,llm_lime,qwen36_27b_local,full,0.2,,1,1.0,1.0,-0.0840533324518619,0.096997547760363,5,0
qt,TP,d3393ce25833c0afd7f0fa6b85fd6f3bd7ad520a,llm_lime,qwen36_27b_local,full,0.2,,2,1.0,0.8,-0.0947675688457202,0.0947675688457202,5,0
qt,TP,d3393ce25833c0afd7f0fa6b85fd6f3bd7ad520a,llm_lime,qwen36_27b_local,full,0.2,,3,1.0,1.0,-0.1029374604732074,0.1029374604732074,5,0
qt,TP,d3393ce25833c0afd7f0fa6b85fd6f3bd7ad520a,llm_lime,qwen36_27b_local,full,0.2,,4,1.0,0.8,-0.0960938945853138,0.0960938945853138,5,0
qt,TP,d3393ce25833c0afd7f0fa6b85fd6f3bd7ad520a,llm_lime,qwen36_27b_local,full,0.2,,5,0.6,1.0,-0.084053332451862,0.096997547760363,5,0
qt,FN,6486a4bd196ca2bf0047ae80e78eee06e5e18e18,llm_lime,qwen36_27b_local,full,0.2,,1,0.8,0.6,0.0263690928867389,0.0400035822069423,5,0
qt,FN,6486a4bd196ca2bf0047ae80e78eee06e5e18e18,llm_lime,qwen36_27b_local,full,0.2,,2,1.0,1.0,-0.0053147716318767,0.0628539234574946,5,0
qt,FN,6486a4bd196ca2bf0047ae80e78eee06e5e18e18,llm_lime,qwen36_27b_local,full,0.2,,3,0.8,0.6,0.0263690928867389,0.0400035822069423,5,0
qt,FN,6486a4bd196ca2bf0047ae80e78eee06e5e18e18,llm_lime,qwen36_27b_local,full,0.2,,4,0.8,0.6,0.0257865123720155,0.0394210016922189,5,0
qt,FN,6486a4bd196ca2bf0047ae80e78eee06e5e18e18,llm_lime,qwen36_27b_local,full,0.2,,5,0.8,0.6,0.026369092886739,0.0400035822069424,5,0
qt,FP,ddb4fb4c60987ce6e0b9e50de9a5f3a7ff0e8757,llm_lime,qwen36_27b_local,full,0.2,,1,1.0,0.8,-0.0058766361235203,0.0920129783941397,5,0
qt,FP,ddb4fb4c60987ce6e0b9e50de9a5f3a7ff0e8757,llm_lime,qwen36_27b_local,full,0.2,,2,1.0,0.8,-0.0210595897609187,0.0768300247567413,5,0
qt,FP,ddb4fb4c60987ce6e0b9e50de9a5f3a7ff0e8757,llm_lime,qwen36_27b_local,full,0.2,,3,1.0,0.8,-0.0058766361235203,0.0920129783941397,5,0
qt,FP,ddb4fb4c60987ce6e0b9e50de9a5f3a7ff0e8757,llm_lime,qwen36_27b_local,full,0.2,,4,0.8,1.0,-0.0142339914453076,0.0960573376893972,5,0
qt,FP,ddb4fb4c60987ce6e0b9e50de9a5f3a7ff0e8757,llm_lime,qwen36_27b_local,full,0.2,,5,1.0,0.8,-0.0210595897609187,0.0768300247567413,5,0
qt,TP,03a1675eac4baf8c7a6e0602102bbafa3176771c,llm_lime,qwen36_27b_local,full,0.2,,1,0.8,0.6,-0.0242182013646124,0.0687449212524203,5,0
qt,TP,03a1675eac4baf8c7a6e0602102bbafa3176771c,llm_lime,qwen36_27b_local,full,0.2,,2,1.0,0.4,0.0020830826427,0.0424436372451077,5,0
qt,TP,03a1675eac4baf8c7a6e0602102bbafa3176771c,llm_lime,qwen36_27b_local,full,0.2,,3,0.8,0.4,0.0020830826427,0.0424436372451078,5,0
qt,TP,03a1675eac4baf8c7a6e0602102bbafa3176771c,llm_lime,qwen36_27b_local,full,0.2,,4,1.0,0.6,-0.0242182013646124,0.0687449212524203,5,0
qt,TP,03a1675eac4baf8c7a6e0602102bbafa3176771c,llm_lime,qwen36_27b_local,full,0.2,,5,0.8,0.6,-0.0242182013646124,0.0687449212524203,5,0
qt,FP,36997810d9fec492635152be89efaa55208e224a,llm_lime,qwen36_27b_local,full,0.2,,1,0.6,0.4,-0.0214325725555816,0.0380337523281899,5,0
qt,FP,36997810d9fec492635152be89efaa55208e224a,llm_lime,qwen36_27b_local,full,0.2,,2,0.6,0.4,-0.0543218555820053,0.0543218555820053,5,0
qt,FP,36997810d9fec492635152be89efaa55208e224a,llm_lime,qwen36_27b_local,full,0.2,,3,0.6,0.4,-0.0234117297429321,0.0400129095155404,5,0
qt,FP,36997810d9fec492635152be89efaa55208e224a,llm_lime,qwen36_27b_local,full,0.2,,4,0.8,0.8,-0.0788834975115044,0.0954846772841127,5,0
qt,FP,36997810d9fec492635152be89efaa55208e224a,llm_lime,qwen36_27b_local,full,0.2,,5,0.6,0.6,-0.0415860865890935,0.0581872663617018,5,0
qt,TN,4f4ad7c262ce4723417efa14c4d3fdb875be53d0,llm_lime,qwen36_27b_local,full,0.2,,1,0.6,0.8,-0.0374935838875075,0.0448517305608109,5,0
qt,TN,4f4ad7c262ce4723417efa14c4d3fdb875be53d0,llm_lime,qwen36_27b_local,full,0.2,,2,0.8,0.6,-0.0240512510290008,0.0375728943628104,5,0
qt,TN,4f4ad7c262ce4723417efa14c4d3fdb875be53d0,llm_lime,qwen36_27b_local,full,0.2,,3,0.6,0.8,-0.0469560597187398,0.0469560597187398,5,0
qt,TN,4f4ad7c262ce4723417efa14c4d3fdb875be53d0,llm_lime,qwen36_27b_local,full,0.2,,4,0.6,0.8,-0.0469560597187398,0.0469560597187398,5,0
qt,TN,4f4ad7c262ce4723417efa14c4d3fdb875be53d0,llm_lime,qwen36_27b_local,full,0.2,,5,1.0,0.6,-0.0319808184186864,0.0412101319622857,5,0
qt,TP,a50911bc0bfca1185e99ce6638fbf03cf592789d,llm_lime,qwen36_27b_local,full,0.2,,1,1.0,0.8,-0.0270792541595397,0.0740794654640436,5,0
qt,TP,a50911bc0bfca1185e99ce6638fbf03cf592789d,llm_lime,qwen36_27b_local,full,0.2,,2,1.0,0.8,-0.0398491522771746,0.0613095673464088,5,0
qt,TP,a50911bc0bfca1185e99ce6638fbf03cf592789d,llm_lime,qwen36_27b_local,full,0.2,,3,1.0,0.8,-0.0398491522771746,0.0613095673464088,5,0
qt,TP,a50911bc0bfca1185e99ce6638fbf03cf592789d,llm_lime,qwen36_27b_local,full,0.2,,4,1.0,0.8,-0.0270792541595397,0.0740794654640436,5,0
qt,TP,a50911bc0bfca1185e99ce6638fbf03cf592789d,llm_lime,qwen36_27b_local,full,0.2,,5,1.0,0.8,-0.0344642791435127,0.0624610603508102,5,0
qt,TP,bb199cc8ad4111808260f6255312b08c7d81dcbc,llm_lime,qwen36_27b_local,full,0.2,,1,0.8,0.6,-0.0686323641477857,0.0831600055731451,5,0
qt,TP,bb199cc8ad4111808260f6255312b08c7d81dcbc,llm_lime,qwen36_27b_local,full,0.2,,2,0.8,0.6,-0.0686323641477857,0.0831600055731451,5,0
qt,TP,bb199cc8ad4111808260f6255312b08c7d81dcbc,llm_lime,qwen36_27b_local,full,0.2,,3,0.8,0.6,-0.0686323641477857,0.083160005573145,5,0
qt,TP,bb199cc8ad4111808260f6255312b08c7d81dcbc,llm_lime,qwen36_27b_local,full,0.2,,4,0.8,0.6,-0.0686323641477857,0.0831600055731451,5,0
qt,TP,bb199cc8ad4111808260f6255312b08c7d81dcbc,llm_lime,qwen36_27b_local,full,0.2,,5,0.8,0.6,-0.0686323641477857,0.0831600055731451,5,0
qt,FP,6a91dcba2e4fa85dc345c2d403c757ab7676e28c,llm_lime,qwen36_27b_local,full,0.2,,1,1.0,0.6,-0.0483424940766376,0.0602665935554707,5,0
qt,FP,6a91dcba2e4fa85dc345c2d403c757ab7676e28c,llm_lime,qwen36_27b_local,full,0.2,,2,1.0,0.6,-0.0483424940766376,0.0602665935554707,5,0
qt,FP,6a91dcba2e4fa85dc345c2d403c757ab7676e28c,llm_lime,qwen36_27b_local,full,0.2,,3,1.0,0.6,-0.0483424940766376,0.0602665935554707,5,0
qt,FP,6a91dcba2e4fa85dc345c2d403c757ab7676e28c,llm_lime,qwen36_27b_local,full,0.2,,4,1.0,0.6,-0.0483424940766376,0.0602665935554707,5,0
qt,FP,6a91dcba2e4fa85dc345c2d403c757ab7676e28c,llm_lime,qwen36_27b_local,full,0.2,,5,1.0,0.6,-0.0483424940766376,0.0602665935554708,5,0
qt,TN,e38a98ad4453974b2848eeed02d81e0c408ce0c6,llm_lime,qwen36_27b_local,full,0.2,,1,1.0,0.4,0.0020609352201352,0.0326637232694731,5,0
qt,TN,e38a98ad4453974b2848eeed02d81e0c408ce0c6,llm_lime,qwen36_27b_local,full,0.2,,2,1.0,0.4,0.0020609352201352,0.0326637232694731,5,0
qt,TN,e38a98ad4453974b2848eeed02d81e0c408ce0c6,llm_lime,qwen36_27b_local,full,0.2,,3,1.0,0.4,0.0020609352201352,0.0326637232694731,5,0
qt,TN,e38a98ad4453974b2848eeed02d81e0c408ce0c6,llm_lime,qwen36_27b_local,full,0.2,,4,1.0,0.4,0.0020609352201352,0.0326637232694731,5,0
qt,TN,e38a98ad4453974b2848eeed02d81e0c408ce0c6,llm_lime,qwen36_27b_local,full,0.2,,5,1.0,0.4,0.0020609352201352,0.0326637232694732,5,0
qt,FP,1c6d5b0696f324495e95a12f7718ae7593c9b58a,llm_lime,qwen36_27b_local,full,0.2,,1,1.0,0.8,-0.1283141639628475,0.1300230466767722,5,0
qt,FP,1c6d5b0696f324495e95a12f7718ae7593c9b58a,llm_lime,qwen36_27b_local,full,0.2,,2,0.8,0.8,-0.0971124005007457,0.0988212832146704,5,0
qt,FP,1c6d5b0696f324495e95a12f7718ae7593c9b58a,llm_lime,qwen36_27b_local,full,0.2,,3,1.0,0.8,-0.1283141639628475,0.1300230466767722,5,0
qt,FP,1c6d5b0696f324495e95a12f7718ae7593c9b58a,llm_lime,qwen36_27b_local,full,0.2,,4,0.8,0.8,-0.1266427544200094,0.128351637133934,5,0
qt,FP,1c6d5b0696f324495e95a12f7718ae7593c9b58a,llm_lime,qwen36_27b_local,full,0.2,,5,1.0,0.8,-0.1283141639628475,0.1300230466767722,5,0
qt,FP,cd542a82b0c2d5c9a4ea167a84e5ea8a25c5d969,llm_lime,qwen36_27b_local,full,0.2,,1,1.0,0.6,-0.0557906867987024,0.0570790175156046,5,0
qt,FP,cd542a82b0c2d5c9a4ea167a84e5ea8a25c5d969,llm_lime,qwen36_27b_local,full,0.2,,2,1.0,0.6,-0.052870495645318,0.059999208668989,5,0
qt,FP,cd542a82b0c2d5c9a4ea167a84e5ea8a25c5d969,llm_lime,qwen36_27b_local,full,0.2,,3,1.0,0.6,-0.052870495645318,0.059999208668989,5,0
qt,FP,cd542a82b0c2d5c9a4ea167a84e5ea8a25c5d969,llm_lime,qwen36_27b_local,full,0.2,,4,1.0,0.8,-0.0745045595211444,0.0757928902380466,5,0
qt,FP,cd542a82b0c2d5c9a4ea167a84e5ea8a25c5d969,llm_lime,qwen36_27b_local,full,0.2,,5,1.0,0.6,-0.0557906867987024,0.0570790175156046,5,0
qt,TP,b254b03dc3b1cfcfc5f17158d2470e0a9a946a0e,llm_lime,qwen36_27b_local,full,0.2,,1,1.0,1.0,-0.1251944822035041,0.1251944822035041,5,0
qt,TP,b254b03dc3b1cfcfc5f17158d2470e0a9a946a0e,llm_lime,qwen36_27b_local,full,0.2,,2,1.0,0.8,-0.1043672532294706,0.1062447257569431,5,0
qt,TP,b254b03dc3b1cfcfc5f17158d2470e0a9a946a0e,llm_lime,qwen36_27b_local,full,0.2,,3,0.8,0.8,-0.0998457266199368,0.1017231991474093,5,0
qt,TP,b254b03dc3b1cfcfc5f17158d2470e0a9a946a0e,llm_lime,qwen36_27b_local,full,0.2,,4,0.8,0.8,-0.1087402112238571,0.1087402112238571,5,0
qt,TP,b254b03dc3b1cfcfc5f17158d2470e0a9a946a0e,llm_lime,qwen36_27b_local,full,0.2,,5,1.0,0.8,-0.1114701101469892,0.1133475826744617,5,0
qt,TP,1a7bc520c5df4da80b7e65acbec1f546f9c87870,llm_lime,qwen36_27b_local,full,0.2,,1,0.8,0.6,-0.0992673751696272,0.0992673751696272,5,0
qt,TP,1a7bc520c5df4da80b7e65acbec1f546f9c87870,llm_lime,qwen36_27b_local,full,0.2,,2,0.8,0.6,-0.0979454364035491,0.0979454364035491,5,0
qt,TP,1a7bc520c5df4da80b7e65acbec1f546f9c87870,llm_lime,qwen36_27b_local,full,0.2,,3,0.8,0.6,-0.0992673751696272,0.0992673751696272,5,0
qt,TP,1a7bc520c5df4da80b7e65acbec1f546f9c87870,llm_lime,qwen36_27b_local,full,0.2,,4,0.8,0.6,-0.0879044428640928,0.0879044428640928,5,0
qt,TP,1a7bc520c5df4da80b7e65acbec1f546f9c87870,llm_lime,qwen36_27b_local,full,0.2,,5,0.8,0.6,-0.0979454364035491,0.0979454364035491,5,0
qt,FN,5629823b05ca7d24924ac879b5a0469a3cb03e78,llm_lime,qwen36_27b_local,full,0.2,,1,1.0,0.6,-0.051682774425777,0.0672655475873243,5,0
qt,FN,5629823b05ca7d24924ac879b5a0469a3cb03e78,llm_lime,qwen36_27b_local,full,0.2,,2,1.0,0.6,-0.051682774425777,0.0672655475873243,5,0
qt,FN,5629823b05ca7d24924ac879b5a0469a3cb03e78,llm_lime,qwen36_27b_local,full,0.2,,3,1.0,0.6,-0.0632097739672106,0.0643340550252525,5,0
qt,FN,5629823b05ca7d24924ac879b5a0469a3cb03e78,llm_lime,qwen36_27b_local,full,0.2,,4,1.0,0.6,-0.051682774425777,0.0672655475873243,5,0
qt,FN,5629823b05ca7d24924ac879b5a0469a3cb03e78,llm_lime,qwen36_27b_local,full,0.2,,5,1.0,0.6,-0.051682774425777,0.0672655475873243,5,0
qt,TN,9b54447e453e2cb7b7375e2c6104b2595ab1594e,llm_lime,qwen36_27b_local,full,0.2,,1,0.8,0.6,-0.0494001082851658,0.0494001082851658,5,0
qt,TN,9b54447e453e2cb7b7375e2c6104b2595ab1594e,llm_lime,qwen36_27b_local,full,0.2,,2,0.8,0.6,-0.0456405363039993,0.0456405363039993,5,0
qt,TN,9b54447e453e2cb7b7375e2c6104b2595ab1594e,llm_lime,qwen36_27b_local,full,0.2,,3,0.8,0.6,-0.0557259397660834,0.0557259397660834,5,0
qt,TN,9b54447e453e2cb7b7375e2c6104b2595ab1594e,llm_lime,qwen36_27b_local,full,0.2,,4,1.0,0.4,-0.0348113786379885,0.0442758327302622,5,0
qt,TN,9b54447e453e2cb7b7375e2c6104b2595ab1594e,llm_lime,qwen36_27b_local,full,0.2,,5,0.8,0.6,-0.0557259397660834,0.0557259397660834,5,0
qt,FP,3981a1f440914e8108af3d854a1b01dd596a8a0e,llm_lime,qwen36_27b_local,full,0.2,,1,0.8,0.6,-0.0608547580078869,0.116964285333504,5,0
qt,FP,3981a1f440914e8108af3d854a1b01dd596a8a0e,llm_lime,qwen36_27b_local,full,0.2,,2,0.8,0.6,-0.0608547580078869,0.116964285333504,5,0
qt,FP,3981a1f440914e8108af3d854a1b01dd596a8a0e,llm_lime,qwen36_27b_local,full,0.2,,3,0.8,0.8,-0.0556491318339627,0.1221699115074282,5,0
qt,FP,3981a1f440914e8108af3d854a1b01dd596a8a0e,llm_lime,qwen36_27b_local,full,0.2,,4,0.8,0.6,-0.0608547580078869,0.116964285333504,5,0
qt,FP,3981a1f440914e8108af3d854a1b01dd596a8a0e,llm_lime,qwen36_27b_local,full,0.2,,5,1.0,0.6,-0.0608547580078869,0.116964285333504,5,0
qt,TN,4331ccd4b735d9d721a384193a3d42ee2ce6c805,llm_lime,qwen36_27b_local,full,0.2,,1,0.8,0.8,-0.0206739662913396,0.0485719429412576,5,0
qt,TN,4331ccd4b735d9d721a384193a3d42ee2ce6c805,llm_lime,qwen36_27b_local,full,0.2,,2,0.8,0.8,-0.0206739662913396,0.0485719429412575,5,0
qt,TN,4331ccd4b735d9d721a384193a3d42ee2ce6c805,llm_lime,qwen36_27b_local,full,0.2,,3,1.0,0.6,-0.0305936376553639,0.045570760111583,5,0
qt,TN,4331ccd4b735d9d721a384193a3d42ee2ce6c805,llm_lime,qwen36_27b_local,full,0.2,,4,0.8,0.6,-0.030593637655364,0.0455707601115831,5,0
qt,TN,4331ccd4b735d9d721a384193a3d42ee2ce6c805,llm_lime,qwen36_27b_local,full,0.2,,5,0.8,0.8,-0.0206739662913396,0.0485719429412576,5,0
qt,TP,afbb57ae84ecbee5fab9eb6e58356b19d7995ea5,llm_lime,qwen36_27b_local,full,0.2,,1,1.0,0.8,-0.1410063176075221,0.1434035489476107,5,0
qt,TP,afbb57ae84ecbee5fab9eb6e58356b19d7995ea5,llm_lime,qwen36_27b_local,full,0.2,,2,1.0,0.8,-0.1410063176075221,0.1434035489476107,5,0
qt,TP,afbb57ae84ecbee5fab9eb6e58356b19d7995ea5,llm_lime,qwen36_27b_local,full,0.2,,3,1.0,1.0,-0.1758491378824853,0.1758491378824853,5,0
qt,TP,afbb57ae84ecbee5fab9eb6e58356b19d7995ea5,llm_lime,qwen36_27b_local,full,0.2,,4,1.0,0.8,-0.1410063176075221,0.1434035489476107,5,0
qt,TP,afbb57ae84ecbee5fab9eb6e58356b19d7995ea5,llm_lime,qwen36_27b_local,full,0.2,,5,1.0,0.8,-0.1410063176075222,0.1434035489476107,5,0
qt,TP,17513266b81e88b84fda250734f07c94a198fabc,llm_lime,qwen36_27b_local,full,0.2,,1,0.8,0.8,-0.0869820085395356,0.0869820085395356,5,0
qt,TP,17513266b81e88b84fda250734f07c94a198fabc,llm_lime,qwen36_27b_local,full,0.2,,2,1.0,0.8,-0.0869820085395356,0.0869820085395356,5,0
qt,TP,17513266b81e88b84fda250734f07c94a198fabc,llm_lime,qwen36_27b_local,full,0.2,,3,0.8,0.8,-0.0869820085395356,0.0869820085395356,5,0
qt,TP,17513266b81e88b84fda250734f07c94a198fabc,llm_lime,qwen36_27b_local,full,0.2,,4,0.8,0.8,-0.0869820085395355,0.0869820085395355,5,0
qt,TP,17513266b81e88b84fda250734f07c94a198fabc,llm_lime,qwen36_27b_local,full,0.2,,5,0.8,0.8,-0.0869820085395356,0.0869820085395356,5,0
qt,FN,cdbc4b83d59e08189d6ece9ccd88a646be155c08,llm_lime,qwen36_27b_local,full,0.2,,1,1.0,0.6,-0.0408980772919208,0.0408980772919208,5,0
qt,FN,cdbc4b83d59e08189d6ece9ccd88a646be155c08,llm_lime,qwen36_27b_local,full,0.2,,2,1.0,0.6,-0.0408980772919208,0.0408980772919208,5,0
qt,FN,cdbc4b83d59e08189d6ece9ccd88a646be155c08,llm_lime,qwen36_27b_local,full,0.2,,3,0.8,0.6,-0.0283809997020524,0.0320932446000115,5,0
qt,FN,cdbc4b83d59e08189d6ece9ccd88a646be155c08,llm_lime,qwen36_27b_local,full,0.2,,4,0.8,0.4,-0.0319995841184276,0.0357118290163867,5,0
qt,FN,cdbc4b83d59e08189d6ece9ccd88a646be155c08,llm_lime,qwen36_27b_local,full,0.2,,5,1.0,0.6,-0.0350409683048781,0.0350409683048781,5,0
qt,FP,753c744b23abfecad6463890dfdf6e97c7eeaa5c,llm_lime,qwen36_27b_local,full,0.2,,1,1.0,0.8,0.0078994162351762,0.1153655919141339,5,0
qt,FP,753c744b23abfecad6463890dfdf6e97c7eeaa5c,llm_lime,qwen36_27b_local,full,0.2,,2,1.0,0.8,0.0078994162351762,0.115365591914134,5,0
qt,FP,753c744b23abfecad6463890dfdf6e97c7eeaa5c,llm_lime,qwen36_27b_local,full,0.2,,3,1.0,0.8,0.0078994162351762,0.115365591914134,5,0
qt,FP,753c744b23abfecad6463890dfdf6e97c7eeaa5c,llm_lime,qwen36_27b_local,full,0.2,,4,1.0,0.8,0.0078994162351762,0.115365591914134,5,0
qt,FP,753c744b23abfecad6463890dfdf6e97c7eeaa5c,llm_lime,qwen36_27b_local,full,0.2,,5,1.0,0.8,0.0078994162351762,0.115365591914134,5,0
qt,TP,a4f8b9ae6dfacf9ad5c190cde6098ebf13102f41,llm_lime,qwen36_27b_local,full,0.2,,1,1.0,0.8,-0.01864927310941,0.0781365574907725,5,0
qt,TP,a4f8b9ae6dfacf9ad5c190cde6098ebf13102f41,llm_lime,qwen36_27b_local,full,0.2,,2,1.0,0.6,-0.0210610374440537,0.0757247931561288,5,0
qt,TP,a4f8b9ae6dfacf9ad5c190cde6098ebf13102f41,llm_lime,qwen36_27b_local,full,0.2,,3,1.0,0.6,-0.0210610374440537,0.0757247931561288,5,0
qt,TP,a4f8b9ae6dfacf9ad5c190cde6098ebf13102f41,llm_lime,qwen36_27b_local,full,0.2,,4,1.0,0.8,-0.0172990875806531,0.0794867430195294,5,0
qt,TP,a4f8b9ae6dfacf9ad5c190cde6098ebf13102f41,llm_lime,qwen36_27b_local,full,0.2,,5,1.0,0.8,-0.01864927310941,0.0781365574907724,5,0
qt,TP,fca89004d75412dd378cc44ad79ed3c1e05c765b,llm_lime,qwen36_27b_local,full,0.2,,1,1.0,0.8,-0.042650971923451,0.0836020005866644,5,0
qt,TP,fca89004d75412dd378cc44ad79ed3c1e05c765b,llm_lime,qwen36_27b_local,full,0.2,,2,1.0,0.8,-0.0151826443400613,0.0950098862310407,5,0
qt,TP,fca89004d75412dd378cc44ad79ed3c1e05c765b,llm_lime,qwen36_27b_local,full,0.2,,3,1.0,0.8,-0.0151826443400614,0.0950098862310406,5,0
qt,TP,fca89004d75412dd378cc44ad79ed3c1e05c765b,llm_lime,qwen36_27b_local,full,0.2,,4,1.0,0.8,-0.042650971923451,0.0836020005866644,5,0
qt,TP,fca89004d75412dd378cc44ad79ed3c1e05c765b,llm_lime,qwen36_27b_local,full,0.2,,5,1.0,0.8,-0.042650971923451,0.0836020005866644,5,0
qt,FP,3d3ce2afe1937531f5fdc2af56697e93133e6d98,llm_lofo,qwen36_27b_local,full,0.2,,1,0.8,0.8,-0.0190174341985597,0.0828607385132927,5,0
qt,FP,3d3ce2afe1937531f5fdc2af56697e93133e6d98,llm_lofo,qwen36_27b_local,full,0.2,,2,0.8,0.8,-0.0190174341985597,0.0828607385132927,5,0
qt,FP,3d3ce2afe1937531f5fdc2af56697e93133e6d98,llm_lofo,qwen36_27b_local,full,0.2,,3,0.8,0.8,-0.0458360869743553,0.0794268557294098,5,0
qt,FP,3d3ce2afe1937531f5fdc2af56697e93133e6d98,llm_lofo,qwen36_27b_local,full,0.2,,4,0.8,0.8,-0.0190174341985597,0.0828607385132927,5,0
qt,FP,3d3ce2afe1937531f5fdc2af56697e93133e6d98,llm_lofo,qwen36_27b_local,full,0.2,,5,0.8,0.8,-0.0190174341985597,0.0828607385132927,5,0
qt,TN,eb5994df1307b2e17e729374e1f7ab1c8fe82750,llm_lofo,qwen36_27b_local,full,0.2,,1,0.8,0.6,-0.0479792214328618,0.0479792214328618,5,0
qt,TN,eb5994df1307b2e17e729374e1f7ab1c8fe82750,llm_lofo,qwen36_27b_local,full,0.2,,2,0.8,0.6,-0.0479792214328618,0.0479792214328618,5,0
qt,TN,eb5994df1307b2e17e729374e1f7ab1c8fe82750,llm_lofo,qwen36_27b_local,full,0.2,,3,0.8,0.6,-0.0479792214328618,0.0479792214328618,5,0
qt,TN,eb5994df1307b2e17e729374e1f7ab1c8fe82750,llm_lofo,qwen36_27b_local,full,0.2,,4,0.8,0.6,-0.0479792214328618,0.0479792214328618,5,0
qt,TN,eb5994df1307b2e17e729374e1f7ab1c8fe82750,llm_lofo,qwen36_27b_local,full,0.2,,5,0.8,0.6,-0.0479792214328618,0.0479792214328618,5,0
qt,FN,2ad213cc02094e003802530757fa4010720a22e6,llm_lofo,qwen36_27b_local,full,0.2,,1,1.0,0.4,-0.014668565195677,0.0225479946708164,5,0
qt,FN,2ad213cc02094e003802530757fa4010720a22e6,llm_lofo,qwen36_27b_local,full,0.2,,2,1.0,0.4,-0.006659728234319,0.0241826951244244,5,0
qt,FN,2ad213cc02094e003802530757fa4010720a22e6,llm_lofo,qwen36_27b_local,full,0.2,,3,1.0,0.2,0.0049374313067148,0.0168212046762025,5,0
qt,FN,2ad213cc02094e003802530757fa4010720a22e6,llm_lofo,qwen36_27b_local,full,0.2,,4,1.0,0.4,-0.0014311128021321,0.0231897487850495,5,0
qt,FN,2ad213cc02094e003802530757fa4010720a22e6,llm_lofo,qwen36_27b_local,full,0.2,,5,1.0,0.2,-0.00830002108683,0.0161794505619694,5,0
qt,TP,256bbc4f139036a780a63b80af8bb461a77d333a,llm_lofo,qwen36_27b_local,full,0.2,,1,1.0,1.0,-0.1595279925126436,0.1595279925126436,5,0
qt,TP,256bbc4f139036a780a63b80af8bb461a77d333a,llm_lofo,qwen36_27b_local,full,0.2,,2,1.0,1.0,-0.1595279925126436,0.1595279925126436,5,0
qt,TP,256bbc4f139036a780a63b80af8bb461a77d333a,llm_lofo,qwen36_27b_local,full,0.2,,3,1.0,1.0,-0.1595279925126436,0.1595279925126436,5,0
qt,TP,256bbc4f139036a780a63b80af8bb461a77d333a,llm_lofo,qwen36_27b_local,full,0.2,,4,1.0,1.0,-0.1226993830268911,0.1589445426291937,5,0
qt,TP,256bbc4f139036a780a63b80af8bb461a77d333a,llm_lofo,qwen36_27b_local,full,0.2,,5,1.0,1.0,-0.1226993830268912,0.1589445426291937,5,0
qt,TP,ae292be8690109940fdd9862321b2389a0957404,llm_lofo,qwen36_27b_local,full,0.2,,1,1.0,1.0,-0.1842344674132183,0.1842344674132183,5,0
qt,TP,ae292be8690109940fdd9862321b2389a0957404,llm_lofo,qwen36_27b_local,full,0.2,,2,1.0,1.0,-0.1842344674132183,0.1842344674132183,5,0
qt,TP,ae292be8690109940fdd9862321b2389a0957404,llm_lofo,qwen36_27b_local,full,0.2,,3,1.0,1.0,-0.1842344674132183,0.1842344674132183,5,0
qt,TP,ae292be8690109940fdd9862321b2389a0957404,llm_lofo,qwen36_27b_local,full,0.2,,4,1.0,1.0,-0.1842344674132183,0.1842344674132183,5,0
qt,TP,ae292be8690109940fdd9862321b2389a0957404,llm_lofo,qwen36_27b_local,full,0.2,,5,1.0,1.0,-0.1842344674132183,0.1842344674132183,5,0
qt,FN,3786411f7f8770f28ba2a97cb646a0eb7a5eaa99,llm_lofo,qwen36_27b_local,full,0.2,,1,0.6,0.4,0.0004509816574493,0.0353593544067612,5,0
qt,FN,3786411f7f8770f28ba2a97cb646a0eb7a5eaa99,llm_lofo,qwen36_27b_local,full,0.2,,2,0.6,0.4,0.0004509816574492,0.0353593544067613,5,0
qt,FN,3786411f7f8770f28ba2a97cb646a0eb7a5eaa99,llm_lofo,qwen36_27b_local,full,0.2,,3,0.6,0.6,0.0083348924657468,0.0432432652150589,5,0
qt,FN,3786411f7f8770f28ba2a97cb646a0eb7a5eaa99,llm_lofo,qwen36_27b_local,full,0.2,,4,0.8,0.4,-0.002212782398334,0.0379977352344389,5,0
qt,FN,3786411f7f8770f28ba2a97cb646a0eb7a5eaa99,llm_lofo,qwen36_27b_local,full,0.2,,5,0.8,0.4,0.0095931930605538,0.0379434640737518,5,0
qt,FP,8835c0376befd009702b9a17c506639e31c842b9,llm_lofo,qwen36_27b_local,full,0.2,,1,0.8,1.0,-0.0949506405818089,0.16008227323487,5,0
qt,FP,8835c0376befd009702b9a17c506639e31c842b9,llm_lofo,qwen36_27b_local,full,0.2,,2,0.8,0.8,-0.1131963296671596,0.1418365841495192,5,0
qt,FP,8835c0376befd009702b9a17c506639e31c842b9,llm_lofo,qwen36_27b_local,full,0.2,,3,0.8,1.0,-0.0949506405818089,0.1600822732348699,5,0
qt,FP,8835c0376befd009702b9a17c506639e31c842b9,llm_lofo,qwen36_27b_local,full,0.2,,4,0.8,0.8,-0.1131963296671596,0.1418365841495193,5,0
qt,FP,8835c0376befd009702b9a17c506639e31c842b9,llm_lofo,qwen36_27b_local,full,0.2,,5,0.8,0.8,-0.1222669740060597,0.1431492869312297,5,0
qt,FN,9e99dba4a22bbf212b3e6d1e2607a16dbbd04d90,llm_lofo,qwen36_27b_local,full,0.2,,1,0.8,0.4,0.0509033998426308,0.061810325829809,5,0
qt,FN,9e99dba4a22bbf212b3e6d1e2607a16dbbd04d90,llm_lofo,qwen36_27b_local,full,0.2,,2,1.0,0.6,0.064943387417439,0.0722769538510056,5,0
qt,FN,9e99dba4a22bbf212b3e6d1e2607a16dbbd04d90,llm_lofo,qwen36_27b_local,full,0.2,,3,0.8,0.4,0.0509033998426308,0.061810325829809,5,0
qt,FN,9e99dba4a22bbf212b3e6d1e2607a16dbbd04d90,llm_lofo,qwen36_27b_local,full,0.2,,4,0.8,0.4,0.053286276279919,0.0606198427134856,5,0
qt,FN,9e99dba4a22bbf212b3e6d1e2607a16dbbd04d90,llm_lofo,qwen36_27b_local,full,0.2,,5,0.75,0.25,0.0408404817611066,0.0544741392450794,4,0
qt,FN,f506e01665c9bf689887ccf057a03588829efeea,llm_lofo,qwen36_27b_local,full,0.2,,1,0.8,0.4,-0.0249453562838458,0.0331851176429351,5,0
qt,FN,f506e01665c9bf689887ccf057a03588829efeea,llm_lofo,qwen36_27b_local,full,0.2,,2,0.8,0.8,-0.0533639366935585,0.0533639366935585,5,0
qt,FN,f506e01665c9bf689887ccf057a03588829efeea,llm_lofo,qwen36_27b_local,full,0.2,,3,0.8,0.8,-0.0533639366935584,0.0533639366935584,5,0
qt,FN,f506e01665c9bf689887ccf057a03588829efeea,llm_lofo,qwen36_27b_local,full,0.2,,4,0.8,0.4,-0.0236409808973276,0.0318807422564168,5,0
qt,FN,f506e01665c9bf689887ccf057a03588829efeea,llm_lofo,qwen36_27b_local,full,0.2,,5,0.8,0.4,-0.0249453562838458,0.0331851176429351,5,0
qt,TP,fa7626713b3a943609453459190e16c49d61dfd3,llm_lofo,qwen36_27b_local,full,0.2,,1,0.8,0.4,-0.0669978091620702,0.068569029763415,5,0
qt,TP,fa7626713b3a943609453459190e16c49d61dfd3,llm_lofo,qwen36_27b_local,full,0.2,,2,0.8,0.4,-0.0733007892646743,0.0748720098660192,5,0
qt,TP,fa7626713b3a943609453459190e16c49d61dfd3,llm_lofo,qwen36_27b_local,full,0.2,,3,0.8,0.6,-0.0848263562878222,0.0848263562878222,5,0
qt,TP,fa7626713b3a943609453459190e16c49d61dfd3,llm_lofo,qwen36_27b_local,full,0.2,,4,1.0,0.6,-0.0141832898036185,0.0373151079854367,5,0
qt,TP,fa7626713b3a943609453459190e16c49d61dfd3,llm_lofo,qwen36_27b_local,full,0.2,,5,0.8,0.6,-0.0848263562878223,0.0848263562878223,5,0
qt,FP,093064fdeb6e777d2dc88dbb4f4adb8fddac3aa5,llm_lofo,qwen36_27b_local,full,0.2,,1,1.0,1.0,-0.2489962160173832,0.2489962160173832,5,0
qt,FP,093064fdeb6e777d2dc88dbb4f4adb8fddac3aa5,llm_lofo,qwen36_27b_local,full,0.2,,2,1.0,1.0,-0.2173861058894159,0.2173861058894159,5,0
qt,FP,093064fdeb6e777d2dc88dbb4f4adb8fddac3aa5,llm_lofo,qwen36_27b_local,full,0.2,,3,1.0,1.0,-0.2489962160173832,0.2489962160173832,5,0
qt,FP,093064fdeb6e777d2dc88dbb4f4adb8fddac3aa5,llm_lofo,qwen36_27b_local,full,0.2,,4,1.0,1.0,-0.2181352871003618,0.2181352871003618,5,0
qt,FP,093064fdeb6e777d2dc88dbb4f4adb8fddac3aa5,llm_lofo,qwen36_27b_local,full,0.2,,5,1.0,1.0,-0.2489962160173832,0.2489962160173832,5,0
qt,TP,da8ace713a19d2a8c9831ddf50d17607bc4856cc,llm_lofo,qwen36_27b_local,full,0.2,,1,1.0,0.8,-0.0838826680384912,0.1144570565898984,5,0
qt,TP,da8ace713a19d2a8c9831ddf50d17607bc4856cc,llm_lofo,qwen36_27b_local,full,0.2,,2,1.0,0.8,-0.0838826680384911,0.1144570565898984,5,0
qt,TP,da8ace713a19d2a8c9831ddf50d17607bc4856cc,llm_lofo,qwen36_27b_local,full,0.2,,3,1.0,0.8,-0.0838826680384912,0.1144570565898984,5,0
qt,TP,da8ace713a19d2a8c9831ddf50d17607bc4856cc,llm_lofo,qwen36_27b_local,full,0.2,,4,1.0,1.0,-0.1052704669263906,0.1358448554777978,5,0
qt,TP,da8ace713a19d2a8c9831ddf50d17607bc4856cc,llm_lofo,qwen36_27b_local,full,0.2,,5,1.0,0.8,-0.1271608472690895,0.1271608472690895,5,0
qt,FP,08cfd02312d21391c956b8bf50ab7d6caa0d8082,llm_lofo,qwen36_27b_local,full,0.2,,1,0.6,0.8,-0.0801463228353543,0.1111853290672176,5,0
qt,FP,08cfd02312d21391c956b8bf50ab7d6caa0d8082,llm_lofo,qwen36_27b_local,full,0.2,,2,0.6,1.0,-0.0508107305704764,0.1358969738510051,5,0
qt,FP,08cfd02312d21391c956b8bf50ab7d6caa0d8082,llm_lofo,qwen36_27b_local,full,0.2,,3,0.8,0.8,-0.0682159301492369,0.1222631671979023,5,0
qt,FP,08cfd02312d21391c956b8bf50ab7d6caa0d8082,llm_lofo,qwen36_27b_local,full,0.2,,4,0.6,0.8,-0.079720045557638,0.1107590517895012,5,0
qt,FP,08cfd02312d21391c956b8bf50ab7d6caa0d8082,llm_lofo,qwen36_27b_local,full,0.2,,5,0.6,0.8,-0.079720045557638,0.1107590517895012,5,0
qt,FP,a02b371eb2f34bf198c95cf0caa1fbad639f96bb,llm_lofo,qwen36_27b_local,full,0.2,,1,1.0,0.6,-0.0521504819115721,0.0701892621789237,5,0
qt,FP,a02b371eb2f34bf198c95cf0caa1fbad639f96bb,llm_lofo,qwen36_27b_local,full,0.2,,2,1.0,0.6,-0.0521504819115721,0.0701892621789237,5,0
qt,FP,a02b371eb2f34bf198c95cf0caa1fbad639f96bb,llm_lofo,qwen36_27b_local,full,0.2,,3,1.0,0.6,-0.0521504819115721,0.0701892621789238,5,0
qt,FP,a02b371eb2f34bf198c95cf0caa1fbad639f96bb,llm_lofo,qwen36_27b_local,full,0.2,,4,0.8,0.6,-0.0522044559487394,0.070243236216091,5,0
qt,FP,a02b371eb2f34bf198c95cf0caa1fbad639f96bb,llm_lofo,qwen36_27b_local,full,0.2,,5,1.0,0.6,-0.0521504819115721,0.0701892621789237,5,0
qt,TN,5cb54cb5ebae99fab121061e25e26eec3056203a,llm_lofo,qwen36_27b_local,full,0.2,,1,0.8,0.8,0.0644948709656881,0.0644948709656881,5,0
qt,TN,5cb54cb5ebae99fab121061e25e26eec3056203a,llm_lofo,qwen36_27b_local,full,0.2,,2,1.0,0.8,0.0701753666441407,0.0701753666441407,5,0
qt,TN,5cb54cb5ebae99fab121061e25e26eec3056203a,llm_lofo,qwen36_27b_local,full,0.2,,3,1.0,1.0,0.0547601616529445,0.0722441359419608,5,0
qt,TN,5cb54cb5ebae99fab121061e25e26eec3056203a,llm_lofo,qwen36_27b_local,full,0.2,,4,1.0,0.8,0.0701753666441407,0.0701753666441407,5,0
qt,TN,5cb54cb5ebae99fab121061e25e26eec3056203a,llm_lofo,qwen36_27b_local,full,0.2,,5,0.8,0.8,0.0644948709656881,0.0644948709656881,5,0
qt,TN,9a50333dd03969abb3f09c0f90dcb4afd048e47a,llm_lofo,qwen36_27b_local,full,0.2,,1,0.75,0.5,-0.0232731412813111,0.0281888865925985,4,0
qt,TN,9a50333dd03969abb3f09c0f90dcb4afd048e47a,llm_lofo,qwen36_27b_local,full,0.2,,2,0.5,0.5,-0.0180230539910456,0.0334389738828639,4,0
qt,TN,9a50333dd03969abb3f09c0f90dcb4afd048e47a,llm_lofo,qwen36_27b_local,full,0.2,,3,0.75,0.5,-0.023273141281311,0.0281888865925984,4,0
qt,TN,9a50333dd03969abb3f09c0f90dcb4afd048e47a,llm_lofo,qwen36_27b_local,full,0.2,,4,0.8,0.6,-0.0122224759726238,0.0289471463265038,5,0
qt,TN,9a50333dd03969abb3f09c0f90dcb4afd048e47a,llm_lofo,qwen36_27b_local,full,0.2,,5,0.5,0.5,-0.0354582205863544,0.0508741404781728,4,0
qt,FN,18f7e6dc9f59159b70cb7e6a8745738f42d4f46f,llm_lofo,qwen36_27b_local,full,0.2,,1,1.0,0.6,0.0183297833782023,0.0443187344021156,5,0
qt,FN,18f7e6dc9f59159b70cb7e6a8745738f42d4f46f,llm_lofo,qwen36_27b_local,full,0.2,,2,1.0,0.6,0.0183297833782023,0.0443187344021156,5,0
qt,FN,18f7e6dc9f59159b70cb7e6a8745738f42d4f46f,llm_lofo,qwen36_27b_local,full,0.2,,3,1.0,0.6,0.0183297833782023,0.0443187344021156,5,0
qt,FN,18f7e6dc9f59159b70cb7e6a8745738f42d4f46f,llm_lofo,qwen36_27b_local,full,0.2,,4,1.0,0.8,-0.0019077563340388,0.0578360514798484,5,0
qt,FN,18f7e6dc9f59159b70cb7e6a8745738f42d4f46f,llm_lofo,qwen36_27b_local,full,0.2,,5,1.0,0.8,-0.0019077563340388,0.0578360514798484,5,0
qt,TP,d31304eab9e7424edc20fb83a8a19cd979458029,llm_lofo,qwen36_27b_local,full,0.2,,1,1.0,0.8,-0.0046610354281573,0.0986722289964936,5,0
qt,TP,d31304eab9e7424edc20fb83a8a19cd979458029,llm_lofo,qwen36_27b_local,full,0.2,,2,1.0,0.8,0.0015255517941441,0.1048588162187951,5,0
qt,TP,d31304eab9e7424edc20fb83a8a19cd979458029,llm_lofo,qwen36_27b_local,full,0.2,,3,1.0,0.8,-0.0046610354281573,0.0986722289964936,5,0
qt,TP,d31304eab9e7424edc20fb83a8a19cd979458029,llm_lofo,qwen36_27b_local,full,0.2,,4,1.0,0.8,-0.0046610354281573,0.0986722289964936,5,0
qt,TP,d31304eab9e7424edc20fb83a8a19cd979458029,llm_lofo,qwen36_27b_local,full,0.2,,5,1.0,0.8,-0.0046610354281573,0.0986722289964936,5,0
qt,TN,bd79c331f14e6cfab9e0b5815404c8194526e8f1,llm_lofo,qwen36_27b_local,full,0.2,,1,0.75,0.5,-0.0056592566829293,0.0399290037183389,4,0
qt,TN,bd79c331f14e6cfab9e0b5815404c8194526e8f1,llm_lofo,qwen36_27b_local,full,0.2,,2,0.75,0.5,-0.0056592566829293,0.0399290037183389,4,0
qt,TN,bd79c331f14e6cfab9e0b5815404c8194526e8f1,llm_lofo,qwen36_27b_local,full,0.2,,3,0.75,0.5,-0.0056592566829293,0.039929003718339,4,0
qt,TN,bd79c331f14e6cfab9e0b5815404c8194526e8f1,llm_lofo,qwen36_27b_local,full,0.2,,4,1.0,0.5,-0.0062521723835986,0.0400011116866404,4,0
qt,TN,bd79c331f14e6cfab9e0b5815404c8194526e8f1,llm_lofo,qwen36_27b_local,full,0.2,,5,1.0,0.5,-0.0062521723835986,0.0400011116866403,4,0
qt,TN,67ee72f3145fd14b36af408918ed3420504d3035,llm_lofo,qwen36_27b_local,full,0.2,,1,0.6,0.4,-0.0006663559938762,0.0351568728999393,5,0
qt,TN,67ee72f3145fd14b36af408918ed3420504d3035,llm_lofo,qwen36_27b_local,full,0.2,,2,0.6,0.4,-0.0006663559938762,0.0351568728999393,5,0
qt,TN,67ee72f3145fd14b36af408918ed3420504d3035,llm_lofo,qwen36_27b_local,full,0.2,,3,0.6,0.4,-0.0006663559938762,0.0351568728999393,5,0
qt,TN,67ee72f3145fd14b36af408918ed3420504d3035,llm_lofo,qwen36_27b_local,full,0.2,,4,0.6,0.4,-0.0006663559938762,0.0351568728999393,5,0
qt,TN,67ee72f3145fd14b36af408918ed3420504d3035,llm_lofo,qwen36_27b_local,full,0.2,,5,0.6,0.4,-0.0006663559938762,0.0351568728999392,5,0
qt,FN,67ced4791ddabebfa19a2f101aa292b5eba60b90,llm_lofo,qwen36_27b_local,full,0.2,,1,0.6,0.6,0.0403458178265783,0.0521329871808861,5,0
qt,FN,67ced4791ddabebfa19a2f101aa292b5eba60b90,llm_lofo,qwen36_27b_local,full,0.2,,2,0.6,0.6,0.0467749931625205,0.0585621625168283,5,0
qt,FN,67ced4791ddabebfa19a2f101aa292b5eba60b90,llm_lofo,qwen36_27b_local,full,0.2,,3,0.6,0.6,0.0467749931625206,0.0585621625168283,5,0
qt,FN,67ced4791ddabebfa19a2f101aa292b5eba60b90,llm_lofo,qwen36_27b_local,full,0.2,,4,0.6,0.6,0.0467749931625205,0.0585621625168282,5,0
qt,FN,67ced4791ddabebfa19a2f101aa292b5eba60b90,llm_lofo,qwen36_27b_local,full,0.2,,5,0.6,0.6,0.0467749931625205,0.0585621625168283,5,0
qt,FP,86d91d2bf8e7ac7a75f88f0e4886140abc06fd4c,llm_lofo,qwen36_27b_local,full,0.2,,1,0.8,0.4,-0.1310464179345035,0.1413084666700816,5,0
qt,FP,86d91d2bf8e7ac7a75f88f0e4886140abc06fd4c,llm_lofo,qwen36_27b_local,full,0.2,,2,0.8,0.4,-0.1310464179345034,0.1413084666700816,5,0
qt,FP,86d91d2bf8e7ac7a75f88f0e4886140abc06fd4c,llm_lofo,qwen36_27b_local,full,0.2,,3,0.4,0.8,-0.1262741896026112,0.1555146324930542,5,0
qt,FP,86d91d2bf8e7ac7a75f88f0e4886140abc06fd4c,llm_lofo,qwen36_27b_local,full,0.2,,4,0.6,0.8,-0.1181142774559344,0.1576167690819555,5,0
qt,FP,86d91d2bf8e7ac7a75f88f0e4886140abc06fd4c,llm_lofo,qwen36_27b_local,full,0.2,,5,0.4,0.8,-0.1262741896026112,0.1555146324930542,5,0
qt,TN,121cdbdd30de1bee58e349859409dd08865c17f5,llm_lofo,qwen36_27b_local,full,0.2,,1,1.0,0.4,0.0062811646410495,0.0215883275282877,5,0
qt,TN,121cdbdd30de1bee58e349859409dd08865c17f5,llm_lofo,qwen36_27b_local,full,0.2,,2,1.0,0.6,-0.0058528275572282,0.0291964841586247,5,0
qt,TN,121cdbdd30de1bee58e349859409dd08865c17f5,llm_lofo,qwen36_27b_local,full,0.2,,3,1.0,0.4,-0.0100867038350121,0.024962607880841,5,0
qt,TN,121cdbdd30de1bee58e349859409dd08865c17f5,llm_lofo,qwen36_27b_local,full,0.2,,4,1.0,0.6,-0.0058528275572283,0.0291964841586248,5,0
qt,TN,121cdbdd30de1bee58e349859409dd08865c17f5,llm_lofo,qwen36_27b_local,full,0.2,,5,1.0,0.4,-0.010086703835012,0.024962607880841,5,0
qt,TP,9bd30943bae136d28d42b9a9188a8586c963d461,llm_lofo,qwen36_27b_local,full,0.2,,1,0.8,0.6,-0.0416774801954712,0.0794002925961032,5,0
qt,TP,9bd30943bae136d28d42b9a9188a8586c963d461,llm_lofo,qwen36_27b_local,full,0.2,,2,0.8,0.6,-0.0416774801954712,0.0794002925961032,5,0
qt,TP,9bd30943bae136d28d42b9a9188a8586c963d461,llm_lofo,qwen36_27b_local,full,0.2,,3,0.6,0.4,-0.0560310195132963,0.0650467532782782,5,0
qt,TP,9bd30943bae136d28d42b9a9188a8586c963d461,llm_lofo,qwen36_27b_local,full,0.2,,4,0.6,0.4,-0.0470780262059445,0.0560937599709264,5,0
qt,TP,9bd30943bae136d28d42b9a9188a8586c963d461,llm_lofo,qwen36_27b_local,full,0.2,,5,1.0,0.5,0.0019113850743561,0.0378905570311575,4,0
qt,FN,ac48071b185d17022d48c6379a2549ac2736cb8c,llm_lofo,qwen36_27b_local,full,0.2,,1,1.0,0.6,-0.049877578283198,0.049877578283198,5,0
qt,FN,ac48071b185d17022d48c6379a2549ac2736cb8c,llm_lofo,qwen36_27b_local,full,0.2,,2,0.8,0.6,-0.0457007193486955,0.0470153610884477,5,0
qt,FN,ac48071b185d17022d48c6379a2549ac2736cb8c,llm_lofo,qwen36_27b_local,full,0.2,,3,1.0,0.75,-0.0653461197018233,0.0653461197018233,4,0
qt,FN,ac48071b185d17022d48c6379a2549ac2736cb8c,llm_lofo,qwen36_27b_local,full,0.2,,4,1.0,0.6,-0.049877578283198,0.049877578283198,5,0
qt,FN,ac48071b185d17022d48c6379a2549ac2736cb8c,llm_lofo,qwen36_27b_local,full,0.2,,5,1.0,0.6,-0.049877578283198,0.049877578283198,5,0
qt,TN,fc2f0fb39008f95133f6fd24662fe92195431808,llm_lofo,qwen36_27b_local,full,0.2,,1,0.8,0.6,-0.055059222020824,0.0659553259169279,5,0
qt,TN,fc2f0fb39008f95133f6fd24662fe92195431808,llm_lofo,qwen36_27b_local,full,0.2,,2,0.8,0.6,-0.055059222020824,0.0659553259169279,5,0
qt,TN,fc2f0fb39008f95133f6fd24662fe92195431808,llm_lofo,qwen36_27b_local,full,0.2,,3,0.8,0.6,-0.055059222020824,0.0659553259169279,5,0
qt,TN,fc2f0fb39008f95133f6fd24662fe92195431808,llm_lofo,qwen36_27b_local,full,0.2,,4,0.8,0.6,-0.055059222020824,0.0659553259169279,5,0
qt,TN,fc2f0fb39008f95133f6fd24662fe92195431808,llm_lofo,qwen36_27b_local,full,0.2,,5,0.8,0.6,-0.055059222020824,0.0659553259169279,5,0
qt,FP,41ae544c40e0568bd627a992a23b8c8f8f5cc27d,llm_lofo,qwen36_27b_local,full,0.2,,1,1.0,0.8,-0.1024109217752841,0.1024109217752841,5,0
qt,FP,41ae544c40e0568bd627a992a23b8c8f8f5cc27d,llm_lofo,qwen36_27b_local,full,0.2,,2,1.0,1.0,-0.17535143431412,0.17535143431412,5,0
qt,FP,41ae544c40e0568bd627a992a23b8c8f8f5cc27d,llm_lofo,qwen36_27b_local,full,0.2,,3,1.0,0.8,-0.1458259721384548,0.1533298155381629,5,0
qt,FP,41ae544c40e0568bd627a992a23b8c8f8f5cc27d,llm_lofo,qwen36_27b_local,full,0.2,,4,1.0,0.8,-0.1458259721384548,0.1533298155381628,5,0
qt,FP,41ae544c40e0568bd627a992a23b8c8f8f5cc27d,llm_lofo,qwen36_27b_local,full,0.2,,5,1.0,1.0,-0.1620599935092409,0.1620599935092409,5,0
qt,FN,895cb4681ee78caaf9b99c88390a74ff1d79ae61,llm_lofo,qwen36_27b_local,full,0.2,,1,1.0,0.8,0.0057759650450506,0.0942406628791859,5,0
qt,FN,895cb4681ee78caaf9b99c88390a74ff1d79ae61,llm_lofo,qwen36_27b_local,full,0.2,,2,1.0,0.8,0.0232742603406697,0.0767423675835668,5,0
qt,FN,895cb4681ee78caaf9b99c88390a74ff1d79ae61,llm_lofo,qwen36_27b_local,full,0.2,,3,1.0,0.8,0.0057759650450506,0.0942406628791859,5,0
qt,FN,895cb4681ee78caaf9b99c88390a74ff1d79ae61,llm_lofo,qwen36_27b_local,full,0.2,,4,1.0,0.8,0.0057759650450506,0.0942406628791859,5,0
qt,FN,895cb4681ee78caaf9b99c88390a74ff1d79ae61,llm_lofo,qwen36_27b_local,full,0.2,,5,1.0,1.0,-0.0021663499228945,0.1021829778471311,5,0
qt,TP,dfda6f14b3e210a33b71ef1c6fa3c75a9c866cce,llm_lofo,qwen36_27b_local,full,0.2,,1,1.0,0.8,-0.0564332387731454,0.0659106685308929,5,0
qt,TP,dfda6f14b3e210a33b71ef1c6fa3c75a9c866cce,llm_lofo,qwen36_27b_local,full,0.2,,2,1.0,0.6,-0.0514626389588292,0.0609400687165767,5,0
qt,TP,dfda6f14b3e210a33b71ef1c6fa3c75a9c866cce,llm_lofo,qwen36_27b_local,full,0.2,,3,1.0,0.6,-0.0459063830707037,0.0553838128284512,5,0
qt,TP,dfda6f14b3e210a33b71ef1c6fa3c75a9c866cce,llm_lofo,qwen36_27b_local,full,0.2,,4,0.8,0.6,-0.0438859092413357,0.0604500573658079,5,0
qt,TP,dfda6f14b3e210a33b71ef1c6fa3c75a9c866cce,llm_lofo,qwen36_27b_local,full,0.2,,5,0.8,0.4,-0.0318380677150974,0.0484022158395696,5,0
qt,TN,9b3d91237bf38492fd97457624d4cb5cd486bd56,llm_lofo,qwen36_27b_local,full,0.2,,1,0.8,0.4,-0.0153966353584135,0.0271810649006805,5,0
qt,TN,9b3d91237bf38492fd97457624d4cb5cd486bd56,llm_lofo,qwen36_27b_local,full,0.2,,2,0.8,0.4,-0.035245441305025,0.0451103884618279,5,0
qt,TN,9b3d91237bf38492fd97457624d4cb5cd486bd56,llm_lofo,qwen36_27b_local,full,0.2,,3,0.8,0.4,-0.0352454413050251,0.0451103884618279,5,0
qt,TN,9b3d91237bf38492fd97457624d4cb5cd486bd56,llm_lofo,qwen36_27b_local,full,0.2,,4,0.8,0.4,-0.035245441305025,0.0451103884618278,5,0
qt,TN,9b3d91237bf38492fd97457624d4cb5cd486bd56,llm_lofo,qwen36_27b_local,full,0.2,,5,0.8,0.4,-0.035245441305025,0.0451103884618279,5,0
qt,TN,2831fa76655c614ed3df0816401514950e79b5e6,llm_lofo,qwen36_27b_local,full,0.2,,1,0.8,0.0,0.0061124178346728,0.0164276044138671,5,0
qt,TN,2831fa76655c614ed3df0816401514950e79b5e6,llm_lofo,qwen36_27b_local,full,0.2,,2,0.6,0.2,-0.0072731383706523,0.0201776908258278,5,0
qt,TN,2831fa76655c614ed3df0816401514950e79b5e6,llm_lofo,qwen36_27b_local,full,0.2,,3,0.6,0.2,-0.0072731383706523,0.0201776908258278,5,0
qt,TN,2831fa76655c614ed3df0816401514950e79b5e6,llm_lofo,qwen36_27b_local,full,0.2,,4,0.8,0.0,0.0061124178346727,0.0164276044138671,5,0
qt,TN,2831fa76655c614ed3df0816401514950e79b5e6,llm_lofo,qwen36_27b_local,full,0.2,,5,0.8,0.0,0.0061124178346728,0.0164276044138671,5,0
qt,FN,d8782b0cc680f09d605133bd37a44d290894c01e,llm_lofo,qwen36_27b_local,full,0.2,,1,0.8,0.6,-0.0327525341093411,0.0406043957120072,5,0
qt,FN,d8782b0cc680f09d605133bd37a44d290894c01e,llm_lofo,qwen36_27b_local,full,0.2,,2,0.6,0.4,-0.013002876381266,0.0208718707713545,5,0
qt,FN,d8782b0cc680f09d605133bd37a44d290894c01e,llm_lofo,qwen36_27b_local,full,0.2,,3,0.6,0.2,-0.0020575752190314,0.0120460089084927,5,0
qt,FN,d8782b0cc680f09d605133bd37a44d290894c01e,llm_lofo,qwen36_27b_local,full,0.2,,4,0.6,0.4,-0.0130028763812659,0.0208718707713545,5,0
qt,FN,d8782b0cc680f09d605133bd37a44d290894c01e,llm_lofo,qwen36_27b_local,full,0.2,,5,0.6,0.4,-0.0130028763812659,0.0208718707713545,5,0
qt,TP,5dd76ba31c3c7cb9c0d9d97cd62f0d2f535a23f7,llm_lofo,qwen36_27b_local,full,0.2,,1,1.0,1.0,-0.1111696753848595,0.1111696753848595,5,0
qt,TP,5dd76ba31c3c7cb9c0d9d97cd62f0d2f535a23f7,llm_lofo,qwen36_27b_local,full,0.2,,2,0.8,0.8,-0.0961617150740855,0.1028476886243447,5,0
qt,TP,5dd76ba31c3c7cb9c0d9d97cd62f0d2f535a23f7,llm_lofo,qwen36_27b_local,full,0.2,,3,0.8,0.8,-0.0961617150740855,0.1028476886243448,5,0
qt,TP,5dd76ba31c3c7cb9c0d9d97cd62f0d2f535a23f7,llm_lofo,qwen36_27b_local,full,0.2,,4,1.0,1.0,-0.0818414900610033,0.1171679136374269,5,0
qt,TP,5dd76ba31c3c7cb9c0d9d97cd62f0d2f535a23f7,llm_lofo,qwen36_27b_local,full,0.2,,5,1.0,1.0,-0.0930876096682132,0.1059217940302171,5,0
qt,FP,237c867a002c8035aac7ff8a870da717eb7b0878,llm_lofo,qwen36_27b_local,full,0.2,,1,1.0,0.8,-0.095843422514812,0.095843422514812,5,0
qt,FP,237c867a002c8035aac7ff8a870da717eb7b0878,llm_lofo,qwen36_27b_local,full,0.2,,2,0.8,1.0,-0.1024501425156002,0.1024501425156002,5,0
qt,FP,237c867a002c8035aac7ff8a870da717eb7b0878,llm_lofo,qwen36_27b_local,full,0.2,,3,0.8,1.0,-0.1024501425156002,0.1024501425156002,5,0
qt,FP,237c867a002c8035aac7ff8a870da717eb7b0878,llm_lofo,qwen36_27b_local,full,0.2,,4,1.0,0.8,-0.095843422514812,0.095843422514812,5,0
qt,FP,237c867a002c8035aac7ff8a870da717eb7b0878,llm_lofo,qwen36_27b_local,full,0.2,,5,0.8,1.0,-0.1024501425156002,0.1024501425156002,5,0
qt,TN,f3ca13f3d12f52c60f4cd41d0b336c24a8d3359d,llm_lofo,qwen36_27b_local,full,0.2,,1,0.8,0.6,-0.0450682110794006,0.0462435290617133,5,0
qt,TN,f3ca13f3d12f52c60f4cd41d0b336c24a8d3359d,llm_lofo,qwen36_27b_local,full,0.2,,2,0.8,0.4,-0.0197533101664855,0.04022642038526,5,0
qt,TN,f3ca13f3d12f52c60f4cd41d0b336c24a8d3359d,llm_lofo,qwen36_27b_local,full,0.2,,3,0.8,0.6,-0.0394742055028789,0.0520625138946987,5,0
qt,TN,f3ca13f3d12f52c60f4cd41d0b336c24a8d3359d,llm_lofo,qwen36_27b_local,full,0.2,,4,0.8,0.2,-0.0094750016579086,0.0299481118766832,5,0
qt,TN,f3ca13f3d12f52c60f4cd41d0b336c24a8d3359d,llm_lofo,qwen36_27b_local,full,0.2,,5,0.8,0.4,-0.0197533101664855,0.0402264203852599,5,0
qt,TP,267edbec198a0cedbf7bed4c3c5fa93c1dbc86bd,llm_lofo,qwen36_27b_local,full,0.2,,1,0.8,0.6,-0.0676976227259399,0.0676976227259399,5,0
qt,TP,267edbec198a0cedbf7bed4c3c5fa93c1dbc86bd,llm_lofo,qwen36_27b_local,full,0.2,,2,1.0,0.8,-0.0451996970926759,0.0782156818671524,5,0
qt,TP,267edbec198a0cedbf7bed4c3c5fa93c1dbc86bd,llm_lofo,qwen36_27b_local,full,0.2,,3,1.0,0.8,-0.0460062961953276,0.0774090827645007,5,0
qt,TP,267edbec198a0cedbf7bed4c3c5fa93c1dbc86bd,llm_lofo,qwen36_27b_local,full,0.2,,4,1.0,0.8,-0.0774580379409769,0.0774580379409769,5,0
qt,TP,267edbec198a0cedbf7bed4c3c5fa93c1dbc86bd,llm_lofo,qwen36_27b_local,full,0.2,,5,1.0,0.8,-0.0683772865495112,0.0683772865495112,5,0
qt,TN,e3b7957d6552e88aa23bd0ecc474db5f14981707,llm_lofo,qwen36_27b_local,full,0.2,,1,0.8,0.6,-0.0271366317777365,0.0312967886754663,5,0
qt,TN,e3b7957d6552e88aa23bd0ecc474db5f14981707,llm_lofo,qwen36_27b_local,full,0.2,,2,0.6,0.6,-0.0204741147605016,0.0271446934205066,5,0
qt,TN,e3b7957d6552e88aa23bd0ecc474db5f14981707,llm_lofo,qwen36_27b_local,full,0.2,,3,0.6,0.4,-0.0131832219841303,0.0218940753501876,5,0
qt,TN,e3b7957d6552e88aa23bd0ecc474db5f14981707,llm_lofo,qwen36_27b_local,full,0.2,,4,0.6,0.4,-0.0168314692494413,0.0255423226154987,5,0
qt,TN,e3b7957d6552e88aa23bd0ecc474db5f14981707,llm_lofo,qwen36_27b_local,full,0.2,,5,0.6,0.6,-0.0253775729069503,0.0295377298046801,5,0
qt,FP,571b11d41c9dadd5ef11e4e954c16c5ca39d718e,llm_lofo,qwen36_27b_local,full,0.2,,1,0.8,1.0,-0.0968760681007809,0.0968760681007809,5,0
qt,FP,571b11d41c9dadd5ef11e4e954c16c5ca39d718e,llm_lofo,qwen36_27b_local,full,0.2,,2,0.8,1.0,-0.0968760681007809,0.0968760681007809,5,0
qt,FP,571b11d41c9dadd5ef11e4e954c16c5ca39d718e,llm_lofo,qwen36_27b_local,full,0.2,,3,0.8,1.0,-0.0968760681007809,0.0968760681007809,5,0
qt,FP,571b11d41c9dadd5ef11e4e954c16c5ca39d718e,llm_lofo,qwen36_27b_local,full,0.2,,4,0.6,0.6,-0.0582693451962837,0.0595232861217083,5,0
qt,FP,571b11d41c9dadd5ef11e4e954c16c5ca39d718e,llm_lofo,qwen36_27b_local,full,0.2,,5,0.8,1.0,-0.0968760681007809,0.0968760681007809,5,0
qt,FN,8cf186cc7c56144b02d5b40d8f4832ff3021e68a,llm_lofo,qwen36_27b_local,full,0.2,,1,0.8,0.8,-0.0802843531881245,0.0802843531881245,5,0
qt,FN,8cf186cc7c56144b02d5b40d8f4832ff3021e68a,llm_lofo,qwen36_27b_local,full,0.2,,2,0.6,0.6,-0.0388710121590611,0.0407456419747547,5,0
qt,FN,8cf186cc7c56144b02d5b40d8f4832ff3021e68a,llm_lofo,qwen36_27b_local,full,0.2,,3,0.8,0.8,-0.0728823917746041,0.080800154469788,5,0
qt,FN,8cf186cc7c56144b02d5b40d8f4832ff3021e68a,llm_lofo,qwen36_27b_local,full,0.2,,4,0.8,0.8,-0.0802843531881245,0.0802843531881245,5,0
qt,FN,8cf186cc7c56144b02d5b40d8f4832ff3021e68a,llm_lofo,qwen36_27b_local,full,0.2,,5,0.8,0.8,-0.0802843531881245,0.0802843531881245,5,0
qt,FP,02b7ec05d5713aec67577cebc18e5906b5a98598,llm_lofo,qwen36_27b_local,full,0.2,,1,1.0,0.8,-0.047020463650293,0.0888862412794976,5,0
qt,FP,02b7ec05d5713aec67577cebc18e5906b5a98598,llm_lofo,qwen36_27b_local,full,0.2,,2,1.0,0.8,-0.0837870782629068,0.0837870782629068,5,0
qt,FP,02b7ec05d5713aec67577cebc18e5906b5a98598,llm_lofo,qwen36_27b_local,full,0.2,,3,1.0,0.8,-0.1003169082073984,0.1003169082073984,5,0
qt,FP,02b7ec05d5713aec67577cebc18e5906b5a98598,llm_lofo,qwen36_27b_local,full,0.2,,4,1.0,0.8,-0.1003169082073984,0.1003169082073984,5,0
qt,FP,02b7ec05d5713aec67577cebc18e5906b5a98598,llm_lofo,qwen36_27b_local,full,0.2,,5,1.0,0.8,-0.0837870782629068,0.0837870782629068,5,0
qt,TN,88a8deea86fe69448ca1586c2ee567a53dee1008,llm_lofo,qwen36_27b_local,full,0.2,,1,0.8,0.0,-0.0121471867214571,0.0121471867214571,5,0
qt,TN,88a8deea86fe69448ca1586c2ee567a53dee1008,llm_lofo,qwen36_27b_local,full,0.2,,2,0.8,0.2,-0.0359004700360976,0.0359004700360976,5,0
qt,TN,88a8deea86fe69448ca1586c2ee567a53dee1008,llm_lofo,qwen36_27b_local,full,0.2,,3,0.6,0.0,-0.0129891686450857,0.0129891686450857,5,0
qt,TN,88a8deea86fe69448ca1586c2ee567a53dee1008,llm_lofo,qwen36_27b_local,full,0.2,,4,0.8,0.2,-0.0359004700360976,0.0359004700360976,5,0
qt,TN,88a8deea86fe69448ca1586c2ee567a53dee1008,llm_lofo,qwen36_27b_local,full,0.2,,5,0.8,0.2,-0.033699011584888,0.033699011584888,5,0
qt,FP,1af927976ac953f922e35d71a16a32d328bb2efd,llm_lofo,qwen36_27b_local,full,0.2,,1,0.8,0.0,-0.007075161993395,0.0105237771626869,5,0
qt,FP,1af927976ac953f922e35d71a16a32d328bb2efd,llm_lofo,qwen36_27b_local,full,0.2,,2,0.8,0.4,-0.0345064435633223,0.0363325674394462,5,0
qt,FP,1af927976ac953f922e35d71a16a32d328bb2efd,llm_lofo,qwen36_27b_local,full,0.2,,3,0.8,0.4,-0.0345064435633223,0.0363325674394462,5,0
qt,FP,1af927976ac953f922e35d71a16a32d328bb2efd,llm_lofo,qwen36_27b_local,full,0.2,,4,1.0,0.4,-0.0385436922795184,0.0403698161556423,5,0
qt,FP,1af927976ac953f922e35d71a16a32d328bb2efd,llm_lofo,qwen36_27b_local,full,0.2,,5,0.8,0.4,-0.0345064435633223,0.0363325674394462,5,0
qt,FN,eaa54a8f9884652513c7c3ab489f31ff1e5d712c,llm_lofo,qwen36_27b_local,full,0.2,,1,0.8,0.2,0.0084187498350108,0.0337641720603754,5,0
qt,FN,eaa54a8f9884652513c7c3ab489f31ff1e5d712c,llm_lofo,qwen36_27b_local,full,0.2,,2,0.8,0.2,0.0084187498350108,0.0337641720603754,5,0
qt,FN,eaa54a8f9884652513c7c3ab489f31ff1e5d712c,llm_lofo,qwen36_27b_local,full,0.2,,3,0.8,0.2,0.0154741434446985,0.0351354123686507,5,0
qt,FN,eaa54a8f9884652513c7c3ab489f31ff1e5d712c,llm_lofo,qwen36_27b_local,full,0.2,,4,0.8,0.2,0.0084187498350109,0.0337641720603754,5,0
qt,FN,eaa54a8f9884652513c7c3ab489f31ff1e5d712c,llm_lofo,qwen36_27b_local,full,0.2,,5,0.6,0.2,0.0112871093736108,0.0309483782975628,5,0
qt,TP,9d23aebb271ea534a66cb3aceb2e63d9a1c870d6,llm_lofo,qwen36_27b_local,full,0.2,,1,1.0,1.0,-0.196951547506622,0.196951547506622,5,0
qt,TP,9d23aebb271ea534a66cb3aceb2e63d9a1c870d6,llm_lofo,qwen36_27b_local,full,0.2,,2,1.0,1.0,-0.2524858578041676,0.2524858578041676,5,0
qt,TP,9d23aebb271ea534a66cb3aceb2e63d9a1c870d6,llm_lofo,qwen36_27b_local,full,0.2,,3,1.0,1.0,-0.196951547506622,0.196951547506622,5,0
qt,TP,9d23aebb271ea534a66cb3aceb2e63d9a1c870d6,llm_lofo,qwen36_27b_local,full,0.2,,4,1.0,1.0,-0.196951547506622,0.196951547506622,5,0
qt,TP,9d23aebb271ea534a66cb3aceb2e63d9a1c870d6,llm_lofo,qwen36_27b_local,full,0.2,,5,1.0,1.0,-0.2564140278833881,0.2564140278833881,5,0
qt,FN,4e3917587b11432d2d892f5146b367de2a3e4864,llm_lofo,qwen36_27b_local,full,0.2,,1,1.0,0.6,-0.0491883057957514,0.057178264458564,5,0
qt,FN,4e3917587b11432d2d892f5146b367de2a3e4864,llm_lofo,qwen36_27b_local,full,0.2,,2,1.0,0.6,-0.0491883057957515,0.057178264458564,5,0
qt,FN,4e3917587b11432d2d892f5146b367de2a3e4864,llm_lofo,qwen36_27b_local,full,0.2,,3,1.0,0.6,-0.0521421732349042,0.0601321318977167,5,0
qt,FN,4e3917587b11432d2d892f5146b367de2a3e4864,llm_lofo,qwen36_27b_local,full,0.2,,4,1.0,0.6,-0.0521421732349041,0.0601321318977166,5,0
qt,FN,4e3917587b11432d2d892f5146b367de2a3e4864,llm_lofo,qwen36_27b_local,full,0.2,,5,1.0,0.4,-0.026391927343801,0.0343818860066135,5,0
qt,TN,bcf1167ccb52341d72e6e2921077d2244803ee8d,llm_lofo,qwen36_27b_local,full,0.2,,1,1.0,0.6,-0.000537468111119,0.0420979851602031,5,0
qt,TN,bcf1167ccb52341d72e6e2921077d2244803ee8d,llm_lofo,qwen36_27b_local,full,0.2,,2,1.0,0.8,0.0279830796957841,0.0706185329671063,5,0
qt,TN,bcf1167ccb52341d72e6e2921077d2244803ee8d,llm_lofo,qwen36_27b_local,full,0.2,,3,1.0,0.6,-0.0005374681111192,0.042097985160203,5,0
qt,TN,bcf1167ccb52341d72e6e2921077d2244803ee8d,llm_lofo,qwen36_27b_local,full,0.2,,4,1.0,0.6,-0.0005374681111192,0.042097985160203,5,0
qt,TN,bcf1167ccb52341d72e6e2921077d2244803ee8d,llm_lofo,qwen36_27b_local,full,0.2,,5,1.0,0.6,-0.0005374681111191,0.042097985160203,5,0
qt,TN,3e379bcc799edb6a78bc8cea093a278dbe32f33c,llm_lofo,qwen36_27b_local,full,0.2,,1,0.4,0.4,-0.0264057675747245,0.0404199282952428,5,0
qt,TN,3e379bcc799edb6a78bc8cea093a278dbe32f33c,llm_lofo,qwen36_27b_local,full,0.2,,2,0.4,0.4,-0.0264057675747244,0.0404199282952429,5,0
qt,TN,3e379bcc799edb6a78bc8cea093a278dbe32f33c,llm_lofo,qwen36_27b_local,full,0.2,,3,0.6,0.2,0.0009011254579318,0.0223813728184384,5,0
qt,TN,3e379bcc799edb6a78bc8cea093a278dbe32f33c,llm_lofo,qwen36_27b_local,full,0.2,,4,0.4,0.4,-0.0264057675747245,0.0404199282952428,5,0
qt,TN,3e379bcc799edb6a78bc8cea093a278dbe32f33c,llm_lofo,qwen36_27b_local,full,0.2,,5,0.4,0.4,-0.0264057675747244,0.0404199282952426,5,0
qt,TN,4ebc2cf74e557b65a8ce1dc518ca92f399ce89e8,llm_lofo,qwen36_27b_local,full,0.2,,1,0.4,0.4,0.0040583305787856,0.0298960900192412,5,0
qt,TN,4ebc2cf74e557b65a8ce1dc518ca92f399ce89e8,llm_lofo,qwen36_27b_local,full,0.2,,2,0.6,0.8,0.0204973445716943,0.0463351040121499,5,0
qt,TN,4ebc2cf74e557b65a8ce1dc518ca92f399ce89e8,llm_lofo,qwen36_27b_local,full,0.2,,3,0.4,0.4,0.0040583305787856,0.0298960900192412,5,0
qt,TN,4ebc2cf74e557b65a8ce1dc518ca92f399ce89e8,llm_lofo,qwen36_27b_local,full,0.2,,4,0.4,0.4,-0.0021494699126483,0.026385566060798,5,0
qt,TN,4ebc2cf74e557b65a8ce1dc518ca92f399ce89e8,llm_lofo,qwen36_27b_local,full,0.2,,5,0.4,0.4,0.0040583305787856,0.0298960900192412,5,0
qt,FN,7e298e2f2ceeee1a2d1a81238ca019d9a0c9519f,llm_lofo,qwen36_27b_local,full,0.2,,1,0.6,0.6,-0.021959740751699,0.0494826550177659,5,0
qt,FN,7e298e2f2ceeee1a2d1a81238ca019d9a0c9519f,llm_lofo,qwen36_27b_local,full,0.2,,2,0.6,0.4,0.0047499287448905,0.0270145267482165,5,0
qt,FN,7e298e2f2ceeee1a2d1a81238ca019d9a0c9519f,llm_lofo,qwen36_27b_local,full,0.2,,3,0.6,0.4,0.0047499287448905,0.0270145267482165,5,0
qt,FN,7e298e2f2ceeee1a2d1a81238ca019d9a0c9519f,llm_lofo,qwen36_27b_local,full,0.2,,4,0.8,0.4,0.0047499287448905,0.0270145267482165,5,0
qt,FN,7e298e2f2ceeee1a2d1a81238ca019d9a0c9519f,llm_lofo,qwen36_27b_local,full,0.2,,5,0.8,0.4,-0.0100866275020987,0.0418510829952058,5,0
qt,FN,93dabeba9dc5f6cbab60e65b3cc8df5fe48745a9,llm_lofo,qwen36_27b_local,full,0.2,,1,1.0,0.6,0.0417763159595821,0.050181586070571,5,0
qt,FN,93dabeba9dc5f6cbab60e65b3cc8df5fe48745a9,llm_lofo,qwen36_27b_local,full,0.2,,2,1.0,0.6,0.0492079800937672,0.0576132502047561,5,0
qt,FN,93dabeba9dc5f6cbab60e65b3cc8df5fe48745a9,llm_lofo,qwen36_27b_local,full,0.2,,3,1.0,0.5,0.050218951025386,0.0607255386641222,4,0
qt,FN,93dabeba9dc5f6cbab60e65b3cc8df5fe48745a9,llm_lofo,qwen36_27b_local,full,0.2,,4,1.0,0.4,0.0289435975877284,0.044948665895508,5,0
qt,FN,93dabeba9dc5f6cbab60e65b3cc8df5fe48745a9,llm_lofo,qwen36_27b_local,full,0.2,,5,1.0,0.6,0.0417763159595821,0.050181586070571,5,0
qt,TN,0234e5c96417f451f8de279b8ff92734836badd4,llm_lofo,qwen36_27b_local,full,0.2,,1,0.8,0.6,0.0381538922225059,0.0475059203624903,5,0
qt,TN,0234e5c96417f451f8de279b8ff92734836badd4,llm_lofo,qwen36_27b_local,full,0.2,,2,0.6,0.4,0.034312147241474,0.0436641753814584,5,0
qt,TN,0234e5c96417f451f8de279b8ff92734836badd4,llm_lofo,qwen36_27b_local,full,0.2,,3,0.8,0.6,0.0381538922225059,0.0475059203624903,5,0
qt,TN,0234e5c96417f451f8de279b8ff92734836badd4,llm_lofo,qwen36_27b_local,full,0.2,,4,0.8,0.6,0.0381538922225059,0.0475059203624903,5,0
qt,TN,0234e5c96417f451f8de279b8ff92734836badd4,llm_lofo,qwen36_27b_local,full,0.2,,5,0.8,0.6,0.0381538922225058,0.0475059203624903,5,0
qt,FP,eb93d7b51773b43e6a3e41961898a6033bcd9479,llm_lofo,qwen36_27b_local,full,0.2,,1,1.0,0.6,-0.0616865459119202,0.0705739412307396,5,0
qt,FP,eb93d7b51773b43e6a3e41961898a6033bcd9479,llm_lofo,qwen36_27b_local,full,0.2,,2,1.0,0.8,-0.0783773470280973,0.0872647423469167,5,0
qt,FP,eb93d7b51773b43e6a3e41961898a6033bcd9479,llm_lofo,qwen36_27b_local,full,0.2,,3,1.0,0.8,-0.0783773470280972,0.0872647423469167,5,0
qt,FP,eb93d7b51773b43e6a3e41961898a6033bcd9479,llm_lofo,qwen36_27b_local,full,0.2,,4,1.0,0.6,-0.0616865459119202,0.0705739412307396,5,0
qt,FP,eb93d7b51773b43e6a3e41961898a6033bcd9479,llm_lofo,qwen36_27b_local,full,0.2,,5,1.0,0.8,-0.0805495595899715,0.0850925297850425,5,0
qt,FN,e6d17c8691bfafa033b82a4d81a9caf4a2fd1b85,llm_lofo,qwen36_27b_local,full,0.2,,1,0.8,0.4,0.0115779098511879,0.0464829447703804,5,0
qt,FN,e6d17c8691bfafa033b82a4d81a9caf4a2fd1b85,llm_lofo,qwen36_27b_local,full,0.2,,2,1.0,0.6,-0.0074140027415651,0.0654748573631337,5,0
qt,FN,e6d17c8691bfafa033b82a4d81a9caf4a2fd1b85,llm_lofo,qwen36_27b_local,full,0.2,,3,0.8,0.6,-0.0098759187667163,0.0634507498879757,5,0
qt,FN,e6d17c8691bfafa033b82a4d81a9caf4a2fd1b85,llm_lofo,qwen36_27b_local,full,0.2,,4,0.8,0.6,-0.0098759187667162,0.0634507498879756,5,0
qt,FN,e6d17c8691bfafa033b82a4d81a9caf4a2fd1b85,llm_lofo,qwen36_27b_local,full,0.2,,5,0.8,0.6,-0.0098759187667161,0.0634507498879756,5,0
qt,FN,5303225aef739c534714c1ac1d4dd096f0cc38d0,llm_lofo,qwen36_27b_local,full,0.2,,1,0.6,0.6,0.020648289016687,0.0478680603818521,5,0
qt,FN,5303225aef739c534714c1ac1d4dd096f0cc38d0,llm_lofo,qwen36_27b_local,full,0.2,,2,0.6,0.6,0.020648289016687,0.0478680603818521,5,0
qt,FN,5303225aef739c534714c1ac1d4dd096f0cc38d0,llm_lofo,qwen36_27b_local,full,0.2,,3,0.6,0.6,0.0206482890166869,0.047868060381852,5,0
qt,FN,5303225aef739c534714c1ac1d4dd096f0cc38d0,llm_lofo,qwen36_27b_local,full,0.2,,4,0.6,0.6,0.0206482890166869,0.0478680603818519,5,0
qt,FN,5303225aef739c534714c1ac1d4dd096f0cc38d0,llm_lofo,qwen36_27b_local,full,0.2,,5,0.6,0.6,0.0102885235021368,0.0582278258964022,5,0
qt,FN,a69edf01cb0a2a06282dc7b89724ffa542f6546d,llm_lofo,qwen36_27b_local,full,0.2,,1,1.0,0.2,0.010033525802256,0.0298030845642957,5,0
qt,FN,a69edf01cb0a2a06282dc7b89724ffa542f6546d,llm_lofo,qwen36_27b_local,full,0.2,,2,1.0,0.4,-0.0015643793065583,0.0403617489046671,5,0
qt,FN,a69edf01cb0a2a06282dc7b89724ffa542f6546d,llm_lofo,qwen36_27b_local,full,0.2,,3,1.0,0.4,0.0203592453422689,0.0318709170039406,5,0
qt,FN,a69edf01cb0a2a06282dc7b89724ffa542f6546d,llm_lofo,qwen36_27b_local,full,0.2,,4,1.0,0.4,0.0219861376229206,0.0302440247232888,5,0
qt,FN,a69edf01cb0a2a06282dc7b89724ffa542f6546d,llm_lofo,qwen36_27b_local,full,0.2,,5,1.0,0.4,0.020359245342269,0.0318709170039405,5,0
qt,FP,e58fdbaeb033a801ac7b5dd1f63657b36d6e1305,llm_lofo,qwen36_27b_local,full,0.2,,1,1.0,0.8,-0.130480576451416,0.130480576451416,5,0
qt,FP,e58fdbaeb033a801ac7b5dd1f63657b36d6e1305,llm_lofo,qwen36_27b_local,full,0.2,,2,1.0,1.0,-0.1618748571168113,0.1618748571168113,5,0
qt,FP,e58fdbaeb033a801ac7b5dd1f63657b36d6e1305,llm_lofo,qwen36_27b_local,full,0.2,,3,1.0,0.8,-0.1555711892571673,0.1555711892571673,5,0
qt,FP,e58fdbaeb033a801ac7b5dd1f63657b36d6e1305,llm_lofo,qwen36_27b_local,full,0.2,,4,1.0,0.8,-0.1864853658636843,0.1864853658636843,5,0
qt,FP,e58fdbaeb033a801ac7b5dd1f63657b36d6e1305,llm_lofo,qwen36_27b_local,full,0.2,,5,1.0,1.0,-0.0989094289486549,0.0989094289486549,4,0
qt,TP,d3393ce25833c0afd7f0fa6b85fd6f3bd7ad520a,llm_lofo,qwen36_27b_local,full,0.2,,1,0.8,0.8,-0.0899236193778212,0.0899236193778212,5,0
qt,TP,d3393ce25833c0afd7f0fa6b85fd6f3bd7ad520a,llm_lofo,qwen36_27b_local,full,0.2,,2,0.8,0.8,-0.0899236193778211,0.0899236193778211,5,0
qt,TP,d3393ce25833c0afd7f0fa6b85fd6f3bd7ad520a,llm_lofo,qwen36_27b_local,full,0.2,,3,1.0,0.8,-0.0947675688457202,0.0947675688457202,5,0
qt,TP,d3393ce25833c0afd7f0fa6b85fd6f3bd7ad520a,llm_lofo,qwen36_27b_local,full,0.2,,4,1.0,0.8,-0.0947675688457202,0.0947675688457202,5,0
qt,TP,d3393ce25833c0afd7f0fa6b85fd6f3bd7ad520a,llm_lofo,qwen36_27b_local,full,0.2,,5,1.0,0.8,-0.0947675688457202,0.0947675688457202,5,0
qt,FN,6486a4bd196ca2bf0047ae80e78eee06e5e18e18,llm_lofo,qwen36_27b_local,full,0.2,,1,0.6,0.8,0.0213097251193447,0.0475581421085179,5,0
qt,FN,6486a4bd196ca2bf0047ae80e78eee06e5e18e18,llm_lofo,qwen36_27b_local,full,0.2,,2,0.8,0.8,0.0437654305594156,0.057399919879619,5,0
qt,FN,6486a4bd196ca2bf0047ae80e78eee06e5e18e18,llm_lofo,qwen36_27b_local,full,0.2,,3,0.8,0.8,0.0437654305594156,0.0573999198796189,5,0
qt,FN,6486a4bd196ca2bf0047ae80e78eee06e5e18e18,llm_lofo,qwen36_27b_local,full,0.2,,4,0.8,0.8,0.0437654305594155,0.0573999198796189,5,0
qt,FN,6486a4bd196ca2bf0047ae80e78eee06e5e18e18,llm_lofo,qwen36_27b_local,full,0.2,,5,0.8,0.8,0.0437654305594156,0.0573999198796189,5,0
qt,FP,ddb4fb4c60987ce6e0b9e50de9a5f3a7ff0e8757,llm_lofo,qwen36_27b_local,full,0.2,,1,1.0,0.8,-0.0210595897609187,0.0768300247567413,5,0
qt,FP,ddb4fb4c60987ce6e0b9e50de9a5f3a7ff0e8757,llm_lofo,qwen36_27b_local,full,0.2,,2,1.0,0.8,-0.0210595897609187,0.0768300247567413,5,0
qt,FP,ddb4fb4c60987ce6e0b9e50de9a5f3a7ff0e8757,llm_lofo,qwen36_27b_local,full,0.2,,3,1.0,0.8,-0.0210595897609187,0.0768300247567413,5,0
qt,FP,ddb4fb4c60987ce6e0b9e50de9a5f3a7ff0e8757,llm_lofo,qwen36_27b_local,full,0.2,,4,1.0,0.8,-0.0210595897609187,0.0768300247567413,5,0
qt,FP,ddb4fb4c60987ce6e0b9e50de9a5f3a7ff0e8757,llm_lofo,qwen36_27b_local,full,0.2,,5,1.0,1.0,-0.010276842974451,0.087612771543209,5,0
qt,TP,03a1675eac4baf8c7a6e0602102bbafa3176771c,llm_lofo,qwen36_27b_local,full,0.2,,1,1.0,0.6,-0.0086123873634841,0.049112247416449,5,0
qt,TP,03a1675eac4baf8c7a6e0602102bbafa3176771c,llm_lofo,qwen36_27b_local,full,0.2,,2,1.0,0.8,-0.0401027420634831,0.0806026021164479,5,0
qt,TP,03a1675eac4baf8c7a6e0602102bbafa3176771c,llm_lofo,qwen36_27b_local,full,0.2,,3,1.0,0.6,-0.0138014580561705,0.0543013181091354,5,0
qt,TP,03a1675eac4baf8c7a6e0602102bbafa3176771c,llm_lofo,qwen36_27b_local,full,0.2,,4,1.0,0.6,-0.0242182013646124,0.0687449212524203,5,0
qt,TP,03a1675eac4baf8c7a6e0602102bbafa3176771c,llm_lofo,qwen36_27b_local,full,0.2,,5,1.0,0.6,-0.0242182013646124,0.0687449212524203,5,0
qt,FP,36997810d9fec492635152be89efaa55208e224a,llm_lofo,qwen36_27b_local,full,0.2,,1,1.0,0.4,-0.0543218555820053,0.0543218555820053,5,0
qt,FP,36997810d9fec492635152be89efaa55208e224a,llm_lofo,qwen36_27b_local,full,0.2,,2,1.0,0.4,-0.0543218555820053,0.0543218555820053,5,0
qt,FP,36997810d9fec492635152be89efaa55208e224a,llm_lofo,qwen36_27b_local,full,0.2,,3,1.0,0.6,-0.0862834847764753,0.0880846900191418,5,0
qt,FP,36997810d9fec492635152be89efaa55208e224a,llm_lofo,qwen36_27b_local,full,0.2,,4,1.0,0.4,-0.0543218555820053,0.0543218555820053,5,0
qt,FP,36997810d9fec492635152be89efaa55208e224a,llm_lofo,qwen36_27b_local,full,0.2,,5,1.0,0.4,-0.0543218555820053,0.0543218555820053,5,0
qt,TN,4f4ad7c262ce4723417efa14c4d3fdb875be53d0,llm_lofo,qwen36_27b_local,full,0.2,,1,1.0,0.4,0.0085887782537414,0.0270017490471903,5,0
qt,TN,4f4ad7c262ce4723417efa14c4d3fdb875be53d0,llm_lofo,qwen36_27b_local,full,0.2,,2,1.0,0.5,0.0061371311463619,0.0291533446381731,4,0
qt,TN,4f4ad7c262ce4723417efa14c4d3fdb875be53d0,llm_lofo,qwen36_27b_local,full,0.2,,3,1.0,0.25,0.0006733479057932,0.0236895613976044,4,0
qt,TN,4f4ad7c262ce4723417efa14c4d3fdb875be53d0,llm_lofo,qwen36_27b_local,full,0.2,,4,1.0,0.5,0.0061371311463621,0.0291533446381732,4,0
qt,TN,4f4ad7c262ce4723417efa14c4d3fdb875be53d0,llm_lofo,qwen36_27b_local,full,0.2,,5,1.0,0.5,0.006137131146362,0.0291533446381731,4,0
qt,TP,a50911bc0bfca1185e99ce6638fbf03cf592789d,llm_lofo,qwen36_27b_local,full,0.2,,1,1.0,0.6,-0.0473111767427601,0.0538475428808232,5,0
qt,TP,a50911bc0bfca1185e99ce6638fbf03cf592789d,llm_lofo,qwen36_27b_local,full,0.2,,2,1.0,0.6,-0.0473111767427601,0.0538475428808233,5,0
qt,TP,a50911bc0bfca1185e99ce6638fbf03cf592789d,llm_lofo,qwen36_27b_local,full,0.2,,3,1.0,0.6,-0.0473111767427601,0.0538475428808233,5,0
qt,TP,a50911bc0bfca1185e99ce6638fbf03cf592789d,llm_lofo,qwen36_27b_local,full,0.2,,4,1.0,0.6,-0.0473111767427601,0.0538475428808233,5,0
qt,TP,a50911bc0bfca1185e99ce6638fbf03cf592789d,llm_lofo,qwen36_27b_local,full,0.2,,5,1.0,0.6,-0.0473111767427601,0.0538475428808233,5,0
qt,TP,bb199cc8ad4111808260f6255312b08c7d81dcbc,llm_lofo,qwen36_27b_local,full,0.2,,1,0.8,0.6,-0.0686323641477857,0.083160005573145,5,0
qt,TP,bb199cc8ad4111808260f6255312b08c7d81dcbc,llm_lofo,qwen36_27b_local,full,0.2,,2,0.8,0.6,-0.0686323641477857,0.0831600055731451,5,0
qt,TP,bb199cc8ad4111808260f6255312b08c7d81dcbc,llm_lofo,qwen36_27b_local,full,0.2,,3,0.8,0.6,-0.0686323641477857,0.083160005573145,5,0
qt,TP,bb199cc8ad4111808260f6255312b08c7d81dcbc,llm_lofo,qwen36_27b_local,full,0.2,,4,0.8,0.6,-0.0686323641477857,0.0831600055731451,5,0
qt,TP,bb199cc8ad4111808260f6255312b08c7d81dcbc,llm_lofo,qwen36_27b_local,full,0.2,,5,0.8,0.6,-0.0686323641477857,0.0831600055731451,5,0
qt,FP,6a91dcba2e4fa85dc345c2d403c757ab7676e28c,llm_lofo,qwen36_27b_local,full,0.2,,1,1.0,0.8,-0.0597830493197139,0.0686437265065533,5,0
qt,FP,6a91dcba2e4fa85dc345c2d403c757ab7676e28c,llm_lofo,qwen36_27b_local,full,0.2,,2,1.0,0.8,-0.0597830493197139,0.0686437265065533,5,0
qt,FP,6a91dcba2e4fa85dc345c2d403c757ab7676e28c,llm_lofo,qwen36_27b_local,full,0.2,,3,1.0,0.8,-0.0385087581347084,0.0701003294974,5,0
qt,FP,6a91dcba2e4fa85dc345c2d403c757ab7676e28c,llm_lofo,qwen36_27b_local,full,0.2,,4,1.0,0.8,-0.0597830493197139,0.0686437265065533,5,0
qt,FP,6a91dcba2e4fa85dc345c2d403c757ab7676e28c,llm_lofo,qwen36_27b_local,full,0.2,,5,1.0,0.8,-0.0597830493197139,0.0686437265065533,5,0
qt,TN,e38a98ad4453974b2848eeed02d81e0c408ce0c6,llm_lofo,qwen36_27b_local,full,0.2,,1,1.0,0.4,-0.0166478284028534,0.0291446932211804,5,0
qt,TN,e38a98ad4453974b2848eeed02d81e0c408ce0c6,llm_lofo,qwen36_27b_local,full,0.2,,2,1.0,0.4,-0.0166478284028533,0.0291446932211804,5,0
qt,TN,e38a98ad4453974b2848eeed02d81e0c408ce0c6,llm_lofo,qwen36_27b_local,full,0.2,,3,1.0,0.4,0.0020609352201352,0.0326637232694731,5,0
qt,TN,e38a98ad4453974b2848eeed02d81e0c408ce0c6,llm_lofo,qwen36_27b_local,full,0.2,,4,1.0,0.4,0.0020609352201352,0.0326637232694731,5,0
qt,TN,e38a98ad4453974b2848eeed02d81e0c408ce0c6,llm_lofo,qwen36_27b_local,full,0.2,,5,1.0,0.4,-0.0465462684195096,0.0590431332378366,5,0
qt,FP,1c6d5b0696f324495e95a12f7718ae7593c9b58a,llm_lofo,qwen36_27b_local,full,0.2,,1,1.0,0.6,-0.0498521717157878,0.0515610544297125,5,0
qt,FP,1c6d5b0696f324495e95a12f7718ae7593c9b58a,llm_lofo,qwen36_27b_local,full,0.2,,2,1.0,0.6,-0.0498521717157878,0.0515610544297125,5,0
qt,FP,1c6d5b0696f324495e95a12f7718ae7593c9b58a,llm_lofo,qwen36_27b_local,full,0.2,,3,1.0,0.6,-0.0498521717157878,0.0515610544297125,5,0
qt,FP,1c6d5b0696f324495e95a12f7718ae7593c9b58a,llm_lofo,qwen36_27b_local,full,0.2,,4,1.0,0.6,-0.0498521717157878,0.0515610544297125,5,0
qt,FP,1c6d5b0696f324495e95a12f7718ae7593c9b58a,llm_lofo,qwen36_27b_local,full,0.2,,5,1.0,0.6,-0.0498521717157878,0.0515610544297125,5,0
qt,FP,cd542a82b0c2d5c9a4ea167a84e5ea8a25c5d969,llm_lofo,qwen36_27b_local,full,0.2,,1,1.0,0.8,-0.0808907048883822,0.0808907048883822,5,0
qt,FP,cd542a82b0c2d5c9a4ea167a84e5ea8a25c5d969,llm_lofo,qwen36_27b_local,full,0.2,,2,1.0,0.8,-0.0808907048883822,0.0808907048883822,5,0
qt,FP,cd542a82b0c2d5c9a4ea167a84e5ea8a25c5d969,llm_lofo,qwen36_27b_local,full,0.2,,3,1.0,0.8,-0.0808907048883822,0.0808907048883822,5,0
qt,FP,cd542a82b0c2d5c9a4ea167a84e5ea8a25c5d969,llm_lofo,qwen36_27b_local,full,0.2,,4,1.0,0.6,-0.052870495645318,0.059999208668989,5,0
qt,FP,cd542a82b0c2d5c9a4ea167a84e5ea8a25c5d969,llm_lofo,qwen36_27b_local,full,0.2,,5,1.0,0.8,-0.0808907048883822,0.0808907048883822,5,0
qt,TP,b254b03dc3b1cfcfc5f17158d2470e0a9a946a0e,llm_lofo,qwen36_27b_local,full,0.2,,1,0.8,0.8,-0.1158430681413757,0.1158430681413757,5,0
qt,TP,b254b03dc3b1cfcfc5f17158d2470e0a9a946a0e,llm_lofo,qwen36_27b_local,full,0.2,,2,1.0,1.0,-0.1251944822035041,0.1251944822035041,5,0
qt,TP,b254b03dc3b1cfcfc5f17158d2470e0a9a946a0e,llm_lofo,qwen36_27b_local,full,0.2,,3,0.8,0.8,-0.1109135129281745,0.1109135129281745,5,0
qt,TP,b254b03dc3b1cfcfc5f17158d2470e0a9a946a0e,llm_lofo,qwen36_27b_local,full,0.2,,4,1.0,0.8,-0.1059595368698373,0.1125005839180272,5,0
qt,TP,b254b03dc3b1cfcfc5f17158d2470e0a9a946a0e,llm_lofo,qwen36_27b_local,full,0.2,,5,1.0,1.0,-0.1251944822035041,0.1251944822035041,5,0
qt,TP,1a7bc520c5df4da80b7e65acbec1f546f9c87870,llm_lofo,qwen36_27b_local,full,0.2,,1,1.0,0.8,-0.1066594052129971,0.1066594052129971,5,0
qt,TP,1a7bc520c5df4da80b7e65acbec1f546f9c87870,llm_lofo,qwen36_27b_local,full,0.2,,2,1.0,0.8,-0.1066594052129971,0.1066594052129971,5,0
qt,TP,1a7bc520c5df4da80b7e65acbec1f546f9c87870,llm_lofo,qwen36_27b_local,full,0.2,,3,1.0,0.8,-0.1066594052129971,0.1066594052129971,5,0
qt,TP,1a7bc520c5df4da80b7e65acbec1f546f9c87870,llm_lofo,qwen36_27b_local,full,0.2,,4,1.0,0.8,-0.1066594052129971,0.1066594052129971,5,0
qt,TP,1a7bc520c5df4da80b7e65acbec1f546f9c87870,llm_lofo,qwen36_27b_local,full,0.2,,5,0.8,0.6,-0.0992673751696272,0.0992673751696272,5,0
qt,FN,5629823b05ca7d24924ac879b5a0469a3cb03e78,llm_lofo,qwen36_27b_local,full,0.2,,1,0.6,0.2,-0.0170989623819118,0.0244788113653643,5,0
qt,FN,5629823b05ca7d24924ac879b5a0469a3cb03e78,llm_lofo,qwen36_27b_local,full,0.2,,2,0.6,0.6,-0.0606441305335262,0.0668996984589369,5,0
qt,FN,5629823b05ca7d24924ac879b5a0469a3cb03e78,llm_lofo,qwen36_27b_local,full,0.2,,3,0.8,0.2,-0.0220148659390704,0.029394714922523,5,0
qt,FN,5629823b05ca7d24924ac879b5a0469a3cb03e78,llm_lofo,qwen36_27b_local,full,0.2,,4,0.6,0.2,-0.0170989623819118,0.0244788113653643,5,0
qt,FN,5629823b05ca7d24924ac879b5a0469a3cb03e78,llm_lofo,qwen36_27b_local,full,0.2,,5,0.6,0.2,-0.0170989623819118,0.0244788113653643,5,0
qt,TN,9b54447e453e2cb7b7375e2c6104b2595ab1594e,llm_lofo,qwen36_27b_local,full,0.2,,1,1.0,0.6,-0.0439317582277663,0.05339621232004,5,0
qt,TN,9b54447e453e2cb7b7375e2c6104b2595ab1594e,llm_lofo,qwen36_27b_local,full,0.2,,2,1.0,0.6,-0.0490021906306557,0.0490021906306557,5,0
qt,TN,9b54447e453e2cb7b7375e2c6104b2595ab1594e,llm_lofo,qwen36_27b_local,full,0.2,,3,1.0,0.4,-0.0344134609834784,0.0438779150757521,5,0
qt,TN,9b54447e453e2cb7b7375e2c6104b2595ab1594e,llm_lofo,qwen36_27b_local,full,0.2,,4,1.0,0.6,-0.0474202315154988,0.0568846856077725,5,0
qt,TN,9b54447e453e2cb7b7375e2c6104b2595ab1594e,llm_lofo,qwen36_27b_local,full,0.2,,5,1.0,0.6,-0.0474202315154988,0.0568846856077725,5,0
qt,FP,3981a1f440914e8108af3d854a1b01dd596a8a0e,llm_lofo,qwen36_27b_local,full,0.2,,1,0.8,0.8,-0.0556491318339627,0.1221699115074282,5,0
qt,FP,3981a1f440914e8108af3d854a1b01dd596a8a0e,llm_lofo,qwen36_27b_local,full,0.2,,2,0.8,0.6,-0.0804312753454241,0.0973877679959668,5,0
qt,FP,3981a1f440914e8108af3d854a1b01dd596a8a0e,llm_lofo,qwen36_27b_local,full,0.2,,3,0.8,0.6,-0.0714295132491567,0.1063895300922341,5,0
qt,FP,3981a1f440914e8108af3d854a1b01dd596a8a0e,llm_lofo,qwen36_27b_local,full,0.2,,4,0.8,0.8,-0.0662238870752325,0.1115951562661583,5,0
qt,FP,3981a1f440914e8108af3d854a1b01dd596a8a0e,llm_lofo,qwen36_27b_local,full,0.2,,5,0.8,0.6,-0.0714295132491567,0.1063895300922341,5,0
qt,TN,4331ccd4b735d9d721a384193a3d42ee2ce6c805,llm_lofo,qwen36_27b_local,full,0.2,,1,1.0,0.6,-0.0021400841518733,0.0300380608017914,5,0
qt,TN,4331ccd4b735d9d721a384193a3d42ee2ce6c805,llm_lofo,qwen36_27b_local,full,0.2,,2,1.0,0.6,-0.0021400841518733,0.0300380608017913,5,0
qt,TN,4331ccd4b735d9d721a384193a3d42ee2ce6c805,llm_lofo,qwen36_27b_local,full,0.2,,3,1.0,0.6,-0.0021400841518732,0.0300380608017914,5,0
qt,TN,4331ccd4b735d9d721a384193a3d42ee2ce6c805,llm_lofo,qwen36_27b_local,full,0.2,,4,1.0,0.6,-0.0021400841518733,0.0300380608017914,5,0
qt,TN,4331ccd4b735d9d721a384193a3d42ee2ce6c805,llm_lofo,qwen36_27b_local,full,0.2,,5,1.0,0.6,-0.0021400841518732,0.0300380608017914,5,0
qt,TP,afbb57ae84ecbee5fab9eb6e58356b19d7995ea5,llm_lofo,qwen36_27b_local,full,0.2,,1,1.0,1.0,-0.1558346036072368,0.1558346036072368,5,0
qt,TP,afbb57ae84ecbee5fab9eb6e58356b19d7995ea5,llm_lofo,qwen36_27b_local,full,0.2,,2,1.0,1.0,-0.1558346036072368,0.1558346036072368,5,0
qt,TP,afbb57ae84ecbee5fab9eb6e58356b19d7995ea5,llm_lofo,qwen36_27b_local,full,0.2,,3,1.0,1.0,-0.1758491378824853,0.1758491378824853,5,0
qt,TP,afbb57ae84ecbee5fab9eb6e58356b19d7995ea5,llm_lofo,qwen36_27b_local,full,0.2,,4,1.0,1.0,-0.1758491378824853,0.1758491378824853,5,0
qt,TP,afbb57ae84ecbee5fab9eb6e58356b19d7995ea5,llm_lofo,qwen36_27b_local,full,0.2,,5,1.0,0.8,-0.1410063176075221,0.1434035489476107,5,0
qt,TP,17513266b81e88b84fda250734f07c94a198fabc,llm_lofo,qwen36_27b_local,full,0.2,,1,1.0,0.8,-0.0872250577172486,0.0872250577172486,5,0
qt,TP,17513266b81e88b84fda250734f07c94a198fabc,llm_lofo,qwen36_27b_local,full,0.2,,2,1.0,1.0,-0.0904110809671816,0.0904110809671816,5,0
qt,TP,17513266b81e88b84fda250734f07c94a198fabc,llm_lofo,qwen36_27b_local,full,0.2,,3,1.0,1.0,-0.0904110809671816,0.0904110809671816,5,0
qt,TP,17513266b81e88b84fda250734f07c94a198fabc,llm_lofo,qwen36_27b_local,full,0.2,,4,1.0,0.8,-0.0872250577172486,0.0872250577172486,5,0
qt,TP,17513266b81e88b84fda250734f07c94a198fabc,llm_lofo,qwen36_27b_local,full,0.2,,5,1.0,0.8,-0.0872250577172486,0.0872250577172486,5,0
qt,FN,cdbc4b83d59e08189d6ece9ccd88a646be155c08,llm_lofo,qwen36_27b_local,full,0.2,,1,0.8,0.6,-0.0299036324510474,0.0336158773490066,5,0
qt,FN,cdbc4b83d59e08189d6ece9ccd88a646be155c08,llm_lofo,qwen36_27b_local,full,0.2,,2,0.8,0.6,-0.0301799590760118,0.0338922039739709,5,0
qt,FN,cdbc4b83d59e08189d6ece9ccd88a646be155c08,llm_lofo,qwen36_27b_local,full,0.2,,3,0.8,0.6,-0.0299036324510474,0.0336158773490065,5,0
qt,FN,cdbc4b83d59e08189d6ece9ccd88a646be155c08,llm_lofo,qwen36_27b_local,full,0.2,,4,0.8,0.6,-0.0301799590760118,0.0338922039739709,5,0
qt,FN,cdbc4b83d59e08189d6ece9ccd88a646be155c08,llm_lofo,qwen36_27b_local,full,0.2,,5,0.8,0.4,-0.0276651078803799,0.0313773527783391,5,0
qt,FP,753c744b23abfecad6463890dfdf6e97c7eeaa5c,llm_lofo,qwen36_27b_local,full,0.2,,1,1.0,0.6,-0.0102843842375339,0.0971817914414237,5,0
qt,FP,753c744b23abfecad6463890dfdf6e97c7eeaa5c,llm_lofo,qwen36_27b_local,full,0.2,,2,1.0,0.6,-0.0102843842375339,0.0971817914414237,5,0
qt,FP,753c744b23abfecad6463890dfdf6e97c7eeaa5c,llm_lofo,qwen36_27b_local,full,0.2,,3,1.0,0.6,-0.0102843842375339,0.0971817914414237,5,0
qt,FP,753c744b23abfecad6463890dfdf6e97c7eeaa5c,llm_lofo,qwen36_27b_local,full,0.2,,4,1.0,0.6,-0.010284384237534,0.0971817914414237,5,0
qt,FP,753c744b23abfecad6463890dfdf6e97c7eeaa5c,llm_lofo,qwen36_27b_local,full,0.2,,5,1.0,0.6,-0.0102843842375339,0.0971817914414237,5,0
qt,TP,a4f8b9ae6dfacf9ad5c190cde6098ebf13102f41,llm_lofo,qwen36_27b_local,full,0.2,,1,1.0,0.6,-0.0210610374440536,0.0757247931561288,5,0
qt,TP,a4f8b9ae6dfacf9ad5c190cde6098ebf13102f41,llm_lofo,qwen36_27b_local,full,0.2,,2,1.0,0.8,-0.01864927310941,0.0781365574907725,5,0
qt,TP,a4f8b9ae6dfacf9ad5c190cde6098ebf13102f41,llm_lofo,qwen36_27b_local,full,0.2,,3,1.0,0.8,-0.01864927310941,0.0781365574907724,5,0
qt,TP,a4f8b9ae6dfacf9ad5c190cde6098ebf13102f41,llm_lofo,qwen36_27b_local,full,0.2,,4,1.0,0.6,-0.0210610374440537,0.0757247931561288,5,0
qt,TP,a4f8b9ae6dfacf9ad5c190cde6098ebf13102f41,llm_lofo,qwen36_27b_local,full,0.2,,5,1.0,0.8,-0.0121496893598263,0.0846361412403562,5,0
qt,TP,fca89004d75412dd378cc44ad79ed3c1e05c765b,llm_lofo,qwen36_27b_local,full,0.2,,1,1.0,0.8,-0.0151826443400614,0.0950098862310406,5,0
qt,TP,fca89004d75412dd378cc44ad79ed3c1e05c765b,llm_lofo,qwen36_27b_local,full,0.2,,2,1.0,0.8,-0.0411531012640897,0.0850998712460257,5,0
qt,TP,fca89004d75412dd378cc44ad79ed3c1e05c765b,llm_lofo,qwen36_27b_local,full,0.2,,3,1.0,0.8,-0.0411531012640897,0.0850998712460257,5,0
qt,TP,fca89004d75412dd378cc44ad79ed3c1e05c765b,llm_lofo,qwen36_27b_local,full,0.2,,4,1.0,0.8,-0.042650971923451,0.0836020005866644,5,0
qt,TP,fca89004d75412dd378cc44ad79ed3c1e05c765b,llm_lofo,qwen36_27b_local,full,0.2,,5,1.0,0.8,-0.0411531012640897,0.0850998712460257,5,0
