dataset,category,instance_id,method,llm_model,threshold,meaningful_effect_rate
openstack,FN,017dd6b4bcf92c14d49421268cb571c00879f3cc,counterfactual,,0.01,0.8
openstack,FN,017dd6b4bcf92c14d49421268cb571c00879f3cc,counterfactual,,0.03,0.8
openstack,FN,017dd6b4bcf92c14d49421268cb571c00879f3cc,counterfactual,,0.05,0.8
openstack,FN,017dd6b4bcf92c14d49421268cb571c00879f3cc,kernelshap,,0.01,0.8
openstack,FN,017dd6b4bcf92c14d49421268cb571c00879f3cc,kernelshap,,0.03,0.8
openstack,FN,017dd6b4bcf92c14d49421268cb571c00879f3cc,kernelshap,,0.05,0.8
openstack,FN,017dd6b4bcf92c14d49421268cb571c00879f3cc,lime,,0.01,0.8
openstack,FN,017dd6b4bcf92c14d49421268cb571c00879f3cc,lime,,0.03,0.8
openstack,FN,017dd6b4bcf92c14d49421268cb571c00879f3cc,lime,,0.05,0.76
openstack,FN,017dd6b4bcf92c14d49421268cb571c00879f3cc,llm_counterfactual,qwen36_27b_local,0.01,0.6599999999999999
openstack,FN,017dd6b4bcf92c14d49421268cb571c00879f3cc,llm_counterfactual,qwen36_27b_local,0.03,0.58
openstack,FN,017dd6b4bcf92c14d49421268cb571c00879f3cc,llm_counterfactual,qwen36_27b_local,0.05,0.58
openstack,FN,017dd6b4bcf92c14d49421268cb571c00879f3cc,llm_kernelshap,qwen36_27b_local,0.01,0.6
openstack,FN,017dd6b4bcf92c14d49421268cb571c00879f3cc,llm_kernelshap,qwen36_27b_local,0.03,0.6
openstack,FN,017dd6b4bcf92c14d49421268cb571c00879f3cc,llm_kernelshap,qwen36_27b_local,0.05,0.44000000000000006
openstack,FN,017dd6b4bcf92c14d49421268cb571c00879f3cc,llm_lime,qwen36_27b_local,0.01,0.5599999999999999
openstack,FN,017dd6b4bcf92c14d49421268cb571c00879f3cc,llm_lime,qwen36_27b_local,0.03,0.51
openstack,FN,017dd6b4bcf92c14d49421268cb571c00879f3cc,llm_lime,qwen36_27b_local,0.05,0.45999999999999996
openstack,FN,017dd6b4bcf92c14d49421268cb571c00879f3cc,llm_lofo,qwen36_27b_local,0.01,0.54
openstack,FN,017dd6b4bcf92c14d49421268cb571c00879f3cc,llm_lofo,qwen36_27b_local,0.03,0.54
openstack,FN,017dd6b4bcf92c14d49421268cb571c00879f3cc,llm_lofo,qwen36_27b_local,0.05,0.31
openstack,FN,017dd6b4bcf92c14d49421268cb571c00879f3cc,lofo,,0.01,1.0
openstack,FN,017dd6b4bcf92c14d49421268cb571c00879f3cc,lofo,,0.03,1.0
openstack,FN,017dd6b4bcf92c14d49421268cb571c00879f3cc,lofo,,0.05,0.8
openstack,FN,1476b030bd53deddd85468c0d8b545d8f8f30f19,counterfactual,,0.01,1.0
openstack,FN,1476b030bd53deddd85468c0d8b545d8f8f30f19,counterfactual,,0.03,1.0
openstack,FN,1476b030bd53deddd85468c0d8b545d8f8f30f19,counterfactual,,0.05,0.8
openstack,FN,1476b030bd53deddd85468c0d8b545d8f8f30f19,kernelshap,,0.01,1.0
openstack,FN,1476b030bd53deddd85468c0d8b545d8f8f30f19,kernelshap,,0.03,0.8
openstack,FN,1476b030bd53deddd85468c0d8b545d8f8f30f19,kernelshap,,0.05,0.6
openstack,FN,1476b030bd53deddd85468c0d8b545d8f8f30f19,lime,,0.01,0.8400000000000001
openstack,FN,1476b030bd53deddd85468c0d8b545d8f8f30f19,lime,,0.03,0.64
openstack,FN,1476b030bd53deddd85468c0d8b545d8f8f30f19,lime,,0.05,0.4
openstack,FN,1476b030bd53deddd85468c0d8b545d8f8f30f19,llm_counterfactual,qwen36_27b_local,0.01,0.96
openstack,FN,1476b030bd53deddd85468c0d8b545d8f8f30f19,llm_counterfactual,qwen36_27b_local,0.03,0.96
openstack,FN,1476b030bd53deddd85468c0d8b545d8f8f30f19,llm_counterfactual,qwen36_27b_local,0.05,0.2
openstack,FN,1476b030bd53deddd85468c0d8b545d8f8f30f19,llm_kernelshap,qwen36_27b_local,0.01,0.9199999999999999
openstack,FN,1476b030bd53deddd85468c0d8b545d8f8f30f19,llm_kernelshap,qwen36_27b_local,0.03,0.8400000000000001
openstack,FN,1476b030bd53deddd85468c0d8b545d8f8f30f19,llm_kernelshap,qwen36_27b_local,0.05,0.28
openstack,FN,1476b030bd53deddd85468c0d8b545d8f8f30f19,llm_lime,qwen36_27b_local,0.01,1.0
openstack,FN,1476b030bd53deddd85468c0d8b545d8f8f30f19,llm_lime,qwen36_27b_local,0.03,1.0
openstack,FN,1476b030bd53deddd85468c0d8b545d8f8f30f19,llm_lime,qwen36_27b_local,0.05,0.32
openstack,FN,1476b030bd53deddd85468c0d8b545d8f8f30f19,llm_lofo,qwen36_27b_local,0.01,0.9
openstack,FN,1476b030bd53deddd85468c0d8b545d8f8f30f19,llm_lofo,qwen36_27b_local,0.03,0.9
openstack,FN,1476b030bd53deddd85468c0d8b545d8f8f30f19,llm_lofo,qwen36_27b_local,0.05,0.5
openstack,FN,1476b030bd53deddd85468c0d8b545d8f8f30f19,lofo,,0.01,1.0
openstack,FN,1476b030bd53deddd85468c0d8b545d8f8f30f19,lofo,,0.03,1.0
openstack,FN,1476b030bd53deddd85468c0d8b545d8f8f30f19,lofo,,0.05,0.6
openstack,FN,1c6b2fce289b68af92afeddf8d30efcda1903f06,counterfactual,,0.01,1.0
openstack,FN,1c6b2fce289b68af92afeddf8d30efcda1903f06,counterfactual,,0.03,0.8
openstack,FN,1c6b2fce289b68af92afeddf8d30efcda1903f06,counterfactual,,0.05,0.8
openstack,FN,1c6b2fce289b68af92afeddf8d30efcda1903f06,kernelshap,,0.01,1.0
openstack,FN,1c6b2fce289b68af92afeddf8d30efcda1903f06,kernelshap,,0.03,0.6799999999999999
openstack,FN,1c6b2fce289b68af92afeddf8d30efcda1903f06,kernelshap,,0.05,0.48
openstack,FN,1c6b2fce289b68af92afeddf8d30efcda1903f06,lime,,0.01,1.0
openstack,FN,1c6b2fce289b68af92afeddf8d30efcda1903f06,lime,,0.03,0.6
openstack,FN,1c6b2fce289b68af92afeddf8d30efcda1903f06,lime,,0.05,0.4
openstack,FN,1c6b2fce289b68af92afeddf8d30efcda1903f06,llm_counterfactual,qwen36_27b_local,0.01,0.8
openstack,FN,1c6b2fce289b68af92afeddf8d30efcda1903f06,llm_counterfactual,qwen36_27b_local,0.03,0.44000000000000006
openstack,FN,1c6b2fce289b68af92afeddf8d30efcda1903f06,llm_counterfactual,qwen36_27b_local,0.05,0.2
openstack,FN,1c6b2fce289b68af92afeddf8d30efcda1903f06,llm_kernelshap,qwen36_27b_local,0.01,0.8
openstack,FN,1c6b2fce289b68af92afeddf8d30efcda1903f06,llm_kernelshap,qwen36_27b_local,0.03,0.6
openstack,FN,1c6b2fce289b68af92afeddf8d30efcda1903f06,llm_kernelshap,qwen36_27b_local,0.05,0.2
openstack,FN,1c6b2fce289b68af92afeddf8d30efcda1903f06,llm_lime,qwen36_27b_local,0.01,0.8
openstack,FN,1c6b2fce289b68af92afeddf8d30efcda1903f06,llm_lime,qwen36_27b_local,0.03,0.6
openstack,FN,1c6b2fce289b68af92afeddf8d30efcda1903f06,llm_lime,qwen36_27b_local,0.05,0.2
openstack,FN,1c6b2fce289b68af92afeddf8d30efcda1903f06,llm_lofo,qwen36_27b_local,0.01,0.8
openstack,FN,1c6b2fce289b68af92afeddf8d30efcda1903f06,llm_lofo,qwen36_27b_local,0.03,0.6
openstack,FN,1c6b2fce289b68af92afeddf8d30efcda1903f06,llm_lofo,qwen36_27b_local,0.05,0.2
openstack,FN,1c6b2fce289b68af92afeddf8d30efcda1903f06,lofo,,0.01,1.0
openstack,FN,1c6b2fce289b68af92afeddf8d30efcda1903f06,lofo,,0.03,0.6
openstack,FN,1c6b2fce289b68af92afeddf8d30efcda1903f06,lofo,,0.05,0.4
openstack,FN,221f386029faf499c5a445374685cba5b67df31e,counterfactual,,0.01,1.0
openstack,FN,221f386029faf499c5a445374685cba5b67df31e,counterfactual,,0.03,1.0
openstack,FN,221f386029faf499c5a445374685cba5b67df31e,counterfactual,,0.05,1.0
openstack,FN,221f386029faf499c5a445374685cba5b67df31e,kernelshap,,0.01,1.0
openstack,FN,221f386029faf499c5a445374685cba5b67df31e,kernelshap,,0.03,1.0
openstack,FN,221f386029faf499c5a445374685cba5b67df31e,kernelshap,,0.05,1.0
openstack,FN,221f386029faf499c5a445374685cba5b67df31e,lime,,0.01,0.8
openstack,FN,221f386029faf499c5a445374685cba5b67df31e,lime,,0.03,0.8
openstack,FN,221f386029faf499c5a445374685cba5b67df31e,lime,,0.05,0.6
openstack,FN,221f386029faf499c5a445374685cba5b67df31e,llm_counterfactual,qwen36_27b_local,0.01,0.8
openstack,FN,221f386029faf499c5a445374685cba5b67df31e,llm_counterfactual,qwen36_27b_local,0.03,0.6
openstack,FN,221f386029faf499c5a445374685cba5b67df31e,llm_counterfactual,qwen36_27b_local,0.05,0.4
openstack,FN,221f386029faf499c5a445374685cba5b67df31e,llm_kernelshap,qwen36_27b_local,0.01,1.0
openstack,FN,221f386029faf499c5a445374685cba5b67df31e,llm_kernelshap,qwen36_27b_local,0.03,0.8
openstack,FN,221f386029faf499c5a445374685cba5b67df31e,llm_kernelshap,qwen36_27b_local,0.05,0.6799999999999999
openstack,FN,221f386029faf499c5a445374685cba5b67df31e,llm_lime,qwen36_27b_local,0.01,1.0
openstack,FN,221f386029faf499c5a445374685cba5b67df31e,llm_lime,qwen36_27b_local,0.03,0.96
openstack,FN,221f386029faf499c5a445374685cba5b67df31e,llm_lime,qwen36_27b_local,0.05,0.76
openstack,FN,221f386029faf499c5a445374685cba5b67df31e,llm_lofo,qwen36_27b_local,0.01,1.0
openstack,FN,221f386029faf499c5a445374685cba5b67df31e,llm_lofo,qwen36_27b_local,0.03,0.8
openstack,FN,221f386029faf499c5a445374685cba5b67df31e,llm_lofo,qwen36_27b_local,0.05,0.6
openstack,FN,221f386029faf499c5a445374685cba5b67df31e,lofo,,0.01,1.0
openstack,FN,221f386029faf499c5a445374685cba5b67df31e,lofo,,0.03,1.0
openstack,FN,221f386029faf499c5a445374685cba5b67df31e,lofo,,0.05,1.0
openstack,FN,267eea50fd9e9c74faa96d529a7ec2fd8aa8d51f,counterfactual,,0.01,1.0
openstack,FN,267eea50fd9e9c74faa96d529a7ec2fd8aa8d51f,counterfactual,,0.03,1.0
openstack,FN,267eea50fd9e9c74faa96d529a7ec2fd8aa8d51f,counterfactual,,0.05,0.8
openstack,FN,267eea50fd9e9c74faa96d529a7ec2fd8aa8d51f,kernelshap,,0.01,1.0
openstack,FN,267eea50fd9e9c74faa96d529a7ec2fd8aa8d51f,kernelshap,,0.03,1.0
openstack,FN,267eea50fd9e9c74faa96d529a7ec2fd8aa8d51f,kernelshap,,0.05,0.6
openstack,FN,267eea50fd9e9c74faa96d529a7ec2fd8aa8d51f,lime,,0.01,0.8
openstack,FN,267eea50fd9e9c74faa96d529a7ec2fd8aa8d51f,lime,,0.03,0.6799999999999999
openstack,FN,267eea50fd9e9c74faa96d529a7ec2fd8aa8d51f,lime,,0.05,0.5599999999999999
openstack,FN,267eea50fd9e9c74faa96d529a7ec2fd8aa8d51f,llm_counterfactual,qwen36_27b_local,0.01,0.8
openstack,FN,267eea50fd9e9c74faa96d529a7ec2fd8aa8d51f,llm_counterfactual,qwen36_27b_local,0.03,0.64
openstack,FN,267eea50fd9e9c74faa96d529a7ec2fd8aa8d51f,llm_counterfactual,qwen36_27b_local,0.05,0.44000000000000006
openstack,FN,267eea50fd9e9c74faa96d529a7ec2fd8aa8d51f,llm_kernelshap,qwen36_27b_local,0.01,0.8
openstack,FN,267eea50fd9e9c74faa96d529a7ec2fd8aa8d51f,llm_kernelshap,qwen36_27b_local,0.03,0.6
openstack,FN,267eea50fd9e9c74faa96d529a7ec2fd8aa8d51f,llm_kernelshap,qwen36_27b_local,0.05,0.2
openstack,FN,267eea50fd9e9c74faa96d529a7ec2fd8aa8d51f,llm_lime,qwen36_27b_local,0.01,0.64
openstack,FN,267eea50fd9e9c74faa96d529a7ec2fd8aa8d51f,llm_lime,qwen36_27b_local,0.03,0.44000000000000006
openstack,FN,267eea50fd9e9c74faa96d529a7ec2fd8aa8d51f,llm_lime,qwen36_27b_local,0.05,0.24000000000000005
openstack,FN,267eea50fd9e9c74faa96d529a7ec2fd8aa8d51f,llm_lofo,qwen36_27b_local,0.01,0.76
openstack,FN,267eea50fd9e9c74faa96d529a7ec2fd8aa8d51f,llm_lofo,qwen36_27b_local,0.03,0.5599999999999999
openstack,FN,267eea50fd9e9c74faa96d529a7ec2fd8aa8d51f,llm_lofo,qwen36_27b_local,0.05,0.2
openstack,FN,267eea50fd9e9c74faa96d529a7ec2fd8aa8d51f,lofo,,0.01,1.0
openstack,FN,267eea50fd9e9c74faa96d529a7ec2fd8aa8d51f,lofo,,0.03,0.8
openstack,FN,267eea50fd9e9c74faa96d529a7ec2fd8aa8d51f,lofo,,0.05,0.6
openstack,FN,2b60912d5667350eae7ecbc67d4dba3658518d10,counterfactual,,0.01,1.0
openstack,FN,2b60912d5667350eae7ecbc67d4dba3658518d10,counterfactual,,0.03,0.8
openstack,FN,2b60912d5667350eae7ecbc67d4dba3658518d10,counterfactual,,0.05,0.8
openstack,FN,2b60912d5667350eae7ecbc67d4dba3658518d10,kernelshap,,0.01,0.8
openstack,FN,2b60912d5667350eae7ecbc67d4dba3658518d10,kernelshap,,0.03,0.8
openstack,FN,2b60912d5667350eae7ecbc67d4dba3658518d10,kernelshap,,0.05,0.8
openstack,FN,2b60912d5667350eae7ecbc67d4dba3658518d10,lime,,0.01,0.8
openstack,FN,2b60912d5667350eae7ecbc67d4dba3658518d10,lime,,0.03,0.4
openstack,FN,2b60912d5667350eae7ecbc67d4dba3658518d10,lime,,0.05,0.4
openstack,FN,2b60912d5667350eae7ecbc67d4dba3658518d10,llm_counterfactual,qwen36_27b_local,0.01,0.8
openstack,FN,2b60912d5667350eae7ecbc67d4dba3658518d10,llm_counterfactual,qwen36_27b_local,0.03,0.4
openstack,FN,2b60912d5667350eae7ecbc67d4dba3658518d10,llm_counterfactual,qwen36_27b_local,0.05,0.4
openstack,FN,2b60912d5667350eae7ecbc67d4dba3658518d10,llm_kernelshap,qwen36_27b_local,0.01,0.76
openstack,FN,2b60912d5667350eae7ecbc67d4dba3658518d10,llm_kernelshap,qwen36_27b_local,0.03,0.5599999999999999
openstack,FN,2b60912d5667350eae7ecbc67d4dba3658518d10,llm_kernelshap,qwen36_27b_local,0.05,0.5599999999999999
openstack,FN,2b60912d5667350eae7ecbc67d4dba3658518d10,llm_lime,qwen36_27b_local,0.01,0.76
openstack,FN,2b60912d5667350eae7ecbc67d4dba3658518d10,llm_lime,qwen36_27b_local,0.03,0.5599999999999999
openstack,FN,2b60912d5667350eae7ecbc67d4dba3658518d10,llm_lime,qwen36_27b_local,0.05,0.5599999999999999
openstack,FN,2b60912d5667350eae7ecbc67d4dba3658518d10,llm_lofo,qwen36_27b_local,0.01,0.6799999999999999
openstack,FN,2b60912d5667350eae7ecbc67d4dba3658518d10,llm_lofo,qwen36_27b_local,0.03,0.48
openstack,FN,2b60912d5667350eae7ecbc67d4dba3658518d10,llm_lofo,qwen36_27b_local,0.05,0.48
openstack,FN,2b60912d5667350eae7ecbc67d4dba3658518d10,lofo,,0.01,1.0
openstack,FN,2b60912d5667350eae7ecbc67d4dba3658518d10,lofo,,0.03,1.0
openstack,FN,2b60912d5667350eae7ecbc67d4dba3658518d10,lofo,,0.05,1.0
openstack,FN,37510ac03478704bafba89e8c4f4e0e9041d661d,counterfactual,,0.01,0.8
openstack,FN,37510ac03478704bafba89e8c4f4e0e9041d661d,counterfactual,,0.03,0.8
openstack,FN,37510ac03478704bafba89e8c4f4e0e9041d661d,counterfactual,,0.05,0.8
openstack,FN,37510ac03478704bafba89e8c4f4e0e9041d661d,kernelshap,,0.01,0.8
openstack,FN,37510ac03478704bafba89e8c4f4e0e9041d661d,kernelshap,,0.03,0.8
openstack,FN,37510ac03478704bafba89e8c4f4e0e9041d661d,kernelshap,,0.05,0.8
openstack,FN,37510ac03478704bafba89e8c4f4e0e9041d661d,lime,,0.01,0.8
openstack,FN,37510ac03478704bafba89e8c4f4e0e9041d661d,lime,,0.03,0.8
openstack,FN,37510ac03478704bafba89e8c4f4e0e9041d661d,lime,,0.05,0.64
openstack,FN,37510ac03478704bafba89e8c4f4e0e9041d661d,llm_counterfactual,qwen36_27b_local,0.01,0.96
openstack,FN,37510ac03478704bafba89e8c4f4e0e9041d661d,llm_counterfactual,qwen36_27b_local,0.03,0.76
openstack,FN,37510ac03478704bafba89e8c4f4e0e9041d661d,llm_counterfactual,qwen36_27b_local,0.05,0.76
openstack,FN,37510ac03478704bafba89e8c4f4e0e9041d661d,llm_kernelshap,qwen36_27b_local,0.01,0.8400000000000001
openstack,FN,37510ac03478704bafba89e8c4f4e0e9041d661d,llm_kernelshap,qwen36_27b_local,0.03,0.64
openstack,FN,37510ac03478704bafba89e8c4f4e0e9041d661d,llm_kernelshap,qwen36_27b_local,0.05,0.64
openstack,FN,37510ac03478704bafba89e8c4f4e0e9041d661d,llm_lime,qwen36_27b_local,0.01,0.8400000000000001
openstack,FN,37510ac03478704bafba89e8c4f4e0e9041d661d,llm_lime,qwen36_27b_local,0.03,0.64
openstack,FN,37510ac03478704bafba89e8c4f4e0e9041d661d,llm_lime,qwen36_27b_local,0.05,0.64
openstack,FN,37510ac03478704bafba89e8c4f4e0e9041d661d,llm_lofo,qwen36_27b_local,0.01,0.79
openstack,FN,37510ac03478704bafba89e8c4f4e0e9041d661d,llm_lofo,qwen36_27b_local,0.03,0.58
openstack,FN,37510ac03478704bafba89e8c4f4e0e9041d661d,llm_lofo,qwen36_27b_local,0.05,0.58
openstack,FN,37510ac03478704bafba89e8c4f4e0e9041d661d,lofo,,0.01,1.0
openstack,FN,37510ac03478704bafba89e8c4f4e0e9041d661d,lofo,,0.03,1.0
openstack,FN,37510ac03478704bafba89e8c4f4e0e9041d661d,lofo,,0.05,0.8
openstack,FN,589c495c1ae62129e20ab5e2641e330541eee01f,counterfactual,,0.01,1.0
openstack,FN,589c495c1ae62129e20ab5e2641e330541eee01f,counterfactual,,0.03,0.8
openstack,FN,589c495c1ae62129e20ab5e2641e330541eee01f,counterfactual,,0.05,0.8
openstack,FN,589c495c1ae62129e20ab5e2641e330541eee01f,kernelshap,,0.01,1.0
openstack,FN,589c495c1ae62129e20ab5e2641e330541eee01f,kernelshap,,0.03,1.0
openstack,FN,589c495c1ae62129e20ab5e2641e330541eee01f,kernelshap,,0.05,1.0
openstack,FN,589c495c1ae62129e20ab5e2641e330541eee01f,lime,,0.01,1.0
openstack,FN,589c495c1ae62129e20ab5e2641e330541eee01f,lime,,0.03,1.0
openstack,FN,589c495c1ae62129e20ab5e2641e330541eee01f,lime,,0.05,1.0
openstack,FN,589c495c1ae62129e20ab5e2641e330541eee01f,llm_counterfactual,qwen36_27b_local,0.01,1.0
openstack,FN,589c495c1ae62129e20ab5e2641e330541eee01f,llm_counterfactual,qwen36_27b_local,0.03,0.8
openstack,FN,589c495c1ae62129e20ab5e2641e330541eee01f,llm_counterfactual,qwen36_27b_local,0.05,0.6
openstack,FN,589c495c1ae62129e20ab5e2641e330541eee01f,llm_kernelshap,qwen36_27b_local,0.01,0.8
openstack,FN,589c495c1ae62129e20ab5e2641e330541eee01f,llm_kernelshap,qwen36_27b_local,0.03,0.6
openstack,FN,589c495c1ae62129e20ab5e2641e330541eee01f,llm_kernelshap,qwen36_27b_local,0.05,0.6
openstack,FN,589c495c1ae62129e20ab5e2641e330541eee01f,llm_lime,qwen36_27b_local,0.01,0.8
openstack,FN,589c495c1ae62129e20ab5e2641e330541eee01f,llm_lime,qwen36_27b_local,0.03,0.6
openstack,FN,589c495c1ae62129e20ab5e2641e330541eee01f,llm_lime,qwen36_27b_local,0.05,0.6
openstack,FN,589c495c1ae62129e20ab5e2641e330541eee01f,llm_lofo,qwen36_27b_local,0.01,0.8
openstack,FN,589c495c1ae62129e20ab5e2641e330541eee01f,llm_lofo,qwen36_27b_local,0.03,0.64
openstack,FN,589c495c1ae62129e20ab5e2641e330541eee01f,llm_lofo,qwen36_27b_local,0.05,0.52
openstack,FN,589c495c1ae62129e20ab5e2641e330541eee01f,lofo,,0.01,1.0
openstack,FN,589c495c1ae62129e20ab5e2641e330541eee01f,lofo,,0.03,0.8
openstack,FN,589c495c1ae62129e20ab5e2641e330541eee01f,lofo,,0.05,0.8
openstack,FN,703ba3c4e3d0b442c3097b6c844a59e560c09fe8,counterfactual,,0.01,0.8
openstack,FN,703ba3c4e3d0b442c3097b6c844a59e560c09fe8,counterfactual,,0.03,0.6
openstack,FN,703ba3c4e3d0b442c3097b6c844a59e560c09fe8,counterfactual,,0.05,0.2
openstack,FN,703ba3c4e3d0b442c3097b6c844a59e560c09fe8,kernelshap,,0.01,0.76
openstack,FN,703ba3c4e3d0b442c3097b6c844a59e560c09fe8,kernelshap,,0.03,0.4
openstack,FN,703ba3c4e3d0b442c3097b6c844a59e560c09fe8,kernelshap,,0.05,0.2
openstack,FN,703ba3c4e3d0b442c3097b6c844a59e560c09fe8,lime,,0.01,0.8
openstack,FN,703ba3c4e3d0b442c3097b6c844a59e560c09fe8,lime,,0.03,0.4
openstack,FN,703ba3c4e3d0b442c3097b6c844a59e560c09fe8,lime,,0.05,0.2
openstack,FN,703ba3c4e3d0b442c3097b6c844a59e560c09fe8,llm_counterfactual,qwen36_27b_local,0.01,0.8
openstack,FN,703ba3c4e3d0b442c3097b6c844a59e560c09fe8,llm_counterfactual,qwen36_27b_local,0.03,0.2
openstack,FN,703ba3c4e3d0b442c3097b6c844a59e560c09fe8,llm_counterfactual,qwen36_27b_local,0.05,0.2
openstack,FN,703ba3c4e3d0b442c3097b6c844a59e560c09fe8,llm_kernelshap,qwen36_27b_local,0.01,0.64
openstack,FN,703ba3c4e3d0b442c3097b6c844a59e560c09fe8,llm_kernelshap,qwen36_27b_local,0.03,0.16
openstack,FN,703ba3c4e3d0b442c3097b6c844a59e560c09fe8,llm_kernelshap,qwen36_27b_local,0.05,0.16
openstack,FN,703ba3c4e3d0b442c3097b6c844a59e560c09fe8,llm_lime,qwen36_27b_local,0.01,0.8
openstack,FN,703ba3c4e3d0b442c3097b6c844a59e560c09fe8,llm_lime,qwen36_27b_local,0.03,0.32
openstack,FN,703ba3c4e3d0b442c3097b6c844a59e560c09fe8,llm_lime,qwen36_27b_local,0.05,0.32
openstack,FN,703ba3c4e3d0b442c3097b6c844a59e560c09fe8,llm_lofo,qwen36_27b_local,0.01,0.72
openstack,FN,703ba3c4e3d0b442c3097b6c844a59e560c09fe8,llm_lofo,qwen36_27b_local,0.03,0.28
openstack,FN,703ba3c4e3d0b442c3097b6c844a59e560c09fe8,llm_lofo,qwen36_27b_local,0.05,0.28
openstack,FN,703ba3c4e3d0b442c3097b6c844a59e560c09fe8,lofo,,0.01,0.6
openstack,FN,703ba3c4e3d0b442c3097b6c844a59e560c09fe8,lofo,,0.03,0.4
openstack,FN,703ba3c4e3d0b442c3097b6c844a59e560c09fe8,lofo,,0.05,0.2
openstack,FN,763fd62464e9a0753e061171cc1fd826055bbc01,counterfactual,,0.01,0.8
openstack,FN,763fd62464e9a0753e061171cc1fd826055bbc01,counterfactual,,0.03,0.6
openstack,FN,763fd62464e9a0753e061171cc1fd826055bbc01,counterfactual,,0.05,0.6
openstack,FN,763fd62464e9a0753e061171cc1fd826055bbc01,kernelshap,,0.01,0.8400000000000001
openstack,FN,763fd62464e9a0753e061171cc1fd826055bbc01,kernelshap,,0.03,0.64
openstack,FN,763fd62464e9a0753e061171cc1fd826055bbc01,kernelshap,,0.05,0.64
openstack,FN,763fd62464e9a0753e061171cc1fd826055bbc01,lime,,0.01,0.6799999999999999
openstack,FN,763fd62464e9a0753e061171cc1fd826055bbc01,lime,,0.03,0.5599999999999999
openstack,FN,763fd62464e9a0753e061171cc1fd826055bbc01,lime,,0.05,0.5599999999999999
openstack,FN,763fd62464e9a0753e061171cc1fd826055bbc01,llm_counterfactual,qwen36_27b_local,0.01,1.0
openstack,FN,763fd62464e9a0753e061171cc1fd826055bbc01,llm_counterfactual,qwen36_27b_local,0.03,0.8800000000000001
openstack,FN,763fd62464e9a0753e061171cc1fd826055bbc01,llm_counterfactual,qwen36_27b_local,0.05,0.5599999999999999
openstack,FN,763fd62464e9a0753e061171cc1fd826055bbc01,llm_kernelshap,qwen36_27b_local,0.01,1.0
openstack,FN,763fd62464e9a0753e061171cc1fd826055bbc01,llm_kernelshap,qwen36_27b_local,0.03,0.8
openstack,FN,763fd62464e9a0753e061171cc1fd826055bbc01,llm_kernelshap,qwen36_27b_local,0.05,0.5599999999999999
openstack,FN,763fd62464e9a0753e061171cc1fd826055bbc01,llm_lime,qwen36_27b_local,0.01,1.0
openstack,FN,763fd62464e9a0753e061171cc1fd826055bbc01,llm_lime,qwen36_27b_local,0.03,0.8
openstack,FN,763fd62464e9a0753e061171cc1fd826055bbc01,llm_lime,qwen36_27b_local,0.05,0.5599999999999999
openstack,FN,763fd62464e9a0753e061171cc1fd826055bbc01,llm_lofo,qwen36_27b_local,0.01,1.0
openstack,FN,763fd62464e9a0753e061171cc1fd826055bbc01,llm_lofo,qwen36_27b_local,0.03,0.64
openstack,FN,763fd62464e9a0753e061171cc1fd826055bbc01,llm_lofo,qwen36_27b_local,0.05,0.44000000000000006
openstack,FN,763fd62464e9a0753e061171cc1fd826055bbc01,lofo,,0.01,1.0
openstack,FN,763fd62464e9a0753e061171cc1fd826055bbc01,lofo,,0.03,1.0
openstack,FN,763fd62464e9a0753e061171cc1fd826055bbc01,lofo,,0.05,0.6
openstack,FN,848664f646bf087df59778434daa6feae1e71c74,counterfactual,,0.01,1.0
openstack,FN,848664f646bf087df59778434daa6feae1e71c74,counterfactual,,0.03,1.0
openstack,FN,848664f646bf087df59778434daa6feae1e71c74,counterfactual,,0.05,1.0
openstack,FN,848664f646bf087df59778434daa6feae1e71c74,kernelshap,,0.01,1.0
openstack,FN,848664f646bf087df59778434daa6feae1e71c74,kernelshap,,0.03,1.0
openstack,FN,848664f646bf087df59778434daa6feae1e71c74,kernelshap,,0.05,1.0
openstack,FN,848664f646bf087df59778434daa6feae1e71c74,lime,,0.01,1.0
openstack,FN,848664f646bf087df59778434daa6feae1e71c74,lime,,0.03,0.8
openstack,FN,848664f646bf087df59778434daa6feae1e71c74,lime,,0.05,0.6
openstack,FN,848664f646bf087df59778434daa6feae1e71c74,llm_counterfactual,qwen36_27b_local,0.01,1.0
openstack,FN,848664f646bf087df59778434daa6feae1e71c74,llm_counterfactual,qwen36_27b_local,0.03,1.0
openstack,FN,848664f646bf087df59778434daa6feae1e71c74,llm_counterfactual,qwen36_27b_local,0.05,1.0
openstack,FN,848664f646bf087df59778434daa6feae1e71c74,llm_kernelshap,qwen36_27b_local,0.01,1.0
openstack,FN,848664f646bf087df59778434daa6feae1e71c74,llm_kernelshap,qwen36_27b_local,0.03,1.0
openstack,FN,848664f646bf087df59778434daa6feae1e71c74,llm_kernelshap,qwen36_27b_local,0.05,1.0
openstack,FN,848664f646bf087df59778434daa6feae1e71c74,llm_lime,qwen36_27b_local,0.01,1.0
openstack,FN,848664f646bf087df59778434daa6feae1e71c74,llm_lime,qwen36_27b_local,0.03,1.0
openstack,FN,848664f646bf087df59778434daa6feae1e71c74,llm_lime,qwen36_27b_local,0.05,1.0
openstack,FN,848664f646bf087df59778434daa6feae1e71c74,llm_lofo,qwen36_27b_local,0.01,1.0
openstack,FN,848664f646bf087df59778434daa6feae1e71c74,llm_lofo,qwen36_27b_local,0.03,0.9199999999999999
openstack,FN,848664f646bf087df59778434daa6feae1e71c74,llm_lofo,qwen36_27b_local,0.05,0.9199999999999999
openstack,FN,848664f646bf087df59778434daa6feae1e71c74,lofo,,0.01,1.0
openstack,FN,848664f646bf087df59778434daa6feae1e71c74,lofo,,0.03,1.0
openstack,FN,848664f646bf087df59778434daa6feae1e71c74,lofo,,0.05,1.0
openstack,FN,8ccdc4ac5053c6e39660044a9f8c1f695370e9a7,counterfactual,,0.01,1.0
openstack,FN,8ccdc4ac5053c6e39660044a9f8c1f695370e9a7,counterfactual,,0.03,1.0
openstack,FN,8ccdc4ac5053c6e39660044a9f8c1f695370e9a7,counterfactual,,0.05,0.8
openstack,FN,8ccdc4ac5053c6e39660044a9f8c1f695370e9a7,kernelshap,,0.01,1.0
openstack,FN,8ccdc4ac5053c6e39660044a9f8c1f695370e9a7,kernelshap,,0.03,0.8
openstack,FN,8ccdc4ac5053c6e39660044a9f8c1f695370e9a7,kernelshap,,0.05,0.8
openstack,FN,8ccdc4ac5053c6e39660044a9f8c1f695370e9a7,lime,,0.01,1.0
openstack,FN,8ccdc4ac5053c6e39660044a9f8c1f695370e9a7,lime,,0.03,0.5599999999999999
openstack,FN,8ccdc4ac5053c6e39660044a9f8c1f695370e9a7,lime,,0.05,0.36
openstack,FN,8ccdc4ac5053c6e39660044a9f8c1f695370e9a7,llm_counterfactual,qwen36_27b_local,0.01,1.0
openstack,FN,8ccdc4ac5053c6e39660044a9f8c1f695370e9a7,llm_counterfactual,qwen36_27b_local,0.03,0.8800000000000001
openstack,FN,8ccdc4ac5053c6e39660044a9f8c1f695370e9a7,llm_counterfactual,qwen36_27b_local,0.05,0.24000000000000005
openstack,FN,8ccdc4ac5053c6e39660044a9f8c1f695370e9a7,llm_kernelshap,qwen36_27b_local,0.01,1.0
openstack,FN,8ccdc4ac5053c6e39660044a9f8c1f695370e9a7,llm_kernelshap,qwen36_27b_local,0.03,1.0
openstack,FN,8ccdc4ac5053c6e39660044a9f8c1f695370e9a7,llm_kernelshap,qwen36_27b_local,0.05,0.6
openstack,FN,8ccdc4ac5053c6e39660044a9f8c1f695370e9a7,llm_lime,qwen36_27b_local,0.01,1.0
openstack,FN,8ccdc4ac5053c6e39660044a9f8c1f695370e9a7,llm_lime,qwen36_27b_local,0.03,0.96
openstack,FN,8ccdc4ac5053c6e39660044a9f8c1f695370e9a7,llm_lime,qwen36_27b_local,0.05,0.52
openstack,FN,8ccdc4ac5053c6e39660044a9f8c1f695370e9a7,llm_lofo,qwen36_27b_local,0.01,1.0
openstack,FN,8ccdc4ac5053c6e39660044a9f8c1f695370e9a7,llm_lofo,qwen36_27b_local,0.03,1.0
openstack,FN,8ccdc4ac5053c6e39660044a9f8c1f695370e9a7,llm_lofo,qwen36_27b_local,0.05,0.6
openstack,FN,8ccdc4ac5053c6e39660044a9f8c1f695370e9a7,lofo,,0.01,1.0
openstack,FN,8ccdc4ac5053c6e39660044a9f8c1f695370e9a7,lofo,,0.03,1.0
openstack,FN,8ccdc4ac5053c6e39660044a9f8c1f695370e9a7,lofo,,0.05,0.8
openstack,FN,913a99c79456abbfef1642e6dc70e6a4ff4e25db,counterfactual,,0.01,1.0
openstack,FN,913a99c79456abbfef1642e6dc70e6a4ff4e25db,counterfactual,,0.03,1.0
openstack,FN,913a99c79456abbfef1642e6dc70e6a4ff4e25db,counterfactual,,0.05,1.0
openstack,FN,913a99c79456abbfef1642e6dc70e6a4ff4e25db,kernelshap,,0.01,1.0
openstack,FN,913a99c79456abbfef1642e6dc70e6a4ff4e25db,kernelshap,,0.03,1.0
openstack,FN,913a99c79456abbfef1642e6dc70e6a4ff4e25db,kernelshap,,0.05,1.0
openstack,FN,913a99c79456abbfef1642e6dc70e6a4ff4e25db,lime,,0.01,1.0
openstack,FN,913a99c79456abbfef1642e6dc70e6a4ff4e25db,lime,,0.03,1.0
openstack,FN,913a99c79456abbfef1642e6dc70e6a4ff4e25db,lime,,0.05,1.0
openstack,FN,913a99c79456abbfef1642e6dc70e6a4ff4e25db,llm_counterfactual,qwen36_27b_local,0.01,0.6799999999999999
openstack,FN,913a99c79456abbfef1642e6dc70e6a4ff4e25db,llm_counterfactual,qwen36_27b_local,0.03,0.64
openstack,FN,913a99c79456abbfef1642e6dc70e6a4ff4e25db,llm_counterfactual,qwen36_27b_local,0.05,0.64
openstack,FN,913a99c79456abbfef1642e6dc70e6a4ff4e25db,llm_kernelshap,qwen36_27b_local,0.01,0.6799999999999999
openstack,FN,913a99c79456abbfef1642e6dc70e6a4ff4e25db,llm_kernelshap,qwen36_27b_local,0.03,0.6
openstack,FN,913a99c79456abbfef1642e6dc70e6a4ff4e25db,llm_kernelshap,qwen36_27b_local,0.05,0.6
openstack,FN,913a99c79456abbfef1642e6dc70e6a4ff4e25db,llm_lime,qwen36_27b_local,0.01,0.6
openstack,FN,913a99c79456abbfef1642e6dc70e6a4ff4e25db,llm_lime,qwen36_27b_local,0.03,0.6
openstack,FN,913a99c79456abbfef1642e6dc70e6a4ff4e25db,llm_lime,qwen36_27b_local,0.05,0.6
openstack,FN,913a99c79456abbfef1642e6dc70e6a4ff4e25db,llm_lofo,qwen36_27b_local,0.01,0.8
openstack,FN,913a99c79456abbfef1642e6dc70e6a4ff4e25db,llm_lofo,qwen36_27b_local,0.03,0.68
openstack,FN,913a99c79456abbfef1642e6dc70e6a4ff4e25db,llm_lofo,qwen36_27b_local,0.05,0.68
openstack,FN,913a99c79456abbfef1642e6dc70e6a4ff4e25db,lofo,,0.01,1.0
openstack,FN,913a99c79456abbfef1642e6dc70e6a4ff4e25db,lofo,,0.03,1.0
openstack,FN,913a99c79456abbfef1642e6dc70e6a4ff4e25db,lofo,,0.05,1.0
openstack,FN,91a8cd2952a25b340f5778cace95910e43cbcbb6,counterfactual,,0.01,1.0
openstack,FN,91a8cd2952a25b340f5778cace95910e43cbcbb6,counterfactual,,0.03,1.0
openstack,FN,91a8cd2952a25b340f5778cace95910e43cbcbb6,counterfactual,,0.05,0.6
openstack,FN,91a8cd2952a25b340f5778cace95910e43cbcbb6,kernelshap,,0.01,0.8
openstack,FN,91a8cd2952a25b340f5778cace95910e43cbcbb6,kernelshap,,0.03,0.6
openstack,FN,91a8cd2952a25b340f5778cace95910e43cbcbb6,kernelshap,,0.05,0.6
openstack,FN,91a8cd2952a25b340f5778cace95910e43cbcbb6,lime,,0.01,0.6
openstack,FN,91a8cd2952a25b340f5778cace95910e43cbcbb6,lime,,0.03,0.5599999999999999
openstack,FN,91a8cd2952a25b340f5778cace95910e43cbcbb6,lime,,0.05,0.48
openstack,FN,91a8cd2952a25b340f5778cace95910e43cbcbb6,llm_counterfactual,qwen36_27b_local,0.01,0.44000000000000006
openstack,FN,91a8cd2952a25b340f5778cace95910e43cbcbb6,llm_counterfactual,qwen36_27b_local,0.03,0.24000000000000005
openstack,FN,91a8cd2952a25b340f5778cace95910e43cbcbb6,llm_counterfactual,qwen36_27b_local,0.05,0.24000000000000005
openstack,FN,91a8cd2952a25b340f5778cace95910e43cbcbb6,llm_kernelshap,qwen36_27b_local,0.01,0.6
openstack,FN,91a8cd2952a25b340f5778cace95910e43cbcbb6,llm_kernelshap,qwen36_27b_local,0.03,0.2
openstack,FN,91a8cd2952a25b340f5778cace95910e43cbcbb6,llm_kernelshap,qwen36_27b_local,0.05,0.2
openstack,FN,91a8cd2952a25b340f5778cace95910e43cbcbb6,llm_lime,qwen36_27b_local,0.01,0.4
openstack,FN,91a8cd2952a25b340f5778cace95910e43cbcbb6,llm_lime,qwen36_27b_local,0.03,0.2
openstack,FN,91a8cd2952a25b340f5778cace95910e43cbcbb6,llm_lime,qwen36_27b_local,0.05,0.2
openstack,FN,91a8cd2952a25b340f5778cace95910e43cbcbb6,llm_lofo,qwen36_27b_local,0.01,0.64
openstack,FN,91a8cd2952a25b340f5778cace95910e43cbcbb6,llm_lofo,qwen36_27b_local,0.03,0.4
openstack,FN,91a8cd2952a25b340f5778cace95910e43cbcbb6,llm_lofo,qwen36_27b_local,0.05,0.28
openstack,FN,91a8cd2952a25b340f5778cace95910e43cbcbb6,lofo,,0.01,1.0
openstack,FN,91a8cd2952a25b340f5778cace95910e43cbcbb6,lofo,,0.03,0.8
openstack,FN,91a8cd2952a25b340f5778cace95910e43cbcbb6,lofo,,0.05,0.6
openstack,FN,ab1cb6378f136ae8adcb0027385b43763e402cca,counterfactual,,0.01,1.0
openstack,FN,ab1cb6378f136ae8adcb0027385b43763e402cca,counterfactual,,0.03,0.8
openstack,FN,ab1cb6378f136ae8adcb0027385b43763e402cca,counterfactual,,0.05,0.6
openstack,FN,ab1cb6378f136ae8adcb0027385b43763e402cca,kernelshap,,0.01,1.0
openstack,FN,ab1cb6378f136ae8adcb0027385b43763e402cca,kernelshap,,0.03,0.8
openstack,FN,ab1cb6378f136ae8adcb0027385b43763e402cca,kernelshap,,0.05,0.6
openstack,FN,ab1cb6378f136ae8adcb0027385b43763e402cca,lime,,0.01,1.0
openstack,FN,ab1cb6378f136ae8adcb0027385b43763e402cca,lime,,0.03,0.64
openstack,FN,ab1cb6378f136ae8adcb0027385b43763e402cca,lime,,0.05,0.4
openstack,FN,ab1cb6378f136ae8adcb0027385b43763e402cca,llm_counterfactual,qwen36_27b_local,0.01,1.0
openstack,FN,ab1cb6378f136ae8adcb0027385b43763e402cca,llm_counterfactual,qwen36_27b_local,0.03,0.96
openstack,FN,ab1cb6378f136ae8adcb0027385b43763e402cca,llm_counterfactual,qwen36_27b_local,0.05,0.72
openstack,FN,ab1cb6378f136ae8adcb0027385b43763e402cca,llm_kernelshap,qwen36_27b_local,0.01,1.0
openstack,FN,ab1cb6378f136ae8adcb0027385b43763e402cca,llm_kernelshap,qwen36_27b_local,0.03,0.96
openstack,FN,ab1cb6378f136ae8adcb0027385b43763e402cca,llm_kernelshap,qwen36_27b_local,0.05,0.8
openstack,FN,ab1cb6378f136ae8adcb0027385b43763e402cca,llm_lime,qwen36_27b_local,0.01,1.0
openstack,FN,ab1cb6378f136ae8adcb0027385b43763e402cca,llm_lime,qwen36_27b_local,0.03,1.0
openstack,FN,ab1cb6378f136ae8adcb0027385b43763e402cca,llm_lime,qwen36_27b_local,0.05,0.77
openstack,FN,ab1cb6378f136ae8adcb0027385b43763e402cca,llm_lofo,qwen36_27b_local,0.01,1.0
openstack,FN,ab1cb6378f136ae8adcb0027385b43763e402cca,llm_lofo,qwen36_27b_local,0.03,0.8
openstack,FN,ab1cb6378f136ae8adcb0027385b43763e402cca,llm_lofo,qwen36_27b_local,0.05,0.6
openstack,FN,ab1cb6378f136ae8adcb0027385b43763e402cca,lofo,,0.01,1.0
openstack,FN,ab1cb6378f136ae8adcb0027385b43763e402cca,lofo,,0.03,1.0
openstack,FN,ab1cb6378f136ae8adcb0027385b43763e402cca,lofo,,0.05,0.6
openstack,FN,bc6ca87a6a01ecbda926a78d07cadbd4e3ab97e0,counterfactual,,0.01,1.0
openstack,FN,bc6ca87a6a01ecbda926a78d07cadbd4e3ab97e0,counterfactual,,0.03,1.0
openstack,FN,bc6ca87a6a01ecbda926a78d07cadbd4e3ab97e0,counterfactual,,0.05,0.8
openstack,FN,bc6ca87a6a01ecbda926a78d07cadbd4e3ab97e0,kernelshap,,0.01,1.0
openstack,FN,bc6ca87a6a01ecbda926a78d07cadbd4e3ab97e0,kernelshap,,0.03,0.6
openstack,FN,bc6ca87a6a01ecbda926a78d07cadbd4e3ab97e0,kernelshap,,0.05,0.6
openstack,FN,bc6ca87a6a01ecbda926a78d07cadbd4e3ab97e0,lime,,0.01,1.0
openstack,FN,bc6ca87a6a01ecbda926a78d07cadbd4e3ab97e0,lime,,0.03,0.8400000000000001
openstack,FN,bc6ca87a6a01ecbda926a78d07cadbd4e3ab97e0,lime,,0.05,0.8
openstack,FN,bc6ca87a6a01ecbda926a78d07cadbd4e3ab97e0,llm_counterfactual,qwen36_27b_local,0.01,0.9199999999999999
openstack,FN,bc6ca87a6a01ecbda926a78d07cadbd4e3ab97e0,llm_counterfactual,qwen36_27b_local,0.03,0.6
openstack,FN,bc6ca87a6a01ecbda926a78d07cadbd4e3ab97e0,llm_counterfactual,qwen36_27b_local,0.05,0.6
openstack,FN,bc6ca87a6a01ecbda926a78d07cadbd4e3ab97e0,llm_kernelshap,qwen36_27b_local,0.01,0.8
openstack,FN,bc6ca87a6a01ecbda926a78d07cadbd4e3ab97e0,llm_kernelshap,qwen36_27b_local,0.03,0.2
openstack,FN,bc6ca87a6a01ecbda926a78d07cadbd4e3ab97e0,llm_kernelshap,qwen36_27b_local,0.05,0.2
openstack,FN,bc6ca87a6a01ecbda926a78d07cadbd4e3ab97e0,llm_lime,qwen36_27b_local,0.01,1.0
openstack,FN,bc6ca87a6a01ecbda926a78d07cadbd4e3ab97e0,llm_lime,qwen36_27b_local,0.03,0.5
openstack,FN,bc6ca87a6a01ecbda926a78d07cadbd4e3ab97e0,llm_lime,qwen36_27b_local,0.05,0.5
openstack,FN,bc6ca87a6a01ecbda926a78d07cadbd4e3ab97e0,llm_lofo,qwen36_27b_local,0.01,0.8400000000000001
openstack,FN,bc6ca87a6a01ecbda926a78d07cadbd4e3ab97e0,llm_lofo,qwen36_27b_local,0.03,0.32
openstack,FN,bc6ca87a6a01ecbda926a78d07cadbd4e3ab97e0,llm_lofo,qwen36_27b_local,0.05,0.32
openstack,FN,bc6ca87a6a01ecbda926a78d07cadbd4e3ab97e0,lofo,,0.01,1.0
openstack,FN,bc6ca87a6a01ecbda926a78d07cadbd4e3ab97e0,lofo,,0.03,1.0
openstack,FN,bc6ca87a6a01ecbda926a78d07cadbd4e3ab97e0,lofo,,0.05,1.0
openstack,FN,c2c37272bf788aac63399127cddd487dc0f15c38,counterfactual,,0.01,0.8
openstack,FN,c2c37272bf788aac63399127cddd487dc0f15c38,counterfactual,,0.03,0.4
openstack,FN,c2c37272bf788aac63399127cddd487dc0f15c38,counterfactual,,0.05,0.2
openstack,FN,c2c37272bf788aac63399127cddd487dc0f15c38,kernelshap,,0.01,0.8
openstack,FN,c2c37272bf788aac63399127cddd487dc0f15c38,kernelshap,,0.03,0.4
openstack,FN,c2c37272bf788aac63399127cddd487dc0f15c38,kernelshap,,0.05,0.0
openstack,FN,c2c37272bf788aac63399127cddd487dc0f15c38,lime,,0.01,0.8
openstack,FN,c2c37272bf788aac63399127cddd487dc0f15c38,lime,,0.03,0.32
openstack,FN,c2c37272bf788aac63399127cddd487dc0f15c38,lime,,0.05,0.32
openstack,FN,c2c37272bf788aac63399127cddd487dc0f15c38,llm_counterfactual,qwen36_27b_local,0.01,0.8400000000000001
openstack,FN,c2c37272bf788aac63399127cddd487dc0f15c38,llm_counterfactual,qwen36_27b_local,0.03,0.44000000000000006
openstack,FN,c2c37272bf788aac63399127cddd487dc0f15c38,llm_counterfactual,qwen36_27b_local,0.05,0.24000000000000005
openstack,FN,c2c37272bf788aac63399127cddd487dc0f15c38,llm_kernelshap,qwen36_27b_local,0.01,1.0
openstack,FN,c2c37272bf788aac63399127cddd487dc0f15c38,llm_kernelshap,qwen36_27b_local,0.03,0.6799999999999999
openstack,FN,c2c37272bf788aac63399127cddd487dc0f15c38,llm_kernelshap,qwen36_27b_local,0.05,0.4
openstack,FN,c2c37272bf788aac63399127cddd487dc0f15c38,llm_lime,qwen36_27b_local,0.01,0.96
openstack,FN,c2c37272bf788aac63399127cddd487dc0f15c38,llm_lime,qwen36_27b_local,0.03,0.5599999999999999
openstack,FN,c2c37272bf788aac63399127cddd487dc0f15c38,llm_lime,qwen36_27b_local,0.05,0.32
openstack,FN,c2c37272bf788aac63399127cddd487dc0f15c38,llm_lofo,qwen36_27b_local,0.01,1.0
openstack,FN,c2c37272bf788aac63399127cddd487dc0f15c38,llm_lofo,qwen36_27b_local,0.03,0.6799999999999999
openstack,FN,c2c37272bf788aac63399127cddd487dc0f15c38,llm_lofo,qwen36_27b_local,0.05,0.48
openstack,FN,c2c37272bf788aac63399127cddd487dc0f15c38,lofo,,0.01,1.0
openstack,FN,c2c37272bf788aac63399127cddd487dc0f15c38,lofo,,0.03,0.4
openstack,FN,c2c37272bf788aac63399127cddd487dc0f15c38,lofo,,0.05,0.4
openstack,FN,d1b3adfbe471ad99ddf0dd2b483b77435c157aea,counterfactual,,0.01,1.0
openstack,FN,d1b3adfbe471ad99ddf0dd2b483b77435c157aea,counterfactual,,0.03,1.0
openstack,FN,d1b3adfbe471ad99ddf0dd2b483b77435c157aea,counterfactual,,0.05,1.0
openstack,FN,d1b3adfbe471ad99ddf0dd2b483b77435c157aea,kernelshap,,0.01,0.76
openstack,FN,d1b3adfbe471ad99ddf0dd2b483b77435c157aea,kernelshap,,0.03,0.76
openstack,FN,d1b3adfbe471ad99ddf0dd2b483b77435c157aea,kernelshap,,0.05,0.76
openstack,FN,d1b3adfbe471ad99ddf0dd2b483b77435c157aea,lime,,0.01,1.0
openstack,FN,d1b3adfbe471ad99ddf0dd2b483b77435c157aea,lime,,0.03,1.0
openstack,FN,d1b3adfbe471ad99ddf0dd2b483b77435c157aea,lime,,0.05,0.8
openstack,FN,d1b3adfbe471ad99ddf0dd2b483b77435c157aea,llm_counterfactual,qwen36_27b_local,0.01,1.0
openstack,FN,d1b3adfbe471ad99ddf0dd2b483b77435c157aea,llm_counterfactual,qwen36_27b_local,0.03,0.8
openstack,FN,d1b3adfbe471ad99ddf0dd2b483b77435c157aea,llm_counterfactual,qwen36_27b_local,0.05,0.64
openstack,FN,d1b3adfbe471ad99ddf0dd2b483b77435c157aea,llm_kernelshap,qwen36_27b_local,0.01,1.0
openstack,FN,d1b3adfbe471ad99ddf0dd2b483b77435c157aea,llm_kernelshap,qwen36_27b_local,0.03,0.9199999999999999
openstack,FN,d1b3adfbe471ad99ddf0dd2b483b77435c157aea,llm_kernelshap,qwen36_27b_local,0.05,0.8400000000000001
openstack,FN,d1b3adfbe471ad99ddf0dd2b483b77435c157aea,llm_lime,qwen36_27b_local,0.01,1.0
openstack,FN,d1b3adfbe471ad99ddf0dd2b483b77435c157aea,llm_lime,qwen36_27b_local,0.03,0.8
openstack,FN,d1b3adfbe471ad99ddf0dd2b483b77435c157aea,llm_lime,qwen36_27b_local,0.05,0.8
openstack,FN,d1b3adfbe471ad99ddf0dd2b483b77435c157aea,llm_lofo,qwen36_27b_local,0.01,1.0
openstack,FN,d1b3adfbe471ad99ddf0dd2b483b77435c157aea,llm_lofo,qwen36_27b_local,0.03,1.0
openstack,FN,d1b3adfbe471ad99ddf0dd2b483b77435c157aea,llm_lofo,qwen36_27b_local,0.05,0.8
openstack,FN,d1b3adfbe471ad99ddf0dd2b483b77435c157aea,lofo,,0.01,1.0
openstack,FN,d1b3adfbe471ad99ddf0dd2b483b77435c157aea,lofo,,0.03,1.0
openstack,FN,d1b3adfbe471ad99ddf0dd2b483b77435c157aea,lofo,,0.05,0.8
openstack,FN,d402747547e1a356c6c2c20b57f52af39b63e831,counterfactual,,0.01,1.0
openstack,FN,d402747547e1a356c6c2c20b57f52af39b63e831,counterfactual,,0.03,1.0
openstack,FN,d402747547e1a356c6c2c20b57f52af39b63e831,counterfactual,,0.05,0.8
openstack,FN,d402747547e1a356c6c2c20b57f52af39b63e831,kernelshap,,0.01,1.0
openstack,FN,d402747547e1a356c6c2c20b57f52af39b63e831,kernelshap,,0.03,1.0
openstack,FN,d402747547e1a356c6c2c20b57f52af39b63e831,kernelshap,,0.05,0.8
openstack,FN,d402747547e1a356c6c2c20b57f52af39b63e831,lime,,0.01,1.0
openstack,FN,d402747547e1a356c6c2c20b57f52af39b63e831,lime,,0.03,0.8400000000000001
openstack,FN,d402747547e1a356c6c2c20b57f52af39b63e831,lime,,0.05,0.64
openstack,FN,d402747547e1a356c6c2c20b57f52af39b63e831,llm_counterfactual,qwen36_27b_local,0.01,1.0
openstack,FN,d402747547e1a356c6c2c20b57f52af39b63e831,llm_counterfactual,qwen36_27b_local,0.03,0.8800000000000001
openstack,FN,d402747547e1a356c6c2c20b57f52af39b63e831,llm_counterfactual,qwen36_27b_local,0.05,0.44000000000000006
openstack,FN,d402747547e1a356c6c2c20b57f52af39b63e831,llm_kernelshap,qwen36_27b_local,0.01,1.0
openstack,FN,d402747547e1a356c6c2c20b57f52af39b63e831,llm_kernelshap,qwen36_27b_local,0.03,0.6799999999999999
openstack,FN,d402747547e1a356c6c2c20b57f52af39b63e831,llm_kernelshap,qwen36_27b_local,0.05,0.2
openstack,FN,d402747547e1a356c6c2c20b57f52af39b63e831,llm_lime,qwen36_27b_local,0.01,1.0
openstack,FN,d402747547e1a356c6c2c20b57f52af39b63e831,llm_lime,qwen36_27b_local,0.03,0.76
openstack,FN,d402747547e1a356c6c2c20b57f52af39b63e831,llm_lime,qwen36_27b_local,0.05,0.28
openstack,FN,d402747547e1a356c6c2c20b57f52af39b63e831,llm_lofo,qwen36_27b_local,0.01,1.0
openstack,FN,d402747547e1a356c6c2c20b57f52af39b63e831,llm_lofo,qwen36_27b_local,0.03,0.6799999999999999
openstack,FN,d402747547e1a356c6c2c20b57f52af39b63e831,llm_lofo,qwen36_27b_local,0.05,0.28
openstack,FN,d402747547e1a356c6c2c20b57f52af39b63e831,lofo,,0.01,1.0
openstack,FN,d402747547e1a356c6c2c20b57f52af39b63e831,lofo,,0.03,0.8
openstack,FN,d402747547e1a356c6c2c20b57f52af39b63e831,lofo,,0.05,0.2
openstack,FN,e3df049cad2b7a264acbad4d6baecbc813546e5d,counterfactual,,0.01,1.0
openstack,FN,e3df049cad2b7a264acbad4d6baecbc813546e5d,counterfactual,,0.03,1.0
openstack,FN,e3df049cad2b7a264acbad4d6baecbc813546e5d,counterfactual,,0.05,0.8
openstack,FN,e3df049cad2b7a264acbad4d6baecbc813546e5d,kernelshap,,0.01,1.0
openstack,FN,e3df049cad2b7a264acbad4d6baecbc813546e5d,kernelshap,,0.03,1.0
openstack,FN,e3df049cad2b7a264acbad4d6baecbc813546e5d,kernelshap,,0.05,0.6
openstack,FN,e3df049cad2b7a264acbad4d6baecbc813546e5d,lime,,0.01,0.8
openstack,FN,e3df049cad2b7a264acbad4d6baecbc813546e5d,lime,,0.03,0.5599999999999999
openstack,FN,e3df049cad2b7a264acbad4d6baecbc813546e5d,lime,,0.05,0.4
openstack,FN,e3df049cad2b7a264acbad4d6baecbc813546e5d,llm_counterfactual,qwen36_27b_local,0.01,0.9199999999999999
openstack,FN,e3df049cad2b7a264acbad4d6baecbc813546e5d,llm_counterfactual,qwen36_27b_local,0.03,0.44000000000000006
openstack,FN,e3df049cad2b7a264acbad4d6baecbc813546e5d,llm_counterfactual,qwen36_27b_local,0.05,0.44000000000000006
openstack,FN,e3df049cad2b7a264acbad4d6baecbc813546e5d,llm_kernelshap,qwen36_27b_local,0.01,0.8
openstack,FN,e3df049cad2b7a264acbad4d6baecbc813546e5d,llm_kernelshap,qwen36_27b_local,0.03,0.0
openstack,FN,e3df049cad2b7a264acbad4d6baecbc813546e5d,llm_kernelshap,qwen36_27b_local,0.05,0.0
openstack,FN,e3df049cad2b7a264acbad4d6baecbc813546e5d,llm_lime,qwen36_27b_local,0.01,0.78
openstack,FN,e3df049cad2b7a264acbad4d6baecbc813546e5d,llm_lime,qwen36_27b_local,0.03,0.44000000000000006
openstack,FN,e3df049cad2b7a264acbad4d6baecbc813546e5d,llm_lime,qwen36_27b_local,0.05,0.44000000000000006
openstack,FN,e3df049cad2b7a264acbad4d6baecbc813546e5d,llm_lofo,qwen36_27b_local,0.01,0.8
openstack,FN,e3df049cad2b7a264acbad4d6baecbc813546e5d,llm_lofo,qwen36_27b_local,0.03,0.32
openstack,FN,e3df049cad2b7a264acbad4d6baecbc813546e5d,llm_lofo,qwen36_27b_local,0.05,0.32
openstack,FN,e3df049cad2b7a264acbad4d6baecbc813546e5d,lofo,,0.01,1.0
openstack,FN,e3df049cad2b7a264acbad4d6baecbc813546e5d,lofo,,0.03,0.8
openstack,FN,e3df049cad2b7a264acbad4d6baecbc813546e5d,lofo,,0.05,0.2
openstack,FP,034db863a02ce38a520e4b8aa3a65e1ccdb37f30,counterfactual,,0.01,1.0
openstack,FP,034db863a02ce38a520e4b8aa3a65e1ccdb37f30,counterfactual,,0.03,1.0
openstack,FP,034db863a02ce38a520e4b8aa3a65e1ccdb37f30,counterfactual,,0.05,1.0
openstack,FP,034db863a02ce38a520e4b8aa3a65e1ccdb37f30,kernelshap,,0.01,1.0
openstack,FP,034db863a02ce38a520e4b8aa3a65e1ccdb37f30,kernelshap,,0.03,1.0
openstack,FP,034db863a02ce38a520e4b8aa3a65e1ccdb37f30,kernelshap,,0.05,1.0
openstack,FP,034db863a02ce38a520e4b8aa3a65e1ccdb37f30,lime,,0.01,1.0
openstack,FP,034db863a02ce38a520e4b8aa3a65e1ccdb37f30,lime,,0.03,1.0
openstack,FP,034db863a02ce38a520e4b8aa3a65e1ccdb37f30,lime,,0.05,1.0
openstack,FP,034db863a02ce38a520e4b8aa3a65e1ccdb37f30,llm_counterfactual,qwen36_27b_local,0.01,1.0
openstack,FP,034db863a02ce38a520e4b8aa3a65e1ccdb37f30,llm_counterfactual,qwen36_27b_local,0.03,1.0
openstack,FP,034db863a02ce38a520e4b8aa3a65e1ccdb37f30,llm_counterfactual,qwen36_27b_local,0.05,1.0
openstack,FP,034db863a02ce38a520e4b8aa3a65e1ccdb37f30,llm_kernelshap,qwen36_27b_local,0.01,1.0
openstack,FP,034db863a02ce38a520e4b8aa3a65e1ccdb37f30,llm_kernelshap,qwen36_27b_local,0.03,1.0
openstack,FP,034db863a02ce38a520e4b8aa3a65e1ccdb37f30,llm_kernelshap,qwen36_27b_local,0.05,1.0
openstack,FP,034db863a02ce38a520e4b8aa3a65e1ccdb37f30,llm_lime,qwen36_27b_local,0.01,1.0
openstack,FP,034db863a02ce38a520e4b8aa3a65e1ccdb37f30,llm_lime,qwen36_27b_local,0.03,1.0
openstack,FP,034db863a02ce38a520e4b8aa3a65e1ccdb37f30,llm_lime,qwen36_27b_local,0.05,1.0
openstack,FP,034db863a02ce38a520e4b8aa3a65e1ccdb37f30,llm_lofo,qwen36_27b_local,0.01,1.0
openstack,FP,034db863a02ce38a520e4b8aa3a65e1ccdb37f30,llm_lofo,qwen36_27b_local,0.03,1.0
openstack,FP,034db863a02ce38a520e4b8aa3a65e1ccdb37f30,llm_lofo,qwen36_27b_local,0.05,1.0
openstack,FP,034db863a02ce38a520e4b8aa3a65e1ccdb37f30,lofo,,0.01,1.0
openstack,FP,034db863a02ce38a520e4b8aa3a65e1ccdb37f30,lofo,,0.03,1.0
openstack,FP,034db863a02ce38a520e4b8aa3a65e1ccdb37f30,lofo,,0.05,1.0
openstack,FP,2530ccff8f0a0105d1626c65616080b27682e129,counterfactual,,0.01,1.0
openstack,FP,2530ccff8f0a0105d1626c65616080b27682e129,counterfactual,,0.03,1.0
openstack,FP,2530ccff8f0a0105d1626c65616080b27682e129,counterfactual,,0.05,0.8
openstack,FP,2530ccff8f0a0105d1626c65616080b27682e129,kernelshap,,0.01,1.0
openstack,FP,2530ccff8f0a0105d1626c65616080b27682e129,kernelshap,,0.03,1.0
openstack,FP,2530ccff8f0a0105d1626c65616080b27682e129,kernelshap,,0.05,1.0
openstack,FP,2530ccff8f0a0105d1626c65616080b27682e129,lime,,0.01,1.0
openstack,FP,2530ccff8f0a0105d1626c65616080b27682e129,lime,,0.03,0.8
openstack,FP,2530ccff8f0a0105d1626c65616080b27682e129,lime,,0.05,0.72
openstack,FP,2530ccff8f0a0105d1626c65616080b27682e129,llm_counterfactual,qwen36_27b_local,0.01,1.0
openstack,FP,2530ccff8f0a0105d1626c65616080b27682e129,llm_counterfactual,qwen36_27b_local,0.03,0.72
openstack,FP,2530ccff8f0a0105d1626c65616080b27682e129,llm_counterfactual,qwen36_27b_local,0.05,0.72
openstack,FP,2530ccff8f0a0105d1626c65616080b27682e129,llm_kernelshap,qwen36_27b_local,0.01,1.0
openstack,FP,2530ccff8f0a0105d1626c65616080b27682e129,llm_kernelshap,qwen36_27b_local,0.03,0.8
openstack,FP,2530ccff8f0a0105d1626c65616080b27682e129,llm_kernelshap,qwen36_27b_local,0.05,0.8
openstack,FP,2530ccff8f0a0105d1626c65616080b27682e129,llm_lime,qwen36_27b_local,0.01,1.0
openstack,FP,2530ccff8f0a0105d1626c65616080b27682e129,llm_lime,qwen36_27b_local,0.03,0.8
openstack,FP,2530ccff8f0a0105d1626c65616080b27682e129,llm_lime,qwen36_27b_local,0.05,0.8
openstack,FP,2530ccff8f0a0105d1626c65616080b27682e129,llm_lofo,qwen36_27b_local,0.01,1.0
openstack,FP,2530ccff8f0a0105d1626c65616080b27682e129,llm_lofo,qwen36_27b_local,0.03,0.8800000000000001
openstack,FP,2530ccff8f0a0105d1626c65616080b27682e129,llm_lofo,qwen36_27b_local,0.05,0.8800000000000001
openstack,FP,2530ccff8f0a0105d1626c65616080b27682e129,lofo,,0.01,1.0
openstack,FP,2530ccff8f0a0105d1626c65616080b27682e129,lofo,,0.03,1.0
openstack,FP,2530ccff8f0a0105d1626c65616080b27682e129,lofo,,0.05,1.0
openstack,FP,280cc7c5ae4b07a9a1e23b8f9cc925be9872c8e1,counterfactual,,0.01,1.0
openstack,FP,280cc7c5ae4b07a9a1e23b8f9cc925be9872c8e1,counterfactual,,0.03,1.0
openstack,FP,280cc7c5ae4b07a9a1e23b8f9cc925be9872c8e1,counterfactual,,0.05,1.0
openstack,FP,280cc7c5ae4b07a9a1e23b8f9cc925be9872c8e1,kernelshap,,0.01,1.0
openstack,FP,280cc7c5ae4b07a9a1e23b8f9cc925be9872c8e1,kernelshap,,0.03,1.0
openstack,FP,280cc7c5ae4b07a9a1e23b8f9cc925be9872c8e1,kernelshap,,0.05,1.0
openstack,FP,280cc7c5ae4b07a9a1e23b8f9cc925be9872c8e1,lime,,0.01,1.0
openstack,FP,280cc7c5ae4b07a9a1e23b8f9cc925be9872c8e1,lime,,0.03,0.96
openstack,FP,280cc7c5ae4b07a9a1e23b8f9cc925be9872c8e1,lime,,0.05,0.96
openstack,FP,280cc7c5ae4b07a9a1e23b8f9cc925be9872c8e1,llm_counterfactual,qwen36_27b_local,0.01,1.0
openstack,FP,280cc7c5ae4b07a9a1e23b8f9cc925be9872c8e1,llm_counterfactual,qwen36_27b_local,0.03,0.8400000000000001
openstack,FP,280cc7c5ae4b07a9a1e23b8f9cc925be9872c8e1,llm_counterfactual,qwen36_27b_local,0.05,0.6799999999999999
openstack,FP,280cc7c5ae4b07a9a1e23b8f9cc925be9872c8e1,llm_kernelshap,qwen36_27b_local,0.01,1.0
openstack,FP,280cc7c5ae4b07a9a1e23b8f9cc925be9872c8e1,llm_kernelshap,qwen36_27b_local,0.03,0.8
openstack,FP,280cc7c5ae4b07a9a1e23b8f9cc925be9872c8e1,llm_kernelshap,qwen36_27b_local,0.05,0.76
openstack,FP,280cc7c5ae4b07a9a1e23b8f9cc925be9872c8e1,llm_lime,qwen36_27b_local,0.01,1.0
openstack,FP,280cc7c5ae4b07a9a1e23b8f9cc925be9872c8e1,llm_lime,qwen36_27b_local,0.03,0.8800000000000001
openstack,FP,280cc7c5ae4b07a9a1e23b8f9cc925be9872c8e1,llm_lime,qwen36_27b_local,0.05,0.72
openstack,FP,280cc7c5ae4b07a9a1e23b8f9cc925be9872c8e1,llm_lofo,qwen36_27b_local,0.01,1.0
openstack,FP,280cc7c5ae4b07a9a1e23b8f9cc925be9872c8e1,llm_lofo,qwen36_27b_local,0.03,0.8800000000000001
openstack,FP,280cc7c5ae4b07a9a1e23b8f9cc925be9872c8e1,llm_lofo,qwen36_27b_local,0.05,0.8800000000000001
openstack,FP,280cc7c5ae4b07a9a1e23b8f9cc925be9872c8e1,lofo,,0.01,1.0
openstack,FP,280cc7c5ae4b07a9a1e23b8f9cc925be9872c8e1,lofo,,0.03,1.0
openstack,FP,280cc7c5ae4b07a9a1e23b8f9cc925be9872c8e1,lofo,,0.05,1.0
openstack,FP,296da649452f66dd15a15ee4274ab0f8609250e2,counterfactual,,0.01,1.0
openstack,FP,296da649452f66dd15a15ee4274ab0f8609250e2,counterfactual,,0.03,1.0
openstack,FP,296da649452f66dd15a15ee4274ab0f8609250e2,counterfactual,,0.05,1.0
openstack,FP,296da649452f66dd15a15ee4274ab0f8609250e2,kernelshap,,0.01,1.0
openstack,FP,296da649452f66dd15a15ee4274ab0f8609250e2,kernelshap,,0.03,1.0
openstack,FP,296da649452f66dd15a15ee4274ab0f8609250e2,kernelshap,,0.05,0.8
openstack,FP,296da649452f66dd15a15ee4274ab0f8609250e2,lime,,0.01,1.0
openstack,FP,296da649452f66dd15a15ee4274ab0f8609250e2,lime,,0.03,1.0
openstack,FP,296da649452f66dd15a15ee4274ab0f8609250e2,lime,,0.05,1.0
openstack,FP,296da649452f66dd15a15ee4274ab0f8609250e2,llm_counterfactual,qwen36_27b_local,0.01,1.0
openstack,FP,296da649452f66dd15a15ee4274ab0f8609250e2,llm_counterfactual,qwen36_27b_local,0.03,0.8400000000000001
openstack,FP,296da649452f66dd15a15ee4274ab0f8609250e2,llm_counterfactual,qwen36_27b_local,0.05,0.64
openstack,FP,296da649452f66dd15a15ee4274ab0f8609250e2,llm_kernelshap,qwen36_27b_local,0.01,1.0
openstack,FP,296da649452f66dd15a15ee4274ab0f8609250e2,llm_kernelshap,qwen36_27b_local,0.03,0.8
openstack,FP,296da649452f66dd15a15ee4274ab0f8609250e2,llm_kernelshap,qwen36_27b_local,0.05,0.72
openstack,FP,296da649452f66dd15a15ee4274ab0f8609250e2,llm_lime,qwen36_27b_local,0.01,1.0
openstack,FP,296da649452f66dd15a15ee4274ab0f8609250e2,llm_lime,qwen36_27b_local,0.03,0.8800000000000001
openstack,FP,296da649452f66dd15a15ee4274ab0f8609250e2,llm_lime,qwen36_27b_local,0.05,0.6799999999999999
openstack,FP,296da649452f66dd15a15ee4274ab0f8609250e2,llm_lofo,qwen36_27b_local,0.01,1.0
openstack,FP,296da649452f66dd15a15ee4274ab0f8609250e2,llm_lofo,qwen36_27b_local,0.03,1.0
openstack,FP,296da649452f66dd15a15ee4274ab0f8609250e2,llm_lofo,qwen36_27b_local,0.05,0.8
openstack,FP,296da649452f66dd15a15ee4274ab0f8609250e2,lofo,,0.01,1.0
openstack,FP,296da649452f66dd15a15ee4274ab0f8609250e2,lofo,,0.03,1.0
openstack,FP,296da649452f66dd15a15ee4274ab0f8609250e2,lofo,,0.05,1.0
openstack,FP,2bb9e5563c69f79d5da23668b08dd9c88f9d4348,counterfactual,,0.01,1.0
openstack,FP,2bb9e5563c69f79d5da23668b08dd9c88f9d4348,counterfactual,,0.03,1.0
openstack,FP,2bb9e5563c69f79d5da23668b08dd9c88f9d4348,counterfactual,,0.05,0.8
openstack,FP,2bb9e5563c69f79d5da23668b08dd9c88f9d4348,kernelshap,,0.01,1.0
openstack,FP,2bb9e5563c69f79d5da23668b08dd9c88f9d4348,kernelshap,,0.03,1.0
openstack,FP,2bb9e5563c69f79d5da23668b08dd9c88f9d4348,kernelshap,,0.05,1.0
openstack,FP,2bb9e5563c69f79d5da23668b08dd9c88f9d4348,lime,,0.01,1.0
openstack,FP,2bb9e5563c69f79d5da23668b08dd9c88f9d4348,lime,,0.03,1.0
openstack,FP,2bb9e5563c69f79d5da23668b08dd9c88f9d4348,lime,,0.05,0.6
openstack,FP,2bb9e5563c69f79d5da23668b08dd9c88f9d4348,llm_counterfactual,qwen36_27b_local,0.01,0.96
openstack,FP,2bb9e5563c69f79d5da23668b08dd9c88f9d4348,llm_counterfactual,qwen36_27b_local,0.03,0.96
openstack,FP,2bb9e5563c69f79d5da23668b08dd9c88f9d4348,llm_counterfactual,qwen36_27b_local,0.05,0.6
openstack,FP,2bb9e5563c69f79d5da23668b08dd9c88f9d4348,llm_kernelshap,qwen36_27b_local,0.01,1.0
openstack,FP,2bb9e5563c69f79d5da23668b08dd9c88f9d4348,llm_kernelshap,qwen36_27b_local,0.03,1.0
openstack,FP,2bb9e5563c69f79d5da23668b08dd9c88f9d4348,llm_kernelshap,qwen36_27b_local,0.05,0.76
openstack,FP,2bb9e5563c69f79d5da23668b08dd9c88f9d4348,llm_lime,qwen36_27b_local,0.01,1.0
openstack,FP,2bb9e5563c69f79d5da23668b08dd9c88f9d4348,llm_lime,qwen36_27b_local,0.03,1.0
openstack,FP,2bb9e5563c69f79d5da23668b08dd9c88f9d4348,llm_lime,qwen36_27b_local,0.05,0.8
openstack,FP,2bb9e5563c69f79d5da23668b08dd9c88f9d4348,llm_lofo,qwen36_27b_local,0.01,1.0
openstack,FP,2bb9e5563c69f79d5da23668b08dd9c88f9d4348,llm_lofo,qwen36_27b_local,0.03,1.0
openstack,FP,2bb9e5563c69f79d5da23668b08dd9c88f9d4348,llm_lofo,qwen36_27b_local,0.05,0.8800000000000001
openstack,FP,2bb9e5563c69f79d5da23668b08dd9c88f9d4348,lofo,,0.01,1.0
openstack,FP,2bb9e5563c69f79d5da23668b08dd9c88f9d4348,lofo,,0.03,1.0
openstack,FP,2bb9e5563c69f79d5da23668b08dd9c88f9d4348,lofo,,0.05,0.8
openstack,FP,3eea37b85b1abc72786a2b24baf01141b4d95f08,counterfactual,,0.01,1.0
openstack,FP,3eea37b85b1abc72786a2b24baf01141b4d95f08,counterfactual,,0.03,1.0
openstack,FP,3eea37b85b1abc72786a2b24baf01141b4d95f08,counterfactual,,0.05,1.0
openstack,FP,3eea37b85b1abc72786a2b24baf01141b4d95f08,kernelshap,,0.01,1.0
openstack,FP,3eea37b85b1abc72786a2b24baf01141b4d95f08,kernelshap,,0.03,1.0
openstack,FP,3eea37b85b1abc72786a2b24baf01141b4d95f08,kernelshap,,0.05,1.0
openstack,FP,3eea37b85b1abc72786a2b24baf01141b4d95f08,lime,,0.01,1.0
openstack,FP,3eea37b85b1abc72786a2b24baf01141b4d95f08,lime,,0.03,1.0
openstack,FP,3eea37b85b1abc72786a2b24baf01141b4d95f08,lime,,0.05,1.0
openstack,FP,3eea37b85b1abc72786a2b24baf01141b4d95f08,llm_counterfactual,qwen36_27b_local,0.01,0.9199999999999999
openstack,FP,3eea37b85b1abc72786a2b24baf01141b4d95f08,llm_counterfactual,qwen36_27b_local,0.03,0.9199999999999999
openstack,FP,3eea37b85b1abc72786a2b24baf01141b4d95f08,llm_counterfactual,qwen36_27b_local,0.05,0.72
openstack,FP,3eea37b85b1abc72786a2b24baf01141b4d95f08,llm_kernelshap,qwen36_27b_local,0.01,1.0
openstack,FP,3eea37b85b1abc72786a2b24baf01141b4d95f08,llm_kernelshap,qwen36_27b_local,0.03,1.0
openstack,FP,3eea37b85b1abc72786a2b24baf01141b4d95f08,llm_kernelshap,qwen36_27b_local,0.05,1.0
openstack,FP,3eea37b85b1abc72786a2b24baf01141b4d95f08,llm_lime,qwen36_27b_local,0.01,1.0
openstack,FP,3eea37b85b1abc72786a2b24baf01141b4d95f08,llm_lime,qwen36_27b_local,0.03,1.0
openstack,FP,3eea37b85b1abc72786a2b24baf01141b4d95f08,llm_lime,qwen36_27b_local,0.05,0.8
openstack,FP,3eea37b85b1abc72786a2b24baf01141b4d95f08,llm_lofo,qwen36_27b_local,0.01,0.8
openstack,FP,3eea37b85b1abc72786a2b24baf01141b4d95f08,llm_lofo,qwen36_27b_local,0.03,0.8
openstack,FP,3eea37b85b1abc72786a2b24baf01141b4d95f08,llm_lofo,qwen36_27b_local,0.05,0.6
openstack,FP,3eea37b85b1abc72786a2b24baf01141b4d95f08,lofo,,0.01,1.0
openstack,FP,3eea37b85b1abc72786a2b24baf01141b4d95f08,lofo,,0.03,0.8
openstack,FP,3eea37b85b1abc72786a2b24baf01141b4d95f08,lofo,,0.05,0.8
openstack,FP,410a83c89de9912207574999b3736a550ed253ba,counterfactual,,0.01,0.8
openstack,FP,410a83c89de9912207574999b3736a550ed253ba,counterfactual,,0.03,0.8
openstack,FP,410a83c89de9912207574999b3736a550ed253ba,counterfactual,,0.05,0.8
openstack,FP,410a83c89de9912207574999b3736a550ed253ba,kernelshap,,0.01,1.0
openstack,FP,410a83c89de9912207574999b3736a550ed253ba,kernelshap,,0.03,0.8
openstack,FP,410a83c89de9912207574999b3736a550ed253ba,kernelshap,,0.05,0.8
openstack,FP,410a83c89de9912207574999b3736a550ed253ba,lime,,0.01,0.8800000000000001
openstack,FP,410a83c89de9912207574999b3736a550ed253ba,lime,,0.03,0.6799999999999999
openstack,FP,410a83c89de9912207574999b3736a550ed253ba,lime,,0.05,0.6799999999999999
openstack,FP,410a83c89de9912207574999b3736a550ed253ba,llm_counterfactual,qwen36_27b_local,0.01,1.0
openstack,FP,410a83c89de9912207574999b3736a550ed253ba,llm_counterfactual,qwen36_27b_local,0.03,0.8
openstack,FP,410a83c89de9912207574999b3736a550ed253ba,llm_counterfactual,qwen36_27b_local,0.05,0.64
openstack,FP,410a83c89de9912207574999b3736a550ed253ba,llm_kernelshap,qwen36_27b_local,0.01,1.0
openstack,FP,410a83c89de9912207574999b3736a550ed253ba,llm_kernelshap,qwen36_27b_local,0.03,0.8
openstack,FP,410a83c89de9912207574999b3736a550ed253ba,llm_kernelshap,qwen36_27b_local,0.05,0.8
openstack,FP,410a83c89de9912207574999b3736a550ed253ba,llm_lime,qwen36_27b_local,0.01,1.0
openstack,FP,410a83c89de9912207574999b3736a550ed253ba,llm_lime,qwen36_27b_local,0.03,0.8
openstack,FP,410a83c89de9912207574999b3736a550ed253ba,llm_lime,qwen36_27b_local,0.05,0.8
openstack,FP,410a83c89de9912207574999b3736a550ed253ba,llm_lofo,qwen36_27b_local,0.01,0.96
openstack,FP,410a83c89de9912207574999b3736a550ed253ba,llm_lofo,qwen36_27b_local,0.03,0.76
openstack,FP,410a83c89de9912207574999b3736a550ed253ba,llm_lofo,qwen36_27b_local,0.05,0.76
openstack,FP,410a83c89de9912207574999b3736a550ed253ba,lofo,,0.01,1.0
openstack,FP,410a83c89de9912207574999b3736a550ed253ba,lofo,,0.03,1.0
openstack,FP,410a83c89de9912207574999b3736a550ed253ba,lofo,,0.05,1.0
openstack,FP,41d6b479fe8baf66578044b8773c3b892d64a2c4,counterfactual,,0.01,1.0
openstack,FP,41d6b479fe8baf66578044b8773c3b892d64a2c4,counterfactual,,0.03,1.0
openstack,FP,41d6b479fe8baf66578044b8773c3b892d64a2c4,counterfactual,,0.05,1.0
openstack,FP,41d6b479fe8baf66578044b8773c3b892d64a2c4,kernelshap,,0.01,1.0
openstack,FP,41d6b479fe8baf66578044b8773c3b892d64a2c4,kernelshap,,0.03,1.0
openstack,FP,41d6b479fe8baf66578044b8773c3b892d64a2c4,kernelshap,,0.05,1.0
openstack,FP,41d6b479fe8baf66578044b8773c3b892d64a2c4,lime,,0.01,1.0
openstack,FP,41d6b479fe8baf66578044b8773c3b892d64a2c4,lime,,0.03,1.0
openstack,FP,41d6b479fe8baf66578044b8773c3b892d64a2c4,lime,,0.05,1.0
openstack,FP,41d6b479fe8baf66578044b8773c3b892d64a2c4,llm_counterfactual,qwen36_27b_local,0.01,1.0
openstack,FP,41d6b479fe8baf66578044b8773c3b892d64a2c4,llm_counterfactual,qwen36_27b_local,0.03,0.8800000000000001
openstack,FP,41d6b479fe8baf66578044b8773c3b892d64a2c4,llm_counterfactual,qwen36_27b_local,0.05,0.8800000000000001
openstack,FP,41d6b479fe8baf66578044b8773c3b892d64a2c4,llm_kernelshap,qwen36_27b_local,0.01,1.0
openstack,FP,41d6b479fe8baf66578044b8773c3b892d64a2c4,llm_kernelshap,qwen36_27b_local,0.03,0.8800000000000001
openstack,FP,41d6b479fe8baf66578044b8773c3b892d64a2c4,llm_kernelshap,qwen36_27b_local,0.05,0.8800000000000001
openstack,FP,41d6b479fe8baf66578044b8773c3b892d64a2c4,llm_lime,qwen36_27b_local,0.01,1.0
openstack,FP,41d6b479fe8baf66578044b8773c3b892d64a2c4,llm_lime,qwen36_27b_local,0.03,0.8400000000000001
openstack,FP,41d6b479fe8baf66578044b8773c3b892d64a2c4,llm_lime,qwen36_27b_local,0.05,0.8400000000000001
openstack,FP,41d6b479fe8baf66578044b8773c3b892d64a2c4,llm_lofo,qwen36_27b_local,0.01,1.0
openstack,FP,41d6b479fe8baf66578044b8773c3b892d64a2c4,llm_lofo,qwen36_27b_local,0.03,0.96
openstack,FP,41d6b479fe8baf66578044b8773c3b892d64a2c4,llm_lofo,qwen36_27b_local,0.05,0.96
openstack,FP,41d6b479fe8baf66578044b8773c3b892d64a2c4,lofo,,0.01,1.0
openstack,FP,41d6b479fe8baf66578044b8773c3b892d64a2c4,lofo,,0.03,1.0
openstack,FP,41d6b479fe8baf66578044b8773c3b892d64a2c4,lofo,,0.05,1.0
openstack,FP,4b53e4edf9f7f8c794316d3a0920d727723d1bab,counterfactual,,0.01,1.0
openstack,FP,4b53e4edf9f7f8c794316d3a0920d727723d1bab,counterfactual,,0.03,1.0
openstack,FP,4b53e4edf9f7f8c794316d3a0920d727723d1bab,counterfactual,,0.05,1.0
openstack,FP,4b53e4edf9f7f8c794316d3a0920d727723d1bab,kernelshap,,0.01,1.0
openstack,FP,4b53e4edf9f7f8c794316d3a0920d727723d1bab,kernelshap,,0.03,1.0
openstack,FP,4b53e4edf9f7f8c794316d3a0920d727723d1bab,kernelshap,,0.05,1.0
openstack,FP,4b53e4edf9f7f8c794316d3a0920d727723d1bab,lime,,0.01,0.96
openstack,FP,4b53e4edf9f7f8c794316d3a0920d727723d1bab,lime,,0.03,0.96
openstack,FP,4b53e4edf9f7f8c794316d3a0920d727723d1bab,lime,,0.05,0.96
openstack,FP,4b53e4edf9f7f8c794316d3a0920d727723d1bab,llm_counterfactual,qwen36_27b_local,0.01,0.8
openstack,FP,4b53e4edf9f7f8c794316d3a0920d727723d1bab,llm_counterfactual,qwen36_27b_local,0.03,0.8
openstack,FP,4b53e4edf9f7f8c794316d3a0920d727723d1bab,llm_counterfactual,qwen36_27b_local,0.05,0.8
openstack,FP,4b53e4edf9f7f8c794316d3a0920d727723d1bab,llm_kernelshap,qwen36_27b_local,0.01,0.8
openstack,FP,4b53e4edf9f7f8c794316d3a0920d727723d1bab,llm_kernelshap,qwen36_27b_local,0.03,0.8
openstack,FP,4b53e4edf9f7f8c794316d3a0920d727723d1bab,llm_kernelshap,qwen36_27b_local,0.05,0.8
openstack,FP,4b53e4edf9f7f8c794316d3a0920d727723d1bab,llm_lime,qwen36_27b_local,0.01,0.8
openstack,FP,4b53e4edf9f7f8c794316d3a0920d727723d1bab,llm_lime,qwen36_27b_local,0.03,0.8
openstack,FP,4b53e4edf9f7f8c794316d3a0920d727723d1bab,llm_lime,qwen36_27b_local,0.05,0.8
openstack,FP,4b53e4edf9f7f8c794316d3a0920d727723d1bab,llm_lofo,qwen36_27b_local,0.01,0.8
openstack,FP,4b53e4edf9f7f8c794316d3a0920d727723d1bab,llm_lofo,qwen36_27b_local,0.03,0.8
openstack,FP,4b53e4edf9f7f8c794316d3a0920d727723d1bab,llm_lofo,qwen36_27b_local,0.05,0.8
openstack,FP,4b53e4edf9f7f8c794316d3a0920d727723d1bab,lofo,,0.01,1.0
openstack,FP,4b53e4edf9f7f8c794316d3a0920d727723d1bab,lofo,,0.03,1.0
openstack,FP,4b53e4edf9f7f8c794316d3a0920d727723d1bab,lofo,,0.05,1.0
openstack,FP,4e2919e6b208a2e95d75782f9cad0a6f0892d983,counterfactual,,0.01,0.8
openstack,FP,4e2919e6b208a2e95d75782f9cad0a6f0892d983,counterfactual,,0.03,0.8
openstack,FP,4e2919e6b208a2e95d75782f9cad0a6f0892d983,counterfactual,,0.05,0.8
openstack,FP,4e2919e6b208a2e95d75782f9cad0a6f0892d983,kernelshap,,0.01,0.8
openstack,FP,4e2919e6b208a2e95d75782f9cad0a6f0892d983,kernelshap,,0.03,0.6
openstack,FP,4e2919e6b208a2e95d75782f9cad0a6f0892d983,kernelshap,,0.05,0.6
openstack,FP,4e2919e6b208a2e95d75782f9cad0a6f0892d983,lime,,0.01,0.9199999999999999
openstack,FP,4e2919e6b208a2e95d75782f9cad0a6f0892d983,lime,,0.03,0.9199999999999999
openstack,FP,4e2919e6b208a2e95d75782f9cad0a6f0892d983,lime,,0.05,0.9199999999999999
openstack,FP,4e2919e6b208a2e95d75782f9cad0a6f0892d983,llm_counterfactual,qwen36_27b_local,0.01,0.8300000000000001
openstack,FP,4e2919e6b208a2e95d75782f9cad0a6f0892d983,llm_counterfactual,qwen36_27b_local,0.03,0.62
openstack,FP,4e2919e6b208a2e95d75782f9cad0a6f0892d983,llm_counterfactual,qwen36_27b_local,0.05,0.62
openstack,FP,4e2919e6b208a2e95d75782f9cad0a6f0892d983,llm_kernelshap,qwen36_27b_local,0.01,1.0
openstack,FP,4e2919e6b208a2e95d75782f9cad0a6f0892d983,llm_kernelshap,qwen36_27b_local,0.03,0.8
openstack,FP,4e2919e6b208a2e95d75782f9cad0a6f0892d983,llm_kernelshap,qwen36_27b_local,0.05,0.8
openstack,FP,4e2919e6b208a2e95d75782f9cad0a6f0892d983,llm_lime,qwen36_27b_local,0.01,0.8400000000000001
openstack,FP,4e2919e6b208a2e95d75782f9cad0a6f0892d983,llm_lime,qwen36_27b_local,0.03,0.64
openstack,FP,4e2919e6b208a2e95d75782f9cad0a6f0892d983,llm_lime,qwen36_27b_local,0.05,0.64
openstack,FP,4e2919e6b208a2e95d75782f9cad0a6f0892d983,llm_lofo,qwen36_27b_local,0.01,0.96
openstack,FP,4e2919e6b208a2e95d75782f9cad0a6f0892d983,llm_lofo,qwen36_27b_local,0.03,0.76
openstack,FP,4e2919e6b208a2e95d75782f9cad0a6f0892d983,llm_lofo,qwen36_27b_local,0.05,0.76
openstack,FP,4e2919e6b208a2e95d75782f9cad0a6f0892d983,lofo,,0.01,0.6
openstack,FP,4e2919e6b208a2e95d75782f9cad0a6f0892d983,lofo,,0.03,0.6
openstack,FP,4e2919e6b208a2e95d75782f9cad0a6f0892d983,lofo,,0.05,0.6
openstack,FP,558f7b00f56f37adaa68239c9ce95d25b2d65f56,counterfactual,,0.01,1.0
openstack,FP,558f7b00f56f37adaa68239c9ce95d25b2d65f56,counterfactual,,0.03,1.0
openstack,FP,558f7b00f56f37adaa68239c9ce95d25b2d65f56,counterfactual,,0.05,0.8
openstack,FP,558f7b00f56f37adaa68239c9ce95d25b2d65f56,kernelshap,,0.01,1.0
openstack,FP,558f7b00f56f37adaa68239c9ce95d25b2d65f56,kernelshap,,0.03,1.0
openstack,FP,558f7b00f56f37adaa68239c9ce95d25b2d65f56,kernelshap,,0.05,1.0
openstack,FP,558f7b00f56f37adaa68239c9ce95d25b2d65f56,lime,,0.01,0.96
openstack,FP,558f7b00f56f37adaa68239c9ce95d25b2d65f56,lime,,0.03,0.96
openstack,FP,558f7b00f56f37adaa68239c9ce95d25b2d65f56,lime,,0.05,0.76
openstack,FP,558f7b00f56f37adaa68239c9ce95d25b2d65f56,llm_counterfactual,qwen36_27b_local,0.01,0.8400000000000001
openstack,FP,558f7b00f56f37adaa68239c9ce95d25b2d65f56,llm_counterfactual,qwen36_27b_local,0.03,0.8400000000000001
openstack,FP,558f7b00f56f37adaa68239c9ce95d25b2d65f56,llm_counterfactual,qwen36_27b_local,0.05,0.8400000000000001
openstack,FP,558f7b00f56f37adaa68239c9ce95d25b2d65f56,llm_kernelshap,qwen36_27b_local,0.01,1.0
openstack,FP,558f7b00f56f37adaa68239c9ce95d25b2d65f56,llm_kernelshap,qwen36_27b_local,0.03,1.0
openstack,FP,558f7b00f56f37adaa68239c9ce95d25b2d65f56,llm_kernelshap,qwen36_27b_local,0.05,1.0
openstack,FP,558f7b00f56f37adaa68239c9ce95d25b2d65f56,llm_lime,qwen36_27b_local,0.01,0.8
openstack,FP,558f7b00f56f37adaa68239c9ce95d25b2d65f56,llm_lime,qwen36_27b_local,0.03,0.8
openstack,FP,558f7b00f56f37adaa68239c9ce95d25b2d65f56,llm_lime,qwen36_27b_local,0.05,0.8
openstack,FP,558f7b00f56f37adaa68239c9ce95d25b2d65f56,llm_lofo,qwen36_27b_local,0.01,1.0
openstack,FP,558f7b00f56f37adaa68239c9ce95d25b2d65f56,llm_lofo,qwen36_27b_local,0.03,1.0
openstack,FP,558f7b00f56f37adaa68239c9ce95d25b2d65f56,llm_lofo,qwen36_27b_local,0.05,1.0
openstack,FP,558f7b00f56f37adaa68239c9ce95d25b2d65f56,lofo,,0.01,1.0
openstack,FP,558f7b00f56f37adaa68239c9ce95d25b2d65f56,lofo,,0.03,1.0
openstack,FP,558f7b00f56f37adaa68239c9ce95d25b2d65f56,lofo,,0.05,1.0
openstack,FP,6aecf475dbff9c7d477378c021749b987d47deae,counterfactual,,0.01,1.0
openstack,FP,6aecf475dbff9c7d477378c021749b987d47deae,counterfactual,,0.03,0.8
openstack,FP,6aecf475dbff9c7d477378c021749b987d47deae,counterfactual,,0.05,0.8
openstack,FP,6aecf475dbff9c7d477378c021749b987d47deae,kernelshap,,0.01,1.0
openstack,FP,6aecf475dbff9c7d477378c021749b987d47deae,kernelshap,,0.03,1.0
openstack,FP,6aecf475dbff9c7d477378c021749b987d47deae,kernelshap,,0.05,1.0
openstack,FP,6aecf475dbff9c7d477378c021749b987d47deae,lime,,0.01,1.0
openstack,FP,6aecf475dbff9c7d477378c021749b987d47deae,lime,,0.03,0.9199999999999999
openstack,FP,6aecf475dbff9c7d477378c021749b987d47deae,lime,,0.05,0.9199999999999999
openstack,FP,6aecf475dbff9c7d477378c021749b987d47deae,llm_counterfactual,qwen36_27b_local,0.01,1.0
openstack,FP,6aecf475dbff9c7d477378c021749b987d47deae,llm_counterfactual,qwen36_27b_local,0.03,0.9199999999999999
openstack,FP,6aecf475dbff9c7d477378c021749b987d47deae,llm_counterfactual,qwen36_27b_local,0.05,0.9199999999999999
openstack,FP,6aecf475dbff9c7d477378c021749b987d47deae,llm_kernelshap,qwen36_27b_local,0.01,1.0
openstack,FP,6aecf475dbff9c7d477378c021749b987d47deae,llm_kernelshap,qwen36_27b_local,0.03,0.8
openstack,FP,6aecf475dbff9c7d477378c021749b987d47deae,llm_kernelshap,qwen36_27b_local,0.05,0.8
openstack,FP,6aecf475dbff9c7d477378c021749b987d47deae,llm_lime,qwen36_27b_local,0.01,1.0
openstack,FP,6aecf475dbff9c7d477378c021749b987d47deae,llm_lime,qwen36_27b_local,0.03,0.8
openstack,FP,6aecf475dbff9c7d477378c021749b987d47deae,llm_lime,qwen36_27b_local,0.05,0.8
openstack,FP,6aecf475dbff9c7d477378c021749b987d47deae,llm_lofo,qwen36_27b_local,0.01,1.0
openstack,FP,6aecf475dbff9c7d477378c021749b987d47deae,llm_lofo,qwen36_27b_local,0.03,0.8
openstack,FP,6aecf475dbff9c7d477378c021749b987d47deae,llm_lofo,qwen36_27b_local,0.05,0.8
openstack,FP,6aecf475dbff9c7d477378c021749b987d47deae,lofo,,0.01,1.0
openstack,FP,6aecf475dbff9c7d477378c021749b987d47deae,lofo,,0.03,1.0
openstack,FP,6aecf475dbff9c7d477378c021749b987d47deae,lofo,,0.05,1.0
openstack,FP,70de423255fd01822188bb9082a0c0cc1c8ec2d0,counterfactual,,0.01,1.0
openstack,FP,70de423255fd01822188bb9082a0c0cc1c8ec2d0,counterfactual,,0.03,1.0
openstack,FP,70de423255fd01822188bb9082a0c0cc1c8ec2d0,counterfactual,,0.05,0.8
openstack,FP,70de423255fd01822188bb9082a0c0cc1c8ec2d0,kernelshap,,0.01,1.0
openstack,FP,70de423255fd01822188bb9082a0c0cc1c8ec2d0,kernelshap,,0.03,1.0
openstack,FP,70de423255fd01822188bb9082a0c0cc1c8ec2d0,kernelshap,,0.05,1.0
openstack,FP,70de423255fd01822188bb9082a0c0cc1c8ec2d0,lime,,0.01,1.0
openstack,FP,70de423255fd01822188bb9082a0c0cc1c8ec2d0,lime,,0.03,1.0
openstack,FP,70de423255fd01822188bb9082a0c0cc1c8ec2d0,lime,,0.05,0.8800000000000001
openstack,FP,70de423255fd01822188bb9082a0c0cc1c8ec2d0,llm_counterfactual,qwen36_27b_local,0.01,0.8800000000000001
openstack,FP,70de423255fd01822188bb9082a0c0cc1c8ec2d0,llm_counterfactual,qwen36_27b_local,0.03,0.8800000000000001
openstack,FP,70de423255fd01822188bb9082a0c0cc1c8ec2d0,llm_counterfactual,qwen36_27b_local,0.05,0.8800000000000001
openstack,FP,70de423255fd01822188bb9082a0c0cc1c8ec2d0,llm_kernelshap,qwen36_27b_local,0.01,0.8
openstack,FP,70de423255fd01822188bb9082a0c0cc1c8ec2d0,llm_kernelshap,qwen36_27b_local,0.03,0.8
openstack,FP,70de423255fd01822188bb9082a0c0cc1c8ec2d0,llm_kernelshap,qwen36_27b_local,0.05,0.8
openstack,FP,70de423255fd01822188bb9082a0c0cc1c8ec2d0,llm_lime,qwen36_27b_local,0.01,0.8
openstack,FP,70de423255fd01822188bb9082a0c0cc1c8ec2d0,llm_lime,qwen36_27b_local,0.03,0.8
openstack,FP,70de423255fd01822188bb9082a0c0cc1c8ec2d0,llm_lime,qwen36_27b_local,0.05,0.8
openstack,FP,70de423255fd01822188bb9082a0c0cc1c8ec2d0,llm_lofo,qwen36_27b_local,0.01,0.8
openstack,FP,70de423255fd01822188bb9082a0c0cc1c8ec2d0,llm_lofo,qwen36_27b_local,0.03,0.8
openstack,FP,70de423255fd01822188bb9082a0c0cc1c8ec2d0,llm_lofo,qwen36_27b_local,0.05,0.8
openstack,FP,70de423255fd01822188bb9082a0c0cc1c8ec2d0,lofo,,0.01,1.0
openstack,FP,70de423255fd01822188bb9082a0c0cc1c8ec2d0,lofo,,0.03,1.0
openstack,FP,70de423255fd01822188bb9082a0c0cc1c8ec2d0,lofo,,0.05,1.0
openstack,FP,750e065d6d137715dd03d5c90623145177f64cbb,counterfactual,,0.01,1.0
openstack,FP,750e065d6d137715dd03d5c90623145177f64cbb,counterfactual,,0.03,1.0
openstack,FP,750e065d6d137715dd03d5c90623145177f64cbb,counterfactual,,0.05,1.0
openstack,FP,750e065d6d137715dd03d5c90623145177f64cbb,kernelshap,,0.01,0.8
openstack,FP,750e065d6d137715dd03d5c90623145177f64cbb,kernelshap,,0.03,0.8
openstack,FP,750e065d6d137715dd03d5c90623145177f64cbb,kernelshap,,0.05,0.8
openstack,FP,750e065d6d137715dd03d5c90623145177f64cbb,lime,,0.01,0.8400000000000001
openstack,FP,750e065d6d137715dd03d5c90623145177f64cbb,lime,,0.03,0.8400000000000001
openstack,FP,750e065d6d137715dd03d5c90623145177f64cbb,lime,,0.05,0.8400000000000001
openstack,FP,750e065d6d137715dd03d5c90623145177f64cbb,llm_counterfactual,qwen36_27b_local,0.01,1.0
openstack,FP,750e065d6d137715dd03d5c90623145177f64cbb,llm_counterfactual,qwen36_27b_local,0.03,0.8
openstack,FP,750e065d6d137715dd03d5c90623145177f64cbb,llm_counterfactual,qwen36_27b_local,0.05,0.8
openstack,FP,750e065d6d137715dd03d5c90623145177f64cbb,llm_kernelshap,qwen36_27b_local,0.01,0.8800000000000001
openstack,FP,750e065d6d137715dd03d5c90623145177f64cbb,llm_kernelshap,qwen36_27b_local,0.03,0.8400000000000001
openstack,FP,750e065d6d137715dd03d5c90623145177f64cbb,llm_kernelshap,qwen36_27b_local,0.05,0.8400000000000001
openstack,FP,750e065d6d137715dd03d5c90623145177f64cbb,llm_lime,qwen36_27b_local,0.01,1.0
openstack,FP,750e065d6d137715dd03d5c90623145177f64cbb,llm_lime,qwen36_27b_local,0.03,1.0
openstack,FP,750e065d6d137715dd03d5c90623145177f64cbb,llm_lime,qwen36_27b_local,0.05,1.0
openstack,FP,750e065d6d137715dd03d5c90623145177f64cbb,llm_lofo,qwen36_27b_local,0.01,0.96
openstack,FP,750e065d6d137715dd03d5c90623145177f64cbb,llm_lofo,qwen36_27b_local,0.03,0.96
openstack,FP,750e065d6d137715dd03d5c90623145177f64cbb,llm_lofo,qwen36_27b_local,0.05,0.96
openstack,FP,750e065d6d137715dd03d5c90623145177f64cbb,lofo,,0.01,0.8
openstack,FP,750e065d6d137715dd03d5c90623145177f64cbb,lofo,,0.03,0.8
openstack,FP,750e065d6d137715dd03d5c90623145177f64cbb,lofo,,0.05,0.8
openstack,FP,a985e34cdeef777fe7ff943e363a5f1be6d991b7,counterfactual,,0.01,1.0
openstack,FP,a985e34cdeef777fe7ff943e363a5f1be6d991b7,counterfactual,,0.03,1.0
openstack,FP,a985e34cdeef777fe7ff943e363a5f1be6d991b7,counterfactual,,0.05,0.8
openstack,FP,a985e34cdeef777fe7ff943e363a5f1be6d991b7,kernelshap,,0.01,1.0
openstack,FP,a985e34cdeef777fe7ff943e363a5f1be6d991b7,kernelshap,,0.03,1.0
openstack,FP,a985e34cdeef777fe7ff943e363a5f1be6d991b7,kernelshap,,0.05,0.76
openstack,FP,a985e34cdeef777fe7ff943e363a5f1be6d991b7,lime,,0.01,1.0
openstack,FP,a985e34cdeef777fe7ff943e363a5f1be6d991b7,lime,,0.03,1.0
openstack,FP,a985e34cdeef777fe7ff943e363a5f1be6d991b7,lime,,0.05,0.8800000000000001
openstack,FP,a985e34cdeef777fe7ff943e363a5f1be6d991b7,llm_counterfactual,qwen36_27b_local,0.01,0.8
openstack,FP,a985e34cdeef777fe7ff943e363a5f1be6d991b7,llm_counterfactual,qwen36_27b_local,0.03,0.8
openstack,FP,a985e34cdeef777fe7ff943e363a5f1be6d991b7,llm_counterfactual,qwen36_27b_local,0.05,0.5599999999999999
openstack,FP,a985e34cdeef777fe7ff943e363a5f1be6d991b7,llm_kernelshap,qwen36_27b_local,0.01,1.0
openstack,FP,a985e34cdeef777fe7ff943e363a5f1be6d991b7,llm_kernelshap,qwen36_27b_local,0.03,1.0
openstack,FP,a985e34cdeef777fe7ff943e363a5f1be6d991b7,llm_kernelshap,qwen36_27b_local,0.05,0.6
openstack,FP,a985e34cdeef777fe7ff943e363a5f1be6d991b7,llm_lime,qwen36_27b_local,0.01,0.8400000000000001
openstack,FP,a985e34cdeef777fe7ff943e363a5f1be6d991b7,llm_lime,qwen36_27b_local,0.03,0.8400000000000001
openstack,FP,a985e34cdeef777fe7ff943e363a5f1be6d991b7,llm_lime,qwen36_27b_local,0.05,0.64
openstack,FP,a985e34cdeef777fe7ff943e363a5f1be6d991b7,llm_lofo,qwen36_27b_local,0.01,1.0
openstack,FP,a985e34cdeef777fe7ff943e363a5f1be6d991b7,llm_lofo,qwen36_27b_local,0.03,1.0
openstack,FP,a985e34cdeef777fe7ff943e363a5f1be6d991b7,llm_lofo,qwen36_27b_local,0.05,0.76
openstack,FP,a985e34cdeef777fe7ff943e363a5f1be6d991b7,lofo,,0.01,1.0
openstack,FP,a985e34cdeef777fe7ff943e363a5f1be6d991b7,lofo,,0.03,1.0
openstack,FP,a985e34cdeef777fe7ff943e363a5f1be6d991b7,lofo,,0.05,0.6
openstack,FP,baa52224dc73e8ca3bdcbdaa5d62bc26fb38052f,counterfactual,,0.01,1.0
openstack,FP,baa52224dc73e8ca3bdcbdaa5d62bc26fb38052f,counterfactual,,0.03,0.8
openstack,FP,baa52224dc73e8ca3bdcbdaa5d62bc26fb38052f,counterfactual,,0.05,0.8
openstack,FP,baa52224dc73e8ca3bdcbdaa5d62bc26fb38052f,kernelshap,,0.01,1.0
openstack,FP,baa52224dc73e8ca3bdcbdaa5d62bc26fb38052f,kernelshap,,0.03,1.0
openstack,FP,baa52224dc73e8ca3bdcbdaa5d62bc26fb38052f,kernelshap,,0.05,1.0
openstack,FP,baa52224dc73e8ca3bdcbdaa5d62bc26fb38052f,lime,,0.01,1.0
openstack,FP,baa52224dc73e8ca3bdcbdaa5d62bc26fb38052f,lime,,0.03,0.8
openstack,FP,baa52224dc73e8ca3bdcbdaa5d62bc26fb38052f,lime,,0.05,0.8
openstack,FP,baa52224dc73e8ca3bdcbdaa5d62bc26fb38052f,llm_counterfactual,qwen36_27b_local,0.01,1.0
openstack,FP,baa52224dc73e8ca3bdcbdaa5d62bc26fb38052f,llm_counterfactual,qwen36_27b_local,0.03,0.8400000000000001
openstack,FP,baa52224dc73e8ca3bdcbdaa5d62bc26fb38052f,llm_counterfactual,qwen36_27b_local,0.05,0.8400000000000001
openstack,FP,baa52224dc73e8ca3bdcbdaa5d62bc26fb38052f,llm_kernelshap,qwen36_27b_local,0.01,1.0
openstack,FP,baa52224dc73e8ca3bdcbdaa5d62bc26fb38052f,llm_kernelshap,qwen36_27b_local,0.03,0.8800000000000001
openstack,FP,baa52224dc73e8ca3bdcbdaa5d62bc26fb38052f,llm_kernelshap,qwen36_27b_local,0.05,0.8800000000000001
openstack,FP,baa52224dc73e8ca3bdcbdaa5d62bc26fb38052f,llm_lime,qwen36_27b_local,0.01,1.0
openstack,FP,baa52224dc73e8ca3bdcbdaa5d62bc26fb38052f,llm_lime,qwen36_27b_local,0.03,0.8
openstack,FP,baa52224dc73e8ca3bdcbdaa5d62bc26fb38052f,llm_lime,qwen36_27b_local,0.05,0.8
openstack,FP,baa52224dc73e8ca3bdcbdaa5d62bc26fb38052f,llm_lofo,qwen36_27b_local,0.01,1.0
openstack,FP,baa52224dc73e8ca3bdcbdaa5d62bc26fb38052f,llm_lofo,qwen36_27b_local,0.03,0.8
openstack,FP,baa52224dc73e8ca3bdcbdaa5d62bc26fb38052f,llm_lofo,qwen36_27b_local,0.05,0.8
openstack,FP,baa52224dc73e8ca3bdcbdaa5d62bc26fb38052f,lofo,,0.01,1.0
openstack,FP,baa52224dc73e8ca3bdcbdaa5d62bc26fb38052f,lofo,,0.03,1.0
openstack,FP,baa52224dc73e8ca3bdcbdaa5d62bc26fb38052f,lofo,,0.05,1.0
openstack,FP,bfcd4b2f1be3ab37ae0801dd523ce952577cda14,counterfactual,,0.01,1.0
openstack,FP,bfcd4b2f1be3ab37ae0801dd523ce952577cda14,counterfactual,,0.03,1.0
openstack,FP,bfcd4b2f1be3ab37ae0801dd523ce952577cda14,counterfactual,,0.05,1.0
openstack,FP,bfcd4b2f1be3ab37ae0801dd523ce952577cda14,kernelshap,,0.01,1.0
openstack,FP,bfcd4b2f1be3ab37ae0801dd523ce952577cda14,kernelshap,,0.03,1.0
openstack,FP,bfcd4b2f1be3ab37ae0801dd523ce952577cda14,kernelshap,,0.05,1.0
openstack,FP,bfcd4b2f1be3ab37ae0801dd523ce952577cda14,lime,,0.01,1.0
openstack,FP,bfcd4b2f1be3ab37ae0801dd523ce952577cda14,lime,,0.03,1.0
openstack,FP,bfcd4b2f1be3ab37ae0801dd523ce952577cda14,lime,,0.05,1.0
openstack,FP,bfcd4b2f1be3ab37ae0801dd523ce952577cda14,llm_counterfactual,qwen36_27b_local,0.01,1.0
openstack,FP,bfcd4b2f1be3ab37ae0801dd523ce952577cda14,llm_counterfactual,qwen36_27b_local,0.03,1.0
openstack,FP,bfcd4b2f1be3ab37ae0801dd523ce952577cda14,llm_counterfactual,qwen36_27b_local,0.05,0.7
openstack,FP,bfcd4b2f1be3ab37ae0801dd523ce952577cda14,llm_kernelshap,qwen36_27b_local,0.01,1.0
openstack,FP,bfcd4b2f1be3ab37ae0801dd523ce952577cda14,llm_kernelshap,qwen36_27b_local,0.03,1.0
openstack,FP,bfcd4b2f1be3ab37ae0801dd523ce952577cda14,llm_kernelshap,qwen36_27b_local,0.05,0.64
openstack,FP,bfcd4b2f1be3ab37ae0801dd523ce952577cda14,llm_lime,qwen36_27b_local,0.01,1.0
openstack,FP,bfcd4b2f1be3ab37ae0801dd523ce952577cda14,llm_lime,qwen36_27b_local,0.03,1.0
openstack,FP,bfcd4b2f1be3ab37ae0801dd523ce952577cda14,llm_lime,qwen36_27b_local,0.05,0.6
openstack,FP,bfcd4b2f1be3ab37ae0801dd523ce952577cda14,llm_lofo,qwen36_27b_local,0.01,1.0
openstack,FP,bfcd4b2f1be3ab37ae0801dd523ce952577cda14,llm_lofo,qwen36_27b_local,0.03,1.0
openstack,FP,bfcd4b2f1be3ab37ae0801dd523ce952577cda14,llm_lofo,qwen36_27b_local,0.05,0.64
openstack,FP,bfcd4b2f1be3ab37ae0801dd523ce952577cda14,lofo,,0.01,1.0
openstack,FP,bfcd4b2f1be3ab37ae0801dd523ce952577cda14,lofo,,0.03,1.0
openstack,FP,bfcd4b2f1be3ab37ae0801dd523ce952577cda14,lofo,,0.05,1.0
openstack,FP,ce12d7a1e53fffce57baab18de2ab885ba1df8ee,counterfactual,,0.01,1.0
openstack,FP,ce12d7a1e53fffce57baab18de2ab885ba1df8ee,counterfactual,,0.03,0.6
openstack,FP,ce12d7a1e53fffce57baab18de2ab885ba1df8ee,counterfactual,,0.05,0.6
openstack,FP,ce12d7a1e53fffce57baab18de2ab885ba1df8ee,kernelshap,,0.01,1.0
openstack,FP,ce12d7a1e53fffce57baab18de2ab885ba1df8ee,kernelshap,,0.03,0.8
openstack,FP,ce12d7a1e53fffce57baab18de2ab885ba1df8ee,kernelshap,,0.05,0.8
openstack,FP,ce12d7a1e53fffce57baab18de2ab885ba1df8ee,lime,,0.01,1.0
openstack,FP,ce12d7a1e53fffce57baab18de2ab885ba1df8ee,lime,,0.03,0.64
openstack,FP,ce12d7a1e53fffce57baab18de2ab885ba1df8ee,lime,,0.05,0.64
openstack,FP,ce12d7a1e53fffce57baab18de2ab885ba1df8ee,llm_counterfactual,qwen36_27b_local,0.01,1.0
openstack,FP,ce12d7a1e53fffce57baab18de2ab885ba1df8ee,llm_counterfactual,qwen36_27b_local,0.03,0.4
openstack,FP,ce12d7a1e53fffce57baab18de2ab885ba1df8ee,llm_counterfactual,qwen36_27b_local,0.05,0.4
openstack,FP,ce12d7a1e53fffce57baab18de2ab885ba1df8ee,llm_kernelshap,qwen36_27b_local,0.01,1.0
openstack,FP,ce12d7a1e53fffce57baab18de2ab885ba1df8ee,llm_kernelshap,qwen36_27b_local,0.03,0.44000000000000006
openstack,FP,ce12d7a1e53fffce57baab18de2ab885ba1df8ee,llm_kernelshap,qwen36_27b_local,0.05,0.44000000000000006
openstack,FP,ce12d7a1e53fffce57baab18de2ab885ba1df8ee,llm_lime,qwen36_27b_local,0.01,1.0
openstack,FP,ce12d7a1e53fffce57baab18de2ab885ba1df8ee,llm_lime,qwen36_27b_local,0.03,0.4
openstack,FP,ce12d7a1e53fffce57baab18de2ab885ba1df8ee,llm_lime,qwen36_27b_local,0.05,0.4
openstack,FP,ce12d7a1e53fffce57baab18de2ab885ba1df8ee,llm_lofo,qwen36_27b_local,0.01,1.0
openstack,FP,ce12d7a1e53fffce57baab18de2ab885ba1df8ee,llm_lofo,qwen36_27b_local,0.03,0.4
openstack,FP,ce12d7a1e53fffce57baab18de2ab885ba1df8ee,llm_lofo,qwen36_27b_local,0.05,0.4
openstack,FP,ce12d7a1e53fffce57baab18de2ab885ba1df8ee,lofo,,0.01,1.0
openstack,FP,ce12d7a1e53fffce57baab18de2ab885ba1df8ee,lofo,,0.03,0.8
openstack,FP,ce12d7a1e53fffce57baab18de2ab885ba1df8ee,lofo,,0.05,0.8
openstack,FP,e4ea54104ec38f5fe4c792d4d3d1865de34bb4c3,counterfactual,,0.01,1.0
openstack,FP,e4ea54104ec38f5fe4c792d4d3d1865de34bb4c3,counterfactual,,0.03,1.0
openstack,FP,e4ea54104ec38f5fe4c792d4d3d1865de34bb4c3,counterfactual,,0.05,1.0
openstack,FP,e4ea54104ec38f5fe4c792d4d3d1865de34bb4c3,kernelshap,,0.01,1.0
openstack,FP,e4ea54104ec38f5fe4c792d4d3d1865de34bb4c3,kernelshap,,0.03,1.0
openstack,FP,e4ea54104ec38f5fe4c792d4d3d1865de34bb4c3,kernelshap,,0.05,1.0
openstack,FP,e4ea54104ec38f5fe4c792d4d3d1865de34bb4c3,lime,,0.01,1.0
openstack,FP,e4ea54104ec38f5fe4c792d4d3d1865de34bb4c3,lime,,0.03,1.0
openstack,FP,e4ea54104ec38f5fe4c792d4d3d1865de34bb4c3,lime,,0.05,1.0
openstack,FP,e4ea54104ec38f5fe4c792d4d3d1865de34bb4c3,llm_counterfactual,qwen36_27b_local,0.01,0.96
openstack,FP,e4ea54104ec38f5fe4c792d4d3d1865de34bb4c3,llm_counterfactual,qwen36_27b_local,0.03,0.96
openstack,FP,e4ea54104ec38f5fe4c792d4d3d1865de34bb4c3,llm_counterfactual,qwen36_27b_local,0.05,0.96
openstack,FP,e4ea54104ec38f5fe4c792d4d3d1865de34bb4c3,llm_kernelshap,qwen36_27b_local,0.01,1.0
openstack,FP,e4ea54104ec38f5fe4c792d4d3d1865de34bb4c3,llm_kernelshap,qwen36_27b_local,0.03,1.0
openstack,FP,e4ea54104ec38f5fe4c792d4d3d1865de34bb4c3,llm_kernelshap,qwen36_27b_local,0.05,1.0
openstack,FP,e4ea54104ec38f5fe4c792d4d3d1865de34bb4c3,llm_lime,qwen36_27b_local,0.01,0.8400000000000001
openstack,FP,e4ea54104ec38f5fe4c792d4d3d1865de34bb4c3,llm_lime,qwen36_27b_local,0.03,0.8400000000000001
openstack,FP,e4ea54104ec38f5fe4c792d4d3d1865de34bb4c3,llm_lime,qwen36_27b_local,0.05,0.8400000000000001
openstack,FP,e4ea54104ec38f5fe4c792d4d3d1865de34bb4c3,llm_lofo,qwen36_27b_local,0.01,1.0
openstack,FP,e4ea54104ec38f5fe4c792d4d3d1865de34bb4c3,llm_lofo,qwen36_27b_local,0.03,1.0
openstack,FP,e4ea54104ec38f5fe4c792d4d3d1865de34bb4c3,llm_lofo,qwen36_27b_local,0.05,1.0
openstack,FP,e4ea54104ec38f5fe4c792d4d3d1865de34bb4c3,lofo,,0.01,1.0
openstack,FP,e4ea54104ec38f5fe4c792d4d3d1865de34bb4c3,lofo,,0.03,1.0
openstack,FP,e4ea54104ec38f5fe4c792d4d3d1865de34bb4c3,lofo,,0.05,1.0
openstack,FP,e847eed4a5600b6812338bb4903a0cffcde7f1f3,counterfactual,,0.01,1.0
openstack,FP,e847eed4a5600b6812338bb4903a0cffcde7f1f3,counterfactual,,0.03,1.0
openstack,FP,e847eed4a5600b6812338bb4903a0cffcde7f1f3,counterfactual,,0.05,1.0
openstack,FP,e847eed4a5600b6812338bb4903a0cffcde7f1f3,kernelshap,,0.01,1.0
openstack,FP,e847eed4a5600b6812338bb4903a0cffcde7f1f3,kernelshap,,0.03,1.0
openstack,FP,e847eed4a5600b6812338bb4903a0cffcde7f1f3,kernelshap,,0.05,1.0
openstack,FP,e847eed4a5600b6812338bb4903a0cffcde7f1f3,lime,,0.01,1.0
openstack,FP,e847eed4a5600b6812338bb4903a0cffcde7f1f3,lime,,0.03,1.0
openstack,FP,e847eed4a5600b6812338bb4903a0cffcde7f1f3,lime,,0.05,1.0
openstack,FP,e847eed4a5600b6812338bb4903a0cffcde7f1f3,llm_counterfactual,qwen36_27b_local,0.01,1.0
openstack,FP,e847eed4a5600b6812338bb4903a0cffcde7f1f3,llm_counterfactual,qwen36_27b_local,0.03,0.9199999999999999
openstack,FP,e847eed4a5600b6812338bb4903a0cffcde7f1f3,llm_counterfactual,qwen36_27b_local,0.05,0.9199999999999999
openstack,FP,e847eed4a5600b6812338bb4903a0cffcde7f1f3,llm_kernelshap,qwen36_27b_local,0.01,1.0
openstack,FP,e847eed4a5600b6812338bb4903a0cffcde7f1f3,llm_kernelshap,qwen36_27b_local,0.03,1.0
openstack,FP,e847eed4a5600b6812338bb4903a0cffcde7f1f3,llm_kernelshap,qwen36_27b_local,0.05,1.0
openstack,FP,e847eed4a5600b6812338bb4903a0cffcde7f1f3,llm_lime,qwen36_27b_local,0.01,1.0
openstack,FP,e847eed4a5600b6812338bb4903a0cffcde7f1f3,llm_lime,qwen36_27b_local,0.03,0.8
openstack,FP,e847eed4a5600b6812338bb4903a0cffcde7f1f3,llm_lime,qwen36_27b_local,0.05,0.8
openstack,FP,e847eed4a5600b6812338bb4903a0cffcde7f1f3,llm_lofo,qwen36_27b_local,0.01,1.0
openstack,FP,e847eed4a5600b6812338bb4903a0cffcde7f1f3,llm_lofo,qwen36_27b_local,0.03,1.0
openstack,FP,e847eed4a5600b6812338bb4903a0cffcde7f1f3,llm_lofo,qwen36_27b_local,0.05,1.0
openstack,FP,e847eed4a5600b6812338bb4903a0cffcde7f1f3,lofo,,0.01,1.0
openstack,FP,e847eed4a5600b6812338bb4903a0cffcde7f1f3,lofo,,0.03,1.0
openstack,FP,e847eed4a5600b6812338bb4903a0cffcde7f1f3,lofo,,0.05,1.0
openstack,TN,1a3f2e8f44f0138d0328312e07b1341970c7903a,counterfactual,,0.01,0.8
openstack,TN,1a3f2e8f44f0138d0328312e07b1341970c7903a,counterfactual,,0.03,0.8
openstack,TN,1a3f2e8f44f0138d0328312e07b1341970c7903a,counterfactual,,0.05,0.8
openstack,TN,1a3f2e8f44f0138d0328312e07b1341970c7903a,kernelshap,,0.01,1.0
openstack,TN,1a3f2e8f44f0138d0328312e07b1341970c7903a,kernelshap,,0.03,1.0
openstack,TN,1a3f2e8f44f0138d0328312e07b1341970c7903a,kernelshap,,0.05,1.0
openstack,TN,1a3f2e8f44f0138d0328312e07b1341970c7903a,lime,,0.01,0.8
openstack,TN,1a3f2e8f44f0138d0328312e07b1341970c7903a,lime,,0.03,0.8
openstack,TN,1a3f2e8f44f0138d0328312e07b1341970c7903a,lime,,0.05,0.8
openstack,TN,1a3f2e8f44f0138d0328312e07b1341970c7903a,llm_counterfactual,qwen36_27b_local,0.01,0.96
openstack,TN,1a3f2e8f44f0138d0328312e07b1341970c7903a,llm_counterfactual,qwen36_27b_local,0.03,0.76
openstack,TN,1a3f2e8f44f0138d0328312e07b1341970c7903a,llm_counterfactual,qwen36_27b_local,0.05,0.6799999999999999
openstack,TN,1a3f2e8f44f0138d0328312e07b1341970c7903a,llm_kernelshap,qwen36_27b_local,0.01,0.96
openstack,TN,1a3f2e8f44f0138d0328312e07b1341970c7903a,llm_kernelshap,qwen36_27b_local,0.03,0.76
openstack,TN,1a3f2e8f44f0138d0328312e07b1341970c7903a,llm_kernelshap,qwen36_27b_local,0.05,0.5599999999999999
openstack,TN,1a3f2e8f44f0138d0328312e07b1341970c7903a,llm_lime,qwen36_27b_local,0.01,0.96
openstack,TN,1a3f2e8f44f0138d0328312e07b1341970c7903a,llm_lime,qwen36_27b_local,0.03,0.8400000000000001
openstack,TN,1a3f2e8f44f0138d0328312e07b1341970c7903a,llm_lime,qwen36_27b_local,0.05,0.6799999999999999
openstack,TN,1a3f2e8f44f0138d0328312e07b1341970c7903a,llm_lofo,qwen36_27b_local,0.01,1.0
openstack,TN,1a3f2e8f44f0138d0328312e07b1341970c7903a,llm_lofo,qwen36_27b_local,0.03,1.0
openstack,TN,1a3f2e8f44f0138d0328312e07b1341970c7903a,llm_lofo,qwen36_27b_local,0.05,0.8
openstack,TN,1a3f2e8f44f0138d0328312e07b1341970c7903a,lofo,,0.01,1.0
openstack,TN,1a3f2e8f44f0138d0328312e07b1341970c7903a,lofo,,0.03,1.0
openstack,TN,1a3f2e8f44f0138d0328312e07b1341970c7903a,lofo,,0.05,1.0
openstack,TN,1e6538d43e76b867776cf226e1d6d6c900412f99,counterfactual,,0.01,1.0
openstack,TN,1e6538d43e76b867776cf226e1d6d6c900412f99,counterfactual,,0.03,1.0
openstack,TN,1e6538d43e76b867776cf226e1d6d6c900412f99,counterfactual,,0.05,0.4
openstack,TN,1e6538d43e76b867776cf226e1d6d6c900412f99,kernelshap,,0.01,1.0
openstack,TN,1e6538d43e76b867776cf226e1d6d6c900412f99,kernelshap,,0.03,1.0
openstack,TN,1e6538d43e76b867776cf226e1d6d6c900412f99,kernelshap,,0.05,0.4
openstack,TN,1e6538d43e76b867776cf226e1d6d6c900412f99,lime,,0.01,0.8400000000000001
openstack,TN,1e6538d43e76b867776cf226e1d6d6c900412f99,lime,,0.03,0.64
openstack,TN,1e6538d43e76b867776cf226e1d6d6c900412f99,lime,,0.05,0.28
openstack,TN,1e6538d43e76b867776cf226e1d6d6c900412f99,llm_counterfactual,qwen36_27b_local,0.01,0.96
openstack,TN,1e6538d43e76b867776cf226e1d6d6c900412f99,llm_counterfactual,qwen36_27b_local,0.03,0.8
openstack,TN,1e6538d43e76b867776cf226e1d6d6c900412f99,llm_counterfactual,qwen36_27b_local,0.05,0.5599999999999999
openstack,TN,1e6538d43e76b867776cf226e1d6d6c900412f99,llm_kernelshap,qwen36_27b_local,0.01,1.0
openstack,TN,1e6538d43e76b867776cf226e1d6d6c900412f99,llm_kernelshap,qwen36_27b_local,0.03,0.8
openstack,TN,1e6538d43e76b867776cf226e1d6d6c900412f99,llm_kernelshap,qwen36_27b_local,0.05,0.6
openstack,TN,1e6538d43e76b867776cf226e1d6d6c900412f99,llm_lime,qwen36_27b_local,0.01,1.0
openstack,TN,1e6538d43e76b867776cf226e1d6d6c900412f99,llm_lime,qwen36_27b_local,0.03,0.8
openstack,TN,1e6538d43e76b867776cf226e1d6d6c900412f99,llm_lime,qwen36_27b_local,0.05,0.6
openstack,TN,1e6538d43e76b867776cf226e1d6d6c900412f99,llm_lofo,qwen36_27b_local,0.01,0.96
openstack,TN,1e6538d43e76b867776cf226e1d6d6c900412f99,llm_lofo,qwen36_27b_local,0.03,0.6799999999999999
openstack,TN,1e6538d43e76b867776cf226e1d6d6c900412f99,llm_lofo,qwen36_27b_local,0.05,0.32
openstack,TN,1e6538d43e76b867776cf226e1d6d6c900412f99,lofo,,0.01,1.0
openstack,TN,1e6538d43e76b867776cf226e1d6d6c900412f99,lofo,,0.03,1.0
openstack,TN,1e6538d43e76b867776cf226e1d6d6c900412f99,lofo,,0.05,0.6
openstack,TN,2ecaad46a737c24965ae81fc19947db9264de684,counterfactual,,0.01,1.0
openstack,TN,2ecaad46a737c24965ae81fc19947db9264de684,counterfactual,,0.03,0.6
openstack,TN,2ecaad46a737c24965ae81fc19947db9264de684,counterfactual,,0.05,0.4
openstack,TN,2ecaad46a737c24965ae81fc19947db9264de684,kernelshap,,0.01,1.0
openstack,TN,2ecaad46a737c24965ae81fc19947db9264de684,kernelshap,,0.03,0.8
openstack,TN,2ecaad46a737c24965ae81fc19947db9264de684,kernelshap,,0.05,0.2
openstack,TN,2ecaad46a737c24965ae81fc19947db9264de684,lime,,0.01,0.8
openstack,TN,2ecaad46a737c24965ae81fc19947db9264de684,lime,,0.03,0.4
openstack,TN,2ecaad46a737c24965ae81fc19947db9264de684,lime,,0.05,0.2
openstack,TN,2ecaad46a737c24965ae81fc19947db9264de684,llm_counterfactual,qwen36_27b_local,0.01,0.8400000000000001
openstack,TN,2ecaad46a737c24965ae81fc19947db9264de684,llm_counterfactual,qwen36_27b_local,0.03,0.4
openstack,TN,2ecaad46a737c24965ae81fc19947db9264de684,llm_counterfactual,qwen36_27b_local,0.05,0.2
openstack,TN,2ecaad46a737c24965ae81fc19947db9264de684,llm_kernelshap,qwen36_27b_local,0.01,1.0
openstack,TN,2ecaad46a737c24965ae81fc19947db9264de684,llm_kernelshap,qwen36_27b_local,0.03,0.6
openstack,TN,2ecaad46a737c24965ae81fc19947db9264de684,llm_kernelshap,qwen36_27b_local,0.05,0.2
openstack,TN,2ecaad46a737c24965ae81fc19947db9264de684,llm_lime,qwen36_27b_local,0.01,0.8
openstack,TN,2ecaad46a737c24965ae81fc19947db9264de684,llm_lime,qwen36_27b_local,0.03,0.36
openstack,TN,2ecaad46a737c24965ae81fc19947db9264de684,llm_lime,qwen36_27b_local,0.05,0.2
openstack,TN,2ecaad46a737c24965ae81fc19947db9264de684,llm_lofo,qwen36_27b_local,0.01,1.0
openstack,TN,2ecaad46a737c24965ae81fc19947db9264de684,llm_lofo,qwen36_27b_local,0.03,0.6
openstack,TN,2ecaad46a737c24965ae81fc19947db9264de684,llm_lofo,qwen36_27b_local,0.05,0.16
openstack,TN,2ecaad46a737c24965ae81fc19947db9264de684,lofo,,0.01,0.8
openstack,TN,2ecaad46a737c24965ae81fc19947db9264de684,lofo,,0.03,0.4
openstack,TN,2ecaad46a737c24965ae81fc19947db9264de684,lofo,,0.05,0.2
openstack,TN,348b7a9f7d64094d60ece0460aed02b66c52f1b1,counterfactual,,0.01,0.4
openstack,TN,348b7a9f7d64094d60ece0460aed02b66c52f1b1,counterfactual,,0.03,0.2
openstack,TN,348b7a9f7d64094d60ece0460aed02b66c52f1b1,counterfactual,,0.05,0.2
openstack,TN,348b7a9f7d64094d60ece0460aed02b66c52f1b1,kernelshap,,0.01,0.72
openstack,TN,348b7a9f7d64094d60ece0460aed02b66c52f1b1,kernelshap,,0.03,0.32
openstack,TN,348b7a9f7d64094d60ece0460aed02b66c52f1b1,kernelshap,,0.05,0.2
openstack,TN,348b7a9f7d64094d60ece0460aed02b66c52f1b1,lime,,0.01,0.48
openstack,TN,348b7a9f7d64094d60ece0460aed02b66c52f1b1,lime,,0.03,0.24000000000000005
openstack,TN,348b7a9f7d64094d60ece0460aed02b66c52f1b1,lime,,0.05,0.2
openstack,TN,348b7a9f7d64094d60ece0460aed02b66c52f1b1,llm_counterfactual,qwen36_27b_local,0.01,0.76
openstack,TN,348b7a9f7d64094d60ece0460aed02b66c52f1b1,llm_counterfactual,qwen36_27b_local,0.03,0.36
openstack,TN,348b7a9f7d64094d60ece0460aed02b66c52f1b1,llm_counterfactual,qwen36_27b_local,0.05,0.16
openstack,TN,348b7a9f7d64094d60ece0460aed02b66c52f1b1,llm_kernelshap,qwen36_27b_local,0.01,0.6799999999999999
openstack,TN,348b7a9f7d64094d60ece0460aed02b66c52f1b1,llm_kernelshap,qwen36_27b_local,0.03,0.28
openstack,TN,348b7a9f7d64094d60ece0460aed02b66c52f1b1,llm_kernelshap,qwen36_27b_local,0.05,0.08
openstack,TN,348b7a9f7d64094d60ece0460aed02b66c52f1b1,llm_lime,qwen36_27b_local,0.01,0.76
openstack,TN,348b7a9f7d64094d60ece0460aed02b66c52f1b1,llm_lime,qwen36_27b_local,0.03,0.28
openstack,TN,348b7a9f7d64094d60ece0460aed02b66c52f1b1,llm_lime,qwen36_27b_local,0.05,0.12000000000000002
openstack,TN,348b7a9f7d64094d60ece0460aed02b66c52f1b1,llm_lofo,qwen36_27b_local,0.01,0.71
openstack,TN,348b7a9f7d64094d60ece0460aed02b66c52f1b1,llm_lofo,qwen36_27b_local,0.03,0.13
openstack,TN,348b7a9f7d64094d60ece0460aed02b66c52f1b1,llm_lofo,qwen36_27b_local,0.05,0.04
openstack,TN,348b7a9f7d64094d60ece0460aed02b66c52f1b1,lofo,,0.01,0.4
openstack,TN,348b7a9f7d64094d60ece0460aed02b66c52f1b1,lofo,,0.03,0.2
openstack,TN,348b7a9f7d64094d60ece0460aed02b66c52f1b1,lofo,,0.05,0.2
openstack,TN,467b4e4d419f0ca5db8468516d64ffec5cedc67e,counterfactual,,0.01,1.0
openstack,TN,467b4e4d419f0ca5db8468516d64ffec5cedc67e,counterfactual,,0.03,1.0
openstack,TN,467b4e4d419f0ca5db8468516d64ffec5cedc67e,counterfactual,,0.05,1.0
openstack,TN,467b4e4d419f0ca5db8468516d64ffec5cedc67e,kernelshap,,0.01,1.0
openstack,TN,467b4e4d419f0ca5db8468516d64ffec5cedc67e,kernelshap,,0.03,1.0
openstack,TN,467b4e4d419f0ca5db8468516d64ffec5cedc67e,kernelshap,,0.05,1.0
openstack,TN,467b4e4d419f0ca5db8468516d64ffec5cedc67e,lime,,0.01,1.0
openstack,TN,467b4e4d419f0ca5db8468516d64ffec5cedc67e,lime,,0.03,0.8
openstack,TN,467b4e4d419f0ca5db8468516d64ffec5cedc67e,lime,,0.05,0.8
openstack,TN,467b4e4d419f0ca5db8468516d64ffec5cedc67e,llm_counterfactual,qwen36_27b_local,0.01,1.0
openstack,TN,467b4e4d419f0ca5db8468516d64ffec5cedc67e,llm_counterfactual,qwen36_27b_local,0.03,0.8400000000000001
openstack,TN,467b4e4d419f0ca5db8468516d64ffec5cedc67e,llm_counterfactual,qwen36_27b_local,0.05,0.8400000000000001
openstack,TN,467b4e4d419f0ca5db8468516d64ffec5cedc67e,llm_kernelshap,qwen36_27b_local,0.01,1.0
openstack,TN,467b4e4d419f0ca5db8468516d64ffec5cedc67e,llm_kernelshap,qwen36_27b_local,0.03,1.0
openstack,TN,467b4e4d419f0ca5db8468516d64ffec5cedc67e,llm_kernelshap,qwen36_27b_local,0.05,1.0
openstack,TN,467b4e4d419f0ca5db8468516d64ffec5cedc67e,llm_lime,qwen36_27b_local,0.01,1.0
openstack,TN,467b4e4d419f0ca5db8468516d64ffec5cedc67e,llm_lime,qwen36_27b_local,0.03,0.8800000000000001
openstack,TN,467b4e4d419f0ca5db8468516d64ffec5cedc67e,llm_lime,qwen36_27b_local,0.05,0.8800000000000001
openstack,TN,467b4e4d419f0ca5db8468516d64ffec5cedc67e,llm_lofo,qwen36_27b_local,0.01,1.0
openstack,TN,467b4e4d419f0ca5db8468516d64ffec5cedc67e,llm_lofo,qwen36_27b_local,0.03,1.0
openstack,TN,467b4e4d419f0ca5db8468516d64ffec5cedc67e,llm_lofo,qwen36_27b_local,0.05,1.0
openstack,TN,467b4e4d419f0ca5db8468516d64ffec5cedc67e,lofo,,0.01,1.0
openstack,TN,467b4e4d419f0ca5db8468516d64ffec5cedc67e,lofo,,0.03,1.0
openstack,TN,467b4e4d419f0ca5db8468516d64ffec5cedc67e,lofo,,0.05,1.0
openstack,TN,4d75cbf3c35a8aa917d3970beac99d612f13eed3,counterfactual,,0.01,0.8
openstack,TN,4d75cbf3c35a8aa917d3970beac99d612f13eed3,counterfactual,,0.03,0.8
openstack,TN,4d75cbf3c35a8aa917d3970beac99d612f13eed3,counterfactual,,0.05,0.8
openstack,TN,4d75cbf3c35a8aa917d3970beac99d612f13eed3,kernelshap,,0.01,0.8
openstack,TN,4d75cbf3c35a8aa917d3970beac99d612f13eed3,kernelshap,,0.03,0.4
openstack,TN,4d75cbf3c35a8aa917d3970beac99d612f13eed3,kernelshap,,0.05,0.4
openstack,TN,4d75cbf3c35a8aa917d3970beac99d612f13eed3,lime,,0.01,0.8
openstack,TN,4d75cbf3c35a8aa917d3970beac99d612f13eed3,lime,,0.03,0.8
openstack,TN,4d75cbf3c35a8aa917d3970beac99d612f13eed3,lime,,0.05,0.4
openstack,TN,4d75cbf3c35a8aa917d3970beac99d612f13eed3,llm_counterfactual,qwen36_27b_local,0.01,0.64
openstack,TN,4d75cbf3c35a8aa917d3970beac99d612f13eed3,llm_counterfactual,qwen36_27b_local,0.03,0.36
openstack,TN,4d75cbf3c35a8aa917d3970beac99d612f13eed3,llm_counterfactual,qwen36_27b_local,0.05,0.24000000000000005
openstack,TN,4d75cbf3c35a8aa917d3970beac99d612f13eed3,llm_kernelshap,qwen36_27b_local,0.01,0.6
openstack,TN,4d75cbf3c35a8aa917d3970beac99d612f13eed3,llm_kernelshap,qwen36_27b_local,0.03,0.44000000000000006
openstack,TN,4d75cbf3c35a8aa917d3970beac99d612f13eed3,llm_kernelshap,qwen36_27b_local,0.05,0.4
openstack,TN,4d75cbf3c35a8aa917d3970beac99d612f13eed3,llm_lime,qwen36_27b_local,0.01,0.6
openstack,TN,4d75cbf3c35a8aa917d3970beac99d612f13eed3,llm_lime,qwen36_27b_local,0.03,0.48
openstack,TN,4d75cbf3c35a8aa917d3970beac99d612f13eed3,llm_lime,qwen36_27b_local,0.05,0.32
openstack,TN,4d75cbf3c35a8aa917d3970beac99d612f13eed3,llm_lofo,qwen36_27b_local,0.01,0.8
openstack,TN,4d75cbf3c35a8aa917d3970beac99d612f13eed3,llm_lofo,qwen36_27b_local,0.03,0.8
openstack,TN,4d75cbf3c35a8aa917d3970beac99d612f13eed3,llm_lofo,qwen36_27b_local,0.05,0.8
openstack,TN,4d75cbf3c35a8aa917d3970beac99d612f13eed3,lofo,,0.01,0.8
openstack,TN,4d75cbf3c35a8aa917d3970beac99d612f13eed3,lofo,,0.03,0.6
openstack,TN,4d75cbf3c35a8aa917d3970beac99d612f13eed3,lofo,,0.05,0.6
openstack,TN,545925c66cb3ee005aa7e497ad4b3c97eb2f410b,counterfactual,,0.01,0.8
openstack,TN,545925c66cb3ee005aa7e497ad4b3c97eb2f410b,counterfactual,,0.03,0.8
openstack,TN,545925c66cb3ee005aa7e497ad4b3c97eb2f410b,counterfactual,,0.05,0.8
openstack,TN,545925c66cb3ee005aa7e497ad4b3c97eb2f410b,kernelshap,,0.01,1.0
openstack,TN,545925c66cb3ee005aa7e497ad4b3c97eb2f410b,kernelshap,,0.03,1.0
openstack,TN,545925c66cb3ee005aa7e497ad4b3c97eb2f410b,kernelshap,,0.05,1.0
openstack,TN,545925c66cb3ee005aa7e497ad4b3c97eb2f410b,lime,,0.01,1.0
openstack,TN,545925c66cb3ee005aa7e497ad4b3c97eb2f410b,lime,,0.03,0.8
openstack,TN,545925c66cb3ee005aa7e497ad4b3c97eb2f410b,lime,,0.05,0.8
openstack,TN,545925c66cb3ee005aa7e497ad4b3c97eb2f410b,llm_counterfactual,qwen36_27b_local,0.01,0.8400000000000001
openstack,TN,545925c66cb3ee005aa7e497ad4b3c97eb2f410b,llm_counterfactual,qwen36_27b_local,0.03,0.64
openstack,TN,545925c66cb3ee005aa7e497ad4b3c97eb2f410b,llm_counterfactual,qwen36_27b_local,0.05,0.64
openstack,TN,545925c66cb3ee005aa7e497ad4b3c97eb2f410b,llm_kernelshap,qwen36_27b_local,0.01,1.0
openstack,TN,545925c66cb3ee005aa7e497ad4b3c97eb2f410b,llm_kernelshap,qwen36_27b_local,0.03,0.8
openstack,TN,545925c66cb3ee005aa7e497ad4b3c97eb2f410b,llm_kernelshap,qwen36_27b_local,0.05,0.8
openstack,TN,545925c66cb3ee005aa7e497ad4b3c97eb2f410b,llm_lime,qwen36_27b_local,0.01,0.8400000000000001
openstack,TN,545925c66cb3ee005aa7e497ad4b3c97eb2f410b,llm_lime,qwen36_27b_local,0.03,0.6799999999999999
openstack,TN,545925c66cb3ee005aa7e497ad4b3c97eb2f410b,llm_lime,qwen36_27b_local,0.05,0.6799999999999999
openstack,TN,545925c66cb3ee005aa7e497ad4b3c97eb2f410b,llm_lofo,qwen36_27b_local,0.01,0.8400000000000001
openstack,TN,545925c66cb3ee005aa7e497ad4b3c97eb2f410b,llm_lofo,qwen36_27b_local,0.03,0.8400000000000001
openstack,TN,545925c66cb3ee005aa7e497ad4b3c97eb2f410b,llm_lofo,qwen36_27b_local,0.05,0.8
openstack,TN,545925c66cb3ee005aa7e497ad4b3c97eb2f410b,lofo,,0.01,1.0
openstack,TN,545925c66cb3ee005aa7e497ad4b3c97eb2f410b,lofo,,0.03,1.0
openstack,TN,545925c66cb3ee005aa7e497ad4b3c97eb2f410b,lofo,,0.05,0.8
openstack,TN,57566f4c8d2929c25e76564883369a7c6eda720a,counterfactual,,0.01,1.0
openstack,TN,57566f4c8d2929c25e76564883369a7c6eda720a,counterfactual,,0.03,1.0
openstack,TN,57566f4c8d2929c25e76564883369a7c6eda720a,counterfactual,,0.05,0.8
openstack,TN,57566f4c8d2929c25e76564883369a7c6eda720a,kernelshap,,0.01,0.9199999999999999
openstack,TN,57566f4c8d2929c25e76564883369a7c6eda720a,kernelshap,,0.03,0.52
openstack,TN,57566f4c8d2929c25e76564883369a7c6eda720a,kernelshap,,0.05,0.52
openstack,TN,57566f4c8d2929c25e76564883369a7c6eda720a,lime,,0.01,0.8
openstack,TN,57566f4c8d2929c25e76564883369a7c6eda720a,lime,,0.03,0.6
openstack,TN,57566f4c8d2929c25e76564883369a7c6eda720a,lime,,0.05,0.4
openstack,TN,57566f4c8d2929c25e76564883369a7c6eda720a,llm_counterfactual,qwen36_27b_local,0.01,0.8800000000000001
openstack,TN,57566f4c8d2929c25e76564883369a7c6eda720a,llm_counterfactual,qwen36_27b_local,0.03,0.5599999999999999
openstack,TN,57566f4c8d2929c25e76564883369a7c6eda720a,llm_counterfactual,qwen36_27b_local,0.05,0.36
openstack,TN,57566f4c8d2929c25e76564883369a7c6eda720a,llm_kernelshap,qwen36_27b_local,0.01,1.0
openstack,TN,57566f4c8d2929c25e76564883369a7c6eda720a,llm_kernelshap,qwen36_27b_local,0.03,0.24000000000000005
openstack,TN,57566f4c8d2929c25e76564883369a7c6eda720a,llm_kernelshap,qwen36_27b_local,0.05,0.04
openstack,TN,57566f4c8d2929c25e76564883369a7c6eda720a,llm_lime,qwen36_27b_local,0.01,1.0
openstack,TN,57566f4c8d2929c25e76564883369a7c6eda720a,llm_lime,qwen36_27b_local,0.03,0.52
openstack,TN,57566f4c8d2929c25e76564883369a7c6eda720a,llm_lime,qwen36_27b_local,0.05,0.32
openstack,TN,57566f4c8d2929c25e76564883369a7c6eda720a,llm_lofo,qwen36_27b_local,0.01,0.8
openstack,TN,57566f4c8d2929c25e76564883369a7c6eda720a,llm_lofo,qwen36_27b_local,0.03,0.2
openstack,TN,57566f4c8d2929c25e76564883369a7c6eda720a,llm_lofo,qwen36_27b_local,0.05,0.16
openstack,TN,57566f4c8d2929c25e76564883369a7c6eda720a,lofo,,0.01,0.8
openstack,TN,57566f4c8d2929c25e76564883369a7c6eda720a,lofo,,0.03,0.2
openstack,TN,57566f4c8d2929c25e76564883369a7c6eda720a,lofo,,0.05,0.2
openstack,TN,5cc9d999352c21d3f4b5c39d3ea9d4378ca86544,counterfactual,,0.01,1.0
openstack,TN,5cc9d999352c21d3f4b5c39d3ea9d4378ca86544,counterfactual,,0.03,1.0
openstack,TN,5cc9d999352c21d3f4b5c39d3ea9d4378ca86544,counterfactual,,0.05,1.0
openstack,TN,5cc9d999352c21d3f4b5c39d3ea9d4378ca86544,kernelshap,,0.01,1.0
openstack,TN,5cc9d999352c21d3f4b5c39d3ea9d4378ca86544,kernelshap,,0.03,1.0
openstack,TN,5cc9d999352c21d3f4b5c39d3ea9d4378ca86544,kernelshap,,0.05,1.0
openstack,TN,5cc9d999352c21d3f4b5c39d3ea9d4378ca86544,lime,,0.01,1.0
openstack,TN,5cc9d999352c21d3f4b5c39d3ea9d4378ca86544,lime,,0.03,0.8
openstack,TN,5cc9d999352c21d3f4b5c39d3ea9d4378ca86544,lime,,0.05,0.8
openstack,TN,5cc9d999352c21d3f4b5c39d3ea9d4378ca86544,llm_counterfactual,qwen36_27b_local,0.01,1.0
openstack,TN,5cc9d999352c21d3f4b5c39d3ea9d4378ca86544,llm_counterfactual,qwen36_27b_local,0.03,0.76
openstack,TN,5cc9d999352c21d3f4b5c39d3ea9d4378ca86544,llm_counterfactual,qwen36_27b_local,0.05,0.36
openstack,TN,5cc9d999352c21d3f4b5c39d3ea9d4378ca86544,llm_kernelshap,qwen36_27b_local,0.01,0.76
openstack,TN,5cc9d999352c21d3f4b5c39d3ea9d4378ca86544,llm_kernelshap,qwen36_27b_local,0.03,0.6799999999999999
openstack,TN,5cc9d999352c21d3f4b5c39d3ea9d4378ca86544,llm_kernelshap,qwen36_27b_local,0.05,0.36
openstack,TN,5cc9d999352c21d3f4b5c39d3ea9d4378ca86544,llm_lime,qwen36_27b_local,0.01,0.8
openstack,TN,5cc9d999352c21d3f4b5c39d3ea9d4378ca86544,llm_lime,qwen36_27b_local,0.03,0.76
openstack,TN,5cc9d999352c21d3f4b5c39d3ea9d4378ca86544,llm_lime,qwen36_27b_local,0.05,0.48
openstack,TN,5cc9d999352c21d3f4b5c39d3ea9d4378ca86544,llm_lofo,qwen36_27b_local,0.01,0.8
openstack,TN,5cc9d999352c21d3f4b5c39d3ea9d4378ca86544,llm_lofo,qwen36_27b_local,0.03,0.76
openstack,TN,5cc9d999352c21d3f4b5c39d3ea9d4378ca86544,llm_lofo,qwen36_27b_local,0.05,0.72
openstack,TN,5cc9d999352c21d3f4b5c39d3ea9d4378ca86544,lofo,,0.01,1.0
openstack,TN,5cc9d999352c21d3f4b5c39d3ea9d4378ca86544,lofo,,0.03,1.0
openstack,TN,5cc9d999352c21d3f4b5c39d3ea9d4378ca86544,lofo,,0.05,0.8
openstack,TN,70fad48add19cc565726f098e1e7a2165b24cc77,counterfactual,,0.01,1.0
openstack,TN,70fad48add19cc565726f098e1e7a2165b24cc77,counterfactual,,0.03,0.8
openstack,TN,70fad48add19cc565726f098e1e7a2165b24cc77,counterfactual,,0.05,0.6
openstack,TN,70fad48add19cc565726f098e1e7a2165b24cc77,kernelshap,,0.01,1.0
openstack,TN,70fad48add19cc565726f098e1e7a2165b24cc77,kernelshap,,0.03,0.8
openstack,TN,70fad48add19cc565726f098e1e7a2165b24cc77,kernelshap,,0.05,0.8
openstack,TN,70fad48add19cc565726f098e1e7a2165b24cc77,lime,,0.01,0.8
openstack,TN,70fad48add19cc565726f098e1e7a2165b24cc77,lime,,0.03,0.52
openstack,TN,70fad48add19cc565726f098e1e7a2165b24cc77,lime,,0.05,0.32
openstack,TN,70fad48add19cc565726f098e1e7a2165b24cc77,llm_counterfactual,qwen36_27b_local,0.01,0.96
openstack,TN,70fad48add19cc565726f098e1e7a2165b24cc77,llm_counterfactual,qwen36_27b_local,0.03,0.76
openstack,TN,70fad48add19cc565726f098e1e7a2165b24cc77,llm_counterfactual,qwen36_27b_local,0.05,0.36
openstack,TN,70fad48add19cc565726f098e1e7a2165b24cc77,llm_kernelshap,qwen36_27b_local,0.01,0.9199999999999999
openstack,TN,70fad48add19cc565726f098e1e7a2165b24cc77,llm_kernelshap,qwen36_27b_local,0.03,0.52
openstack,TN,70fad48add19cc565726f098e1e7a2165b24cc77,llm_kernelshap,qwen36_27b_local,0.05,0.24000000000000005
openstack,TN,70fad48add19cc565726f098e1e7a2165b24cc77,llm_lime,qwen36_27b_local,0.01,1.0
openstack,TN,70fad48add19cc565726f098e1e7a2165b24cc77,llm_lime,qwen36_27b_local,0.03,0.5599999999999999
openstack,TN,70fad48add19cc565726f098e1e7a2165b24cc77,llm_lime,qwen36_27b_local,0.05,0.28
openstack,TN,70fad48add19cc565726f098e1e7a2165b24cc77,llm_lofo,qwen36_27b_local,0.01,1.0
openstack,TN,70fad48add19cc565726f098e1e7a2165b24cc77,llm_lofo,qwen36_27b_local,0.03,0.6
openstack,TN,70fad48add19cc565726f098e1e7a2165b24cc77,llm_lofo,qwen36_27b_local,0.05,0.4
openstack,TN,70fad48add19cc565726f098e1e7a2165b24cc77,lofo,,0.01,1.0
openstack,TN,70fad48add19cc565726f098e1e7a2165b24cc77,lofo,,0.03,0.8
openstack,TN,70fad48add19cc565726f098e1e7a2165b24cc77,lofo,,0.05,0.4
openstack,TN,747373f4bdfe4814000a88e4443b56545d5d55bd,counterfactual,,0.01,1.0
openstack,TN,747373f4bdfe4814000a88e4443b56545d5d55bd,counterfactual,,0.03,0.8
openstack,TN,747373f4bdfe4814000a88e4443b56545d5d55bd,counterfactual,,0.05,0.4
openstack,TN,747373f4bdfe4814000a88e4443b56545d5d55bd,kernelshap,,0.01,1.0
openstack,TN,747373f4bdfe4814000a88e4443b56545d5d55bd,kernelshap,,0.03,0.8
openstack,TN,747373f4bdfe4814000a88e4443b56545d5d55bd,kernelshap,,0.05,0.24000000000000005
openstack,TN,747373f4bdfe4814000a88e4443b56545d5d55bd,lime,,0.01,1.0
openstack,TN,747373f4bdfe4814000a88e4443b56545d5d55bd,lime,,0.03,0.6
openstack,TN,747373f4bdfe4814000a88e4443b56545d5d55bd,lime,,0.05,0.2
openstack,TN,747373f4bdfe4814000a88e4443b56545d5d55bd,llm_counterfactual,qwen36_27b_local,0.01,1.0
openstack,TN,747373f4bdfe4814000a88e4443b56545d5d55bd,llm_counterfactual,qwen36_27b_local,0.03,0.72
openstack,TN,747373f4bdfe4814000a88e4443b56545d5d55bd,llm_counterfactual,qwen36_27b_local,0.05,0.32
openstack,TN,747373f4bdfe4814000a88e4443b56545d5d55bd,llm_kernelshap,qwen36_27b_local,0.01,1.0
openstack,TN,747373f4bdfe4814000a88e4443b56545d5d55bd,llm_kernelshap,qwen36_27b_local,0.03,0.6799999999999999
openstack,TN,747373f4bdfe4814000a88e4443b56545d5d55bd,llm_kernelshap,qwen36_27b_local,0.05,0.12000000000000002
openstack,TN,747373f4bdfe4814000a88e4443b56545d5d55bd,llm_lime,qwen36_27b_local,0.01,1.0
openstack,TN,747373f4bdfe4814000a88e4443b56545d5d55bd,llm_lime,qwen36_27b_local,0.03,0.8
openstack,TN,747373f4bdfe4814000a88e4443b56545d5d55bd,llm_lime,qwen36_27b_local,0.05,0.24000000000000005
openstack,TN,747373f4bdfe4814000a88e4443b56545d5d55bd,llm_lofo,qwen36_27b_local,0.01,1.0
openstack,TN,747373f4bdfe4814000a88e4443b56545d5d55bd,llm_lofo,qwen36_27b_local,0.03,0.48
openstack,TN,747373f4bdfe4814000a88e4443b56545d5d55bd,llm_lofo,qwen36_27b_local,0.05,0.04
openstack,TN,747373f4bdfe4814000a88e4443b56545d5d55bd,lofo,,0.01,1.0
openstack,TN,747373f4bdfe4814000a88e4443b56545d5d55bd,lofo,,0.03,0.8
openstack,TN,747373f4bdfe4814000a88e4443b56545d5d55bd,lofo,,0.05,0.2
openstack,TN,79a1a113775df87d420b242cea4bbf953df3779c,counterfactual,,0.01,1.0
openstack,TN,79a1a113775df87d420b242cea4bbf953df3779c,counterfactual,,0.03,0.6
openstack,TN,79a1a113775df87d420b242cea4bbf953df3779c,counterfactual,,0.05,0.4
openstack,TN,79a1a113775df87d420b242cea4bbf953df3779c,kernelshap,,0.01,1.0
openstack,TN,79a1a113775df87d420b242cea4bbf953df3779c,kernelshap,,0.03,1.0
openstack,TN,79a1a113775df87d420b242cea4bbf953df3779c,kernelshap,,0.05,0.8
openstack,TN,79a1a113775df87d420b242cea4bbf953df3779c,lime,,0.01,0.96
openstack,TN,79a1a113775df87d420b242cea4bbf953df3779c,lime,,0.03,0.76
openstack,TN,79a1a113775df87d420b242cea4bbf953df3779c,lime,,0.05,0.6
openstack,TN,79a1a113775df87d420b242cea4bbf953df3779c,llm_counterfactual,qwen36_27b_local,0.01,1.0
openstack,TN,79a1a113775df87d420b242cea4bbf953df3779c,llm_counterfactual,qwen36_27b_local,0.03,0.6799999999999999
openstack,TN,79a1a113775df87d420b242cea4bbf953df3779c,llm_counterfactual,qwen36_27b_local,0.05,0.2
openstack,TN,79a1a113775df87d420b242cea4bbf953df3779c,llm_kernelshap,qwen36_27b_local,0.01,1.0
openstack,TN,79a1a113775df87d420b242cea4bbf953df3779c,llm_kernelshap,qwen36_27b_local,0.03,0.8400000000000001
openstack,TN,79a1a113775df87d420b242cea4bbf953df3779c,llm_kernelshap,qwen36_27b_local,0.05,0.48
openstack,TN,79a1a113775df87d420b242cea4bbf953df3779c,llm_lime,qwen36_27b_local,0.01,1.0
openstack,TN,79a1a113775df87d420b242cea4bbf953df3779c,llm_lime,qwen36_27b_local,0.03,0.6
openstack,TN,79a1a113775df87d420b242cea4bbf953df3779c,llm_lime,qwen36_27b_local,0.05,0.24000000000000005
openstack,TN,79a1a113775df87d420b242cea4bbf953df3779c,llm_lofo,qwen36_27b_local,0.01,0.9199999999999999
openstack,TN,79a1a113775df87d420b242cea4bbf953df3779c,llm_lofo,qwen36_27b_local,0.03,0.8800000000000001
openstack,TN,79a1a113775df87d420b242cea4bbf953df3779c,llm_lofo,qwen36_27b_local,0.05,0.48
openstack,TN,79a1a113775df87d420b242cea4bbf953df3779c,lofo,,0.01,1.0
openstack,TN,79a1a113775df87d420b242cea4bbf953df3779c,lofo,,0.03,0.8
openstack,TN,79a1a113775df87d420b242cea4bbf953df3779c,lofo,,0.05,0.6
openstack,TN,87be408b126e81ded85b03896f9c85f8a8d4ac90,counterfactual,,0.01,0.8
openstack,TN,87be408b126e81ded85b03896f9c85f8a8d4ac90,counterfactual,,0.03,0.6
openstack,TN,87be408b126e81ded85b03896f9c85f8a8d4ac90,counterfactual,,0.05,0.4
openstack,TN,87be408b126e81ded85b03896f9c85f8a8d4ac90,kernelshap,,0.01,1.0
openstack,TN,87be408b126e81ded85b03896f9c85f8a8d4ac90,kernelshap,,0.03,0.6
openstack,TN,87be408b126e81ded85b03896f9c85f8a8d4ac90,kernelshap,,0.05,0.4
openstack,TN,87be408b126e81ded85b03896f9c85f8a8d4ac90,lime,,0.01,0.8
openstack,TN,87be408b126e81ded85b03896f9c85f8a8d4ac90,lime,,0.03,0.6
openstack,TN,87be408b126e81ded85b03896f9c85f8a8d4ac90,lime,,0.05,0.4
openstack,TN,87be408b126e81ded85b03896f9c85f8a8d4ac90,llm_counterfactual,qwen36_27b_local,0.01,0.64
openstack,TN,87be408b126e81ded85b03896f9c85f8a8d4ac90,llm_counterfactual,qwen36_27b_local,0.03,0.44000000000000006
openstack,TN,87be408b126e81ded85b03896f9c85f8a8d4ac90,llm_counterfactual,qwen36_27b_local,0.05,0.2
openstack,TN,87be408b126e81ded85b03896f9c85f8a8d4ac90,llm_kernelshap,qwen36_27b_local,0.01,0.8400000000000001
openstack,TN,87be408b126e81ded85b03896f9c85f8a8d4ac90,llm_kernelshap,qwen36_27b_local,0.03,0.48
openstack,TN,87be408b126e81ded85b03896f9c85f8a8d4ac90,llm_kernelshap,qwen36_27b_local,0.05,0.24000000000000005
openstack,TN,87be408b126e81ded85b03896f9c85f8a8d4ac90,llm_lime,qwen36_27b_local,0.01,0.8
openstack,TN,87be408b126e81ded85b03896f9c85f8a8d4ac90,llm_lime,qwen36_27b_local,0.03,0.5599999999999999
openstack,TN,87be408b126e81ded85b03896f9c85f8a8d4ac90,llm_lime,qwen36_27b_local,0.05,0.2
openstack,TN,87be408b126e81ded85b03896f9c85f8a8d4ac90,llm_lofo,qwen36_27b_local,0.01,0.76
openstack,TN,87be408b126e81ded85b03896f9c85f8a8d4ac90,llm_lofo,qwen36_27b_local,0.03,0.4
openstack,TN,87be408b126e81ded85b03896f9c85f8a8d4ac90,llm_lofo,qwen36_27b_local,0.05,0.2
openstack,TN,87be408b126e81ded85b03896f9c85f8a8d4ac90,lofo,,0.01,1.0
openstack,TN,87be408b126e81ded85b03896f9c85f8a8d4ac90,lofo,,0.03,0.4
openstack,TN,87be408b126e81ded85b03896f9c85f8a8d4ac90,lofo,,0.05,0.2
openstack,TN,8b44c9df29572efca928c1d36fa3e7a90e94caa0,counterfactual,,0.01,0.8
openstack,TN,8b44c9df29572efca928c1d36fa3e7a90e94caa0,counterfactual,,0.03,0.4
openstack,TN,8b44c9df29572efca928c1d36fa3e7a90e94caa0,counterfactual,,0.05,0.4
openstack,TN,8b44c9df29572efca928c1d36fa3e7a90e94caa0,kernelshap,,0.01,0.8
openstack,TN,8b44c9df29572efca928c1d36fa3e7a90e94caa0,kernelshap,,0.03,0.6
openstack,TN,8b44c9df29572efca928c1d36fa3e7a90e94caa0,kernelshap,,0.05,0.4
openstack,TN,8b44c9df29572efca928c1d36fa3e7a90e94caa0,lime,,0.01,0.8
openstack,TN,8b44c9df29572efca928c1d36fa3e7a90e94caa0,lime,,0.03,0.6
openstack,TN,8b44c9df29572efca928c1d36fa3e7a90e94caa0,lime,,0.05,0.4
openstack,TN,8b44c9df29572efca928c1d36fa3e7a90e94caa0,llm_counterfactual,qwen36_27b_local,0.01,0.5599999999999999
openstack,TN,8b44c9df29572efca928c1d36fa3e7a90e94caa0,llm_counterfactual,qwen36_27b_local,0.03,0.27999999999999997
openstack,TN,8b44c9df29572efca928c1d36fa3e7a90e94caa0,llm_counterfactual,qwen36_27b_local,0.05,0.0
openstack,TN,8b44c9df29572efca928c1d36fa3e7a90e94caa0,llm_kernelshap,qwen36_27b_local,0.01,0.64
openstack,TN,8b44c9df29572efca928c1d36fa3e7a90e94caa0,llm_kernelshap,qwen36_27b_local,0.03,0.32
openstack,TN,8b44c9df29572efca928c1d36fa3e7a90e94caa0,llm_kernelshap,qwen36_27b_local,0.05,0.08
openstack,TN,8b44c9df29572efca928c1d36fa3e7a90e94caa0,llm_lime,qwen36_27b_local,0.01,0.6599999999999999
openstack,TN,8b44c9df29572efca928c1d36fa3e7a90e94caa0,llm_lime,qwen36_27b_local,0.03,0.32999999999999996
openstack,TN,8b44c9df29572efca928c1d36fa3e7a90e94caa0,llm_lime,qwen36_27b_local,0.05,0.12000000000000002
openstack,TN,8b44c9df29572efca928c1d36fa3e7a90e94caa0,llm_lofo,qwen36_27b_local,0.01,0.6
openstack,TN,8b44c9df29572efca928c1d36fa3e7a90e94caa0,llm_lofo,qwen36_27b_local,0.03,0.4
openstack,TN,8b44c9df29572efca928c1d36fa3e7a90e94caa0,llm_lofo,qwen36_27b_local,0.05,0.08
openstack,TN,8b44c9df29572efca928c1d36fa3e7a90e94caa0,lofo,,0.01,1.0
openstack,TN,8b44c9df29572efca928c1d36fa3e7a90e94caa0,lofo,,0.03,0.6
openstack,TN,8b44c9df29572efca928c1d36fa3e7a90e94caa0,lofo,,0.05,0.4
openstack,TN,936f765b855d7af14ae557383f0dcc6fd9e8655c,counterfactual,,0.01,1.0
openstack,TN,936f765b855d7af14ae557383f0dcc6fd9e8655c,counterfactual,,0.03,1.0
openstack,TN,936f765b855d7af14ae557383f0dcc6fd9e8655c,counterfactual,,0.05,0.6
openstack,TN,936f765b855d7af14ae557383f0dcc6fd9e8655c,kernelshap,,0.01,1.0
openstack,TN,936f765b855d7af14ae557383f0dcc6fd9e8655c,kernelshap,,0.03,1.0
openstack,TN,936f765b855d7af14ae557383f0dcc6fd9e8655c,kernelshap,,0.05,0.6
openstack,TN,936f765b855d7af14ae557383f0dcc6fd9e8655c,lime,,0.01,0.8400000000000001
openstack,TN,936f765b855d7af14ae557383f0dcc6fd9e8655c,lime,,0.03,0.8400000000000001
openstack,TN,936f765b855d7af14ae557383f0dcc6fd9e8655c,lime,,0.05,0.44000000000000006
openstack,TN,936f765b855d7af14ae557383f0dcc6fd9e8655c,llm_counterfactual,qwen36_27b_local,0.01,0.8400000000000001
openstack,TN,936f765b855d7af14ae557383f0dcc6fd9e8655c,llm_counterfactual,qwen36_27b_local,0.03,0.8400000000000001
openstack,TN,936f765b855d7af14ae557383f0dcc6fd9e8655c,llm_counterfactual,qwen36_27b_local,0.05,0.36
openstack,TN,936f765b855d7af14ae557383f0dcc6fd9e8655c,llm_kernelshap,qwen36_27b_local,0.01,0.8
openstack,TN,936f765b855d7af14ae557383f0dcc6fd9e8655c,llm_kernelshap,qwen36_27b_local,0.03,0.8
openstack,TN,936f765b855d7af14ae557383f0dcc6fd9e8655c,llm_kernelshap,qwen36_27b_local,0.05,0.52
openstack,TN,936f765b855d7af14ae557383f0dcc6fd9e8655c,llm_lime,qwen36_27b_local,0.01,0.8300000000000001
openstack,TN,936f765b855d7af14ae557383f0dcc6fd9e8655c,llm_lime,qwen36_27b_local,0.03,0.79
openstack,TN,936f765b855d7af14ae557383f0dcc6fd9e8655c,llm_lime,qwen36_27b_local,0.05,0.41
openstack,TN,936f765b855d7af14ae557383f0dcc6fd9e8655c,llm_lofo,qwen36_27b_local,0.01,0.9199999999999999
openstack,TN,936f765b855d7af14ae557383f0dcc6fd9e8655c,llm_lofo,qwen36_27b_local,0.03,0.9199999999999999
openstack,TN,936f765b855d7af14ae557383f0dcc6fd9e8655c,llm_lofo,qwen36_27b_local,0.05,0.72
openstack,TN,936f765b855d7af14ae557383f0dcc6fd9e8655c,lofo,,0.01,1.0
openstack,TN,936f765b855d7af14ae557383f0dcc6fd9e8655c,lofo,,0.03,1.0
openstack,TN,936f765b855d7af14ae557383f0dcc6fd9e8655c,lofo,,0.05,0.8
openstack,TN,978066fe31a5331f143a05e1fd753c729b2dcf09,counterfactual,,0.01,1.0
openstack,TN,978066fe31a5331f143a05e1fd753c729b2dcf09,counterfactual,,0.03,0.6
openstack,TN,978066fe31a5331f143a05e1fd753c729b2dcf09,counterfactual,,0.05,0.2
openstack,TN,978066fe31a5331f143a05e1fd753c729b2dcf09,kernelshap,,0.01,1.0
openstack,TN,978066fe31a5331f143a05e1fd753c729b2dcf09,kernelshap,,0.03,0.4
openstack,TN,978066fe31a5331f143a05e1fd753c729b2dcf09,kernelshap,,0.05,0.2
openstack,TN,978066fe31a5331f143a05e1fd753c729b2dcf09,lime,,0.01,0.8
openstack,TN,978066fe31a5331f143a05e1fd753c729b2dcf09,lime,,0.03,0.4
openstack,TN,978066fe31a5331f143a05e1fd753c729b2dcf09,lime,,0.05,0.2
openstack,TN,978066fe31a5331f143a05e1fd753c729b2dcf09,llm_counterfactual,qwen36_27b_local,0.01,0.64
openstack,TN,978066fe31a5331f143a05e1fd753c729b2dcf09,llm_counterfactual,qwen36_27b_local,0.03,0.32
openstack,TN,978066fe31a5331f143a05e1fd753c729b2dcf09,llm_counterfactual,qwen36_27b_local,0.05,0.2
openstack,TN,978066fe31a5331f143a05e1fd753c729b2dcf09,llm_kernelshap,qwen36_27b_local,0.01,0.8
openstack,TN,978066fe31a5331f143a05e1fd753c729b2dcf09,llm_kernelshap,qwen36_27b_local,0.03,0.16
openstack,TN,978066fe31a5331f143a05e1fd753c729b2dcf09,llm_kernelshap,qwen36_27b_local,0.05,0.0
openstack,TN,978066fe31a5331f143a05e1fd753c729b2dcf09,llm_lime,qwen36_27b_local,0.01,0.8
openstack,TN,978066fe31a5331f143a05e1fd753c729b2dcf09,llm_lime,qwen36_27b_local,0.03,0.48
openstack,TN,978066fe31a5331f143a05e1fd753c729b2dcf09,llm_lime,qwen36_27b_local,0.05,0.16
openstack,TN,978066fe31a5331f143a05e1fd753c729b2dcf09,llm_lofo,qwen36_27b_local,0.01,0.8400000000000001
openstack,TN,978066fe31a5331f143a05e1fd753c729b2dcf09,llm_lofo,qwen36_27b_local,0.03,0.4
openstack,TN,978066fe31a5331f143a05e1fd753c729b2dcf09,llm_lofo,qwen36_27b_local,0.05,0.2
openstack,TN,978066fe31a5331f143a05e1fd753c729b2dcf09,lofo,,0.01,0.8
openstack,TN,978066fe31a5331f143a05e1fd753c729b2dcf09,lofo,,0.03,0.2
openstack,TN,978066fe31a5331f143a05e1fd753c729b2dcf09,lofo,,0.05,0.0
openstack,TN,bfb9d3f179607c25f91d77585f97df6d0704c253,counterfactual,,0.01,1.0
openstack,TN,bfb9d3f179607c25f91d77585f97df6d0704c253,counterfactual,,0.03,1.0
openstack,TN,bfb9d3f179607c25f91d77585f97df6d0704c253,counterfactual,,0.05,0.6
openstack,TN,bfb9d3f179607c25f91d77585f97df6d0704c253,kernelshap,,0.01,1.0
openstack,TN,bfb9d3f179607c25f91d77585f97df6d0704c253,kernelshap,,0.03,1.0
openstack,TN,bfb9d3f179607c25f91d77585f97df6d0704c253,kernelshap,,0.05,0.8
openstack,TN,bfb9d3f179607c25f91d77585f97df6d0704c253,lime,,0.01,1.0
openstack,TN,bfb9d3f179607c25f91d77585f97df6d0704c253,lime,,0.03,1.0
openstack,TN,bfb9d3f179607c25f91d77585f97df6d0704c253,lime,,0.05,0.4
openstack,TN,bfb9d3f179607c25f91d77585f97df6d0704c253,llm_counterfactual,qwen36_27b_local,0.01,1.0
openstack,TN,bfb9d3f179607c25f91d77585f97df6d0704c253,llm_counterfactual,qwen36_27b_local,0.03,0.6
openstack,TN,bfb9d3f179607c25f91d77585f97df6d0704c253,llm_counterfactual,qwen36_27b_local,0.05,0.2
openstack,TN,bfb9d3f179607c25f91d77585f97df6d0704c253,llm_kernelshap,qwen36_27b_local,0.01,1.0
openstack,TN,bfb9d3f179607c25f91d77585f97df6d0704c253,llm_kernelshap,qwen36_27b_local,0.03,0.64
openstack,TN,bfb9d3f179607c25f91d77585f97df6d0704c253,llm_kernelshap,qwen36_27b_local,0.05,0.4
openstack,TN,bfb9d3f179607c25f91d77585f97df6d0704c253,llm_lime,qwen36_27b_local,0.01,1.0
openstack,TN,bfb9d3f179607c25f91d77585f97df6d0704c253,llm_lime,qwen36_27b_local,0.03,0.6799999999999999
openstack,TN,bfb9d3f179607c25f91d77585f97df6d0704c253,llm_lime,qwen36_27b_local,0.05,0.24000000000000005
openstack,TN,bfb9d3f179607c25f91d77585f97df6d0704c253,llm_lofo,qwen36_27b_local,0.01,1.0
openstack,TN,bfb9d3f179607c25f91d77585f97df6d0704c253,llm_lofo,qwen36_27b_local,0.03,0.64
openstack,TN,bfb9d3f179607c25f91d77585f97df6d0704c253,llm_lofo,qwen36_27b_local,0.05,0.44000000000000006
openstack,TN,bfb9d3f179607c25f91d77585f97df6d0704c253,lofo,,0.01,1.0
openstack,TN,bfb9d3f179607c25f91d77585f97df6d0704c253,lofo,,0.03,1.0
openstack,TN,bfb9d3f179607c25f91d77585f97df6d0704c253,lofo,,0.05,0.8
openstack,TN,d2e40a3e49819dace92975de3e3d7ba3a3fac79d,counterfactual,,0.01,1.0
openstack,TN,d2e40a3e49819dace92975de3e3d7ba3a3fac79d,counterfactual,,0.03,0.2
openstack,TN,d2e40a3e49819dace92975de3e3d7ba3a3fac79d,counterfactual,,0.05,0.2
openstack,TN,d2e40a3e49819dace92975de3e3d7ba3a3fac79d,kernelshap,,0.01,1.0
openstack,TN,d2e40a3e49819dace92975de3e3d7ba3a3fac79d,kernelshap,,0.03,0.8
openstack,TN,d2e40a3e49819dace92975de3e3d7ba3a3fac79d,kernelshap,,0.05,0.4
openstack,TN,d2e40a3e49819dace92975de3e3d7ba3a3fac79d,lime,,0.01,1.0
openstack,TN,d2e40a3e49819dace92975de3e3d7ba3a3fac79d,lime,,0.03,0.5599999999999999
openstack,TN,d2e40a3e49819dace92975de3e3d7ba3a3fac79d,lime,,0.05,0.4
openstack,TN,d2e40a3e49819dace92975de3e3d7ba3a3fac79d,llm_counterfactual,qwen36_27b_local,0.01,1.0
openstack,TN,d2e40a3e49819dace92975de3e3d7ba3a3fac79d,llm_counterfactual,qwen36_27b_local,0.03,0.52
openstack,TN,d2e40a3e49819dace92975de3e3d7ba3a3fac79d,llm_counterfactual,qwen36_27b_local,0.05,0.52
openstack,TN,d2e40a3e49819dace92975de3e3d7ba3a3fac79d,llm_kernelshap,qwen36_27b_local,0.01,1.0
openstack,TN,d2e40a3e49819dace92975de3e3d7ba3a3fac79d,llm_kernelshap,qwen36_27b_local,0.03,0.48
openstack,TN,d2e40a3e49819dace92975de3e3d7ba3a3fac79d,llm_kernelshap,qwen36_27b_local,0.05,0.44000000000000006
openstack,TN,d2e40a3e49819dace92975de3e3d7ba3a3fac79d,llm_lime,qwen36_27b_local,0.01,1.0
openstack,TN,d2e40a3e49819dace92975de3e3d7ba3a3fac79d,llm_lime,qwen36_27b_local,0.03,0.52
openstack,TN,d2e40a3e49819dace92975de3e3d7ba3a3fac79d,llm_lime,qwen36_27b_local,0.05,0.48
openstack,TN,d2e40a3e49819dace92975de3e3d7ba3a3fac79d,llm_lofo,qwen36_27b_local,0.01,1.0
openstack,TN,d2e40a3e49819dace92975de3e3d7ba3a3fac79d,llm_lofo,qwen36_27b_local,0.03,0.2
openstack,TN,d2e40a3e49819dace92975de3e3d7ba3a3fac79d,llm_lofo,qwen36_27b_local,0.05,0.2
openstack,TN,d2e40a3e49819dace92975de3e3d7ba3a3fac79d,lofo,,0.01,1.0
openstack,TN,d2e40a3e49819dace92975de3e3d7ba3a3fac79d,lofo,,0.03,0.6
openstack,TN,d2e40a3e49819dace92975de3e3d7ba3a3fac79d,lofo,,0.05,0.2
openstack,TN,dd13c2784b5aec539197d1b76fafc6a6b38a33e8,counterfactual,,0.01,1.0
openstack,TN,dd13c2784b5aec539197d1b76fafc6a6b38a33e8,counterfactual,,0.03,0.6
openstack,TN,dd13c2784b5aec539197d1b76fafc6a6b38a33e8,counterfactual,,0.05,0.6
openstack,TN,dd13c2784b5aec539197d1b76fafc6a6b38a33e8,kernelshap,,0.01,1.0
openstack,TN,dd13c2784b5aec539197d1b76fafc6a6b38a33e8,kernelshap,,0.03,0.8
openstack,TN,dd13c2784b5aec539197d1b76fafc6a6b38a33e8,kernelshap,,0.05,0.8
openstack,TN,dd13c2784b5aec539197d1b76fafc6a6b38a33e8,lime,,0.01,1.0
openstack,TN,dd13c2784b5aec539197d1b76fafc6a6b38a33e8,lime,,0.03,0.8
openstack,TN,dd13c2784b5aec539197d1b76fafc6a6b38a33e8,lime,,0.05,0.6
openstack,TN,dd13c2784b5aec539197d1b76fafc6a6b38a33e8,llm_counterfactual,qwen36_27b_local,0.01,1.0
openstack,TN,dd13c2784b5aec539197d1b76fafc6a6b38a33e8,llm_counterfactual,qwen36_27b_local,0.03,0.76
openstack,TN,dd13c2784b5aec539197d1b76fafc6a6b38a33e8,llm_counterfactual,qwen36_27b_local,0.05,0.5599999999999999
openstack,TN,dd13c2784b5aec539197d1b76fafc6a6b38a33e8,llm_kernelshap,qwen36_27b_local,0.01,1.0
openstack,TN,dd13c2784b5aec539197d1b76fafc6a6b38a33e8,llm_kernelshap,qwen36_27b_local,0.03,0.6799999999999999
openstack,TN,dd13c2784b5aec539197d1b76fafc6a6b38a33e8,llm_kernelshap,qwen36_27b_local,0.05,0.48
openstack,TN,dd13c2784b5aec539197d1b76fafc6a6b38a33e8,llm_lime,qwen36_27b_local,0.01,1.0
openstack,TN,dd13c2784b5aec539197d1b76fafc6a6b38a33e8,llm_lime,qwen36_27b_local,0.03,0.8
openstack,TN,dd13c2784b5aec539197d1b76fafc6a6b38a33e8,llm_lime,qwen36_27b_local,0.05,0.6
openstack,TN,dd13c2784b5aec539197d1b76fafc6a6b38a33e8,llm_lofo,qwen36_27b_local,0.01,1.0
openstack,TN,dd13c2784b5aec539197d1b76fafc6a6b38a33e8,llm_lofo,qwen36_27b_local,0.03,0.6
openstack,TN,dd13c2784b5aec539197d1b76fafc6a6b38a33e8,llm_lofo,qwen36_27b_local,0.05,0.4
openstack,TN,dd13c2784b5aec539197d1b76fafc6a6b38a33e8,lofo,,0.01,1.0
openstack,TN,dd13c2784b5aec539197d1b76fafc6a6b38a33e8,lofo,,0.03,0.8
openstack,TN,dd13c2784b5aec539197d1b76fafc6a6b38a33e8,lofo,,0.05,0.4
openstack,TN,dd444d84759d7b3c17e7c3e97f9565546f9d3df2,counterfactual,,0.01,1.0
openstack,TN,dd444d84759d7b3c17e7c3e97f9565546f9d3df2,counterfactual,,0.03,1.0
openstack,TN,dd444d84759d7b3c17e7c3e97f9565546f9d3df2,counterfactual,,0.05,0.8
openstack,TN,dd444d84759d7b3c17e7c3e97f9565546f9d3df2,kernelshap,,0.01,1.0
openstack,TN,dd444d84759d7b3c17e7c3e97f9565546f9d3df2,kernelshap,,0.03,1.0
openstack,TN,dd444d84759d7b3c17e7c3e97f9565546f9d3df2,kernelshap,,0.05,0.8
openstack,TN,dd444d84759d7b3c17e7c3e97f9565546f9d3df2,lime,,0.01,0.8
openstack,TN,dd444d84759d7b3c17e7c3e97f9565546f9d3df2,lime,,0.03,0.6
openstack,TN,dd444d84759d7b3c17e7c3e97f9565546f9d3df2,lime,,0.05,0.2
openstack,TN,dd444d84759d7b3c17e7c3e97f9565546f9d3df2,llm_counterfactual,qwen36_27b_local,0.01,1.0
openstack,TN,dd444d84759d7b3c17e7c3e97f9565546f9d3df2,llm_counterfactual,qwen36_27b_local,0.03,0.6799999999999999
openstack,TN,dd444d84759d7b3c17e7c3e97f9565546f9d3df2,llm_counterfactual,qwen36_27b_local,0.05,0.08
openstack,TN,dd444d84759d7b3c17e7c3e97f9565546f9d3df2,llm_kernelshap,qwen36_27b_local,0.01,1.0
openstack,TN,dd444d84759d7b3c17e7c3e97f9565546f9d3df2,llm_kernelshap,qwen36_27b_local,0.03,0.8
openstack,TN,dd444d84759d7b3c17e7c3e97f9565546f9d3df2,llm_kernelshap,qwen36_27b_local,0.05,0.4
openstack,TN,dd444d84759d7b3c17e7c3e97f9565546f9d3df2,llm_lime,qwen36_27b_local,0.01,0.96
openstack,TN,dd444d84759d7b3c17e7c3e97f9565546f9d3df2,llm_lime,qwen36_27b_local,0.03,0.8800000000000001
openstack,TN,dd444d84759d7b3c17e7c3e97f9565546f9d3df2,llm_lime,qwen36_27b_local,0.05,0.48
openstack,TN,dd444d84759d7b3c17e7c3e97f9565546f9d3df2,llm_lofo,qwen36_27b_local,0.01,1.0
openstack,TN,dd444d84759d7b3c17e7c3e97f9565546f9d3df2,llm_lofo,qwen36_27b_local,0.03,0.9199999999999999
openstack,TN,dd444d84759d7b3c17e7c3e97f9565546f9d3df2,llm_lofo,qwen36_27b_local,0.05,0.52
openstack,TN,dd444d84759d7b3c17e7c3e97f9565546f9d3df2,lofo,,0.01,1.0
openstack,TN,dd444d84759d7b3c17e7c3e97f9565546f9d3df2,lofo,,0.03,1.0
openstack,TN,dd444d84759d7b3c17e7c3e97f9565546f9d3df2,lofo,,0.05,0.6
openstack,TP,03db94ebaa3fc2c76694fd566e2c9eefbf851a7f,counterfactual,,0.01,0.8
openstack,TP,03db94ebaa3fc2c76694fd566e2c9eefbf851a7f,counterfactual,,0.03,0.8
openstack,TP,03db94ebaa3fc2c76694fd566e2c9eefbf851a7f,counterfactual,,0.05,0.8
openstack,TP,03db94ebaa3fc2c76694fd566e2c9eefbf851a7f,kernelshap,,0.01,1.0
openstack,TP,03db94ebaa3fc2c76694fd566e2c9eefbf851a7f,kernelshap,,0.03,1.0
openstack,TP,03db94ebaa3fc2c76694fd566e2c9eefbf851a7f,kernelshap,,0.05,1.0
openstack,TP,03db94ebaa3fc2c76694fd566e2c9eefbf851a7f,lime,,0.01,0.8
openstack,TP,03db94ebaa3fc2c76694fd566e2c9eefbf851a7f,lime,,0.03,0.8
openstack,TP,03db94ebaa3fc2c76694fd566e2c9eefbf851a7f,lime,,0.05,0.6
openstack,TP,03db94ebaa3fc2c76694fd566e2c9eefbf851a7f,llm_counterfactual,qwen36_27b_local,0.01,1.0
openstack,TP,03db94ebaa3fc2c76694fd566e2c9eefbf851a7f,llm_counterfactual,qwen36_27b_local,0.03,1.0
openstack,TP,03db94ebaa3fc2c76694fd566e2c9eefbf851a7f,llm_counterfactual,qwen36_27b_local,0.05,0.8800000000000001
openstack,TP,03db94ebaa3fc2c76694fd566e2c9eefbf851a7f,llm_kernelshap,qwen36_27b_local,0.01,1.0
openstack,TP,03db94ebaa3fc2c76694fd566e2c9eefbf851a7f,llm_kernelshap,qwen36_27b_local,0.03,1.0
openstack,TP,03db94ebaa3fc2c76694fd566e2c9eefbf851a7f,llm_kernelshap,qwen36_27b_local,0.05,1.0
openstack,TP,03db94ebaa3fc2c76694fd566e2c9eefbf851a7f,llm_lime,qwen36_27b_local,0.01,1.0
openstack,TP,03db94ebaa3fc2c76694fd566e2c9eefbf851a7f,llm_lime,qwen36_27b_local,0.03,1.0
openstack,TP,03db94ebaa3fc2c76694fd566e2c9eefbf851a7f,llm_lime,qwen36_27b_local,0.05,0.8800000000000001
openstack,TP,03db94ebaa3fc2c76694fd566e2c9eefbf851a7f,llm_lofo,qwen36_27b_local,0.01,1.0
openstack,TP,03db94ebaa3fc2c76694fd566e2c9eefbf851a7f,llm_lofo,qwen36_27b_local,0.03,1.0
openstack,TP,03db94ebaa3fc2c76694fd566e2c9eefbf851a7f,llm_lofo,qwen36_27b_local,0.05,1.0
openstack,TP,03db94ebaa3fc2c76694fd566e2c9eefbf851a7f,lofo,,0.01,1.0
openstack,TP,03db94ebaa3fc2c76694fd566e2c9eefbf851a7f,lofo,,0.03,1.0
openstack,TP,03db94ebaa3fc2c76694fd566e2c9eefbf851a7f,lofo,,0.05,0.8
openstack,TP,092820939d53268152893a15fdaf5129554fbcb3,counterfactual,,0.01,1.0
openstack,TP,092820939d53268152893a15fdaf5129554fbcb3,counterfactual,,0.03,1.0
openstack,TP,092820939d53268152893a15fdaf5129554fbcb3,counterfactual,,0.05,1.0
openstack,TP,092820939d53268152893a15fdaf5129554fbcb3,kernelshap,,0.01,1.0
openstack,TP,092820939d53268152893a15fdaf5129554fbcb3,kernelshap,,0.03,1.0
openstack,TP,092820939d53268152893a15fdaf5129554fbcb3,kernelshap,,0.05,1.0
openstack,TP,092820939d53268152893a15fdaf5129554fbcb3,lime,,0.01,1.0
openstack,TP,092820939d53268152893a15fdaf5129554fbcb3,lime,,0.03,1.0
openstack,TP,092820939d53268152893a15fdaf5129554fbcb3,lime,,0.05,0.8
openstack,TP,092820939d53268152893a15fdaf5129554fbcb3,llm_counterfactual,qwen36_27b_local,0.01,1.0
openstack,TP,092820939d53268152893a15fdaf5129554fbcb3,llm_counterfactual,qwen36_27b_local,0.03,0.8
openstack,TP,092820939d53268152893a15fdaf5129554fbcb3,llm_counterfactual,qwen36_27b_local,0.05,0.8
openstack,TP,092820939d53268152893a15fdaf5129554fbcb3,llm_kernelshap,qwen36_27b_local,0.01,1.0
openstack,TP,092820939d53268152893a15fdaf5129554fbcb3,llm_kernelshap,qwen36_27b_local,0.03,1.0
openstack,TP,092820939d53268152893a15fdaf5129554fbcb3,llm_kernelshap,qwen36_27b_local,0.05,1.0
openstack,TP,092820939d53268152893a15fdaf5129554fbcb3,llm_lime,qwen36_27b_local,0.01,1.0
openstack,TP,092820939d53268152893a15fdaf5129554fbcb3,llm_lime,qwen36_27b_local,0.03,0.8400000000000001
openstack,TP,092820939d53268152893a15fdaf5129554fbcb3,llm_lime,qwen36_27b_local,0.05,0.8400000000000001
openstack,TP,092820939d53268152893a15fdaf5129554fbcb3,llm_lofo,qwen36_27b_local,0.01,1.0
openstack,TP,092820939d53268152893a15fdaf5129554fbcb3,llm_lofo,qwen36_27b_local,0.03,1.0
openstack,TP,092820939d53268152893a15fdaf5129554fbcb3,llm_lofo,qwen36_27b_local,0.05,1.0
openstack,TP,092820939d53268152893a15fdaf5129554fbcb3,lofo,,0.01,1.0
openstack,TP,092820939d53268152893a15fdaf5129554fbcb3,lofo,,0.03,1.0
openstack,TP,092820939d53268152893a15fdaf5129554fbcb3,lofo,,0.05,1.0
openstack,TP,22c9cf3d95c3d14351045bac2920b4e0994ec42f,counterfactual,,0.01,1.0
openstack,TP,22c9cf3d95c3d14351045bac2920b4e0994ec42f,counterfactual,,0.03,1.0
openstack,TP,22c9cf3d95c3d14351045bac2920b4e0994ec42f,counterfactual,,0.05,0.8
openstack,TP,22c9cf3d95c3d14351045bac2920b4e0994ec42f,kernelshap,,0.01,1.0
openstack,TP,22c9cf3d95c3d14351045bac2920b4e0994ec42f,kernelshap,,0.03,1.0
openstack,TP,22c9cf3d95c3d14351045bac2920b4e0994ec42f,kernelshap,,0.05,1.0
openstack,TP,22c9cf3d95c3d14351045bac2920b4e0994ec42f,lime,,0.01,1.0
openstack,TP,22c9cf3d95c3d14351045bac2920b4e0994ec42f,lime,,0.03,1.0
openstack,TP,22c9cf3d95c3d14351045bac2920b4e0994ec42f,lime,,0.05,0.8
openstack,TP,22c9cf3d95c3d14351045bac2920b4e0994ec42f,llm_counterfactual,qwen36_27b_local,0.01,1.0
openstack,TP,22c9cf3d95c3d14351045bac2920b4e0994ec42f,llm_counterfactual,qwen36_27b_local,0.03,0.8800000000000001
openstack,TP,22c9cf3d95c3d14351045bac2920b4e0994ec42f,llm_counterfactual,qwen36_27b_local,0.05,0.8800000000000001
openstack,TP,22c9cf3d95c3d14351045bac2920b4e0994ec42f,llm_kernelshap,qwen36_27b_local,0.01,1.0
openstack,TP,22c9cf3d95c3d14351045bac2920b4e0994ec42f,llm_kernelshap,qwen36_27b_local,0.03,0.96
openstack,TP,22c9cf3d95c3d14351045bac2920b4e0994ec42f,llm_kernelshap,qwen36_27b_local,0.05,0.96
openstack,TP,22c9cf3d95c3d14351045bac2920b4e0994ec42f,llm_lime,qwen36_27b_local,0.01,1.0
openstack,TP,22c9cf3d95c3d14351045bac2920b4e0994ec42f,llm_lime,qwen36_27b_local,0.03,0.9199999999999999
openstack,TP,22c9cf3d95c3d14351045bac2920b4e0994ec42f,llm_lime,qwen36_27b_local,0.05,0.9199999999999999
openstack,TP,22c9cf3d95c3d14351045bac2920b4e0994ec42f,llm_lofo,qwen36_27b_local,0.01,1.0
openstack,TP,22c9cf3d95c3d14351045bac2920b4e0994ec42f,llm_lofo,qwen36_27b_local,0.03,1.0
openstack,TP,22c9cf3d95c3d14351045bac2920b4e0994ec42f,llm_lofo,qwen36_27b_local,0.05,1.0
openstack,TP,22c9cf3d95c3d14351045bac2920b4e0994ec42f,lofo,,0.01,1.0
openstack,TP,22c9cf3d95c3d14351045bac2920b4e0994ec42f,lofo,,0.03,1.0
openstack,TP,22c9cf3d95c3d14351045bac2920b4e0994ec42f,lofo,,0.05,1.0
openstack,TP,379cf65d82b11f5e6f8732a585d5373beda85046,counterfactual,,0.01,1.0
openstack,TP,379cf65d82b11f5e6f8732a585d5373beda85046,counterfactual,,0.03,1.0
openstack,TP,379cf65d82b11f5e6f8732a585d5373beda85046,counterfactual,,0.05,0.8
openstack,TP,379cf65d82b11f5e6f8732a585d5373beda85046,kernelshap,,0.01,1.0
openstack,TP,379cf65d82b11f5e6f8732a585d5373beda85046,kernelshap,,0.03,1.0
openstack,TP,379cf65d82b11f5e6f8732a585d5373beda85046,kernelshap,,0.05,1.0
openstack,TP,379cf65d82b11f5e6f8732a585d5373beda85046,lime,,0.01,1.0
openstack,TP,379cf65d82b11f5e6f8732a585d5373beda85046,lime,,0.03,1.0
openstack,TP,379cf65d82b11f5e6f8732a585d5373beda85046,lime,,0.05,0.9199999999999999
openstack,TP,379cf65d82b11f5e6f8732a585d5373beda85046,llm_counterfactual,qwen36_27b_local,0.01,1.0
openstack,TP,379cf65d82b11f5e6f8732a585d5373beda85046,llm_counterfactual,qwen36_27b_local,0.03,1.0
openstack,TP,379cf65d82b11f5e6f8732a585d5373beda85046,llm_counterfactual,qwen36_27b_local,0.05,0.8
openstack,TP,379cf65d82b11f5e6f8732a585d5373beda85046,llm_kernelshap,qwen36_27b_local,0.01,1.0
openstack,TP,379cf65d82b11f5e6f8732a585d5373beda85046,llm_kernelshap,qwen36_27b_local,0.03,1.0
openstack,TP,379cf65d82b11f5e6f8732a585d5373beda85046,llm_kernelshap,qwen36_27b_local,0.05,1.0
openstack,TP,379cf65d82b11f5e6f8732a585d5373beda85046,llm_lime,qwen36_27b_local,0.01,1.0
openstack,TP,379cf65d82b11f5e6f8732a585d5373beda85046,llm_lime,qwen36_27b_local,0.03,1.0
openstack,TP,379cf65d82b11f5e6f8732a585d5373beda85046,llm_lime,qwen36_27b_local,0.05,0.8
openstack,TP,379cf65d82b11f5e6f8732a585d5373beda85046,llm_lofo,qwen36_27b_local,0.01,1.0
openstack,TP,379cf65d82b11f5e6f8732a585d5373beda85046,llm_lofo,qwen36_27b_local,0.03,1.0
openstack,TP,379cf65d82b11f5e6f8732a585d5373beda85046,llm_lofo,qwen36_27b_local,0.05,1.0
openstack,TP,379cf65d82b11f5e6f8732a585d5373beda85046,lofo,,0.01,1.0
openstack,TP,379cf65d82b11f5e6f8732a585d5373beda85046,lofo,,0.03,0.8
openstack,TP,379cf65d82b11f5e6f8732a585d5373beda85046,lofo,,0.05,0.8
openstack,TP,3b28cb2a10f7746a32cb7f7b62b6fc92ebcfb1e5,counterfactual,,0.01,1.0
openstack,TP,3b28cb2a10f7746a32cb7f7b62b6fc92ebcfb1e5,counterfactual,,0.03,0.8
openstack,TP,3b28cb2a10f7746a32cb7f7b62b6fc92ebcfb1e5,counterfactual,,0.05,0.8
openstack,TP,3b28cb2a10f7746a32cb7f7b62b6fc92ebcfb1e5,kernelshap,,0.01,1.0
openstack,TP,3b28cb2a10f7746a32cb7f7b62b6fc92ebcfb1e5,kernelshap,,0.03,1.0
openstack,TP,3b28cb2a10f7746a32cb7f7b62b6fc92ebcfb1e5,kernelshap,,0.05,1.0
openstack,TP,3b28cb2a10f7746a32cb7f7b62b6fc92ebcfb1e5,lime,,0.01,1.0
openstack,TP,3b28cb2a10f7746a32cb7f7b62b6fc92ebcfb1e5,lime,,0.03,1.0
openstack,TP,3b28cb2a10f7746a32cb7f7b62b6fc92ebcfb1e5,lime,,0.05,1.0
openstack,TP,3b28cb2a10f7746a32cb7f7b62b6fc92ebcfb1e5,llm_counterfactual,qwen36_27b_local,0.01,1.0
openstack,TP,3b28cb2a10f7746a32cb7f7b62b6fc92ebcfb1e5,llm_counterfactual,qwen36_27b_local,0.03,0.9199999999999999
openstack,TP,3b28cb2a10f7746a32cb7f7b62b6fc92ebcfb1e5,llm_counterfactual,qwen36_27b_local,0.05,0.9199999999999999
openstack,TP,3b28cb2a10f7746a32cb7f7b62b6fc92ebcfb1e5,llm_kernelshap,qwen36_27b_local,0.01,1.0
openstack,TP,3b28cb2a10f7746a32cb7f7b62b6fc92ebcfb1e5,llm_kernelshap,qwen36_27b_local,0.03,1.0
openstack,TP,3b28cb2a10f7746a32cb7f7b62b6fc92ebcfb1e5,llm_kernelshap,qwen36_27b_local,0.05,1.0
openstack,TP,3b28cb2a10f7746a32cb7f7b62b6fc92ebcfb1e5,llm_lime,qwen36_27b_local,0.01,1.0
openstack,TP,3b28cb2a10f7746a32cb7f7b62b6fc92ebcfb1e5,llm_lime,qwen36_27b_local,0.03,0.8400000000000001
openstack,TP,3b28cb2a10f7746a32cb7f7b62b6fc92ebcfb1e5,llm_lime,qwen36_27b_local,0.05,0.8400000000000001
openstack,TP,3b28cb2a10f7746a32cb7f7b62b6fc92ebcfb1e5,llm_lofo,qwen36_27b_local,0.01,1.0
openstack,TP,3b28cb2a10f7746a32cb7f7b62b6fc92ebcfb1e5,llm_lofo,qwen36_27b_local,0.03,1.0
openstack,TP,3b28cb2a10f7746a32cb7f7b62b6fc92ebcfb1e5,llm_lofo,qwen36_27b_local,0.05,1.0
openstack,TP,3b28cb2a10f7746a32cb7f7b62b6fc92ebcfb1e5,lofo,,0.01,1.0
openstack,TP,3b28cb2a10f7746a32cb7f7b62b6fc92ebcfb1e5,lofo,,0.03,1.0
openstack,TP,3b28cb2a10f7746a32cb7f7b62b6fc92ebcfb1e5,lofo,,0.05,1.0
openstack,TP,40eaa89a9001edda3e1146831b26aaf7ded64c4a,counterfactual,,0.01,1.0
openstack,TP,40eaa89a9001edda3e1146831b26aaf7ded64c4a,counterfactual,,0.03,1.0
openstack,TP,40eaa89a9001edda3e1146831b26aaf7ded64c4a,counterfactual,,0.05,0.8
openstack,TP,40eaa89a9001edda3e1146831b26aaf7ded64c4a,kernelshap,,0.01,1.0
openstack,TP,40eaa89a9001edda3e1146831b26aaf7ded64c4a,kernelshap,,0.03,1.0
openstack,TP,40eaa89a9001edda3e1146831b26aaf7ded64c4a,kernelshap,,0.05,1.0
openstack,TP,40eaa89a9001edda3e1146831b26aaf7ded64c4a,lime,,0.01,1.0
openstack,TP,40eaa89a9001edda3e1146831b26aaf7ded64c4a,lime,,0.03,1.0
openstack,TP,40eaa89a9001edda3e1146831b26aaf7ded64c4a,lime,,0.05,0.8
openstack,TP,40eaa89a9001edda3e1146831b26aaf7ded64c4a,llm_counterfactual,qwen36_27b_local,0.01,1.0
openstack,TP,40eaa89a9001edda3e1146831b26aaf7ded64c4a,llm_counterfactual,qwen36_27b_local,0.03,0.8
openstack,TP,40eaa89a9001edda3e1146831b26aaf7ded64c4a,llm_counterfactual,qwen36_27b_local,0.05,0.8
openstack,TP,40eaa89a9001edda3e1146831b26aaf7ded64c4a,llm_kernelshap,qwen36_27b_local,0.01,1.0
openstack,TP,40eaa89a9001edda3e1146831b26aaf7ded64c4a,llm_kernelshap,qwen36_27b_local,0.03,0.8
openstack,TP,40eaa89a9001edda3e1146831b26aaf7ded64c4a,llm_kernelshap,qwen36_27b_local,0.05,0.8
openstack,TP,40eaa89a9001edda3e1146831b26aaf7ded64c4a,llm_lime,qwen36_27b_local,0.01,1.0
openstack,TP,40eaa89a9001edda3e1146831b26aaf7ded64c4a,llm_lime,qwen36_27b_local,0.03,0.8
openstack,TP,40eaa89a9001edda3e1146831b26aaf7ded64c4a,llm_lime,qwen36_27b_local,0.05,0.8
openstack,TP,40eaa89a9001edda3e1146831b26aaf7ded64c4a,llm_lofo,qwen36_27b_local,0.01,1.0
openstack,TP,40eaa89a9001edda3e1146831b26aaf7ded64c4a,llm_lofo,qwen36_27b_local,0.03,0.8
openstack,TP,40eaa89a9001edda3e1146831b26aaf7ded64c4a,llm_lofo,qwen36_27b_local,0.05,0.8
openstack,TP,40eaa89a9001edda3e1146831b26aaf7ded64c4a,lofo,,0.01,1.0
openstack,TP,40eaa89a9001edda3e1146831b26aaf7ded64c4a,lofo,,0.03,1.0
openstack,TP,40eaa89a9001edda3e1146831b26aaf7ded64c4a,lofo,,0.05,1.0
openstack,TP,45662d77a2da77714f8e792e86ebd64a52270ef5,counterfactual,,0.01,1.0
openstack,TP,45662d77a2da77714f8e792e86ebd64a52270ef5,counterfactual,,0.03,1.0
openstack,TP,45662d77a2da77714f8e792e86ebd64a52270ef5,counterfactual,,0.05,1.0
openstack,TP,45662d77a2da77714f8e792e86ebd64a52270ef5,kernelshap,,0.01,1.0
openstack,TP,45662d77a2da77714f8e792e86ebd64a52270ef5,kernelshap,,0.03,1.0
openstack,TP,45662d77a2da77714f8e792e86ebd64a52270ef5,kernelshap,,0.05,1.0
openstack,TP,45662d77a2da77714f8e792e86ebd64a52270ef5,lime,,0.01,1.0
openstack,TP,45662d77a2da77714f8e792e86ebd64a52270ef5,lime,,0.03,1.0
openstack,TP,45662d77a2da77714f8e792e86ebd64a52270ef5,lime,,0.05,1.0
openstack,TP,45662d77a2da77714f8e792e86ebd64a52270ef5,llm_counterfactual,qwen36_27b_local,0.01,1.0
openstack,TP,45662d77a2da77714f8e792e86ebd64a52270ef5,llm_counterfactual,qwen36_27b_local,0.03,1.0
openstack,TP,45662d77a2da77714f8e792e86ebd64a52270ef5,llm_counterfactual,qwen36_27b_local,0.05,0.8
openstack,TP,45662d77a2da77714f8e792e86ebd64a52270ef5,llm_kernelshap,qwen36_27b_local,0.01,1.0
openstack,TP,45662d77a2da77714f8e792e86ebd64a52270ef5,llm_kernelshap,qwen36_27b_local,0.03,1.0
openstack,TP,45662d77a2da77714f8e792e86ebd64a52270ef5,llm_kernelshap,qwen36_27b_local,0.05,0.96
openstack,TP,45662d77a2da77714f8e792e86ebd64a52270ef5,llm_lime,qwen36_27b_local,0.01,1.0
openstack,TP,45662d77a2da77714f8e792e86ebd64a52270ef5,llm_lime,qwen36_27b_local,0.03,1.0
openstack,TP,45662d77a2da77714f8e792e86ebd64a52270ef5,llm_lime,qwen36_27b_local,0.05,0.9199999999999999
openstack,TP,45662d77a2da77714f8e792e86ebd64a52270ef5,llm_lofo,qwen36_27b_local,0.01,1.0
openstack,TP,45662d77a2da77714f8e792e86ebd64a52270ef5,llm_lofo,qwen36_27b_local,0.03,1.0
openstack,TP,45662d77a2da77714f8e792e86ebd64a52270ef5,llm_lofo,qwen36_27b_local,0.05,1.0
openstack,TP,45662d77a2da77714f8e792e86ebd64a52270ef5,lofo,,0.01,1.0
openstack,TP,45662d77a2da77714f8e792e86ebd64a52270ef5,lofo,,0.03,1.0
openstack,TP,45662d77a2da77714f8e792e86ebd64a52270ef5,lofo,,0.05,1.0
openstack,TP,56324c12aa58ff9cf46582611b071f3abb743ddf,counterfactual,,0.01,1.0
openstack,TP,56324c12aa58ff9cf46582611b071f3abb743ddf,counterfactual,,0.03,0.8
openstack,TP,56324c12aa58ff9cf46582611b071f3abb743ddf,counterfactual,,0.05,0.8
openstack,TP,56324c12aa58ff9cf46582611b071f3abb743ddf,kernelshap,,0.01,1.0
openstack,TP,56324c12aa58ff9cf46582611b071f3abb743ddf,kernelshap,,0.03,0.96
openstack,TP,56324c12aa58ff9cf46582611b071f3abb743ddf,kernelshap,,0.05,0.96
openstack,TP,56324c12aa58ff9cf46582611b071f3abb743ddf,lime,,0.01,1.0
openstack,TP,56324c12aa58ff9cf46582611b071f3abb743ddf,lime,,0.03,0.76
openstack,TP,56324c12aa58ff9cf46582611b071f3abb743ddf,lime,,0.05,0.76
openstack,TP,56324c12aa58ff9cf46582611b071f3abb743ddf,llm_counterfactual,qwen36_27b_local,0.01,1.0
openstack,TP,56324c12aa58ff9cf46582611b071f3abb743ddf,llm_counterfactual,qwen36_27b_local,0.03,0.75
openstack,TP,56324c12aa58ff9cf46582611b071f3abb743ddf,llm_counterfactual,qwen36_27b_local,0.05,0.75
openstack,TP,56324c12aa58ff9cf46582611b071f3abb743ddf,llm_kernelshap,qwen36_27b_local,0.01,1.0
openstack,TP,56324c12aa58ff9cf46582611b071f3abb743ddf,llm_kernelshap,qwen36_27b_local,0.03,0.8
openstack,TP,56324c12aa58ff9cf46582611b071f3abb743ddf,llm_kernelshap,qwen36_27b_local,0.05,0.8
openstack,TP,56324c12aa58ff9cf46582611b071f3abb743ddf,llm_lime,qwen36_27b_local,0.01,1.0
openstack,TP,56324c12aa58ff9cf46582611b071f3abb743ddf,llm_lime,qwen36_27b_local,0.03,0.8400000000000001
openstack,TP,56324c12aa58ff9cf46582611b071f3abb743ddf,llm_lime,qwen36_27b_local,0.05,0.8400000000000001
openstack,TP,56324c12aa58ff9cf46582611b071f3abb743ddf,llm_lofo,qwen36_27b_local,0.01,1.0
openstack,TP,56324c12aa58ff9cf46582611b071f3abb743ddf,llm_lofo,qwen36_27b_local,0.03,0.63
openstack,TP,56324c12aa58ff9cf46582611b071f3abb743ddf,llm_lofo,qwen36_27b_local,0.05,0.63
openstack,TP,56324c12aa58ff9cf46582611b071f3abb743ddf,lofo,,0.01,1.0
openstack,TP,56324c12aa58ff9cf46582611b071f3abb743ddf,lofo,,0.03,1.0
openstack,TP,56324c12aa58ff9cf46582611b071f3abb743ddf,lofo,,0.05,1.0
openstack,TP,5f2b88b1aafb9a35638e54f796685f633428b6a5,counterfactual,,0.01,1.0
openstack,TP,5f2b88b1aafb9a35638e54f796685f633428b6a5,counterfactual,,0.03,1.0
openstack,TP,5f2b88b1aafb9a35638e54f796685f633428b6a5,counterfactual,,0.05,1.0
openstack,TP,5f2b88b1aafb9a35638e54f796685f633428b6a5,kernelshap,,0.01,1.0
openstack,TP,5f2b88b1aafb9a35638e54f796685f633428b6a5,kernelshap,,0.03,1.0
openstack,TP,5f2b88b1aafb9a35638e54f796685f633428b6a5,kernelshap,,0.05,1.0
openstack,TP,5f2b88b1aafb9a35638e54f796685f633428b6a5,lime,,0.01,1.0
openstack,TP,5f2b88b1aafb9a35638e54f796685f633428b6a5,lime,,0.03,0.9199999999999999
openstack,TP,5f2b88b1aafb9a35638e54f796685f633428b6a5,lime,,0.05,0.9199999999999999
openstack,TP,5f2b88b1aafb9a35638e54f796685f633428b6a5,llm_counterfactual,qwen36_27b_local,0.01,0.9199999999999999
openstack,TP,5f2b88b1aafb9a35638e54f796685f633428b6a5,llm_counterfactual,qwen36_27b_local,0.03,0.9199999999999999
openstack,TP,5f2b88b1aafb9a35638e54f796685f633428b6a5,llm_counterfactual,qwen36_27b_local,0.05,0.9199999999999999
openstack,TP,5f2b88b1aafb9a35638e54f796685f633428b6a5,llm_kernelshap,qwen36_27b_local,0.01,1.0
openstack,TP,5f2b88b1aafb9a35638e54f796685f633428b6a5,llm_kernelshap,qwen36_27b_local,0.03,1.0
openstack,TP,5f2b88b1aafb9a35638e54f796685f633428b6a5,llm_kernelshap,qwen36_27b_local,0.05,1.0
openstack,TP,5f2b88b1aafb9a35638e54f796685f633428b6a5,llm_lime,qwen36_27b_local,0.01,0.9199999999999999
openstack,TP,5f2b88b1aafb9a35638e54f796685f633428b6a5,llm_lime,qwen36_27b_local,0.03,0.9199999999999999
openstack,TP,5f2b88b1aafb9a35638e54f796685f633428b6a5,llm_lime,qwen36_27b_local,0.05,0.9199999999999999
openstack,TP,5f2b88b1aafb9a35638e54f796685f633428b6a5,llm_lofo,qwen36_27b_local,0.01,1.0
openstack,TP,5f2b88b1aafb9a35638e54f796685f633428b6a5,llm_lofo,qwen36_27b_local,0.03,1.0
openstack,TP,5f2b88b1aafb9a35638e54f796685f633428b6a5,llm_lofo,qwen36_27b_local,0.05,1.0
openstack,TP,5f2b88b1aafb9a35638e54f796685f633428b6a5,lofo,,0.01,1.0
openstack,TP,5f2b88b1aafb9a35638e54f796685f633428b6a5,lofo,,0.03,0.8
openstack,TP,5f2b88b1aafb9a35638e54f796685f633428b6a5,lofo,,0.05,0.8
openstack,TP,6f1a1f5e8ead9ceb145e13927cd9ae7fdca9add4,counterfactual,,0.01,0.8
openstack,TP,6f1a1f5e8ead9ceb145e13927cd9ae7fdca9add4,counterfactual,,0.03,0.6
openstack,TP,6f1a1f5e8ead9ceb145e13927cd9ae7fdca9add4,counterfactual,,0.05,0.6
openstack,TP,6f1a1f5e8ead9ceb145e13927cd9ae7fdca9add4,kernelshap,,0.01,1.0
openstack,TP,6f1a1f5e8ead9ceb145e13927cd9ae7fdca9add4,kernelshap,,0.03,0.8400000000000001
openstack,TP,6f1a1f5e8ead9ceb145e13927cd9ae7fdca9add4,kernelshap,,0.05,0.8400000000000001
openstack,TP,6f1a1f5e8ead9ceb145e13927cd9ae7fdca9add4,lime,,0.01,1.0
openstack,TP,6f1a1f5e8ead9ceb145e13927cd9ae7fdca9add4,lime,,0.03,0.8
openstack,TP,6f1a1f5e8ead9ceb145e13927cd9ae7fdca9add4,lime,,0.05,0.8
openstack,TP,6f1a1f5e8ead9ceb145e13927cd9ae7fdca9add4,llm_counterfactual,qwen36_27b_local,0.01,1.0
openstack,TP,6f1a1f5e8ead9ceb145e13927cd9ae7fdca9add4,llm_counterfactual,qwen36_27b_local,0.03,1.0
openstack,TP,6f1a1f5e8ead9ceb145e13927cd9ae7fdca9add4,llm_counterfactual,qwen36_27b_local,0.05,0.76
openstack,TP,6f1a1f5e8ead9ceb145e13927cd9ae7fdca9add4,llm_kernelshap,qwen36_27b_local,0.01,1.0
openstack,TP,6f1a1f5e8ead9ceb145e13927cd9ae7fdca9add4,llm_kernelshap,qwen36_27b_local,0.03,1.0
openstack,TP,6f1a1f5e8ead9ceb145e13927cd9ae7fdca9add4,llm_kernelshap,qwen36_27b_local,0.05,0.8400000000000001
openstack,TP,6f1a1f5e8ead9ceb145e13927cd9ae7fdca9add4,llm_lime,qwen36_27b_local,0.01,1.0
openstack,TP,6f1a1f5e8ead9ceb145e13927cd9ae7fdca9add4,llm_lime,qwen36_27b_local,0.03,1.0
openstack,TP,6f1a1f5e8ead9ceb145e13927cd9ae7fdca9add4,llm_lime,qwen36_27b_local,0.05,0.8
openstack,TP,6f1a1f5e8ead9ceb145e13927cd9ae7fdca9add4,llm_lofo,qwen36_27b_local,0.01,1.0
openstack,TP,6f1a1f5e8ead9ceb145e13927cd9ae7fdca9add4,llm_lofo,qwen36_27b_local,0.03,1.0
openstack,TP,6f1a1f5e8ead9ceb145e13927cd9ae7fdca9add4,llm_lofo,qwen36_27b_local,0.05,0.9199999999999999
openstack,TP,6f1a1f5e8ead9ceb145e13927cd9ae7fdca9add4,lofo,,0.01,1.0
openstack,TP,6f1a1f5e8ead9ceb145e13927cd9ae7fdca9add4,lofo,,0.03,1.0
openstack,TP,6f1a1f5e8ead9ceb145e13927cd9ae7fdca9add4,lofo,,0.05,1.0
openstack,TP,6f31523b314e7ac4ad83d13842cf2fa1014c39b2,counterfactual,,0.01,1.0
openstack,TP,6f31523b314e7ac4ad83d13842cf2fa1014c39b2,counterfactual,,0.03,1.0
openstack,TP,6f31523b314e7ac4ad83d13842cf2fa1014c39b2,counterfactual,,0.05,0.6
openstack,TP,6f31523b314e7ac4ad83d13842cf2fa1014c39b2,kernelshap,,0.01,1.0
openstack,TP,6f31523b314e7ac4ad83d13842cf2fa1014c39b2,kernelshap,,0.03,1.0
openstack,TP,6f31523b314e7ac4ad83d13842cf2fa1014c39b2,kernelshap,,0.05,0.8
openstack,TP,6f31523b314e7ac4ad83d13842cf2fa1014c39b2,lime,,0.01,1.0
openstack,TP,6f31523b314e7ac4ad83d13842cf2fa1014c39b2,lime,,0.03,1.0
openstack,TP,6f31523b314e7ac4ad83d13842cf2fa1014c39b2,lime,,0.05,0.6
openstack,TP,6f31523b314e7ac4ad83d13842cf2fa1014c39b2,llm_counterfactual,qwen36_27b_local,0.01,0.8800000000000001
openstack,TP,6f31523b314e7ac4ad83d13842cf2fa1014c39b2,llm_counterfactual,qwen36_27b_local,0.03,0.8800000000000001
openstack,TP,6f31523b314e7ac4ad83d13842cf2fa1014c39b2,llm_counterfactual,qwen36_27b_local,0.05,0.5599999999999999
openstack,TP,6f31523b314e7ac4ad83d13842cf2fa1014c39b2,llm_kernelshap,qwen36_27b_local,0.01,0.9199999999999999
openstack,TP,6f31523b314e7ac4ad83d13842cf2fa1014c39b2,llm_kernelshap,qwen36_27b_local,0.03,0.9199999999999999
openstack,TP,6f31523b314e7ac4ad83d13842cf2fa1014c39b2,llm_kernelshap,qwen36_27b_local,0.05,0.6
openstack,TP,6f31523b314e7ac4ad83d13842cf2fa1014c39b2,llm_lime,qwen36_27b_local,0.01,1.0
openstack,TP,6f31523b314e7ac4ad83d13842cf2fa1014c39b2,llm_lime,qwen36_27b_local,0.03,1.0
openstack,TP,6f31523b314e7ac4ad83d13842cf2fa1014c39b2,llm_lime,qwen36_27b_local,0.05,0.5599999999999999
openstack,TP,6f31523b314e7ac4ad83d13842cf2fa1014c39b2,llm_lofo,qwen36_27b_local,0.01,1.0
openstack,TP,6f31523b314e7ac4ad83d13842cf2fa1014c39b2,llm_lofo,qwen36_27b_local,0.03,1.0
openstack,TP,6f31523b314e7ac4ad83d13842cf2fa1014c39b2,llm_lofo,qwen36_27b_local,0.05,0.6
openstack,TP,6f31523b314e7ac4ad83d13842cf2fa1014c39b2,lofo,,0.01,1.0
openstack,TP,6f31523b314e7ac4ad83d13842cf2fa1014c39b2,lofo,,0.03,1.0
openstack,TP,6f31523b314e7ac4ad83d13842cf2fa1014c39b2,lofo,,0.05,0.6
openstack,TP,76d3c644f3f5866a5c07f80b66132d81b8b57e78,counterfactual,,0.01,1.0
openstack,TP,76d3c644f3f5866a5c07f80b66132d81b8b57e78,counterfactual,,0.03,1.0
openstack,TP,76d3c644f3f5866a5c07f80b66132d81b8b57e78,counterfactual,,0.05,0.8
openstack,TP,76d3c644f3f5866a5c07f80b66132d81b8b57e78,kernelshap,,0.01,1.0
openstack,TP,76d3c644f3f5866a5c07f80b66132d81b8b57e78,kernelshap,,0.03,1.0
openstack,TP,76d3c644f3f5866a5c07f80b66132d81b8b57e78,kernelshap,,0.05,1.0
openstack,TP,76d3c644f3f5866a5c07f80b66132d81b8b57e78,lime,,0.01,1.0
openstack,TP,76d3c644f3f5866a5c07f80b66132d81b8b57e78,lime,,0.03,0.76
openstack,TP,76d3c644f3f5866a5c07f80b66132d81b8b57e78,lime,,0.05,0.6
openstack,TP,76d3c644f3f5866a5c07f80b66132d81b8b57e78,llm_counterfactual,qwen36_27b_local,0.01,1.0
openstack,TP,76d3c644f3f5866a5c07f80b66132d81b8b57e78,llm_counterfactual,qwen36_27b_local,0.03,0.8400000000000001
openstack,TP,76d3c644f3f5866a5c07f80b66132d81b8b57e78,llm_counterfactual,qwen36_27b_local,0.05,0.8400000000000001
openstack,TP,76d3c644f3f5866a5c07f80b66132d81b8b57e78,llm_kernelshap,qwen36_27b_local,0.01,1.0
openstack,TP,76d3c644f3f5866a5c07f80b66132d81b8b57e78,llm_kernelshap,qwen36_27b_local,0.03,1.0
openstack,TP,76d3c644f3f5866a5c07f80b66132d81b8b57e78,llm_kernelshap,qwen36_27b_local,0.05,1.0
openstack,TP,76d3c644f3f5866a5c07f80b66132d81b8b57e78,llm_lime,qwen36_27b_local,0.01,1.0
openstack,TP,76d3c644f3f5866a5c07f80b66132d81b8b57e78,llm_lime,qwen36_27b_local,0.03,0.8
openstack,TP,76d3c644f3f5866a5c07f80b66132d81b8b57e78,llm_lime,qwen36_27b_local,0.05,0.8
openstack,TP,76d3c644f3f5866a5c07f80b66132d81b8b57e78,llm_lofo,qwen36_27b_local,0.01,1.0
openstack,TP,76d3c644f3f5866a5c07f80b66132d81b8b57e78,llm_lofo,qwen36_27b_local,0.03,0.8
openstack,TP,76d3c644f3f5866a5c07f80b66132d81b8b57e78,llm_lofo,qwen36_27b_local,0.05,0.8
openstack,TP,76d3c644f3f5866a5c07f80b66132d81b8b57e78,lofo,,0.01,1.0
openstack,TP,76d3c644f3f5866a5c07f80b66132d81b8b57e78,lofo,,0.03,1.0
openstack,TP,76d3c644f3f5866a5c07f80b66132d81b8b57e78,lofo,,0.05,1.0
openstack,TP,7cfdf4aa811fb708d9fed4e36aec79c26d19cfee,counterfactual,,0.01,1.0
openstack,TP,7cfdf4aa811fb708d9fed4e36aec79c26d19cfee,counterfactual,,0.03,1.0
openstack,TP,7cfdf4aa811fb708d9fed4e36aec79c26d19cfee,counterfactual,,0.05,0.8
openstack,TP,7cfdf4aa811fb708d9fed4e36aec79c26d19cfee,kernelshap,,0.01,1.0
openstack,TP,7cfdf4aa811fb708d9fed4e36aec79c26d19cfee,kernelshap,,0.03,1.0
openstack,TP,7cfdf4aa811fb708d9fed4e36aec79c26d19cfee,kernelshap,,0.05,1.0
openstack,TP,7cfdf4aa811fb708d9fed4e36aec79c26d19cfee,lime,,0.01,1.0
openstack,TP,7cfdf4aa811fb708d9fed4e36aec79c26d19cfee,lime,,0.03,1.0
openstack,TP,7cfdf4aa811fb708d9fed4e36aec79c26d19cfee,lime,,0.05,0.8800000000000001
openstack,TP,7cfdf4aa811fb708d9fed4e36aec79c26d19cfee,llm_counterfactual,qwen36_27b_local,0.01,1.0
openstack,TP,7cfdf4aa811fb708d9fed4e36aec79c26d19cfee,llm_counterfactual,qwen36_27b_local,0.03,1.0
openstack,TP,7cfdf4aa811fb708d9fed4e36aec79c26d19cfee,llm_counterfactual,qwen36_27b_local,0.05,1.0
openstack,TP,7cfdf4aa811fb708d9fed4e36aec79c26d19cfee,llm_kernelshap,qwen36_27b_local,0.01,1.0
openstack,TP,7cfdf4aa811fb708d9fed4e36aec79c26d19cfee,llm_kernelshap,qwen36_27b_local,0.03,1.0
openstack,TP,7cfdf4aa811fb708d9fed4e36aec79c26d19cfee,llm_kernelshap,qwen36_27b_local,0.05,1.0
openstack,TP,7cfdf4aa811fb708d9fed4e36aec79c26d19cfee,llm_lime,qwen36_27b_local,0.01,1.0
openstack,TP,7cfdf4aa811fb708d9fed4e36aec79c26d19cfee,llm_lime,qwen36_27b_local,0.03,1.0
openstack,TP,7cfdf4aa811fb708d9fed4e36aec79c26d19cfee,llm_lime,qwen36_27b_local,0.05,1.0
openstack,TP,7cfdf4aa811fb708d9fed4e36aec79c26d19cfee,llm_lofo,qwen36_27b_local,0.01,1.0
openstack,TP,7cfdf4aa811fb708d9fed4e36aec79c26d19cfee,llm_lofo,qwen36_27b_local,0.03,1.0
openstack,TP,7cfdf4aa811fb708d9fed4e36aec79c26d19cfee,llm_lofo,qwen36_27b_local,0.05,1.0
openstack,TP,7cfdf4aa811fb708d9fed4e36aec79c26d19cfee,lofo,,0.01,1.0
openstack,TP,7cfdf4aa811fb708d9fed4e36aec79c26d19cfee,lofo,,0.03,1.0
openstack,TP,7cfdf4aa811fb708d9fed4e36aec79c26d19cfee,lofo,,0.05,1.0
openstack,TP,83a5f90f82b40be4c74685f557d6af0f8a3b1a30,counterfactual,,0.01,1.0
openstack,TP,83a5f90f82b40be4c74685f557d6af0f8a3b1a30,counterfactual,,0.03,1.0
openstack,TP,83a5f90f82b40be4c74685f557d6af0f8a3b1a30,counterfactual,,0.05,0.8
openstack,TP,83a5f90f82b40be4c74685f557d6af0f8a3b1a30,kernelshap,,0.01,1.0
openstack,TP,83a5f90f82b40be4c74685f557d6af0f8a3b1a30,kernelshap,,0.03,1.0
openstack,TP,83a5f90f82b40be4c74685f557d6af0f8a3b1a30,kernelshap,,0.05,1.0
openstack,TP,83a5f90f82b40be4c74685f557d6af0f8a3b1a30,lime,,0.01,1.0
openstack,TP,83a5f90f82b40be4c74685f557d6af0f8a3b1a30,lime,,0.03,1.0
openstack,TP,83a5f90f82b40be4c74685f557d6af0f8a3b1a30,lime,,0.05,0.9199999999999999
openstack,TP,83a5f90f82b40be4c74685f557d6af0f8a3b1a30,llm_counterfactual,qwen36_27b_local,0.01,1.0
openstack,TP,83a5f90f82b40be4c74685f557d6af0f8a3b1a30,llm_counterfactual,qwen36_27b_local,0.03,1.0
openstack,TP,83a5f90f82b40be4c74685f557d6af0f8a3b1a30,llm_counterfactual,qwen36_27b_local,0.05,0.96
openstack,TP,83a5f90f82b40be4c74685f557d6af0f8a3b1a30,llm_kernelshap,qwen36_27b_local,0.01,1.0
openstack,TP,83a5f90f82b40be4c74685f557d6af0f8a3b1a30,llm_kernelshap,qwen36_27b_local,0.03,1.0
openstack,TP,83a5f90f82b40be4c74685f557d6af0f8a3b1a30,llm_kernelshap,qwen36_27b_local,0.05,1.0
openstack,TP,83a5f90f82b40be4c74685f557d6af0f8a3b1a30,llm_lime,qwen36_27b_local,0.01,1.0
openstack,TP,83a5f90f82b40be4c74685f557d6af0f8a3b1a30,llm_lime,qwen36_27b_local,0.03,1.0
openstack,TP,83a5f90f82b40be4c74685f557d6af0f8a3b1a30,llm_lime,qwen36_27b_local,0.05,0.8800000000000001
openstack,TP,83a5f90f82b40be4c74685f557d6af0f8a3b1a30,llm_lofo,qwen36_27b_local,0.01,1.0
openstack,TP,83a5f90f82b40be4c74685f557d6af0f8a3b1a30,llm_lofo,qwen36_27b_local,0.03,1.0
openstack,TP,83a5f90f82b40be4c74685f557d6af0f8a3b1a30,llm_lofo,qwen36_27b_local,0.05,0.9199999999999999
openstack,TP,83a5f90f82b40be4c74685f557d6af0f8a3b1a30,lofo,,0.01,1.0
openstack,TP,83a5f90f82b40be4c74685f557d6af0f8a3b1a30,lofo,,0.03,1.0
openstack,TP,83a5f90f82b40be4c74685f557d6af0f8a3b1a30,lofo,,0.05,0.8
openstack,TP,88c62c1ca290c1d2a33ff192a302e492a4b11cb3,counterfactual,,0.01,1.0
openstack,TP,88c62c1ca290c1d2a33ff192a302e492a4b11cb3,counterfactual,,0.03,0.8
openstack,TP,88c62c1ca290c1d2a33ff192a302e492a4b11cb3,counterfactual,,0.05,0.8
openstack,TP,88c62c1ca290c1d2a33ff192a302e492a4b11cb3,kernelshap,,0.01,1.0
openstack,TP,88c62c1ca290c1d2a33ff192a302e492a4b11cb3,kernelshap,,0.03,1.0
openstack,TP,88c62c1ca290c1d2a33ff192a302e492a4b11cb3,kernelshap,,0.05,1.0
openstack,TP,88c62c1ca290c1d2a33ff192a302e492a4b11cb3,lime,,0.01,1.0
openstack,TP,88c62c1ca290c1d2a33ff192a302e492a4b11cb3,lime,,0.03,0.8
openstack,TP,88c62c1ca290c1d2a33ff192a302e492a4b11cb3,lime,,0.05,0.8
openstack,TP,88c62c1ca290c1d2a33ff192a302e492a4b11cb3,llm_counterfactual,qwen36_27b_local,0.01,0.8
openstack,TP,88c62c1ca290c1d2a33ff192a302e492a4b11cb3,llm_counterfactual,qwen36_27b_local,0.03,0.76
openstack,TP,88c62c1ca290c1d2a33ff192a302e492a4b11cb3,llm_counterfactual,qwen36_27b_local,0.05,0.76
openstack,TP,88c62c1ca290c1d2a33ff192a302e492a4b11cb3,llm_kernelshap,qwen36_27b_local,0.01,0.96
openstack,TP,88c62c1ca290c1d2a33ff192a302e492a4b11cb3,llm_kernelshap,qwen36_27b_local,0.03,0.96
openstack,TP,88c62c1ca290c1d2a33ff192a302e492a4b11cb3,llm_kernelshap,qwen36_27b_local,0.05,0.96
openstack,TP,88c62c1ca290c1d2a33ff192a302e492a4b11cb3,llm_lime,qwen36_27b_local,0.01,0.76
openstack,TP,88c62c1ca290c1d2a33ff192a302e492a4b11cb3,llm_lime,qwen36_27b_local,0.03,0.6799999999999999
openstack,TP,88c62c1ca290c1d2a33ff192a302e492a4b11cb3,llm_lime,qwen36_27b_local,0.05,0.6799999999999999
openstack,TP,88c62c1ca290c1d2a33ff192a302e492a4b11cb3,llm_lofo,qwen36_27b_local,0.01,0.8800000000000001
openstack,TP,88c62c1ca290c1d2a33ff192a302e492a4b11cb3,llm_lofo,qwen36_27b_local,0.03,0.76
openstack,TP,88c62c1ca290c1d2a33ff192a302e492a4b11cb3,llm_lofo,qwen36_27b_local,0.05,0.76
openstack,TP,88c62c1ca290c1d2a33ff192a302e492a4b11cb3,lofo,,0.01,1.0
openstack,TP,88c62c1ca290c1d2a33ff192a302e492a4b11cb3,lofo,,0.03,1.0
openstack,TP,88c62c1ca290c1d2a33ff192a302e492a4b11cb3,lofo,,0.05,1.0
openstack,TP,c08f99c7e072e349632684d565bcac357ce93b6d,counterfactual,,0.01,1.0
openstack,TP,c08f99c7e072e349632684d565bcac357ce93b6d,counterfactual,,0.03,0.8
openstack,TP,c08f99c7e072e349632684d565bcac357ce93b6d,counterfactual,,0.05,0.8
openstack,TP,c08f99c7e072e349632684d565bcac357ce93b6d,kernelshap,,0.01,1.0
openstack,TP,c08f99c7e072e349632684d565bcac357ce93b6d,kernelshap,,0.03,1.0
openstack,TP,c08f99c7e072e349632684d565bcac357ce93b6d,kernelshap,,0.05,1.0
openstack,TP,c08f99c7e072e349632684d565bcac357ce93b6d,lime,,0.01,1.0
openstack,TP,c08f99c7e072e349632684d565bcac357ce93b6d,lime,,0.03,0.8400000000000001
openstack,TP,c08f99c7e072e349632684d565bcac357ce93b6d,lime,,0.05,0.8400000000000001
openstack,TP,c08f99c7e072e349632684d565bcac357ce93b6d,llm_counterfactual,qwen36_27b_local,0.01,0.8400000000000001
openstack,TP,c08f99c7e072e349632684d565bcac357ce93b6d,llm_counterfactual,qwen36_27b_local,0.03,0.8400000000000001
openstack,TP,c08f99c7e072e349632684d565bcac357ce93b6d,llm_counterfactual,qwen36_27b_local,0.05,0.8400000000000001
openstack,TP,c08f99c7e072e349632684d565bcac357ce93b6d,llm_kernelshap,qwen36_27b_local,0.01,0.8800000000000001
openstack,TP,c08f99c7e072e349632684d565bcac357ce93b6d,llm_kernelshap,qwen36_27b_local,0.03,0.8800000000000001
openstack,TP,c08f99c7e072e349632684d565bcac357ce93b6d,llm_kernelshap,qwen36_27b_local,0.05,0.8800000000000001
openstack,TP,c08f99c7e072e349632684d565bcac357ce93b6d,llm_lime,qwen36_27b_local,0.01,0.8
openstack,TP,c08f99c7e072e349632684d565bcac357ce93b6d,llm_lime,qwen36_27b_local,0.03,0.8
openstack,TP,c08f99c7e072e349632684d565bcac357ce93b6d,llm_lime,qwen36_27b_local,0.05,0.8
openstack,TP,c08f99c7e072e349632684d565bcac357ce93b6d,llm_lofo,qwen36_27b_local,0.01,0.8400000000000001
openstack,TP,c08f99c7e072e349632684d565bcac357ce93b6d,llm_lofo,qwen36_27b_local,0.03,0.8400000000000001
openstack,TP,c08f99c7e072e349632684d565bcac357ce93b6d,llm_lofo,qwen36_27b_local,0.05,0.8400000000000001
openstack,TP,c08f99c7e072e349632684d565bcac357ce93b6d,lofo,,0.01,1.0
openstack,TP,c08f99c7e072e349632684d565bcac357ce93b6d,lofo,,0.03,1.0
openstack,TP,c08f99c7e072e349632684d565bcac357ce93b6d,lofo,,0.05,1.0
openstack,TP,e55a5f412bf6bc343eb8bb11348afe57c2012066,counterfactual,,0.01,1.0
openstack,TP,e55a5f412bf6bc343eb8bb11348afe57c2012066,counterfactual,,0.03,1.0
openstack,TP,e55a5f412bf6bc343eb8bb11348afe57c2012066,counterfactual,,0.05,1.0
openstack,TP,e55a5f412bf6bc343eb8bb11348afe57c2012066,kernelshap,,0.01,1.0
openstack,TP,e55a5f412bf6bc343eb8bb11348afe57c2012066,kernelshap,,0.03,1.0
openstack,TP,e55a5f412bf6bc343eb8bb11348afe57c2012066,kernelshap,,0.05,1.0
openstack,TP,e55a5f412bf6bc343eb8bb11348afe57c2012066,lime,,0.01,1.0
openstack,TP,e55a5f412bf6bc343eb8bb11348afe57c2012066,lime,,0.03,1.0
openstack,TP,e55a5f412bf6bc343eb8bb11348afe57c2012066,lime,,0.05,1.0
openstack,TP,e55a5f412bf6bc343eb8bb11348afe57c2012066,llm_counterfactual,qwen36_27b_local,0.01,1.0
openstack,TP,e55a5f412bf6bc343eb8bb11348afe57c2012066,llm_counterfactual,qwen36_27b_local,0.03,1.0
openstack,TP,e55a5f412bf6bc343eb8bb11348afe57c2012066,llm_counterfactual,qwen36_27b_local,0.05,1.0
openstack,TP,e55a5f412bf6bc343eb8bb11348afe57c2012066,llm_kernelshap,qwen36_27b_local,0.01,1.0
openstack,TP,e55a5f412bf6bc343eb8bb11348afe57c2012066,llm_kernelshap,qwen36_27b_local,0.03,1.0
openstack,TP,e55a5f412bf6bc343eb8bb11348afe57c2012066,llm_kernelshap,qwen36_27b_local,0.05,1.0
openstack,TP,e55a5f412bf6bc343eb8bb11348afe57c2012066,llm_lime,qwen36_27b_local,0.01,1.0
openstack,TP,e55a5f412bf6bc343eb8bb11348afe57c2012066,llm_lime,qwen36_27b_local,0.03,1.0
openstack,TP,e55a5f412bf6bc343eb8bb11348afe57c2012066,llm_lime,qwen36_27b_local,0.05,1.0
openstack,TP,e55a5f412bf6bc343eb8bb11348afe57c2012066,llm_lofo,qwen36_27b_local,0.01,1.0
openstack,TP,e55a5f412bf6bc343eb8bb11348afe57c2012066,llm_lofo,qwen36_27b_local,0.03,1.0
openstack,TP,e55a5f412bf6bc343eb8bb11348afe57c2012066,llm_lofo,qwen36_27b_local,0.05,1.0
openstack,TP,e55a5f412bf6bc343eb8bb11348afe57c2012066,lofo,,0.01,1.0
openstack,TP,e55a5f412bf6bc343eb8bb11348afe57c2012066,lofo,,0.03,1.0
openstack,TP,e55a5f412bf6bc343eb8bb11348afe57c2012066,lofo,,0.05,1.0
openstack,TP,e7bdd19f0ed7d4c61d195735ee43a11da78f97d6,counterfactual,,0.01,0.8
openstack,TP,e7bdd19f0ed7d4c61d195735ee43a11da78f97d6,counterfactual,,0.03,0.8
openstack,TP,e7bdd19f0ed7d4c61d195735ee43a11da78f97d6,counterfactual,,0.05,0.8
openstack,TP,e7bdd19f0ed7d4c61d195735ee43a11da78f97d6,kernelshap,,0.01,1.0
openstack,TP,e7bdd19f0ed7d4c61d195735ee43a11da78f97d6,kernelshap,,0.03,1.0
openstack,TP,e7bdd19f0ed7d4c61d195735ee43a11da78f97d6,kernelshap,,0.05,1.0
openstack,TP,e7bdd19f0ed7d4c61d195735ee43a11da78f97d6,lime,,0.01,0.8
openstack,TP,e7bdd19f0ed7d4c61d195735ee43a11da78f97d6,lime,,0.03,0.8
openstack,TP,e7bdd19f0ed7d4c61d195735ee43a11da78f97d6,lime,,0.05,0.8
openstack,TP,e7bdd19f0ed7d4c61d195735ee43a11da78f97d6,llm_counterfactual,qwen36_27b_local,0.01,0.8400000000000001
openstack,TP,e7bdd19f0ed7d4c61d195735ee43a11da78f97d6,llm_counterfactual,qwen36_27b_local,0.03,0.8400000000000001
openstack,TP,e7bdd19f0ed7d4c61d195735ee43a11da78f97d6,llm_counterfactual,qwen36_27b_local,0.05,0.8400000000000001
openstack,TP,e7bdd19f0ed7d4c61d195735ee43a11da78f97d6,llm_kernelshap,qwen36_27b_local,0.01,1.0
openstack,TP,e7bdd19f0ed7d4c61d195735ee43a11da78f97d6,llm_kernelshap,qwen36_27b_local,0.03,1.0
openstack,TP,e7bdd19f0ed7d4c61d195735ee43a11da78f97d6,llm_kernelshap,qwen36_27b_local,0.05,1.0
openstack,TP,e7bdd19f0ed7d4c61d195735ee43a11da78f97d6,llm_lime,qwen36_27b_local,0.01,1.0
openstack,TP,e7bdd19f0ed7d4c61d195735ee43a11da78f97d6,llm_lime,qwen36_27b_local,0.03,1.0
openstack,TP,e7bdd19f0ed7d4c61d195735ee43a11da78f97d6,llm_lime,qwen36_27b_local,0.05,1.0
openstack,TP,e7bdd19f0ed7d4c61d195735ee43a11da78f97d6,llm_lofo,qwen36_27b_local,0.01,1.0
openstack,TP,e7bdd19f0ed7d4c61d195735ee43a11da78f97d6,llm_lofo,qwen36_27b_local,0.03,1.0
openstack,TP,e7bdd19f0ed7d4c61d195735ee43a11da78f97d6,llm_lofo,qwen36_27b_local,0.05,1.0
openstack,TP,e7bdd19f0ed7d4c61d195735ee43a11da78f97d6,lofo,,0.01,1.0
openstack,TP,e7bdd19f0ed7d4c61d195735ee43a11da78f97d6,lofo,,0.03,1.0
openstack,TP,e7bdd19f0ed7d4c61d195735ee43a11da78f97d6,lofo,,0.05,1.0
openstack,TP,eaf6340847c35ace3b4b681a95b8a79a7a3f2491,counterfactual,,0.01,1.0
openstack,TP,eaf6340847c35ace3b4b681a95b8a79a7a3f2491,counterfactual,,0.03,1.0
openstack,TP,eaf6340847c35ace3b4b681a95b8a79a7a3f2491,counterfactual,,0.05,1.0
openstack,TP,eaf6340847c35ace3b4b681a95b8a79a7a3f2491,kernelshap,,0.01,1.0
openstack,TP,eaf6340847c35ace3b4b681a95b8a79a7a3f2491,kernelshap,,0.03,1.0
openstack,TP,eaf6340847c35ace3b4b681a95b8a79a7a3f2491,kernelshap,,0.05,1.0
openstack,TP,eaf6340847c35ace3b4b681a95b8a79a7a3f2491,lime,,0.01,1.0
openstack,TP,eaf6340847c35ace3b4b681a95b8a79a7a3f2491,lime,,0.03,1.0
openstack,TP,eaf6340847c35ace3b4b681a95b8a79a7a3f2491,lime,,0.05,1.0
openstack,TP,eaf6340847c35ace3b4b681a95b8a79a7a3f2491,llm_counterfactual,qwen36_27b_local,0.01,0.8
openstack,TP,eaf6340847c35ace3b4b681a95b8a79a7a3f2491,llm_counterfactual,qwen36_27b_local,0.03,0.8
openstack,TP,eaf6340847c35ace3b4b681a95b8a79a7a3f2491,llm_counterfactual,qwen36_27b_local,0.05,0.8
openstack,TP,eaf6340847c35ace3b4b681a95b8a79a7a3f2491,llm_kernelshap,qwen36_27b_local,0.01,0.8
openstack,TP,eaf6340847c35ace3b4b681a95b8a79a7a3f2491,llm_kernelshap,qwen36_27b_local,0.03,0.8
openstack,TP,eaf6340847c35ace3b4b681a95b8a79a7a3f2491,llm_kernelshap,qwen36_27b_local,0.05,0.8
openstack,TP,eaf6340847c35ace3b4b681a95b8a79a7a3f2491,llm_lime,qwen36_27b_local,0.01,0.8
openstack,TP,eaf6340847c35ace3b4b681a95b8a79a7a3f2491,llm_lime,qwen36_27b_local,0.03,0.8
openstack,TP,eaf6340847c35ace3b4b681a95b8a79a7a3f2491,llm_lime,qwen36_27b_local,0.05,0.8
openstack,TP,eaf6340847c35ace3b4b681a95b8a79a7a3f2491,llm_lofo,qwen36_27b_local,0.01,0.8
openstack,TP,eaf6340847c35ace3b4b681a95b8a79a7a3f2491,llm_lofo,qwen36_27b_local,0.03,0.8
openstack,TP,eaf6340847c35ace3b4b681a95b8a79a7a3f2491,llm_lofo,qwen36_27b_local,0.05,0.8
openstack,TP,eaf6340847c35ace3b4b681a95b8a79a7a3f2491,lofo,,0.01,1.0
openstack,TP,eaf6340847c35ace3b4b681a95b8a79a7a3f2491,lofo,,0.03,1.0
openstack,TP,eaf6340847c35ace3b4b681a95b8a79a7a3f2491,lofo,,0.05,1.0
openstack,TP,fd351903a1759109f66d0c66d42cd3a1b7f23861,counterfactual,,0.01,0.8
openstack,TP,fd351903a1759109f66d0c66d42cd3a1b7f23861,counterfactual,,0.03,0.8
openstack,TP,fd351903a1759109f66d0c66d42cd3a1b7f23861,counterfactual,,0.05,0.6
openstack,TP,fd351903a1759109f66d0c66d42cd3a1b7f23861,kernelshap,,0.01,1.0
openstack,TP,fd351903a1759109f66d0c66d42cd3a1b7f23861,kernelshap,,0.03,1.0
openstack,TP,fd351903a1759109f66d0c66d42cd3a1b7f23861,kernelshap,,0.05,0.8
openstack,TP,fd351903a1759109f66d0c66d42cd3a1b7f23861,lime,,0.01,0.8400000000000001
openstack,TP,fd351903a1759109f66d0c66d42cd3a1b7f23861,lime,,0.03,0.8400000000000001
openstack,TP,fd351903a1759109f66d0c66d42cd3a1b7f23861,lime,,0.05,0.64
openstack,TP,fd351903a1759109f66d0c66d42cd3a1b7f23861,llm_counterfactual,qwen36_27b_local,0.01,1.0
openstack,TP,fd351903a1759109f66d0c66d42cd3a1b7f23861,llm_counterfactual,qwen36_27b_local,0.03,1.0
openstack,TP,fd351903a1759109f66d0c66d42cd3a1b7f23861,llm_counterfactual,qwen36_27b_local,0.05,1.0
openstack,TP,fd351903a1759109f66d0c66d42cd3a1b7f23861,llm_kernelshap,qwen36_27b_local,0.01,1.0
openstack,TP,fd351903a1759109f66d0c66d42cd3a1b7f23861,llm_kernelshap,qwen36_27b_local,0.03,1.0
openstack,TP,fd351903a1759109f66d0c66d42cd3a1b7f23861,llm_kernelshap,qwen36_27b_local,0.05,1.0
openstack,TP,fd351903a1759109f66d0c66d42cd3a1b7f23861,llm_lime,qwen36_27b_local,0.01,1.0
openstack,TP,fd351903a1759109f66d0c66d42cd3a1b7f23861,llm_lime,qwen36_27b_local,0.03,1.0
openstack,TP,fd351903a1759109f66d0c66d42cd3a1b7f23861,llm_lime,qwen36_27b_local,0.05,1.0
openstack,TP,fd351903a1759109f66d0c66d42cd3a1b7f23861,llm_lofo,qwen36_27b_local,0.01,1.0
openstack,TP,fd351903a1759109f66d0c66d42cd3a1b7f23861,llm_lofo,qwen36_27b_local,0.03,1.0
openstack,TP,fd351903a1759109f66d0c66d42cd3a1b7f23861,llm_lofo,qwen36_27b_local,0.05,1.0
openstack,TP,fd351903a1759109f66d0c66d42cd3a1b7f23861,lofo,,0.01,1.0
openstack,TP,fd351903a1759109f66d0c66d42cd3a1b7f23861,lofo,,0.03,1.0
openstack,TP,fd351903a1759109f66d0c66d42cd3a1b7f23861,lofo,,0.05,1.0
qt,FN,18f7e6dc9f59159b70cb7e6a8745738f42d4f46f,counterfactual,,0.01,1.0
qt,FN,18f7e6dc9f59159b70cb7e6a8745738f42d4f46f,counterfactual,,0.03,0.8
qt,FN,18f7e6dc9f59159b70cb7e6a8745738f42d4f46f,counterfactual,,0.05,0.8
qt,FN,18f7e6dc9f59159b70cb7e6a8745738f42d4f46f,kernelshap,,0.01,1.0
qt,FN,18f7e6dc9f59159b70cb7e6a8745738f42d4f46f,kernelshap,,0.03,0.8800000000000001
qt,FN,18f7e6dc9f59159b70cb7e6a8745738f42d4f46f,kernelshap,,0.05,0.8800000000000001
qt,FN,18f7e6dc9f59159b70cb7e6a8745738f42d4f46f,lime,,0.01,1.0
qt,FN,18f7e6dc9f59159b70cb7e6a8745738f42d4f46f,lime,,0.03,0.8
qt,FN,18f7e6dc9f59159b70cb7e6a8745738f42d4f46f,lime,,0.05,0.6
qt,FN,18f7e6dc9f59159b70cb7e6a8745738f42d4f46f,llm_counterfactual,qwen36_27b_local,0.01,1.0
qt,FN,18f7e6dc9f59159b70cb7e6a8745738f42d4f46f,llm_counterfactual,qwen36_27b_local,0.03,0.96
qt,FN,18f7e6dc9f59159b70cb7e6a8745738f42d4f46f,llm_counterfactual,qwen36_27b_local,0.05,0.8
qt,FN,18f7e6dc9f59159b70cb7e6a8745738f42d4f46f,llm_kernelshap,qwen36_27b_local,0.01,1.0
qt,FN,18f7e6dc9f59159b70cb7e6a8745738f42d4f46f,llm_kernelshap,qwen36_27b_local,0.03,0.9199999999999999
qt,FN,18f7e6dc9f59159b70cb7e6a8745738f42d4f46f,llm_kernelshap,qwen36_27b_local,0.05,0.72
qt,FN,18f7e6dc9f59159b70cb7e6a8745738f42d4f46f,llm_lime,qwen36_27b_local,0.01,1.0
qt,FN,18f7e6dc9f59159b70cb7e6a8745738f42d4f46f,llm_lime,qwen36_27b_local,0.03,0.9099999999999999
qt,FN,18f7e6dc9f59159b70cb7e6a8745738f42d4f46f,llm_lime,qwen36_27b_local,0.05,0.79
qt,FN,18f7e6dc9f59159b70cb7e6a8745738f42d4f46f,llm_lofo,qwen36_27b_local,0.01,1.0
qt,FN,18f7e6dc9f59159b70cb7e6a8745738f42d4f46f,llm_lofo,qwen36_27b_local,0.03,0.6799999999999999
qt,FN,18f7e6dc9f59159b70cb7e6a8745738f42d4f46f,llm_lofo,qwen36_27b_local,0.05,0.48
qt,FN,18f7e6dc9f59159b70cb7e6a8745738f42d4f46f,lofo,,0.01,1.0
qt,FN,18f7e6dc9f59159b70cb7e6a8745738f42d4f46f,lofo,,0.03,1.0
qt,FN,18f7e6dc9f59159b70cb7e6a8745738f42d4f46f,lofo,,0.05,1.0
qt,FN,2ad213cc02094e003802530757fa4010720a22e6,counterfactual,,0.01,1.0
qt,FN,2ad213cc02094e003802530757fa4010720a22e6,counterfactual,,0.03,0.8
qt,FN,2ad213cc02094e003802530757fa4010720a22e6,counterfactual,,0.05,0.2
qt,FN,2ad213cc02094e003802530757fa4010720a22e6,kernelshap,,0.01,0.8
qt,FN,2ad213cc02094e003802530757fa4010720a22e6,kernelshap,,0.03,0.6
qt,FN,2ad213cc02094e003802530757fa4010720a22e6,kernelshap,,0.05,0.2
qt,FN,2ad213cc02094e003802530757fa4010720a22e6,lime,,0.01,0.76
qt,FN,2ad213cc02094e003802530757fa4010720a22e6,lime,,0.03,0.28
qt,FN,2ad213cc02094e003802530757fa4010720a22e6,lime,,0.05,0.2
qt,FN,2ad213cc02094e003802530757fa4010720a22e6,llm_counterfactual,qwen36_27b_local,0.01,0.8800000000000001
qt,FN,2ad213cc02094e003802530757fa4010720a22e6,llm_counterfactual,qwen36_27b_local,0.03,0.4
qt,FN,2ad213cc02094e003802530757fa4010720a22e6,llm_counterfactual,qwen36_27b_local,0.05,0.04
qt,FN,2ad213cc02094e003802530757fa4010720a22e6,llm_kernelshap,qwen36_27b_local,0.01,0.8
qt,FN,2ad213cc02094e003802530757fa4010720a22e6,llm_kernelshap,qwen36_27b_local,0.03,0.28
qt,FN,2ad213cc02094e003802530757fa4010720a22e6,llm_kernelshap,qwen36_27b_local,0.05,0.0
qt,FN,2ad213cc02094e003802530757fa4010720a22e6,llm_lime,qwen36_27b_local,0.01,0.8
qt,FN,2ad213cc02094e003802530757fa4010720a22e6,llm_lime,qwen36_27b_local,0.03,0.44000000000000006
qt,FN,2ad213cc02094e003802530757fa4010720a22e6,llm_lime,qwen36_27b_local,0.05,0.0
qt,FN,2ad213cc02094e003802530757fa4010720a22e6,llm_lofo,qwen36_27b_local,0.01,0.8
qt,FN,2ad213cc02094e003802530757fa4010720a22e6,llm_lofo,qwen36_27b_local,0.03,0.32
qt,FN,2ad213cc02094e003802530757fa4010720a22e6,llm_lofo,qwen36_27b_local,0.05,0.0
qt,FN,2ad213cc02094e003802530757fa4010720a22e6,lofo,,0.01,1.0
qt,FN,2ad213cc02094e003802530757fa4010720a22e6,lofo,,0.03,0.6
qt,FN,2ad213cc02094e003802530757fa4010720a22e6,lofo,,0.05,0.2
qt,FN,3786411f7f8770f28ba2a97cb646a0eb7a5eaa99,counterfactual,,0.01,0.6
qt,FN,3786411f7f8770f28ba2a97cb646a0eb7a5eaa99,counterfactual,,0.03,0.6
qt,FN,3786411f7f8770f28ba2a97cb646a0eb7a5eaa99,counterfactual,,0.05,0.6
qt,FN,3786411f7f8770f28ba2a97cb646a0eb7a5eaa99,kernelshap,,0.01,0.8
qt,FN,3786411f7f8770f28ba2a97cb646a0eb7a5eaa99,kernelshap,,0.03,0.6
qt,FN,3786411f7f8770f28ba2a97cb646a0eb7a5eaa99,kernelshap,,0.05,0.6
qt,FN,3786411f7f8770f28ba2a97cb646a0eb7a5eaa99,lime,,0.01,0.8
qt,FN,3786411f7f8770f28ba2a97cb646a0eb7a5eaa99,lime,,0.03,0.32
qt,FN,3786411f7f8770f28ba2a97cb646a0eb7a5eaa99,lime,,0.05,0.28
qt,FN,3786411f7f8770f28ba2a97cb646a0eb7a5eaa99,llm_counterfactual,qwen36_27b_local,0.01,0.8
qt,FN,3786411f7f8770f28ba2a97cb646a0eb7a5eaa99,llm_counterfactual,qwen36_27b_local,0.03,0.4
qt,FN,3786411f7f8770f28ba2a97cb646a0eb7a5eaa99,llm_counterfactual,qwen36_27b_local,0.05,0.4
qt,FN,3786411f7f8770f28ba2a97cb646a0eb7a5eaa99,llm_kernelshap,qwen36_27b_local,0.01,0.8
qt,FN,3786411f7f8770f28ba2a97cb646a0eb7a5eaa99,llm_kernelshap,qwen36_27b_local,0.03,0.32
qt,FN,3786411f7f8770f28ba2a97cb646a0eb7a5eaa99,llm_kernelshap,qwen36_27b_local,0.05,0.32
qt,FN,3786411f7f8770f28ba2a97cb646a0eb7a5eaa99,llm_lime,qwen36_27b_local,0.01,0.8
qt,FN,3786411f7f8770f28ba2a97cb646a0eb7a5eaa99,llm_lime,qwen36_27b_local,0.03,0.24000000000000005
qt,FN,3786411f7f8770f28ba2a97cb646a0eb7a5eaa99,llm_lime,qwen36_27b_local,0.05,0.24000000000000005
qt,FN,3786411f7f8770f28ba2a97cb646a0eb7a5eaa99,llm_lofo,qwen36_27b_local,0.01,0.72
qt,FN,3786411f7f8770f28ba2a97cb646a0eb7a5eaa99,llm_lofo,qwen36_27b_local,0.03,0.44000000000000006
qt,FN,3786411f7f8770f28ba2a97cb646a0eb7a5eaa99,llm_lofo,qwen36_27b_local,0.05,0.4
qt,FN,3786411f7f8770f28ba2a97cb646a0eb7a5eaa99,lofo,,0.01,0.6
qt,FN,3786411f7f8770f28ba2a97cb646a0eb7a5eaa99,lofo,,0.03,0.4
qt,FN,3786411f7f8770f28ba2a97cb646a0eb7a5eaa99,lofo,,0.05,0.4
qt,FN,4e3917587b11432d2d892f5146b367de2a3e4864,counterfactual,,0.01,0.8
qt,FN,4e3917587b11432d2d892f5146b367de2a3e4864,counterfactual,,0.03,0.6
qt,FN,4e3917587b11432d2d892f5146b367de2a3e4864,counterfactual,,0.05,0.6
qt,FN,4e3917587b11432d2d892f5146b367de2a3e4864,kernelshap,,0.01,1.0
qt,FN,4e3917587b11432d2d892f5146b367de2a3e4864,kernelshap,,0.03,0.8800000000000001
qt,FN,4e3917587b11432d2d892f5146b367de2a3e4864,kernelshap,,0.05,0.72
qt,FN,4e3917587b11432d2d892f5146b367de2a3e4864,lime,,0.01,0.72
qt,FN,4e3917587b11432d2d892f5146b367de2a3e4864,lime,,0.03,0.6
qt,FN,4e3917587b11432d2d892f5146b367de2a3e4864,lime,,0.05,0.6
qt,FN,4e3917587b11432d2d892f5146b367de2a3e4864,llm_counterfactual,qwen36_27b_local,0.01,0.8
qt,FN,4e3917587b11432d2d892f5146b367de2a3e4864,llm_counterfactual,qwen36_27b_local,0.03,0.6799999999999999
qt,FN,4e3917587b11432d2d892f5146b367de2a3e4864,llm_counterfactual,qwen36_27b_local,0.05,0.6799999999999999
qt,FN,4e3917587b11432d2d892f5146b367de2a3e4864,llm_kernelshap,qwen36_27b_local,0.01,0.72
qt,FN,4e3917587b11432d2d892f5146b367de2a3e4864,llm_kernelshap,qwen36_27b_local,0.03,0.6
qt,FN,4e3917587b11432d2d892f5146b367de2a3e4864,llm_kernelshap,qwen36_27b_local,0.05,0.6
qt,FN,4e3917587b11432d2d892f5146b367de2a3e4864,llm_lime,qwen36_27b_local,0.01,0.8400000000000001
qt,FN,4e3917587b11432d2d892f5146b367de2a3e4864,llm_lime,qwen36_27b_local,0.03,0.64
qt,FN,4e3917587b11432d2d892f5146b367de2a3e4864,llm_lime,qwen36_27b_local,0.05,0.6
qt,FN,4e3917587b11432d2d892f5146b367de2a3e4864,llm_lofo,qwen36_27b_local,0.01,0.8800000000000001
qt,FN,4e3917587b11432d2d892f5146b367de2a3e4864,llm_lofo,qwen36_27b_local,0.03,0.5599999999999999
qt,FN,4e3917587b11432d2d892f5146b367de2a3e4864,llm_lofo,qwen36_27b_local,0.05,0.36
qt,FN,4e3917587b11432d2d892f5146b367de2a3e4864,lofo,,0.01,0.8
qt,FN,4e3917587b11432d2d892f5146b367de2a3e4864,lofo,,0.03,0.8
qt,FN,4e3917587b11432d2d892f5146b367de2a3e4864,lofo,,0.05,0.6
qt,FN,5303225aef739c534714c1ac1d4dd096f0cc38d0,counterfactual,,0.01,1.0
qt,FN,5303225aef739c534714c1ac1d4dd096f0cc38d0,counterfactual,,0.03,0.6
qt,FN,5303225aef739c534714c1ac1d4dd096f0cc38d0,counterfactual,,0.05,0.6
qt,FN,5303225aef739c534714c1ac1d4dd096f0cc38d0,kernelshap,,0.01,1.0
qt,FN,5303225aef739c534714c1ac1d4dd096f0cc38d0,kernelshap,,0.03,0.8
qt,FN,5303225aef739c534714c1ac1d4dd096f0cc38d0,kernelshap,,0.05,0.6
qt,FN,5303225aef739c534714c1ac1d4dd096f0cc38d0,lime,,0.01,1.0
qt,FN,5303225aef739c534714c1ac1d4dd096f0cc38d0,lime,,0.03,0.72
qt,FN,5303225aef739c534714c1ac1d4dd096f0cc38d0,lime,,0.05,0.52
qt,FN,5303225aef739c534714c1ac1d4dd096f0cc38d0,llm_counterfactual,qwen36_27b_local,0.01,1.0
qt,FN,5303225aef739c534714c1ac1d4dd096f0cc38d0,llm_counterfactual,qwen36_27b_local,0.03,0.5599999999999999
qt,FN,5303225aef739c534714c1ac1d4dd096f0cc38d0,llm_counterfactual,qwen36_27b_local,0.05,0.4
qt,FN,5303225aef739c534714c1ac1d4dd096f0cc38d0,llm_kernelshap,qwen36_27b_local,0.01,1.0
qt,FN,5303225aef739c534714c1ac1d4dd096f0cc38d0,llm_kernelshap,qwen36_27b_local,0.03,0.8
qt,FN,5303225aef739c534714c1ac1d4dd096f0cc38d0,llm_kernelshap,qwen36_27b_local,0.05,0.6
qt,FN,5303225aef739c534714c1ac1d4dd096f0cc38d0,llm_lime,qwen36_27b_local,0.01,1.0
qt,FN,5303225aef739c534714c1ac1d4dd096f0cc38d0,llm_lime,qwen36_27b_local,0.03,0.8400000000000001
qt,FN,5303225aef739c534714c1ac1d4dd096f0cc38d0,llm_lime,qwen36_27b_local,0.05,0.5599999999999999
qt,FN,5303225aef739c534714c1ac1d4dd096f0cc38d0,llm_lofo,qwen36_27b_local,0.01,1.0
qt,FN,5303225aef739c534714c1ac1d4dd096f0cc38d0,llm_lofo,qwen36_27b_local,0.03,0.6
qt,FN,5303225aef739c534714c1ac1d4dd096f0cc38d0,llm_lofo,qwen36_27b_local,0.05,0.44000000000000006
qt,FN,5303225aef739c534714c1ac1d4dd096f0cc38d0,lofo,,0.01,1.0
qt,FN,5303225aef739c534714c1ac1d4dd096f0cc38d0,lofo,,0.03,0.4
qt,FN,5303225aef739c534714c1ac1d4dd096f0cc38d0,lofo,,0.05,0.4
qt,FN,5629823b05ca7d24924ac879b5a0469a3cb03e78,counterfactual,,0.01,1.0
qt,FN,5629823b05ca7d24924ac879b5a0469a3cb03e78,counterfactual,,0.03,0.4
qt,FN,5629823b05ca7d24924ac879b5a0469a3cb03e78,counterfactual,,0.05,0.4
qt,FN,5629823b05ca7d24924ac879b5a0469a3cb03e78,kernelshap,,0.01,1.0
qt,FN,5629823b05ca7d24924ac879b5a0469a3cb03e78,kernelshap,,0.03,0.4
qt,FN,5629823b05ca7d24924ac879b5a0469a3cb03e78,kernelshap,,0.05,0.4
qt,FN,5629823b05ca7d24924ac879b5a0469a3cb03e78,lime,,0.01,1.0
qt,FN,5629823b05ca7d24924ac879b5a0469a3cb03e78,lime,,0.03,0.6
qt,FN,5629823b05ca7d24924ac879b5a0469a3cb03e78,lime,,0.05,0.6
qt,FN,5629823b05ca7d24924ac879b5a0469a3cb03e78,llm_counterfactual,qwen36_27b_local,0.01,0.96
qt,FN,5629823b05ca7d24924ac879b5a0469a3cb03e78,llm_counterfactual,qwen36_27b_local,0.03,0.63
qt,FN,5629823b05ca7d24924ac879b5a0469a3cb03e78,llm_counterfactual,qwen36_27b_local,0.05,0.63
qt,FN,5629823b05ca7d24924ac879b5a0469a3cb03e78,llm_kernelshap,qwen36_27b_local,0.01,0.8400000000000001
qt,FN,5629823b05ca7d24924ac879b5a0469a3cb03e78,llm_kernelshap,qwen36_27b_local,0.03,0.52
qt,FN,5629823b05ca7d24924ac879b5a0469a3cb03e78,llm_kernelshap,qwen36_27b_local,0.05,0.52
qt,FN,5629823b05ca7d24924ac879b5a0469a3cb03e78,llm_lime,qwen36_27b_local,0.01,0.96
qt,FN,5629823b05ca7d24924ac879b5a0469a3cb03e78,llm_lime,qwen36_27b_local,0.03,0.6
qt,FN,5629823b05ca7d24924ac879b5a0469a3cb03e78,llm_lime,qwen36_27b_local,0.05,0.6
qt,FN,5629823b05ca7d24924ac879b5a0469a3cb03e78,llm_lofo,qwen36_27b_local,0.01,0.8400000000000001
qt,FN,5629823b05ca7d24924ac879b5a0469a3cb03e78,llm_lofo,qwen36_27b_local,0.03,0.27999999999999997
qt,FN,5629823b05ca7d24924ac879b5a0469a3cb03e78,llm_lofo,qwen36_27b_local,0.05,0.27999999999999997
qt,FN,5629823b05ca7d24924ac879b5a0469a3cb03e78,lofo,,0.01,1.0
qt,FN,5629823b05ca7d24924ac879b5a0469a3cb03e78,lofo,,0.03,0.2
qt,FN,5629823b05ca7d24924ac879b5a0469a3cb03e78,lofo,,0.05,0.2
qt,FN,6486a4bd196ca2bf0047ae80e78eee06e5e18e18,counterfactual,,0.01,0.8
qt,FN,6486a4bd196ca2bf0047ae80e78eee06e5e18e18,counterfactual,,0.03,0.8
qt,FN,6486a4bd196ca2bf0047ae80e78eee06e5e18e18,counterfactual,,0.05,0.6
qt,FN,6486a4bd196ca2bf0047ae80e78eee06e5e18e18,kernelshap,,0.01,1.0
qt,FN,6486a4bd196ca2bf0047ae80e78eee06e5e18e18,kernelshap,,0.03,1.0
qt,FN,6486a4bd196ca2bf0047ae80e78eee06e5e18e18,kernelshap,,0.05,0.6
qt,FN,6486a4bd196ca2bf0047ae80e78eee06e5e18e18,lime,,0.01,1.0
qt,FN,6486a4bd196ca2bf0047ae80e78eee06e5e18e18,lime,,0.03,0.76
qt,FN,6486a4bd196ca2bf0047ae80e78eee06e5e18e18,lime,,0.05,0.4
qt,FN,6486a4bd196ca2bf0047ae80e78eee06e5e18e18,llm_counterfactual,qwen36_27b_local,0.01,0.8
qt,FN,6486a4bd196ca2bf0047ae80e78eee06e5e18e18,llm_counterfactual,qwen36_27b_local,0.03,0.64
qt,FN,6486a4bd196ca2bf0047ae80e78eee06e5e18e18,llm_counterfactual,qwen36_27b_local,0.05,0.24000000000000005
qt,FN,6486a4bd196ca2bf0047ae80e78eee06e5e18e18,llm_kernelshap,qwen36_27b_local,0.01,1.0
qt,FN,6486a4bd196ca2bf0047ae80e78eee06e5e18e18,llm_kernelshap,qwen36_27b_local,0.03,0.76
qt,FN,6486a4bd196ca2bf0047ae80e78eee06e5e18e18,llm_kernelshap,qwen36_27b_local,0.05,0.4
qt,FN,6486a4bd196ca2bf0047ae80e78eee06e5e18e18,llm_lime,qwen36_27b_local,0.01,0.8400000000000001
qt,FN,6486a4bd196ca2bf0047ae80e78eee06e5e18e18,llm_lime,qwen36_27b_local,0.03,0.6799999999999999
qt,FN,6486a4bd196ca2bf0047ae80e78eee06e5e18e18,llm_lime,qwen36_27b_local,0.05,0.24000000000000005
qt,FN,6486a4bd196ca2bf0047ae80e78eee06e5e18e18,llm_lofo,qwen36_27b_local,0.01,1.0
qt,FN,6486a4bd196ca2bf0047ae80e78eee06e5e18e18,llm_lofo,qwen36_27b_local,0.03,0.8
qt,FN,6486a4bd196ca2bf0047ae80e78eee06e5e18e18,llm_lofo,qwen36_27b_local,0.05,0.36
qt,FN,6486a4bd196ca2bf0047ae80e78eee06e5e18e18,lofo,,0.01,1.0
qt,FN,6486a4bd196ca2bf0047ae80e78eee06e5e18e18,lofo,,0.03,0.8
qt,FN,6486a4bd196ca2bf0047ae80e78eee06e5e18e18,lofo,,0.05,0.4
qt,FN,67ced4791ddabebfa19a2f101aa292b5eba60b90,counterfactual,,0.01,1.0
qt,FN,67ced4791ddabebfa19a2f101aa292b5eba60b90,counterfactual,,0.03,0.8
qt,FN,67ced4791ddabebfa19a2f101aa292b5eba60b90,counterfactual,,0.05,0.8
qt,FN,67ced4791ddabebfa19a2f101aa292b5eba60b90,kernelshap,,0.01,1.0
qt,FN,67ced4791ddabebfa19a2f101aa292b5eba60b90,kernelshap,,0.03,1.0
qt,FN,67ced4791ddabebfa19a2f101aa292b5eba60b90,kernelshap,,0.05,1.0
qt,FN,67ced4791ddabebfa19a2f101aa292b5eba60b90,lime,,0.01,0.64
qt,FN,67ced4791ddabebfa19a2f101aa292b5eba60b90,lime,,0.03,0.6
qt,FN,67ced4791ddabebfa19a2f101aa292b5eba60b90,lime,,0.05,0.6
qt,FN,67ced4791ddabebfa19a2f101aa292b5eba60b90,llm_counterfactual,qwen36_27b_local,0.01,0.41
qt,FN,67ced4791ddabebfa19a2f101aa292b5eba60b90,llm_counterfactual,qwen36_27b_local,0.03,0.41
qt,FN,67ced4791ddabebfa19a2f101aa292b5eba60b90,llm_counterfactual,qwen36_27b_local,0.05,0.41
qt,FN,67ced4791ddabebfa19a2f101aa292b5eba60b90,llm_kernelshap,qwen36_27b_local,0.01,0.64
qt,FN,67ced4791ddabebfa19a2f101aa292b5eba60b90,llm_kernelshap,qwen36_27b_local,0.03,0.48
qt,FN,67ced4791ddabebfa19a2f101aa292b5eba60b90,llm_kernelshap,qwen36_27b_local,0.05,0.48
qt,FN,67ced4791ddabebfa19a2f101aa292b5eba60b90,llm_lime,qwen36_27b_local,0.01,0.44000000000000006
qt,FN,67ced4791ddabebfa19a2f101aa292b5eba60b90,llm_lime,qwen36_27b_local,0.03,0.4
qt,FN,67ced4791ddabebfa19a2f101aa292b5eba60b90,llm_lime,qwen36_27b_local,0.05,0.4
qt,FN,67ced4791ddabebfa19a2f101aa292b5eba60b90,llm_lofo,qwen36_27b_local,0.01,1.0
qt,FN,67ced4791ddabebfa19a2f101aa292b5eba60b90,llm_lofo,qwen36_27b_local,0.03,0.6
qt,FN,67ced4791ddabebfa19a2f101aa292b5eba60b90,llm_lofo,qwen36_27b_local,0.05,0.6
qt,FN,67ced4791ddabebfa19a2f101aa292b5eba60b90,lofo,,0.01,1.0
qt,FN,67ced4791ddabebfa19a2f101aa292b5eba60b90,lofo,,0.03,1.0
qt,FN,67ced4791ddabebfa19a2f101aa292b5eba60b90,lofo,,0.05,1.0
qt,FN,7e298e2f2ceeee1a2d1a81238ca019d9a0c9519f,counterfactual,,0.01,1.0
qt,FN,7e298e2f2ceeee1a2d1a81238ca019d9a0c9519f,counterfactual,,0.03,0.8
qt,FN,7e298e2f2ceeee1a2d1a81238ca019d9a0c9519f,counterfactual,,0.05,0.6
qt,FN,7e298e2f2ceeee1a2d1a81238ca019d9a0c9519f,kernelshap,,0.01,1.0
qt,FN,7e298e2f2ceeee1a2d1a81238ca019d9a0c9519f,kernelshap,,0.03,0.64
qt,FN,7e298e2f2ceeee1a2d1a81238ca019d9a0c9519f,kernelshap,,0.05,0.44000000000000006
qt,FN,7e298e2f2ceeee1a2d1a81238ca019d9a0c9519f,lime,,0.01,0.8
qt,FN,7e298e2f2ceeee1a2d1a81238ca019d9a0c9519f,lime,,0.03,0.4
qt,FN,7e298e2f2ceeee1a2d1a81238ca019d9a0c9519f,lime,,0.05,0.4
qt,FN,7e298e2f2ceeee1a2d1a81238ca019d9a0c9519f,llm_counterfactual,qwen36_27b_local,0.01,0.8
qt,FN,7e298e2f2ceeee1a2d1a81238ca019d9a0c9519f,llm_counterfactual,qwen36_27b_local,0.03,0.36
qt,FN,7e298e2f2ceeee1a2d1a81238ca019d9a0c9519f,llm_counterfactual,qwen36_27b_local,0.05,0.36
qt,FN,7e298e2f2ceeee1a2d1a81238ca019d9a0c9519f,llm_kernelshap,qwen36_27b_local,0.01,0.76
qt,FN,7e298e2f2ceeee1a2d1a81238ca019d9a0c9519f,llm_kernelshap,qwen36_27b_local,0.03,0.5599999999999999
qt,FN,7e298e2f2ceeee1a2d1a81238ca019d9a0c9519f,llm_kernelshap,qwen36_27b_local,0.05,0.36
qt,FN,7e298e2f2ceeee1a2d1a81238ca019d9a0c9519f,llm_lime,qwen36_27b_local,0.01,0.8400000000000001
qt,FN,7e298e2f2ceeee1a2d1a81238ca019d9a0c9519f,llm_lime,qwen36_27b_local,0.03,0.44000000000000006
qt,FN,7e298e2f2ceeee1a2d1a81238ca019d9a0c9519f,llm_lime,qwen36_27b_local,0.05,0.44000000000000006
qt,FN,7e298e2f2ceeee1a2d1a81238ca019d9a0c9519f,llm_lofo,qwen36_27b_local,0.01,0.64
qt,FN,7e298e2f2ceeee1a2d1a81238ca019d9a0c9519f,llm_lofo,qwen36_27b_local,0.03,0.44000000000000006
qt,FN,7e298e2f2ceeee1a2d1a81238ca019d9a0c9519f,llm_lofo,qwen36_27b_local,0.05,0.28
qt,FN,7e298e2f2ceeee1a2d1a81238ca019d9a0c9519f,lofo,,0.01,0.6
qt,FN,7e298e2f2ceeee1a2d1a81238ca019d9a0c9519f,lofo,,0.03,0.2
qt,FN,7e298e2f2ceeee1a2d1a81238ca019d9a0c9519f,lofo,,0.05,0.2
qt,FN,895cb4681ee78caaf9b99c88390a74ff1d79ae61,counterfactual,,0.01,1.0
qt,FN,895cb4681ee78caaf9b99c88390a74ff1d79ae61,counterfactual,,0.03,1.0
qt,FN,895cb4681ee78caaf9b99c88390a74ff1d79ae61,counterfactual,,0.05,1.0
qt,FN,895cb4681ee78caaf9b99c88390a74ff1d79ae61,kernelshap,,0.01,1.0
qt,FN,895cb4681ee78caaf9b99c88390a74ff1d79ae61,kernelshap,,0.03,0.8
qt,FN,895cb4681ee78caaf9b99c88390a74ff1d79ae61,kernelshap,,0.05,0.8
qt,FN,895cb4681ee78caaf9b99c88390a74ff1d79ae61,lime,,0.01,1.0
qt,FN,895cb4681ee78caaf9b99c88390a74ff1d79ae61,lime,,0.03,1.0
qt,FN,895cb4681ee78caaf9b99c88390a74ff1d79ae61,lime,,0.05,1.0
qt,FN,895cb4681ee78caaf9b99c88390a74ff1d79ae61,llm_counterfactual,qwen36_27b_local,0.01,0.8
qt,FN,895cb4681ee78caaf9b99c88390a74ff1d79ae61,llm_counterfactual,qwen36_27b_local,0.03,0.6
qt,FN,895cb4681ee78caaf9b99c88390a74ff1d79ae61,llm_counterfactual,qwen36_27b_local,0.05,0.6
qt,FN,895cb4681ee78caaf9b99c88390a74ff1d79ae61,llm_kernelshap,qwen36_27b_local,0.01,1.0
qt,FN,895cb4681ee78caaf9b99c88390a74ff1d79ae61,llm_kernelshap,qwen36_27b_local,0.03,0.8800000000000001
qt,FN,895cb4681ee78caaf9b99c88390a74ff1d79ae61,llm_kernelshap,qwen36_27b_local,0.05,0.8800000000000001
qt,FN,895cb4681ee78caaf9b99c88390a74ff1d79ae61,llm_lime,qwen36_27b_local,0.01,0.8800000000000001
qt,FN,895cb4681ee78caaf9b99c88390a74ff1d79ae61,llm_lime,qwen36_27b_local,0.03,0.8
qt,FN,895cb4681ee78caaf9b99c88390a74ff1d79ae61,llm_lime,qwen36_27b_local,0.05,0.8
qt,FN,895cb4681ee78caaf9b99c88390a74ff1d79ae61,llm_lofo,qwen36_27b_local,0.01,1.0
qt,FN,895cb4681ee78caaf9b99c88390a74ff1d79ae61,llm_lofo,qwen36_27b_local,0.03,0.8400000000000001
qt,FN,895cb4681ee78caaf9b99c88390a74ff1d79ae61,llm_lofo,qwen36_27b_local,0.05,0.8400000000000001
qt,FN,895cb4681ee78caaf9b99c88390a74ff1d79ae61,lofo,,0.01,1.0
qt,FN,895cb4681ee78caaf9b99c88390a74ff1d79ae61,lofo,,0.03,1.0
qt,FN,895cb4681ee78caaf9b99c88390a74ff1d79ae61,lofo,,0.05,1.0
qt,FN,8cf186cc7c56144b02d5b40d8f4832ff3021e68a,counterfactual,,0.01,1.0
qt,FN,8cf186cc7c56144b02d5b40d8f4832ff3021e68a,counterfactual,,0.03,0.8
qt,FN,8cf186cc7c56144b02d5b40d8f4832ff3021e68a,counterfactual,,0.05,0.6
qt,FN,8cf186cc7c56144b02d5b40d8f4832ff3021e68a,kernelshap,,0.01,1.0
qt,FN,8cf186cc7c56144b02d5b40d8f4832ff3021e68a,kernelshap,,0.03,1.0
qt,FN,8cf186cc7c56144b02d5b40d8f4832ff3021e68a,kernelshap,,0.05,0.6799999999999999
qt,FN,8cf186cc7c56144b02d5b40d8f4832ff3021e68a,lime,,0.01,0.96
qt,FN,8cf186cc7c56144b02d5b40d8f4832ff3021e68a,lime,,0.03,0.9199999999999999
qt,FN,8cf186cc7c56144b02d5b40d8f4832ff3021e68a,lime,,0.05,0.6
qt,FN,8cf186cc7c56144b02d5b40d8f4832ff3021e68a,llm_counterfactual,qwen36_27b_local,0.01,0.9199999999999999
qt,FN,8cf186cc7c56144b02d5b40d8f4832ff3021e68a,llm_counterfactual,qwen36_27b_local,0.03,0.9199999999999999
qt,FN,8cf186cc7c56144b02d5b40d8f4832ff3021e68a,llm_counterfactual,qwen36_27b_local,0.05,0.6799999999999999
qt,FN,8cf186cc7c56144b02d5b40d8f4832ff3021e68a,llm_kernelshap,qwen36_27b_local,0.01,0.9199999999999999
qt,FN,8cf186cc7c56144b02d5b40d8f4832ff3021e68a,llm_kernelshap,qwen36_27b_local,0.03,0.8800000000000001
qt,FN,8cf186cc7c56144b02d5b40d8f4832ff3021e68a,llm_kernelshap,qwen36_27b_local,0.05,0.48
qt,FN,8cf186cc7c56144b02d5b40d8f4832ff3021e68a,llm_lime,qwen36_27b_local,0.01,1.0
qt,FN,8cf186cc7c56144b02d5b40d8f4832ff3021e68a,llm_lime,qwen36_27b_local,0.03,1.0
qt,FN,8cf186cc7c56144b02d5b40d8f4832ff3021e68a,llm_lime,qwen36_27b_local,0.05,0.6
qt,FN,8cf186cc7c56144b02d5b40d8f4832ff3021e68a,llm_lofo,qwen36_27b_local,0.01,0.96
qt,FN,8cf186cc7c56144b02d5b40d8f4832ff3021e68a,llm_lofo,qwen36_27b_local,0.03,0.76
qt,FN,8cf186cc7c56144b02d5b40d8f4832ff3021e68a,llm_lofo,qwen36_27b_local,0.05,0.5599999999999999
qt,FN,8cf186cc7c56144b02d5b40d8f4832ff3021e68a,lofo,,0.01,0.8
qt,FN,8cf186cc7c56144b02d5b40d8f4832ff3021e68a,lofo,,0.03,0.6
qt,FN,8cf186cc7c56144b02d5b40d8f4832ff3021e68a,lofo,,0.05,0.6
qt,FN,93dabeba9dc5f6cbab60e65b3cc8df5fe48745a9,counterfactual,,0.01,0.8
qt,FN,93dabeba9dc5f6cbab60e65b3cc8df5fe48745a9,counterfactual,,0.03,0.6
qt,FN,93dabeba9dc5f6cbab60e65b3cc8df5fe48745a9,counterfactual,,0.05,0.6
qt,FN,93dabeba9dc5f6cbab60e65b3cc8df5fe48745a9,kernelshap,,0.01,1.0
qt,FN,93dabeba9dc5f6cbab60e65b3cc8df5fe48745a9,kernelshap,,0.03,0.8
qt,FN,93dabeba9dc5f6cbab60e65b3cc8df5fe48745a9,kernelshap,,0.05,0.6
qt,FN,93dabeba9dc5f6cbab60e65b3cc8df5fe48745a9,lime,,0.01,0.8
qt,FN,93dabeba9dc5f6cbab60e65b3cc8df5fe48745a9,lime,,0.03,0.6
qt,FN,93dabeba9dc5f6cbab60e65b3cc8df5fe48745a9,lime,,0.05,0.4
qt,FN,93dabeba9dc5f6cbab60e65b3cc8df5fe48745a9,llm_counterfactual,qwen36_27b_local,0.01,0.9199999999999999
qt,FN,93dabeba9dc5f6cbab60e65b3cc8df5fe48745a9,llm_counterfactual,qwen36_27b_local,0.03,0.48
qt,FN,93dabeba9dc5f6cbab60e65b3cc8df5fe48745a9,llm_counterfactual,qwen36_27b_local,0.05,0.36
qt,FN,93dabeba9dc5f6cbab60e65b3cc8df5fe48745a9,llm_kernelshap,qwen36_27b_local,0.01,1.0
qt,FN,93dabeba9dc5f6cbab60e65b3cc8df5fe48745a9,llm_kernelshap,qwen36_27b_local,0.03,0.5599999999999999
qt,FN,93dabeba9dc5f6cbab60e65b3cc8df5fe48745a9,llm_kernelshap,qwen36_27b_local,0.05,0.36
qt,FN,93dabeba9dc5f6cbab60e65b3cc8df5fe48745a9,llm_lime,qwen36_27b_local,0.01,1.0
qt,FN,93dabeba9dc5f6cbab60e65b3cc8df5fe48745a9,llm_lime,qwen36_27b_local,0.03,0.6
qt,FN,93dabeba9dc5f6cbab60e65b3cc8df5fe48745a9,llm_lime,qwen36_27b_local,0.05,0.4
qt,FN,93dabeba9dc5f6cbab60e65b3cc8df5fe48745a9,llm_lofo,qwen36_27b_local,0.01,1.0
qt,FN,93dabeba9dc5f6cbab60e65b3cc8df5fe48745a9,llm_lofo,qwen36_27b_local,0.03,0.54
qt,FN,93dabeba9dc5f6cbab60e65b3cc8df5fe48745a9,llm_lofo,qwen36_27b_local,0.05,0.42000000000000004
qt,FN,93dabeba9dc5f6cbab60e65b3cc8df5fe48745a9,lofo,,0.01,1.0
qt,FN,93dabeba9dc5f6cbab60e65b3cc8df5fe48745a9,lofo,,0.03,0.8
qt,FN,93dabeba9dc5f6cbab60e65b3cc8df5fe48745a9,lofo,,0.05,0.8
qt,FN,9e99dba4a22bbf212b3e6d1e2607a16dbbd04d90,counterfactual,,0.01,1.0
qt,FN,9e99dba4a22bbf212b3e6d1e2607a16dbbd04d90,counterfactual,,0.03,1.0
qt,FN,9e99dba4a22bbf212b3e6d1e2607a16dbbd04d90,counterfactual,,0.05,0.8
qt,FN,9e99dba4a22bbf212b3e6d1e2607a16dbbd04d90,kernelshap,,0.01,1.0
qt,FN,9e99dba4a22bbf212b3e6d1e2607a16dbbd04d90,kernelshap,,0.03,0.8
qt,FN,9e99dba4a22bbf212b3e6d1e2607a16dbbd04d90,kernelshap,,0.05,0.8
qt,FN,9e99dba4a22bbf212b3e6d1e2607a16dbbd04d90,lime,,0.01,0.8
qt,FN,9e99dba4a22bbf212b3e6d1e2607a16dbbd04d90,lime,,0.03,0.6
qt,FN,9e99dba4a22bbf212b3e6d1e2607a16dbbd04d90,lime,,0.05,0.6
qt,FN,9e99dba4a22bbf212b3e6d1e2607a16dbbd04d90,llm_counterfactual,qwen36_27b_local,0.01,0.6
qt,FN,9e99dba4a22bbf212b3e6d1e2607a16dbbd04d90,llm_counterfactual,qwen36_27b_local,0.03,0.6
qt,FN,9e99dba4a22bbf212b3e6d1e2607a16dbbd04d90,llm_counterfactual,qwen36_27b_local,0.05,0.6
qt,FN,9e99dba4a22bbf212b3e6d1e2607a16dbbd04d90,llm_kernelshap,qwen36_27b_local,0.01,0.64
qt,FN,9e99dba4a22bbf212b3e6d1e2607a16dbbd04d90,llm_kernelshap,qwen36_27b_local,0.03,0.44000000000000006
qt,FN,9e99dba4a22bbf212b3e6d1e2607a16dbbd04d90,llm_kernelshap,qwen36_27b_local,0.05,0.44000000000000006
qt,FN,9e99dba4a22bbf212b3e6d1e2607a16dbbd04d90,llm_lime,qwen36_27b_local,0.01,0.5599999999999999
qt,FN,9e99dba4a22bbf212b3e6d1e2607a16dbbd04d90,llm_lime,qwen36_27b_local,0.03,0.5599999999999999
qt,FN,9e99dba4a22bbf212b3e6d1e2607a16dbbd04d90,llm_lime,qwen36_27b_local,0.05,0.5599999999999999
qt,FN,9e99dba4a22bbf212b3e6d1e2607a16dbbd04d90,llm_lofo,qwen36_27b_local,0.01,0.62
qt,FN,9e99dba4a22bbf212b3e6d1e2607a16dbbd04d90,llm_lofo,qwen36_27b_local,0.03,0.41
qt,FN,9e99dba4a22bbf212b3e6d1e2607a16dbbd04d90,llm_lofo,qwen36_27b_local,0.05,0.41
qt,FN,9e99dba4a22bbf212b3e6d1e2607a16dbbd04d90,lofo,,0.01,0.8
qt,FN,9e99dba4a22bbf212b3e6d1e2607a16dbbd04d90,lofo,,0.03,0.6
qt,FN,9e99dba4a22bbf212b3e6d1e2607a16dbbd04d90,lofo,,0.05,0.6
qt,FN,a69edf01cb0a2a06282dc7b89724ffa542f6546d,counterfactual,,0.01,1.0
qt,FN,a69edf01cb0a2a06282dc7b89724ffa542f6546d,counterfactual,,0.03,0.6
qt,FN,a69edf01cb0a2a06282dc7b89724ffa542f6546d,counterfactual,,0.05,0.6
qt,FN,a69edf01cb0a2a06282dc7b89724ffa542f6546d,kernelshap,,0.01,1.0
qt,FN,a69edf01cb0a2a06282dc7b89724ffa542f6546d,kernelshap,,0.03,0.8
qt,FN,a69edf01cb0a2a06282dc7b89724ffa542f6546d,kernelshap,,0.05,0.6
qt,FN,a69edf01cb0a2a06282dc7b89724ffa542f6546d,lime,,0.01,1.0
qt,FN,a69edf01cb0a2a06282dc7b89724ffa542f6546d,lime,,0.03,0.6
qt,FN,a69edf01cb0a2a06282dc7b89724ffa542f6546d,lime,,0.05,0.6
qt,FN,a69edf01cb0a2a06282dc7b89724ffa542f6546d,llm_counterfactual,qwen36_27b_local,0.01,1.0
qt,FN,a69edf01cb0a2a06282dc7b89724ffa542f6546d,llm_counterfactual,qwen36_27b_local,0.03,0.45999999999999996
qt,FN,a69edf01cb0a2a06282dc7b89724ffa542f6546d,llm_counterfactual,qwen36_27b_local,0.05,0.41
qt,FN,a69edf01cb0a2a06282dc7b89724ffa542f6546d,llm_kernelshap,qwen36_27b_local,0.01,1.0
qt,FN,a69edf01cb0a2a06282dc7b89724ffa542f6546d,llm_kernelshap,qwen36_27b_local,0.03,0.6
qt,FN,a69edf01cb0a2a06282dc7b89724ffa542f6546d,llm_kernelshap,qwen36_27b_local,0.05,0.6
qt,FN,a69edf01cb0a2a06282dc7b89724ffa542f6546d,llm_lime,qwen36_27b_local,0.01,1.0
qt,FN,a69edf01cb0a2a06282dc7b89724ffa542f6546d,llm_lime,qwen36_27b_local,0.03,0.52
qt,FN,a69edf01cb0a2a06282dc7b89724ffa542f6546d,llm_lime,qwen36_27b_local,0.05,0.52
qt,FN,a69edf01cb0a2a06282dc7b89724ffa542f6546d,llm_lofo,qwen36_27b_local,0.01,0.8400000000000001
qt,FN,a69edf01cb0a2a06282dc7b89724ffa542f6546d,llm_lofo,qwen36_27b_local,0.03,0.36
qt,FN,a69edf01cb0a2a06282dc7b89724ffa542f6546d,llm_lofo,qwen36_27b_local,0.05,0.24000000000000005
qt,FN,a69edf01cb0a2a06282dc7b89724ffa542f6546d,lofo,,0.01,1.0
qt,FN,a69edf01cb0a2a06282dc7b89724ffa542f6546d,lofo,,0.03,0.6
qt,FN,a69edf01cb0a2a06282dc7b89724ffa542f6546d,lofo,,0.05,0.2
qt,FN,ac48071b185d17022d48c6379a2549ac2736cb8c,counterfactual,,0.01,0.8
qt,FN,ac48071b185d17022d48c6379a2549ac2736cb8c,counterfactual,,0.03,0.8
qt,FN,ac48071b185d17022d48c6379a2549ac2736cb8c,counterfactual,,0.05,0.8
qt,FN,ac48071b185d17022d48c6379a2549ac2736cb8c,kernelshap,,0.01,1.0
qt,FN,ac48071b185d17022d48c6379a2549ac2736cb8c,kernelshap,,0.03,1.0
qt,FN,ac48071b185d17022d48c6379a2549ac2736cb8c,kernelshap,,0.05,0.6
qt,FN,ac48071b185d17022d48c6379a2549ac2736cb8c,lime,,0.01,0.76
qt,FN,ac48071b185d17022d48c6379a2549ac2736cb8c,lime,,0.03,0.76
qt,FN,ac48071b185d17022d48c6379a2549ac2736cb8c,lime,,0.05,0.6
qt,FN,ac48071b185d17022d48c6379a2549ac2736cb8c,llm_counterfactual,qwen36_27b_local,0.01,0.8
qt,FN,ac48071b185d17022d48c6379a2549ac2736cb8c,llm_counterfactual,qwen36_27b_local,0.03,0.8
qt,FN,ac48071b185d17022d48c6379a2549ac2736cb8c,llm_counterfactual,qwen36_27b_local,0.05,0.76
qt,FN,ac48071b185d17022d48c6379a2549ac2736cb8c,llm_kernelshap,qwen36_27b_local,0.01,0.8
qt,FN,ac48071b185d17022d48c6379a2549ac2736cb8c,llm_kernelshap,qwen36_27b_local,0.03,0.76
qt,FN,ac48071b185d17022d48c6379a2549ac2736cb8c,llm_kernelshap,qwen36_27b_local,0.05,0.5599999999999999
qt,FN,ac48071b185d17022d48c6379a2549ac2736cb8c,llm_lime,qwen36_27b_local,0.01,0.8
qt,FN,ac48071b185d17022d48c6379a2549ac2736cb8c,llm_lime,qwen36_27b_local,0.03,0.8
qt,FN,ac48071b185d17022d48c6379a2549ac2736cb8c,llm_lime,qwen36_27b_local,0.05,0.6
qt,FN,ac48071b185d17022d48c6379a2549ac2736cb8c,llm_lofo,qwen36_27b_local,0.01,0.96
qt,FN,ac48071b185d17022d48c6379a2549ac2736cb8c,llm_lofo,qwen36_27b_local,0.03,0.63
qt,FN,ac48071b185d17022d48c6379a2549ac2736cb8c,llm_lofo,qwen36_27b_local,0.05,0.42000000000000004
qt,FN,ac48071b185d17022d48c6379a2549ac2736cb8c,lofo,,0.01,1.0
qt,FN,ac48071b185d17022d48c6379a2549ac2736cb8c,lofo,,0.03,0.8
qt,FN,ac48071b185d17022d48c6379a2549ac2736cb8c,lofo,,0.05,0.6
qt,FN,cdbc4b83d59e08189d6ece9ccd88a646be155c08,counterfactual,,0.01,0.8
qt,FN,cdbc4b83d59e08189d6ece9ccd88a646be155c08,counterfactual,,0.03,0.6
qt,FN,cdbc4b83d59e08189d6ece9ccd88a646be155c08,counterfactual,,0.05,0.6
qt,FN,cdbc4b83d59e08189d6ece9ccd88a646be155c08,kernelshap,,0.01,0.8
qt,FN,cdbc4b83d59e08189d6ece9ccd88a646be155c08,kernelshap,,0.03,0.72
qt,FN,cdbc4b83d59e08189d6ece9ccd88a646be155c08,kernelshap,,0.05,0.72
qt,FN,cdbc4b83d59e08189d6ece9ccd88a646be155c08,lime,,0.01,0.6
qt,FN,cdbc4b83d59e08189d6ece9ccd88a646be155c08,lime,,0.03,0.2
qt,FN,cdbc4b83d59e08189d6ece9ccd88a646be155c08,lime,,0.05,0.2
qt,FN,cdbc4b83d59e08189d6ece9ccd88a646be155c08,llm_counterfactual,qwen36_27b_local,0.01,0.6
qt,FN,cdbc4b83d59e08189d6ece9ccd88a646be155c08,llm_counterfactual,qwen36_27b_local,0.03,0.4
qt,FN,cdbc4b83d59e08189d6ece9ccd88a646be155c08,llm_counterfactual,qwen36_27b_local,0.05,0.4
qt,FN,cdbc4b83d59e08189d6ece9ccd88a646be155c08,llm_kernelshap,qwen36_27b_local,0.01,0.6799999999999999
qt,FN,cdbc4b83d59e08189d6ece9ccd88a646be155c08,llm_kernelshap,qwen36_27b_local,0.03,0.6
qt,FN,cdbc4b83d59e08189d6ece9ccd88a646be155c08,llm_kernelshap,qwen36_27b_local,0.05,0.36
qt,FN,cdbc4b83d59e08189d6ece9ccd88a646be155c08,llm_lime,qwen36_27b_local,0.01,0.72
qt,FN,cdbc4b83d59e08189d6ece9ccd88a646be155c08,llm_lime,qwen36_27b_local,0.03,0.5599999999999999
qt,FN,cdbc4b83d59e08189d6ece9ccd88a646be155c08,llm_lime,qwen36_27b_local,0.05,0.32
qt,FN,cdbc4b83d59e08189d6ece9ccd88a646be155c08,llm_lofo,qwen36_27b_local,0.01,0.6
qt,FN,cdbc4b83d59e08189d6ece9ccd88a646be155c08,llm_lofo,qwen36_27b_local,0.03,0.5599999999999999
qt,FN,cdbc4b83d59e08189d6ece9ccd88a646be155c08,llm_lofo,qwen36_27b_local,0.05,0.2
qt,FN,cdbc4b83d59e08189d6ece9ccd88a646be155c08,lofo,,0.01,1.0
qt,FN,cdbc4b83d59e08189d6ece9ccd88a646be155c08,lofo,,0.03,0.8
qt,FN,cdbc4b83d59e08189d6ece9ccd88a646be155c08,lofo,,0.05,0.4
qt,FN,d8782b0cc680f09d605133bd37a44d290894c01e,counterfactual,,0.01,0.6
qt,FN,d8782b0cc680f09d605133bd37a44d290894c01e,counterfactual,,0.03,0.4
qt,FN,d8782b0cc680f09d605133bd37a44d290894c01e,counterfactual,,0.05,0.2
qt,FN,d8782b0cc680f09d605133bd37a44d290894c01e,kernelshap,,0.01,1.0
qt,FN,d8782b0cc680f09d605133bd37a44d290894c01e,kernelshap,,0.03,0.8
qt,FN,d8782b0cc680f09d605133bd37a44d290894c01e,kernelshap,,0.05,0.4
qt,FN,d8782b0cc680f09d605133bd37a44d290894c01e,lime,,0.01,0.8
qt,FN,d8782b0cc680f09d605133bd37a44d290894c01e,lime,,0.03,0.5599999999999999
qt,FN,d8782b0cc680f09d605133bd37a44d290894c01e,lime,,0.05,0.2
qt,FN,d8782b0cc680f09d605133bd37a44d290894c01e,llm_counterfactual,qwen36_27b_local,0.01,0.8
qt,FN,d8782b0cc680f09d605133bd37a44d290894c01e,llm_counterfactual,qwen36_27b_local,0.03,0.6
qt,FN,d8782b0cc680f09d605133bd37a44d290894c01e,llm_counterfactual,qwen36_27b_local,0.05,0.4
qt,FN,d8782b0cc680f09d605133bd37a44d290894c01e,llm_kernelshap,qwen36_27b_local,0.01,0.8800000000000001
qt,FN,d8782b0cc680f09d605133bd37a44d290894c01e,llm_kernelshap,qwen36_27b_local,0.03,0.6799999999999999
qt,FN,d8782b0cc680f09d605133bd37a44d290894c01e,llm_kernelshap,qwen36_27b_local,0.05,0.28
qt,FN,d8782b0cc680f09d605133bd37a44d290894c01e,llm_lime,qwen36_27b_local,0.01,0.8
qt,FN,d8782b0cc680f09d605133bd37a44d290894c01e,llm_lime,qwen36_27b_local,0.03,0.64
qt,FN,d8782b0cc680f09d605133bd37a44d290894c01e,llm_lime,qwen36_27b_local,0.05,0.32
qt,FN,d8782b0cc680f09d605133bd37a44d290894c01e,llm_lofo,qwen36_27b_local,0.01,0.6
qt,FN,d8782b0cc680f09d605133bd37a44d290894c01e,llm_lofo,qwen36_27b_local,0.03,0.4
qt,FN,d8782b0cc680f09d605133bd37a44d290894c01e,llm_lofo,qwen36_27b_local,0.05,0.04
qt,FN,d8782b0cc680f09d605133bd37a44d290894c01e,lofo,,0.01,0.8
qt,FN,d8782b0cc680f09d605133bd37a44d290894c01e,lofo,,0.03,0.6
qt,FN,d8782b0cc680f09d605133bd37a44d290894c01e,lofo,,0.05,0.2
qt,FN,e6d17c8691bfafa033b82a4d81a9caf4a2fd1b85,counterfactual,,0.01,1.0
qt,FN,e6d17c8691bfafa033b82a4d81a9caf4a2fd1b85,counterfactual,,0.03,0.8
qt,FN,e6d17c8691bfafa033b82a4d81a9caf4a2fd1b85,counterfactual,,0.05,0.6
qt,FN,e6d17c8691bfafa033b82a4d81a9caf4a2fd1b85,kernelshap,,0.01,0.6
qt,FN,e6d17c8691bfafa033b82a4d81a9caf4a2fd1b85,kernelshap,,0.03,0.44000000000000006
qt,FN,e6d17c8691bfafa033b82a4d81a9caf4a2fd1b85,kernelshap,,0.05,0.44000000000000006
qt,FN,e6d17c8691bfafa033b82a4d81a9caf4a2fd1b85,lime,,0.01,0.6
qt,FN,e6d17c8691bfafa033b82a4d81a9caf4a2fd1b85,lime,,0.03,0.4
qt,FN,e6d17c8691bfafa033b82a4d81a9caf4a2fd1b85,lime,,0.05,0.36
qt,FN,e6d17c8691bfafa033b82a4d81a9caf4a2fd1b85,llm_counterfactual,qwen36_27b_local,0.01,0.72
qt,FN,e6d17c8691bfafa033b82a4d81a9caf4a2fd1b85,llm_counterfactual,qwen36_27b_local,0.03,0.6
qt,FN,e6d17c8691bfafa033b82a4d81a9caf4a2fd1b85,llm_counterfactual,qwen36_27b_local,0.05,0.52
qt,FN,e6d17c8691bfafa033b82a4d81a9caf4a2fd1b85,llm_kernelshap,qwen36_27b_local,0.01,0.6
qt,FN,e6d17c8691bfafa033b82a4d81a9caf4a2fd1b85,llm_kernelshap,qwen36_27b_local,0.03,0.4
qt,FN,e6d17c8691bfafa033b82a4d81a9caf4a2fd1b85,llm_kernelshap,qwen36_27b_local,0.05,0.4
qt,FN,e6d17c8691bfafa033b82a4d81a9caf4a2fd1b85,llm_lime,qwen36_27b_local,0.01,0.6
qt,FN,e6d17c8691bfafa033b82a4d81a9caf4a2fd1b85,llm_lime,qwen36_27b_local,0.03,0.52
qt,FN,e6d17c8691bfafa033b82a4d81a9caf4a2fd1b85,llm_lime,qwen36_27b_local,0.05,0.48
qt,FN,e6d17c8691bfafa033b82a4d81a9caf4a2fd1b85,llm_lofo,qwen36_27b_local,0.01,0.64
qt,FN,e6d17c8691bfafa033b82a4d81a9caf4a2fd1b85,llm_lofo,qwen36_27b_local,0.03,0.5599999999999999
qt,FN,e6d17c8691bfafa033b82a4d81a9caf4a2fd1b85,llm_lofo,qwen36_27b_local,0.05,0.4
qt,FN,e6d17c8691bfafa033b82a4d81a9caf4a2fd1b85,lofo,,0.01,1.0
qt,FN,e6d17c8691bfafa033b82a4d81a9caf4a2fd1b85,lofo,,0.03,1.0
qt,FN,e6d17c8691bfafa033b82a4d81a9caf4a2fd1b85,lofo,,0.05,0.6
qt,FN,eaa54a8f9884652513c7c3ab489f31ff1e5d712c,counterfactual,,0.01,0.8
qt,FN,eaa54a8f9884652513c7c3ab489f31ff1e5d712c,counterfactual,,0.03,0.4
qt,FN,eaa54a8f9884652513c7c3ab489f31ff1e5d712c,counterfactual,,0.05,0.2
qt,FN,eaa54a8f9884652513c7c3ab489f31ff1e5d712c,kernelshap,,0.01,1.0
qt,FN,eaa54a8f9884652513c7c3ab489f31ff1e5d712c,kernelshap,,0.03,0.6
qt,FN,eaa54a8f9884652513c7c3ab489f31ff1e5d712c,kernelshap,,0.05,0.2
qt,FN,eaa54a8f9884652513c7c3ab489f31ff1e5d712c,lime,,0.01,0.8
qt,FN,eaa54a8f9884652513c7c3ab489f31ff1e5d712c,lime,,0.03,0.4
qt,FN,eaa54a8f9884652513c7c3ab489f31ff1e5d712c,lime,,0.05,0.2
qt,FN,eaa54a8f9884652513c7c3ab489f31ff1e5d712c,llm_counterfactual,qwen36_27b_local,0.01,0.8
qt,FN,eaa54a8f9884652513c7c3ab489f31ff1e5d712c,llm_counterfactual,qwen36_27b_local,0.03,0.04
qt,FN,eaa54a8f9884652513c7c3ab489f31ff1e5d712c,llm_counterfactual,qwen36_27b_local,0.05,0.0
qt,FN,eaa54a8f9884652513c7c3ab489f31ff1e5d712c,llm_kernelshap,qwen36_27b_local,0.01,0.8400000000000001
qt,FN,eaa54a8f9884652513c7c3ab489f31ff1e5d712c,llm_kernelshap,qwen36_27b_local,0.03,0.2
qt,FN,eaa54a8f9884652513c7c3ab489f31ff1e5d712c,llm_kernelshap,qwen36_27b_local,0.05,0.2
qt,FN,eaa54a8f9884652513c7c3ab489f31ff1e5d712c,llm_lime,qwen36_27b_local,0.01,0.8
qt,FN,eaa54a8f9884652513c7c3ab489f31ff1e5d712c,llm_lime,qwen36_27b_local,0.03,0.04
qt,FN,eaa54a8f9884652513c7c3ab489f31ff1e5d712c,llm_lime,qwen36_27b_local,0.05,0.0
qt,FN,eaa54a8f9884652513c7c3ab489f31ff1e5d712c,llm_lofo,qwen36_27b_local,0.01,0.96
qt,FN,eaa54a8f9884652513c7c3ab489f31ff1e5d712c,llm_lofo,qwen36_27b_local,0.03,0.2
qt,FN,eaa54a8f9884652513c7c3ab489f31ff1e5d712c,llm_lofo,qwen36_27b_local,0.05,0.2
qt,FN,eaa54a8f9884652513c7c3ab489f31ff1e5d712c,lofo,,0.01,0.8
qt,FN,eaa54a8f9884652513c7c3ab489f31ff1e5d712c,lofo,,0.03,0.4
qt,FN,eaa54a8f9884652513c7c3ab489f31ff1e5d712c,lofo,,0.05,0.2
qt,FN,f506e01665c9bf689887ccf057a03588829efeea,counterfactual,,0.01,0.8
qt,FN,f506e01665c9bf689887ccf057a03588829efeea,counterfactual,,0.03,0.8
qt,FN,f506e01665c9bf689887ccf057a03588829efeea,counterfactual,,0.05,0.4
qt,FN,f506e01665c9bf689887ccf057a03588829efeea,kernelshap,,0.01,1.0
qt,FN,f506e01665c9bf689887ccf057a03588829efeea,kernelshap,,0.03,0.8
qt,FN,f506e01665c9bf689887ccf057a03588829efeea,kernelshap,,0.05,0.6
qt,FN,f506e01665c9bf689887ccf057a03588829efeea,lime,,0.01,0.8
qt,FN,f506e01665c9bf689887ccf057a03588829efeea,lime,,0.03,0.52
qt,FN,f506e01665c9bf689887ccf057a03588829efeea,lime,,0.05,0.2
qt,FN,f506e01665c9bf689887ccf057a03588829efeea,llm_counterfactual,qwen36_27b_local,0.01,0.8
qt,FN,f506e01665c9bf689887ccf057a03588829efeea,llm_counterfactual,qwen36_27b_local,0.03,0.72
qt,FN,f506e01665c9bf689887ccf057a03588829efeea,llm_counterfactual,qwen36_27b_local,0.05,0.2
qt,FN,f506e01665c9bf689887ccf057a03588829efeea,llm_kernelshap,qwen36_27b_local,0.01,0.8
qt,FN,f506e01665c9bf689887ccf057a03588829efeea,llm_kernelshap,qwen36_27b_local,0.03,0.6
qt,FN,f506e01665c9bf689887ccf057a03588829efeea,llm_kernelshap,qwen36_27b_local,0.05,0.4
qt,FN,f506e01665c9bf689887ccf057a03588829efeea,llm_lime,qwen36_27b_local,0.01,0.8
qt,FN,f506e01665c9bf689887ccf057a03588829efeea,llm_lime,qwen36_27b_local,0.03,0.64
qt,FN,f506e01665c9bf689887ccf057a03588829efeea,llm_lime,qwen36_27b_local,0.05,0.2
qt,FN,f506e01665c9bf689887ccf057a03588829efeea,llm_lofo,qwen36_27b_local,0.01,0.8
qt,FN,f506e01665c9bf689887ccf057a03588829efeea,llm_lofo,qwen36_27b_local,0.03,0.56
qt,FN,f506e01665c9bf689887ccf057a03588829efeea,llm_lofo,qwen36_27b_local,0.05,0.4
qt,FN,f506e01665c9bf689887ccf057a03588829efeea,lofo,,0.01,1.0
qt,FN,f506e01665c9bf689887ccf057a03588829efeea,lofo,,0.03,0.8
qt,FN,f506e01665c9bf689887ccf057a03588829efeea,lofo,,0.05,0.4
qt,FP,02b7ec05d5713aec67577cebc18e5906b5a98598,counterfactual,,0.01,1.0
qt,FP,02b7ec05d5713aec67577cebc18e5906b5a98598,counterfactual,,0.03,0.8
qt,FP,02b7ec05d5713aec67577cebc18e5906b5a98598,counterfactual,,0.05,0.8
qt,FP,02b7ec05d5713aec67577cebc18e5906b5a98598,kernelshap,,0.01,1.0
qt,FP,02b7ec05d5713aec67577cebc18e5906b5a98598,kernelshap,,0.03,1.0
qt,FP,02b7ec05d5713aec67577cebc18e5906b5a98598,kernelshap,,0.05,1.0
qt,FP,02b7ec05d5713aec67577cebc18e5906b5a98598,lime,,0.01,1.0
qt,FP,02b7ec05d5713aec67577cebc18e5906b5a98598,lime,,0.03,0.8
qt,FP,02b7ec05d5713aec67577cebc18e5906b5a98598,lime,,0.05,0.8
qt,FP,02b7ec05d5713aec67577cebc18e5906b5a98598,llm_counterfactual,qwen36_27b_local,0.01,1.0
qt,FP,02b7ec05d5713aec67577cebc18e5906b5a98598,llm_counterfactual,qwen36_27b_local,0.03,0.8
qt,FP,02b7ec05d5713aec67577cebc18e5906b5a98598,llm_counterfactual,qwen36_27b_local,0.05,0.8
qt,FP,02b7ec05d5713aec67577cebc18e5906b5a98598,llm_kernelshap,qwen36_27b_local,0.01,1.0
qt,FP,02b7ec05d5713aec67577cebc18e5906b5a98598,llm_kernelshap,qwen36_27b_local,0.03,0.8
qt,FP,02b7ec05d5713aec67577cebc18e5906b5a98598,llm_kernelshap,qwen36_27b_local,0.05,0.76
qt,FP,02b7ec05d5713aec67577cebc18e5906b5a98598,llm_lime,qwen36_27b_local,0.01,1.0
qt,FP,02b7ec05d5713aec67577cebc18e5906b5a98598,llm_lime,qwen36_27b_local,0.03,0.76
qt,FP,02b7ec05d5713aec67577cebc18e5906b5a98598,llm_lime,qwen36_27b_local,0.05,0.6
qt,FP,02b7ec05d5713aec67577cebc18e5906b5a98598,llm_lofo,qwen36_27b_local,0.01,1.0
qt,FP,02b7ec05d5713aec67577cebc18e5906b5a98598,llm_lofo,qwen36_27b_local,0.03,0.8
qt,FP,02b7ec05d5713aec67577cebc18e5906b5a98598,llm_lofo,qwen36_27b_local,0.05,0.8
qt,FP,02b7ec05d5713aec67577cebc18e5906b5a98598,lofo,,0.01,1.0
qt,FP,02b7ec05d5713aec67577cebc18e5906b5a98598,lofo,,0.03,1.0
qt,FP,02b7ec05d5713aec67577cebc18e5906b5a98598,lofo,,0.05,1.0
qt,FP,08cfd02312d21391c956b8bf50ab7d6caa0d8082,counterfactual,,0.01,1.0
qt,FP,08cfd02312d21391c956b8bf50ab7d6caa0d8082,counterfactual,,0.03,1.0
qt,FP,08cfd02312d21391c956b8bf50ab7d6caa0d8082,counterfactual,,0.05,0.8
qt,FP,08cfd02312d21391c956b8bf50ab7d6caa0d8082,kernelshap,,0.01,1.0
qt,FP,08cfd02312d21391c956b8bf50ab7d6caa0d8082,kernelshap,,0.03,1.0
qt,FP,08cfd02312d21391c956b8bf50ab7d6caa0d8082,kernelshap,,0.05,0.8
qt,FP,08cfd02312d21391c956b8bf50ab7d6caa0d8082,lime,,0.01,1.0
qt,FP,08cfd02312d21391c956b8bf50ab7d6caa0d8082,lime,,0.03,0.8
qt,FP,08cfd02312d21391c956b8bf50ab7d6caa0d8082,lime,,0.05,0.8
qt,FP,08cfd02312d21391c956b8bf50ab7d6caa0d8082,llm_counterfactual,qwen36_27b_local,0.01,0.8
qt,FP,08cfd02312d21391c956b8bf50ab7d6caa0d8082,llm_counterfactual,qwen36_27b_local,0.03,0.8
qt,FP,08cfd02312d21391c956b8bf50ab7d6caa0d8082,llm_counterfactual,qwen36_27b_local,0.05,0.6799999999999999
qt,FP,08cfd02312d21391c956b8bf50ab7d6caa0d8082,llm_kernelshap,qwen36_27b_local,0.01,0.8400000000000001
qt,FP,08cfd02312d21391c956b8bf50ab7d6caa0d8082,llm_kernelshap,qwen36_27b_local,0.03,0.8400000000000001
qt,FP,08cfd02312d21391c956b8bf50ab7d6caa0d8082,llm_kernelshap,qwen36_27b_local,0.05,0.64
qt,FP,08cfd02312d21391c956b8bf50ab7d6caa0d8082,llm_lime,qwen36_27b_local,0.01,0.8400000000000001
qt,FP,08cfd02312d21391c956b8bf50ab7d6caa0d8082,llm_lime,qwen36_27b_local,0.03,0.8400000000000001
qt,FP,08cfd02312d21391c956b8bf50ab7d6caa0d8082,llm_lime,qwen36_27b_local,0.05,0.8
qt,FP,08cfd02312d21391c956b8bf50ab7d6caa0d8082,llm_lofo,qwen36_27b_local,0.01,0.8800000000000001
qt,FP,08cfd02312d21391c956b8bf50ab7d6caa0d8082,llm_lofo,qwen36_27b_local,0.03,0.8400000000000001
qt,FP,08cfd02312d21391c956b8bf50ab7d6caa0d8082,llm_lofo,qwen36_27b_local,0.05,0.64
qt,FP,08cfd02312d21391c956b8bf50ab7d6caa0d8082,lofo,,0.01,1.0
qt,FP,08cfd02312d21391c956b8bf50ab7d6caa0d8082,lofo,,0.03,1.0
qt,FP,08cfd02312d21391c956b8bf50ab7d6caa0d8082,lofo,,0.05,0.8
qt,FP,093064fdeb6e777d2dc88dbb4f4adb8fddac3aa5,counterfactual,,0.01,1.0
qt,FP,093064fdeb6e777d2dc88dbb4f4adb8fddac3aa5,counterfactual,,0.03,0.8
qt,FP,093064fdeb6e777d2dc88dbb4f4adb8fddac3aa5,counterfactual,,0.05,0.8
qt,FP,093064fdeb6e777d2dc88dbb4f4adb8fddac3aa5,kernelshap,,0.01,1.0
qt,FP,093064fdeb6e777d2dc88dbb4f4adb8fddac3aa5,kernelshap,,0.03,1.0
qt,FP,093064fdeb6e777d2dc88dbb4f4adb8fddac3aa5,kernelshap,,0.05,1.0
qt,FP,093064fdeb6e777d2dc88dbb4f4adb8fddac3aa5,lime,,0.01,1.0
qt,FP,093064fdeb6e777d2dc88dbb4f4adb8fddac3aa5,lime,,0.03,1.0
qt,FP,093064fdeb6e777d2dc88dbb4f4adb8fddac3aa5,lime,,0.05,1.0
qt,FP,093064fdeb6e777d2dc88dbb4f4adb8fddac3aa5,llm_counterfactual,qwen36_27b_local,0.01,1.0
qt,FP,093064fdeb6e777d2dc88dbb4f4adb8fddac3aa5,llm_counterfactual,qwen36_27b_local,0.03,1.0
qt,FP,093064fdeb6e777d2dc88dbb4f4adb8fddac3aa5,llm_counterfactual,qwen36_27b_local,0.05,0.8
qt,FP,093064fdeb6e777d2dc88dbb4f4adb8fddac3aa5,llm_kernelshap,qwen36_27b_local,0.01,1.0
qt,FP,093064fdeb6e777d2dc88dbb4f4adb8fddac3aa5,llm_kernelshap,qwen36_27b_local,0.03,1.0
qt,FP,093064fdeb6e777d2dc88dbb4f4adb8fddac3aa5,llm_kernelshap,qwen36_27b_local,0.05,1.0
qt,FP,093064fdeb6e777d2dc88dbb4f4adb8fddac3aa5,llm_lime,qwen36_27b_local,0.01,1.0
qt,FP,093064fdeb6e777d2dc88dbb4f4adb8fddac3aa5,llm_lime,qwen36_27b_local,0.03,1.0
qt,FP,093064fdeb6e777d2dc88dbb4f4adb8fddac3aa5,llm_lime,qwen36_27b_local,0.05,0.8800000000000001
qt,FP,093064fdeb6e777d2dc88dbb4f4adb8fddac3aa5,llm_lofo,qwen36_27b_local,0.01,1.0
qt,FP,093064fdeb6e777d2dc88dbb4f4adb8fddac3aa5,llm_lofo,qwen36_27b_local,0.03,1.0
qt,FP,093064fdeb6e777d2dc88dbb4f4adb8fddac3aa5,llm_lofo,qwen36_27b_local,0.05,0.96
qt,FP,093064fdeb6e777d2dc88dbb4f4adb8fddac3aa5,lofo,,0.01,1.0
qt,FP,093064fdeb6e777d2dc88dbb4f4adb8fddac3aa5,lofo,,0.03,1.0
qt,FP,093064fdeb6e777d2dc88dbb4f4adb8fddac3aa5,lofo,,0.05,1.0
qt,FP,1af927976ac953f922e35d71a16a32d328bb2efd,counterfactual,,0.01,1.0
qt,FP,1af927976ac953f922e35d71a16a32d328bb2efd,counterfactual,,0.03,0.6
qt,FP,1af927976ac953f922e35d71a16a32d328bb2efd,counterfactual,,0.05,0.2
qt,FP,1af927976ac953f922e35d71a16a32d328bb2efd,kernelshap,,0.01,0.6799999999999999
qt,FP,1af927976ac953f922e35d71a16a32d328bb2efd,kernelshap,,0.03,0.4
qt,FP,1af927976ac953f922e35d71a16a32d328bb2efd,kernelshap,,0.05,0.2
qt,FP,1af927976ac953f922e35d71a16a32d328bb2efd,lime,,0.01,0.8
qt,FP,1af927976ac953f922e35d71a16a32d328bb2efd,lime,,0.03,0.4
qt,FP,1af927976ac953f922e35d71a16a32d328bb2efd,lime,,0.05,0.2
qt,FP,1af927976ac953f922e35d71a16a32d328bb2efd,llm_counterfactual,qwen36_27b_local,0.01,0.76
qt,FP,1af927976ac953f922e35d71a16a32d328bb2efd,llm_counterfactual,qwen36_27b_local,0.03,0.4
qt,FP,1af927976ac953f922e35d71a16a32d328bb2efd,llm_counterfactual,qwen36_27b_local,0.05,0.2
qt,FP,1af927976ac953f922e35d71a16a32d328bb2efd,llm_kernelshap,qwen36_27b_local,0.01,0.8
qt,FP,1af927976ac953f922e35d71a16a32d328bb2efd,llm_kernelshap,qwen36_27b_local,0.03,0.32
qt,FP,1af927976ac953f922e35d71a16a32d328bb2efd,llm_kernelshap,qwen36_27b_local,0.05,0.16
qt,FP,1af927976ac953f922e35d71a16a32d328bb2efd,llm_lime,qwen36_27b_local,0.01,0.76
qt,FP,1af927976ac953f922e35d71a16a32d328bb2efd,llm_lime,qwen36_27b_local,0.03,0.4
qt,FP,1af927976ac953f922e35d71a16a32d328bb2efd,llm_lime,qwen36_27b_local,0.05,0.2
qt,FP,1af927976ac953f922e35d71a16a32d328bb2efd,llm_lofo,qwen36_27b_local,0.01,0.6
qt,FP,1af927976ac953f922e35d71a16a32d328bb2efd,llm_lofo,qwen36_27b_local,0.03,0.32
qt,FP,1af927976ac953f922e35d71a16a32d328bb2efd,llm_lofo,qwen36_27b_local,0.05,0.16
qt,FP,1af927976ac953f922e35d71a16a32d328bb2efd,lofo,,0.01,1.0
qt,FP,1af927976ac953f922e35d71a16a32d328bb2efd,lofo,,0.03,0.2
qt,FP,1af927976ac953f922e35d71a16a32d328bb2efd,lofo,,0.05,0.2
qt,FP,1c6d5b0696f324495e95a12f7718ae7593c9b58a,counterfactual,,0.01,1.0
qt,FP,1c6d5b0696f324495e95a12f7718ae7593c9b58a,counterfactual,,0.03,1.0
qt,FP,1c6d5b0696f324495e95a12f7718ae7593c9b58a,counterfactual,,0.05,1.0
qt,FP,1c6d5b0696f324495e95a12f7718ae7593c9b58a,kernelshap,,0.01,1.0
qt,FP,1c6d5b0696f324495e95a12f7718ae7593c9b58a,kernelshap,,0.03,1.0
qt,FP,1c6d5b0696f324495e95a12f7718ae7593c9b58a,kernelshap,,0.05,1.0
qt,FP,1c6d5b0696f324495e95a12f7718ae7593c9b58a,lime,,0.01,0.8
qt,FP,1c6d5b0696f324495e95a12f7718ae7593c9b58a,lime,,0.03,0.8
qt,FP,1c6d5b0696f324495e95a12f7718ae7593c9b58a,lime,,0.05,0.8
qt,FP,1c6d5b0696f324495e95a12f7718ae7593c9b58a,llm_counterfactual,qwen36_27b_local,0.01,0.76
qt,FP,1c6d5b0696f324495e95a12f7718ae7593c9b58a,llm_counterfactual,qwen36_27b_local,0.03,0.76
qt,FP,1c6d5b0696f324495e95a12f7718ae7593c9b58a,llm_counterfactual,qwen36_27b_local,0.05,0.68
qt,FP,1c6d5b0696f324495e95a12f7718ae7593c9b58a,llm_kernelshap,qwen36_27b_local,0.01,0.8
qt,FP,1c6d5b0696f324495e95a12f7718ae7593c9b58a,llm_kernelshap,qwen36_27b_local,0.03,0.8
qt,FP,1c6d5b0696f324495e95a12f7718ae7593c9b58a,llm_kernelshap,qwen36_27b_local,0.05,0.8
qt,FP,1c6d5b0696f324495e95a12f7718ae7593c9b58a,llm_lime,qwen36_27b_local,0.01,0.8
qt,FP,1c6d5b0696f324495e95a12f7718ae7593c9b58a,llm_lime,qwen36_27b_local,0.03,0.8
qt,FP,1c6d5b0696f324495e95a12f7718ae7593c9b58a,llm_lime,qwen36_27b_local,0.05,0.76
qt,FP,1c6d5b0696f324495e95a12f7718ae7593c9b58a,llm_lofo,qwen36_27b_local,0.01,0.6
qt,FP,1c6d5b0696f324495e95a12f7718ae7593c9b58a,llm_lofo,qwen36_27b_local,0.03,0.6
qt,FP,1c6d5b0696f324495e95a12f7718ae7593c9b58a,llm_lofo,qwen36_27b_local,0.05,0.4
qt,FP,1c6d5b0696f324495e95a12f7718ae7593c9b58a,lofo,,0.01,1.0
qt,FP,1c6d5b0696f324495e95a12f7718ae7593c9b58a,lofo,,0.03,1.0
qt,FP,1c6d5b0696f324495e95a12f7718ae7593c9b58a,lofo,,0.05,1.0
qt,FP,237c867a002c8035aac7ff8a870da717eb7b0878,counterfactual,,0.01,0.8
qt,FP,237c867a002c8035aac7ff8a870da717eb7b0878,counterfactual,,0.03,0.6
qt,FP,237c867a002c8035aac7ff8a870da717eb7b0878,counterfactual,,0.05,0.6
qt,FP,237c867a002c8035aac7ff8a870da717eb7b0878,kernelshap,,0.01,1.0
qt,FP,237c867a002c8035aac7ff8a870da717eb7b0878,kernelshap,,0.03,1.0
qt,FP,237c867a002c8035aac7ff8a870da717eb7b0878,kernelshap,,0.05,0.8
qt,FP,237c867a002c8035aac7ff8a870da717eb7b0878,lime,,0.01,1.0
qt,FP,237c867a002c8035aac7ff8a870da717eb7b0878,lime,,0.03,0.8
qt,FP,237c867a002c8035aac7ff8a870da717eb7b0878,lime,,0.05,0.6
qt,FP,237c867a002c8035aac7ff8a870da717eb7b0878,llm_counterfactual,qwen36_27b_local,0.01,0.96
qt,FP,237c867a002c8035aac7ff8a870da717eb7b0878,llm_counterfactual,qwen36_27b_local,0.03,0.96
qt,FP,237c867a002c8035aac7ff8a870da717eb7b0878,llm_counterfactual,qwen36_27b_local,0.05,0.76
qt,FP,237c867a002c8035aac7ff8a870da717eb7b0878,llm_kernelshap,qwen36_27b_local,0.01,0.9199999999999999
qt,FP,237c867a002c8035aac7ff8a870da717eb7b0878,llm_kernelshap,qwen36_27b_local,0.03,0.8
qt,FP,237c867a002c8035aac7ff8a870da717eb7b0878,llm_kernelshap,qwen36_27b_local,0.05,0.8
qt,FP,237c867a002c8035aac7ff8a870da717eb7b0878,llm_lime,qwen36_27b_local,0.01,0.96
qt,FP,237c867a002c8035aac7ff8a870da717eb7b0878,llm_lime,qwen36_27b_local,0.03,0.8800000000000001
qt,FP,237c867a002c8035aac7ff8a870da717eb7b0878,llm_lime,qwen36_27b_local,0.05,0.8
qt,FP,237c867a002c8035aac7ff8a870da717eb7b0878,llm_lofo,qwen36_27b_local,0.01,0.9199999999999999
qt,FP,237c867a002c8035aac7ff8a870da717eb7b0878,llm_lofo,qwen36_27b_local,0.03,0.9199999999999999
qt,FP,237c867a002c8035aac7ff8a870da717eb7b0878,llm_lofo,qwen36_27b_local,0.05,0.8
qt,FP,237c867a002c8035aac7ff8a870da717eb7b0878,lofo,,0.01,1.0
qt,FP,237c867a002c8035aac7ff8a870da717eb7b0878,lofo,,0.03,0.8
qt,FP,237c867a002c8035aac7ff8a870da717eb7b0878,lofo,,0.05,0.6
qt,FP,36997810d9fec492635152be89efaa55208e224a,counterfactual,,0.01,0.8
qt,FP,36997810d9fec492635152be89efaa55208e224a,counterfactual,,0.03,0.8
qt,FP,36997810d9fec492635152be89efaa55208e224a,counterfactual,,0.05,0.6
qt,FP,36997810d9fec492635152be89efaa55208e224a,kernelshap,,0.01,0.6799999999999999
qt,FP,36997810d9fec492635152be89efaa55208e224a,kernelshap,,0.03,0.6
qt,FP,36997810d9fec492635152be89efaa55208e224a,kernelshap,,0.05,0.6
qt,FP,36997810d9fec492635152be89efaa55208e224a,lime,,0.01,1.0
qt,FP,36997810d9fec492635152be89efaa55208e224a,lime,,0.03,1.0
qt,FP,36997810d9fec492635152be89efaa55208e224a,lime,,0.05,0.6
qt,FP,36997810d9fec492635152be89efaa55208e224a,llm_counterfactual,qwen36_27b_local,0.01,0.52
qt,FP,36997810d9fec492635152be89efaa55208e224a,llm_counterfactual,qwen36_27b_local,0.03,0.48
qt,FP,36997810d9fec492635152be89efaa55208e224a,llm_counterfactual,qwen36_27b_local,0.05,0.28
qt,FP,36997810d9fec492635152be89efaa55208e224a,llm_kernelshap,qwen36_27b_local,0.01,0.5599999999999999
qt,FP,36997810d9fec492635152be89efaa55208e224a,llm_kernelshap,qwen36_27b_local,0.03,0.44000000000000006
qt,FP,36997810d9fec492635152be89efaa55208e224a,llm_kernelshap,qwen36_27b_local,0.05,0.44000000000000006
qt,FP,36997810d9fec492635152be89efaa55208e224a,llm_lime,qwen36_27b_local,0.01,0.64
qt,FP,36997810d9fec492635152be89efaa55208e224a,llm_lime,qwen36_27b_local,0.03,0.52
qt,FP,36997810d9fec492635152be89efaa55208e224a,llm_lime,qwen36_27b_local,0.05,0.36
qt,FP,36997810d9fec492635152be89efaa55208e224a,llm_lofo,qwen36_27b_local,0.01,0.6
qt,FP,36997810d9fec492635152be89efaa55208e224a,llm_lofo,qwen36_27b_local,0.03,0.44000000000000006
qt,FP,36997810d9fec492635152be89efaa55208e224a,llm_lofo,qwen36_27b_local,0.05,0.44000000000000006
qt,FP,36997810d9fec492635152be89efaa55208e224a,lofo,,0.01,1.0
qt,FP,36997810d9fec492635152be89efaa55208e224a,lofo,,0.03,0.8
qt,FP,36997810d9fec492635152be89efaa55208e224a,lofo,,0.05,0.6
qt,FP,3981a1f440914e8108af3d854a1b01dd596a8a0e,counterfactual,,0.01,1.0
qt,FP,3981a1f440914e8108af3d854a1b01dd596a8a0e,counterfactual,,0.03,1.0
qt,FP,3981a1f440914e8108af3d854a1b01dd596a8a0e,counterfactual,,0.05,1.0
qt,FP,3981a1f440914e8108af3d854a1b01dd596a8a0e,kernelshap,,0.01,1.0
qt,FP,3981a1f440914e8108af3d854a1b01dd596a8a0e,kernelshap,,0.03,1.0
qt,FP,3981a1f440914e8108af3d854a1b01dd596a8a0e,kernelshap,,0.05,1.0
qt,FP,3981a1f440914e8108af3d854a1b01dd596a8a0e,lime,,0.01,0.6
qt,FP,3981a1f440914e8108af3d854a1b01dd596a8a0e,lime,,0.03,0.6
qt,FP,3981a1f440914e8108af3d854a1b01dd596a8a0e,lime,,0.05,0.6
qt,FP,3981a1f440914e8108af3d854a1b01dd596a8a0e,llm_counterfactual,qwen36_27b_local,0.01,0.71
qt,FP,3981a1f440914e8108af3d854a1b01dd596a8a0e,llm_counterfactual,qwen36_27b_local,0.03,0.71
qt,FP,3981a1f440914e8108af3d854a1b01dd596a8a0e,llm_counterfactual,qwen36_27b_local,0.05,0.5900000000000001
qt,FP,3981a1f440914e8108af3d854a1b01dd596a8a0e,llm_kernelshap,qwen36_27b_local,0.01,0.64
qt,FP,3981a1f440914e8108af3d854a1b01dd596a8a0e,llm_kernelshap,qwen36_27b_local,0.03,0.64
qt,FP,3981a1f440914e8108af3d854a1b01dd596a8a0e,llm_kernelshap,qwen36_27b_local,0.05,0.64
qt,FP,3981a1f440914e8108af3d854a1b01dd596a8a0e,llm_lime,qwen36_27b_local,0.01,0.64
qt,FP,3981a1f440914e8108af3d854a1b01dd596a8a0e,llm_lime,qwen36_27b_local,0.03,0.64
qt,FP,3981a1f440914e8108af3d854a1b01dd596a8a0e,llm_lime,qwen36_27b_local,0.05,0.6
qt,FP,3981a1f440914e8108af3d854a1b01dd596a8a0e,llm_lofo,qwen36_27b_local,0.01,0.6799999999999999
qt,FP,3981a1f440914e8108af3d854a1b01dd596a8a0e,llm_lofo,qwen36_27b_local,0.03,0.6799999999999999
qt,FP,3981a1f440914e8108af3d854a1b01dd596a8a0e,llm_lofo,qwen36_27b_local,0.05,0.5599999999999999
qt,FP,3981a1f440914e8108af3d854a1b01dd596a8a0e,lofo,,0.01,1.0
qt,FP,3981a1f440914e8108af3d854a1b01dd596a8a0e,lofo,,0.03,1.0
qt,FP,3981a1f440914e8108af3d854a1b01dd596a8a0e,lofo,,0.05,1.0
qt,FP,3d3ce2afe1937531f5fdc2af56697e93133e6d98,counterfactual,,0.01,1.0
qt,FP,3d3ce2afe1937531f5fdc2af56697e93133e6d98,counterfactual,,0.03,1.0
qt,FP,3d3ce2afe1937531f5fdc2af56697e93133e6d98,counterfactual,,0.05,0.8
qt,FP,3d3ce2afe1937531f5fdc2af56697e93133e6d98,kernelshap,,0.01,1.0
qt,FP,3d3ce2afe1937531f5fdc2af56697e93133e6d98,kernelshap,,0.03,0.8
qt,FP,3d3ce2afe1937531f5fdc2af56697e93133e6d98,kernelshap,,0.05,0.4
qt,FP,3d3ce2afe1937531f5fdc2af56697e93133e6d98,lime,,0.01,1.0
qt,FP,3d3ce2afe1937531f5fdc2af56697e93133e6d98,lime,,0.03,0.8
qt,FP,3d3ce2afe1937531f5fdc2af56697e93133e6d98,lime,,0.05,0.44000000000000006
qt,FP,3d3ce2afe1937531f5fdc2af56697e93133e6d98,llm_counterfactual,qwen36_27b_local,0.01,1.0
qt,FP,3d3ce2afe1937531f5fdc2af56697e93133e6d98,llm_counterfactual,qwen36_27b_local,0.03,0.8400000000000001
qt,FP,3d3ce2afe1937531f5fdc2af56697e93133e6d98,llm_counterfactual,qwen36_27b_local,0.05,0.5599999999999999
qt,FP,3d3ce2afe1937531f5fdc2af56697e93133e6d98,llm_kernelshap,qwen36_27b_local,0.01,1.0
qt,FP,3d3ce2afe1937531f5fdc2af56697e93133e6d98,llm_kernelshap,qwen36_27b_local,0.03,0.6799999999999999
qt,FP,3d3ce2afe1937531f5fdc2af56697e93133e6d98,llm_kernelshap,qwen36_27b_local,0.05,0.48
qt,FP,3d3ce2afe1937531f5fdc2af56697e93133e6d98,llm_lime,qwen36_27b_local,0.01,1.0
qt,FP,3d3ce2afe1937531f5fdc2af56697e93133e6d98,llm_lime,qwen36_27b_local,0.03,0.64
qt,FP,3d3ce2afe1937531f5fdc2af56697e93133e6d98,llm_lime,qwen36_27b_local,0.05,0.4
qt,FP,3d3ce2afe1937531f5fdc2af56697e93133e6d98,llm_lofo,qwen36_27b_local,0.01,1.0
qt,FP,3d3ce2afe1937531f5fdc2af56697e93133e6d98,llm_lofo,qwen36_27b_local,0.03,0.8
qt,FP,3d3ce2afe1937531f5fdc2af56697e93133e6d98,llm_lofo,qwen36_27b_local,0.05,0.6
qt,FP,3d3ce2afe1937531f5fdc2af56697e93133e6d98,lofo,,0.01,1.0
qt,FP,3d3ce2afe1937531f5fdc2af56697e93133e6d98,lofo,,0.03,1.0
qt,FP,3d3ce2afe1937531f5fdc2af56697e93133e6d98,lofo,,0.05,0.6
qt,FP,41ae544c40e0568bd627a992a23b8c8f8f5cc27d,counterfactual,,0.01,1.0
qt,FP,41ae544c40e0568bd627a992a23b8c8f8f5cc27d,counterfactual,,0.03,1.0
qt,FP,41ae544c40e0568bd627a992a23b8c8f8f5cc27d,counterfactual,,0.05,1.0
qt,FP,41ae544c40e0568bd627a992a23b8c8f8f5cc27d,kernelshap,,0.01,1.0
qt,FP,41ae544c40e0568bd627a992a23b8c8f8f5cc27d,kernelshap,,0.03,1.0
qt,FP,41ae544c40e0568bd627a992a23b8c8f8f5cc27d,kernelshap,,0.05,1.0
qt,FP,41ae544c40e0568bd627a992a23b8c8f8f5cc27d,lime,,0.01,1.0
qt,FP,41ae544c40e0568bd627a992a23b8c8f8f5cc27d,lime,,0.03,0.8
qt,FP,41ae544c40e0568bd627a992a23b8c8f8f5cc27d,lime,,0.05,0.64
qt,FP,41ae544c40e0568bd627a992a23b8c8f8f5cc27d,llm_counterfactual,qwen36_27b_local,0.01,1.0
qt,FP,41ae544c40e0568bd627a992a23b8c8f8f5cc27d,llm_counterfactual,qwen36_27b_local,0.03,1.0
qt,FP,41ae544c40e0568bd627a992a23b8c8f8f5cc27d,llm_counterfactual,qwen36_27b_local,0.05,0.8
qt,FP,41ae544c40e0568bd627a992a23b8c8f8f5cc27d,llm_kernelshap,qwen36_27b_local,0.01,1.0
qt,FP,41ae544c40e0568bd627a992a23b8c8f8f5cc27d,llm_kernelshap,qwen36_27b_local,0.03,1.0
qt,FP,41ae544c40e0568bd627a992a23b8c8f8f5cc27d,llm_kernelshap,qwen36_27b_local,0.05,0.8800000000000001
qt,FP,41ae544c40e0568bd627a992a23b8c8f8f5cc27d,llm_lime,qwen36_27b_local,0.01,1.0
qt,FP,41ae544c40e0568bd627a992a23b8c8f8f5cc27d,llm_lime,qwen36_27b_local,0.03,1.0
qt,FP,41ae544c40e0568bd627a992a23b8c8f8f5cc27d,llm_lime,qwen36_27b_local,0.05,0.8
qt,FP,41ae544c40e0568bd627a992a23b8c8f8f5cc27d,llm_lofo,qwen36_27b_local,0.01,1.0
qt,FP,41ae544c40e0568bd627a992a23b8c8f8f5cc27d,llm_lofo,qwen36_27b_local,0.03,0.8800000000000001
qt,FP,41ae544c40e0568bd627a992a23b8c8f8f5cc27d,llm_lofo,qwen36_27b_local,0.05,0.8800000000000001
qt,FP,41ae544c40e0568bd627a992a23b8c8f8f5cc27d,lofo,,0.01,1.0
qt,FP,41ae544c40e0568bd627a992a23b8c8f8f5cc27d,lofo,,0.03,1.0
qt,FP,41ae544c40e0568bd627a992a23b8c8f8f5cc27d,lofo,,0.05,1.0
qt,FP,571b11d41c9dadd5ef11e4e954c16c5ca39d718e,counterfactual,,0.01,0.6
qt,FP,571b11d41c9dadd5ef11e4e954c16c5ca39d718e,counterfactual,,0.03,0.6
qt,FP,571b11d41c9dadd5ef11e4e954c16c5ca39d718e,counterfactual,,0.05,0.6
qt,FP,571b11d41c9dadd5ef11e4e954c16c5ca39d718e,kernelshap,,0.01,0.96
qt,FP,571b11d41c9dadd5ef11e4e954c16c5ca39d718e,kernelshap,,0.03,0.96
qt,FP,571b11d41c9dadd5ef11e4e954c16c5ca39d718e,kernelshap,,0.05,0.76
qt,FP,571b11d41c9dadd5ef11e4e954c16c5ca39d718e,lime,,0.01,0.8
qt,FP,571b11d41c9dadd5ef11e4e954c16c5ca39d718e,lime,,0.03,0.8
qt,FP,571b11d41c9dadd5ef11e4e954c16c5ca39d718e,lime,,0.05,0.4
qt,FP,571b11d41c9dadd5ef11e4e954c16c5ca39d718e,llm_counterfactual,qwen36_27b_local,0.01,0.8
qt,FP,571b11d41c9dadd5ef11e4e954c16c5ca39d718e,llm_counterfactual,qwen36_27b_local,0.03,0.8
qt,FP,571b11d41c9dadd5ef11e4e954c16c5ca39d718e,llm_counterfactual,qwen36_27b_local,0.05,0.5599999999999999
qt,FP,571b11d41c9dadd5ef11e4e954c16c5ca39d718e,llm_kernelshap,qwen36_27b_local,0.01,0.8800000000000001
qt,FP,571b11d41c9dadd5ef11e4e954c16c5ca39d718e,llm_kernelshap,qwen36_27b_local,0.03,0.8800000000000001
qt,FP,571b11d41c9dadd5ef11e4e954c16c5ca39d718e,llm_kernelshap,qwen36_27b_local,0.05,0.6799999999999999
qt,FP,571b11d41c9dadd5ef11e4e954c16c5ca39d718e,llm_lime,qwen36_27b_local,0.01,0.8800000000000001
qt,FP,571b11d41c9dadd5ef11e4e954c16c5ca39d718e,llm_lime,qwen36_27b_local,0.03,0.8800000000000001
qt,FP,571b11d41c9dadd5ef11e4e954c16c5ca39d718e,llm_lime,qwen36_27b_local,0.05,0.6
qt,FP,571b11d41c9dadd5ef11e4e954c16c5ca39d718e,llm_lofo,qwen36_27b_local,0.01,0.9199999999999999
qt,FP,571b11d41c9dadd5ef11e4e954c16c5ca39d718e,llm_lofo,qwen36_27b_local,0.03,0.9199999999999999
qt,FP,571b11d41c9dadd5ef11e4e954c16c5ca39d718e,llm_lofo,qwen36_27b_local,0.05,0.72
qt,FP,571b11d41c9dadd5ef11e4e954c16c5ca39d718e,lofo,,0.01,1.0
qt,FP,571b11d41c9dadd5ef11e4e954c16c5ca39d718e,lofo,,0.03,1.0
qt,FP,571b11d41c9dadd5ef11e4e954c16c5ca39d718e,lofo,,0.05,0.8
qt,FP,6a91dcba2e4fa85dc345c2d403c757ab7676e28c,counterfactual,,0.01,1.0
qt,FP,6a91dcba2e4fa85dc345c2d403c757ab7676e28c,counterfactual,,0.03,1.0
qt,FP,6a91dcba2e4fa85dc345c2d403c757ab7676e28c,counterfactual,,0.05,1.0
qt,FP,6a91dcba2e4fa85dc345c2d403c757ab7676e28c,kernelshap,,0.01,1.0
qt,FP,6a91dcba2e4fa85dc345c2d403c757ab7676e28c,kernelshap,,0.03,1.0
qt,FP,6a91dcba2e4fa85dc345c2d403c757ab7676e28c,kernelshap,,0.05,0.6
qt,FP,6a91dcba2e4fa85dc345c2d403c757ab7676e28c,lime,,0.01,0.8800000000000001
qt,FP,6a91dcba2e4fa85dc345c2d403c757ab7676e28c,lime,,0.03,0.8
qt,FP,6a91dcba2e4fa85dc345c2d403c757ab7676e28c,lime,,0.05,0.6
qt,FP,6a91dcba2e4fa85dc345c2d403c757ab7676e28c,llm_counterfactual,qwen36_27b_local,0.01,0.8
qt,FP,6a91dcba2e4fa85dc345c2d403c757ab7676e28c,llm_counterfactual,qwen36_27b_local,0.03,0.6
qt,FP,6a91dcba2e4fa85dc345c2d403c757ab7676e28c,llm_counterfactual,qwen36_27b_local,0.05,0.44000000000000006
qt,FP,6a91dcba2e4fa85dc345c2d403c757ab7676e28c,llm_kernelshap,qwen36_27b_local,0.01,1.0
qt,FP,6a91dcba2e4fa85dc345c2d403c757ab7676e28c,llm_kernelshap,qwen36_27b_local,0.03,0.8
qt,FP,6a91dcba2e4fa85dc345c2d403c757ab7676e28c,llm_kernelshap,qwen36_27b_local,0.05,0.6
qt,FP,6a91dcba2e4fa85dc345c2d403c757ab7676e28c,llm_lime,qwen36_27b_local,0.01,0.8
qt,FP,6a91dcba2e4fa85dc345c2d403c757ab7676e28c,llm_lime,qwen36_27b_local,0.03,0.6
qt,FP,6a91dcba2e4fa85dc345c2d403c757ab7676e28c,llm_lime,qwen36_27b_local,0.05,0.6
qt,FP,6a91dcba2e4fa85dc345c2d403c757ab7676e28c,llm_lofo,qwen36_27b_local,0.01,1.0
qt,FP,6a91dcba2e4fa85dc345c2d403c757ab7676e28c,llm_lofo,qwen36_27b_local,0.03,0.8
qt,FP,6a91dcba2e4fa85dc345c2d403c757ab7676e28c,llm_lofo,qwen36_27b_local,0.05,0.64
qt,FP,6a91dcba2e4fa85dc345c2d403c757ab7676e28c,lofo,,0.01,1.0
qt,FP,6a91dcba2e4fa85dc345c2d403c757ab7676e28c,lofo,,0.03,1.0
qt,FP,6a91dcba2e4fa85dc345c2d403c757ab7676e28c,lofo,,0.05,1.0
qt,FP,753c744b23abfecad6463890dfdf6e97c7eeaa5c,counterfactual,,0.01,1.0
qt,FP,753c744b23abfecad6463890dfdf6e97c7eeaa5c,counterfactual,,0.03,0.8
qt,FP,753c744b23abfecad6463890dfdf6e97c7eeaa5c,counterfactual,,0.05,0.6
qt,FP,753c744b23abfecad6463890dfdf6e97c7eeaa5c,kernelshap,,0.01,1.0
qt,FP,753c744b23abfecad6463890dfdf6e97c7eeaa5c,kernelshap,,0.03,0.6
qt,FP,753c744b23abfecad6463890dfdf6e97c7eeaa5c,kernelshap,,0.05,0.6
qt,FP,753c744b23abfecad6463890dfdf6e97c7eeaa5c,lime,,0.01,1.0
qt,FP,753c744b23abfecad6463890dfdf6e97c7eeaa5c,lime,,0.03,0.8800000000000001
qt,FP,753c744b23abfecad6463890dfdf6e97c7eeaa5c,lime,,0.05,0.6799999999999999
qt,FP,753c744b23abfecad6463890dfdf6e97c7eeaa5c,llm_counterfactual,qwen36_27b_local,0.01,1.0
qt,FP,753c744b23abfecad6463890dfdf6e97c7eeaa5c,llm_counterfactual,qwen36_27b_local,0.03,0.76
qt,FP,753c744b23abfecad6463890dfdf6e97c7eeaa5c,llm_counterfactual,qwen36_27b_local,0.05,0.5599999999999999
qt,FP,753c744b23abfecad6463890dfdf6e97c7eeaa5c,llm_kernelshap,qwen36_27b_local,0.01,1.0
qt,FP,753c744b23abfecad6463890dfdf6e97c7eeaa5c,llm_kernelshap,qwen36_27b_local,0.03,0.64
qt,FP,753c744b23abfecad6463890dfdf6e97c7eeaa5c,llm_kernelshap,qwen36_27b_local,0.05,0.44000000000000006
qt,FP,753c744b23abfecad6463890dfdf6e97c7eeaa5c,llm_lime,qwen36_27b_local,0.01,1.0
qt,FP,753c744b23abfecad6463890dfdf6e97c7eeaa5c,llm_lime,qwen36_27b_local,0.03,0.8
qt,FP,753c744b23abfecad6463890dfdf6e97c7eeaa5c,llm_lime,qwen36_27b_local,0.05,0.6
qt,FP,753c744b23abfecad6463890dfdf6e97c7eeaa5c,llm_lofo,qwen36_27b_local,0.01,1.0
qt,FP,753c744b23abfecad6463890dfdf6e97c7eeaa5c,llm_lofo,qwen36_27b_local,0.03,0.6
qt,FP,753c744b23abfecad6463890dfdf6e97c7eeaa5c,llm_lofo,qwen36_27b_local,0.05,0.4
qt,FP,753c744b23abfecad6463890dfdf6e97c7eeaa5c,lofo,,0.01,1.0
qt,FP,753c744b23abfecad6463890dfdf6e97c7eeaa5c,lofo,,0.03,0.8
qt,FP,753c744b23abfecad6463890dfdf6e97c7eeaa5c,lofo,,0.05,0.6
qt,FP,86d91d2bf8e7ac7a75f88f0e4886140abc06fd4c,counterfactual,,0.01,1.0
qt,FP,86d91d2bf8e7ac7a75f88f0e4886140abc06fd4c,counterfactual,,0.03,0.8
qt,FP,86d91d2bf8e7ac7a75f88f0e4886140abc06fd4c,counterfactual,,0.05,0.8
qt,FP,86d91d2bf8e7ac7a75f88f0e4886140abc06fd4c,kernelshap,,0.01,1.0
qt,FP,86d91d2bf8e7ac7a75f88f0e4886140abc06fd4c,kernelshap,,0.03,0.8
qt,FP,86d91d2bf8e7ac7a75f88f0e4886140abc06fd4c,kernelshap,,0.05,0.8
qt,FP,86d91d2bf8e7ac7a75f88f0e4886140abc06fd4c,lime,,0.01,1.0
qt,FP,86d91d2bf8e7ac7a75f88f0e4886140abc06fd4c,lime,,0.03,0.6
qt,FP,86d91d2bf8e7ac7a75f88f0e4886140abc06fd4c,lime,,0.05,0.6
qt,FP,86d91d2bf8e7ac7a75f88f0e4886140abc06fd4c,llm_counterfactual,qwen36_27b_local,0.01,0.72
qt,FP,86d91d2bf8e7ac7a75f88f0e4886140abc06fd4c,llm_counterfactual,qwen36_27b_local,0.03,0.52
qt,FP,86d91d2bf8e7ac7a75f88f0e4886140abc06fd4c,llm_counterfactual,qwen36_27b_local,0.05,0.52
qt,FP,86d91d2bf8e7ac7a75f88f0e4886140abc06fd4c,llm_kernelshap,qwen36_27b_local,0.01,1.0
qt,FP,86d91d2bf8e7ac7a75f88f0e4886140abc06fd4c,llm_kernelshap,qwen36_27b_local,0.03,0.6
qt,FP,86d91d2bf8e7ac7a75f88f0e4886140abc06fd4c,llm_kernelshap,qwen36_27b_local,0.05,0.44000000000000006
qt,FP,86d91d2bf8e7ac7a75f88f0e4886140abc06fd4c,llm_lime,qwen36_27b_local,0.01,0.9199999999999999
qt,FP,86d91d2bf8e7ac7a75f88f0e4886140abc06fd4c,llm_lime,qwen36_27b_local,0.03,0.6
qt,FP,86d91d2bf8e7ac7a75f88f0e4886140abc06fd4c,llm_lime,qwen36_27b_local,0.05,0.52
qt,FP,86d91d2bf8e7ac7a75f88f0e4886140abc06fd4c,llm_lofo,qwen36_27b_local,0.01,1.0
qt,FP,86d91d2bf8e7ac7a75f88f0e4886140abc06fd4c,llm_lofo,qwen36_27b_local,0.03,0.64
qt,FP,86d91d2bf8e7ac7a75f88f0e4886140abc06fd4c,llm_lofo,qwen36_27b_local,0.05,0.52
qt,FP,86d91d2bf8e7ac7a75f88f0e4886140abc06fd4c,lofo,,0.01,1.0
qt,FP,86d91d2bf8e7ac7a75f88f0e4886140abc06fd4c,lofo,,0.03,0.6
qt,FP,86d91d2bf8e7ac7a75f88f0e4886140abc06fd4c,lofo,,0.05,0.6
qt,FP,8835c0376befd009702b9a17c506639e31c842b9,counterfactual,,0.01,0.8
qt,FP,8835c0376befd009702b9a17c506639e31c842b9,counterfactual,,0.03,0.6
qt,FP,8835c0376befd009702b9a17c506639e31c842b9,counterfactual,,0.05,0.6
qt,FP,8835c0376befd009702b9a17c506639e31c842b9,kernelshap,,0.01,0.9199999999999999
qt,FP,8835c0376befd009702b9a17c506639e31c842b9,kernelshap,,0.03,0.8800000000000001
qt,FP,8835c0376befd009702b9a17c506639e31c842b9,kernelshap,,0.05,0.8800000000000001
qt,FP,8835c0376befd009702b9a17c506639e31c842b9,lime,,0.01,1.0
qt,FP,8835c0376befd009702b9a17c506639e31c842b9,lime,,0.03,0.8
qt,FP,8835c0376befd009702b9a17c506639e31c842b9,lime,,0.05,0.76
qt,FP,8835c0376befd009702b9a17c506639e31c842b9,llm_counterfactual,qwen36_27b_local,0.01,1.0
qt,FP,8835c0376befd009702b9a17c506639e31c842b9,llm_counterfactual,qwen36_27b_local,0.03,1.0
qt,FP,8835c0376befd009702b9a17c506639e31c842b9,llm_counterfactual,qwen36_27b_local,0.05,1.0
qt,FP,8835c0376befd009702b9a17c506639e31c842b9,llm_kernelshap,qwen36_27b_local,0.01,1.0
qt,FP,8835c0376befd009702b9a17c506639e31c842b9,llm_kernelshap,qwen36_27b_local,0.03,0.96
qt,FP,8835c0376befd009702b9a17c506639e31c842b9,llm_kernelshap,qwen36_27b_local,0.05,0.96
qt,FP,8835c0376befd009702b9a17c506639e31c842b9,llm_lime,qwen36_27b_local,0.01,1.0
qt,FP,8835c0376befd009702b9a17c506639e31c842b9,llm_lime,qwen36_27b_local,0.03,1.0
qt,FP,8835c0376befd009702b9a17c506639e31c842b9,llm_lime,qwen36_27b_local,0.05,1.0
qt,FP,8835c0376befd009702b9a17c506639e31c842b9,llm_lofo,qwen36_27b_local,0.01,1.0
qt,FP,8835c0376befd009702b9a17c506639e31c842b9,llm_lofo,qwen36_27b_local,0.03,0.8800000000000001
qt,FP,8835c0376befd009702b9a17c506639e31c842b9,llm_lofo,qwen36_27b_local,0.05,0.8800000000000001
qt,FP,8835c0376befd009702b9a17c506639e31c842b9,lofo,,0.01,1.0
qt,FP,8835c0376befd009702b9a17c506639e31c842b9,lofo,,0.03,1.0
qt,FP,8835c0376befd009702b9a17c506639e31c842b9,lofo,,0.05,1.0
qt,FP,a02b371eb2f34bf198c95cf0caa1fbad639f96bb,counterfactual,,0.01,1.0
qt,FP,a02b371eb2f34bf198c95cf0caa1fbad639f96bb,counterfactual,,0.03,0.8
qt,FP,a02b371eb2f34bf198c95cf0caa1fbad639f96bb,counterfactual,,0.05,0.4
qt,FP,a02b371eb2f34bf198c95cf0caa1fbad639f96bb,kernelshap,,0.01,0.8
qt,FP,a02b371eb2f34bf198c95cf0caa1fbad639f96bb,kernelshap,,0.03,0.8
qt,FP,a02b371eb2f34bf198c95cf0caa1fbad639f96bb,kernelshap,,0.05,0.72
qt,FP,a02b371eb2f34bf198c95cf0caa1fbad639f96bb,lime,,0.01,0.8
qt,FP,a02b371eb2f34bf198c95cf0caa1fbad639f96bb,lime,,0.03,0.4
qt,FP,a02b371eb2f34bf198c95cf0caa1fbad639f96bb,lime,,0.05,0.4
qt,FP,a02b371eb2f34bf198c95cf0caa1fbad639f96bb,llm_counterfactual,qwen36_27b_local,0.01,0.8
qt,FP,a02b371eb2f34bf198c95cf0caa1fbad639f96bb,llm_counterfactual,qwen36_27b_local,0.03,0.72
qt,FP,a02b371eb2f34bf198c95cf0caa1fbad639f96bb,llm_counterfactual,qwen36_27b_local,0.05,0.52
qt,FP,a02b371eb2f34bf198c95cf0caa1fbad639f96bb,llm_kernelshap,qwen36_27b_local,0.01,0.8
qt,FP,a02b371eb2f34bf198c95cf0caa1fbad639f96bb,llm_kernelshap,qwen36_27b_local,0.03,0.72
qt,FP,a02b371eb2f34bf198c95cf0caa1fbad639f96bb,llm_kernelshap,qwen36_27b_local,0.05,0.52
qt,FP,a02b371eb2f34bf198c95cf0caa1fbad639f96bb,llm_lime,qwen36_27b_local,0.01,0.8
qt,FP,a02b371eb2f34bf198c95cf0caa1fbad639f96bb,llm_lime,qwen36_27b_local,0.03,0.64
qt,FP,a02b371eb2f34bf198c95cf0caa1fbad639f96bb,llm_lime,qwen36_27b_local,0.05,0.48
qt,FP,a02b371eb2f34bf198c95cf0caa1fbad639f96bb,llm_lofo,qwen36_27b_local,0.01,0.8
qt,FP,a02b371eb2f34bf198c95cf0caa1fbad639f96bb,llm_lofo,qwen36_27b_local,0.03,0.6
qt,FP,a02b371eb2f34bf198c95cf0caa1fbad639f96bb,llm_lofo,qwen36_27b_local,0.05,0.4
qt,FP,a02b371eb2f34bf198c95cf0caa1fbad639f96bb,lofo,,0.01,1.0
qt,FP,a02b371eb2f34bf198c95cf0caa1fbad639f96bb,lofo,,0.03,1.0
qt,FP,a02b371eb2f34bf198c95cf0caa1fbad639f96bb,lofo,,0.05,0.8
qt,FP,cd542a82b0c2d5c9a4ea167a84e5ea8a25c5d969,counterfactual,,0.01,1.0
qt,FP,cd542a82b0c2d5c9a4ea167a84e5ea8a25c5d969,counterfactual,,0.03,1.0
qt,FP,cd542a82b0c2d5c9a4ea167a84e5ea8a25c5d969,counterfactual,,0.05,1.0
qt,FP,cd542a82b0c2d5c9a4ea167a84e5ea8a25c5d969,kernelshap,,0.01,1.0
qt,FP,cd542a82b0c2d5c9a4ea167a84e5ea8a25c5d969,kernelshap,,0.03,0.8
qt,FP,cd542a82b0c2d5c9a4ea167a84e5ea8a25c5d969,kernelshap,,0.05,0.8
qt,FP,cd542a82b0c2d5c9a4ea167a84e5ea8a25c5d969,lime,,0.01,0.8800000000000001
qt,FP,cd542a82b0c2d5c9a4ea167a84e5ea8a25c5d969,lime,,0.03,0.72
qt,FP,cd542a82b0c2d5c9a4ea167a84e5ea8a25c5d969,lime,,0.05,0.72
qt,FP,cd542a82b0c2d5c9a4ea167a84e5ea8a25c5d969,llm_counterfactual,qwen36_27b_local,0.01,0.8
qt,FP,cd542a82b0c2d5c9a4ea167a84e5ea8a25c5d969,llm_counterfactual,qwen36_27b_local,0.03,0.5599999999999999
qt,FP,cd542a82b0c2d5c9a4ea167a84e5ea8a25c5d969,llm_counterfactual,qwen36_27b_local,0.05,0.5599999999999999
qt,FP,cd542a82b0c2d5c9a4ea167a84e5ea8a25c5d969,llm_kernelshap,qwen36_27b_local,0.01,1.0
qt,FP,cd542a82b0c2d5c9a4ea167a84e5ea8a25c5d969,llm_kernelshap,qwen36_27b_local,0.03,0.8
qt,FP,cd542a82b0c2d5c9a4ea167a84e5ea8a25c5d969,llm_kernelshap,qwen36_27b_local,0.05,0.8
qt,FP,cd542a82b0c2d5c9a4ea167a84e5ea8a25c5d969,llm_lime,qwen36_27b_local,0.01,0.8800000000000001
qt,FP,cd542a82b0c2d5c9a4ea167a84e5ea8a25c5d969,llm_lime,qwen36_27b_local,0.03,0.64
qt,FP,cd542a82b0c2d5c9a4ea167a84e5ea8a25c5d969,llm_lime,qwen36_27b_local,0.05,0.64
qt,FP,cd542a82b0c2d5c9a4ea167a84e5ea8a25c5d969,llm_lofo,qwen36_27b_local,0.01,1.0
qt,FP,cd542a82b0c2d5c9a4ea167a84e5ea8a25c5d969,llm_lofo,qwen36_27b_local,0.03,0.76
qt,FP,cd542a82b0c2d5c9a4ea167a84e5ea8a25c5d969,llm_lofo,qwen36_27b_local,0.05,0.76
qt,FP,cd542a82b0c2d5c9a4ea167a84e5ea8a25c5d969,lofo,,0.01,1.0
qt,FP,cd542a82b0c2d5c9a4ea167a84e5ea8a25c5d969,lofo,,0.03,1.0
qt,FP,cd542a82b0c2d5c9a4ea167a84e5ea8a25c5d969,lofo,,0.05,1.0
qt,FP,ddb4fb4c60987ce6e0b9e50de9a5f3a7ff0e8757,counterfactual,,0.01,1.0
qt,FP,ddb4fb4c60987ce6e0b9e50de9a5f3a7ff0e8757,counterfactual,,0.03,1.0
qt,FP,ddb4fb4c60987ce6e0b9e50de9a5f3a7ff0e8757,counterfactual,,0.05,1.0
qt,FP,ddb4fb4c60987ce6e0b9e50de9a5f3a7ff0e8757,kernelshap,,0.01,1.0
qt,FP,ddb4fb4c60987ce6e0b9e50de9a5f3a7ff0e8757,kernelshap,,0.03,1.0
qt,FP,ddb4fb4c60987ce6e0b9e50de9a5f3a7ff0e8757,kernelshap,,0.05,1.0
qt,FP,ddb4fb4c60987ce6e0b9e50de9a5f3a7ff0e8757,lime,,0.01,1.0
qt,FP,ddb4fb4c60987ce6e0b9e50de9a5f3a7ff0e8757,lime,,0.03,0.8
qt,FP,ddb4fb4c60987ce6e0b9e50de9a5f3a7ff0e8757,lime,,0.05,0.8
qt,FP,ddb4fb4c60987ce6e0b9e50de9a5f3a7ff0e8757,llm_counterfactual,qwen36_27b_local,0.01,1.0
qt,FP,ddb4fb4c60987ce6e0b9e50de9a5f3a7ff0e8757,llm_counterfactual,qwen36_27b_local,0.03,0.8
qt,FP,ddb4fb4c60987ce6e0b9e50de9a5f3a7ff0e8757,llm_counterfactual,qwen36_27b_local,0.05,0.72
qt,FP,ddb4fb4c60987ce6e0b9e50de9a5f3a7ff0e8757,llm_kernelshap,qwen36_27b_local,0.01,1.0
qt,FP,ddb4fb4c60987ce6e0b9e50de9a5f3a7ff0e8757,llm_kernelshap,qwen36_27b_local,0.03,0.8
qt,FP,ddb4fb4c60987ce6e0b9e50de9a5f3a7ff0e8757,llm_kernelshap,qwen36_27b_local,0.05,0.6
qt,FP,ddb4fb4c60987ce6e0b9e50de9a5f3a7ff0e8757,llm_lime,qwen36_27b_local,0.01,1.0
qt,FP,ddb4fb4c60987ce6e0b9e50de9a5f3a7ff0e8757,llm_lime,qwen36_27b_local,0.03,0.8400000000000001
qt,FP,ddb4fb4c60987ce6e0b9e50de9a5f3a7ff0e8757,llm_lime,qwen36_27b_local,0.05,0.72
qt,FP,ddb4fb4c60987ce6e0b9e50de9a5f3a7ff0e8757,llm_lofo,qwen36_27b_local,0.01,1.0
qt,FP,ddb4fb4c60987ce6e0b9e50de9a5f3a7ff0e8757,llm_lofo,qwen36_27b_local,0.03,0.8400000000000001
qt,FP,ddb4fb4c60987ce6e0b9e50de9a5f3a7ff0e8757,llm_lofo,qwen36_27b_local,0.05,0.64
qt,FP,ddb4fb4c60987ce6e0b9e50de9a5f3a7ff0e8757,lofo,,0.01,1.0
qt,FP,ddb4fb4c60987ce6e0b9e50de9a5f3a7ff0e8757,lofo,,0.03,1.0
qt,FP,ddb4fb4c60987ce6e0b9e50de9a5f3a7ff0e8757,lofo,,0.05,1.0
qt,FP,e58fdbaeb033a801ac7b5dd1f63657b36d6e1305,counterfactual,,0.01,1.0
qt,FP,e58fdbaeb033a801ac7b5dd1f63657b36d6e1305,counterfactual,,0.03,0.8
qt,FP,e58fdbaeb033a801ac7b5dd1f63657b36d6e1305,counterfactual,,0.05,0.8
qt,FP,e58fdbaeb033a801ac7b5dd1f63657b36d6e1305,kernelshap,,0.01,1.0
qt,FP,e58fdbaeb033a801ac7b5dd1f63657b36d6e1305,kernelshap,,0.03,1.0
qt,FP,e58fdbaeb033a801ac7b5dd1f63657b36d6e1305,kernelshap,,0.05,1.0
qt,FP,e58fdbaeb033a801ac7b5dd1f63657b36d6e1305,lime,,0.01,1.0
qt,FP,e58fdbaeb033a801ac7b5dd1f63657b36d6e1305,lime,,0.03,0.96
qt,FP,e58fdbaeb033a801ac7b5dd1f63657b36d6e1305,lime,,0.05,0.8
qt,FP,e58fdbaeb033a801ac7b5dd1f63657b36d6e1305,llm_counterfactual,qwen36_27b_local,0.01,1.0
qt,FP,e58fdbaeb033a801ac7b5dd1f63657b36d6e1305,llm_counterfactual,qwen36_27b_local,0.03,1.0
qt,FP,e58fdbaeb033a801ac7b5dd1f63657b36d6e1305,llm_counterfactual,qwen36_27b_local,0.05,0.6
qt,FP,e58fdbaeb033a801ac7b5dd1f63657b36d6e1305,llm_kernelshap,qwen36_27b_local,0.01,1.0
qt,FP,e58fdbaeb033a801ac7b5dd1f63657b36d6e1305,llm_kernelshap,qwen36_27b_local,0.03,0.8400000000000001
qt,FP,e58fdbaeb033a801ac7b5dd1f63657b36d6e1305,llm_kernelshap,qwen36_27b_local,0.05,0.72
qt,FP,e58fdbaeb033a801ac7b5dd1f63657b36d6e1305,llm_lime,qwen36_27b_local,0.01,1.0
qt,FP,e58fdbaeb033a801ac7b5dd1f63657b36d6e1305,llm_lime,qwen36_27b_local,0.03,0.9199999999999999
qt,FP,e58fdbaeb033a801ac7b5dd1f63657b36d6e1305,llm_lime,qwen36_27b_local,0.05,0.72
qt,FP,e58fdbaeb033a801ac7b5dd1f63657b36d6e1305,llm_lofo,qwen36_27b_local,0.01,1.0
qt,FP,e58fdbaeb033a801ac7b5dd1f63657b36d6e1305,llm_lofo,qwen36_27b_local,0.03,0.8800000000000001
qt,FP,e58fdbaeb033a801ac7b5dd1f63657b36d6e1305,llm_lofo,qwen36_27b_local,0.05,0.7
qt,FP,e58fdbaeb033a801ac7b5dd1f63657b36d6e1305,lofo,,0.01,1.0
qt,FP,e58fdbaeb033a801ac7b5dd1f63657b36d6e1305,lofo,,0.03,1.0
qt,FP,e58fdbaeb033a801ac7b5dd1f63657b36d6e1305,lofo,,0.05,1.0
qt,FP,eb93d7b51773b43e6a3e41961898a6033bcd9479,counterfactual,,0.01,0.8
qt,FP,eb93d7b51773b43e6a3e41961898a6033bcd9479,counterfactual,,0.03,0.6
qt,FP,eb93d7b51773b43e6a3e41961898a6033bcd9479,counterfactual,,0.05,0.6
qt,FP,eb93d7b51773b43e6a3e41961898a6033bcd9479,kernelshap,,0.01,1.0
qt,FP,eb93d7b51773b43e6a3e41961898a6033bcd9479,kernelshap,,0.03,0.8
qt,FP,eb93d7b51773b43e6a3e41961898a6033bcd9479,kernelshap,,0.05,0.6
qt,FP,eb93d7b51773b43e6a3e41961898a6033bcd9479,lime,,0.01,0.96
qt,FP,eb93d7b51773b43e6a3e41961898a6033bcd9479,lime,,0.03,0.8
qt,FP,eb93d7b51773b43e6a3e41961898a6033bcd9479,lime,,0.05,0.8
qt,FP,eb93d7b51773b43e6a3e41961898a6033bcd9479,llm_counterfactual,qwen36_27b_local,0.01,0.9199999999999999
qt,FP,eb93d7b51773b43e6a3e41961898a6033bcd9479,llm_counterfactual,qwen36_27b_local,0.03,0.64
qt,FP,eb93d7b51773b43e6a3e41961898a6033bcd9479,llm_counterfactual,qwen36_27b_local,0.05,0.44000000000000006
qt,FP,eb93d7b51773b43e6a3e41961898a6033bcd9479,llm_kernelshap,qwen36_27b_local,0.01,0.8400000000000001
qt,FP,eb93d7b51773b43e6a3e41961898a6033bcd9479,llm_kernelshap,qwen36_27b_local,0.03,0.6
qt,FP,eb93d7b51773b43e6a3e41961898a6033bcd9479,llm_kernelshap,qwen36_27b_local,0.05,0.4
qt,FP,eb93d7b51773b43e6a3e41961898a6033bcd9479,llm_lime,qwen36_27b_local,0.01,0.96
qt,FP,eb93d7b51773b43e6a3e41961898a6033bcd9479,llm_lime,qwen36_27b_local,0.03,0.6
qt,FP,eb93d7b51773b43e6a3e41961898a6033bcd9479,llm_lime,qwen36_27b_local,0.05,0.4
qt,FP,eb93d7b51773b43e6a3e41961898a6033bcd9479,llm_lofo,qwen36_27b_local,0.01,0.9199999999999999
qt,FP,eb93d7b51773b43e6a3e41961898a6033bcd9479,llm_lofo,qwen36_27b_local,0.03,0.72
qt,FP,eb93d7b51773b43e6a3e41961898a6033bcd9479,llm_lofo,qwen36_27b_local,0.05,0.52
qt,FP,eb93d7b51773b43e6a3e41961898a6033bcd9479,lofo,,0.01,1.0
qt,FP,eb93d7b51773b43e6a3e41961898a6033bcd9479,lofo,,0.03,0.8
qt,FP,eb93d7b51773b43e6a3e41961898a6033bcd9479,lofo,,0.05,0.6
qt,TN,0234e5c96417f451f8de279b8ff92734836badd4,counterfactual,,0.01,0.8
qt,TN,0234e5c96417f451f8de279b8ff92734836badd4,counterfactual,,0.03,0.4
qt,TN,0234e5c96417f451f8de279b8ff92734836badd4,counterfactual,,0.05,0.4
qt,TN,0234e5c96417f451f8de279b8ff92734836badd4,kernelshap,,0.01,0.6
qt,TN,0234e5c96417f451f8de279b8ff92734836badd4,kernelshap,,0.03,0.4
qt,TN,0234e5c96417f451f8de279b8ff92734836badd4,kernelshap,,0.05,0.4
qt,TN,0234e5c96417f451f8de279b8ff92734836badd4,lime,,0.01,0.6
qt,TN,0234e5c96417f451f8de279b8ff92734836badd4,lime,,0.03,0.2
qt,TN,0234e5c96417f451f8de279b8ff92734836badd4,lime,,0.05,0.2
qt,TN,0234e5c96417f451f8de279b8ff92734836badd4,llm_counterfactual,qwen36_27b_local,0.01,0.52
qt,TN,0234e5c96417f451f8de279b8ff92734836badd4,llm_counterfactual,qwen36_27b_local,0.03,0.2
qt,TN,0234e5c96417f451f8de279b8ff92734836badd4,llm_counterfactual,qwen36_27b_local,0.05,0.2
qt,TN,0234e5c96417f451f8de279b8ff92734836badd4,llm_kernelshap,qwen36_27b_local,0.01,0.52
qt,TN,0234e5c96417f451f8de279b8ff92734836badd4,llm_kernelshap,qwen36_27b_local,0.03,0.24000000000000005
qt,TN,0234e5c96417f451f8de279b8ff92734836badd4,llm_kernelshap,qwen36_27b_local,0.05,0.2
qt,TN,0234e5c96417f451f8de279b8ff92734836badd4,llm_lime,qwen36_27b_local,0.01,0.6
qt,TN,0234e5c96417f451f8de279b8ff92734836badd4,llm_lime,qwen36_27b_local,0.03,0.2
qt,TN,0234e5c96417f451f8de279b8ff92734836badd4,llm_lime,qwen36_27b_local,0.05,0.2
qt,TN,0234e5c96417f451f8de279b8ff92734836badd4,llm_lofo,qwen36_27b_local,0.01,0.8
qt,TN,0234e5c96417f451f8de279b8ff92734836badd4,llm_lofo,qwen36_27b_local,0.03,0.5599999999999999
qt,TN,0234e5c96417f451f8de279b8ff92734836badd4,llm_lofo,qwen36_27b_local,0.05,0.4
qt,TN,0234e5c96417f451f8de279b8ff92734836badd4,lofo,,0.01,1.0
qt,TN,0234e5c96417f451f8de279b8ff92734836badd4,lofo,,0.03,0.6
qt,TN,0234e5c96417f451f8de279b8ff92734836badd4,lofo,,0.05,0.4
qt,TN,121cdbdd30de1bee58e349859409dd08865c17f5,counterfactual,,0.01,1.0
qt,TN,121cdbdd30de1bee58e349859409dd08865c17f5,counterfactual,,0.03,0.6
qt,TN,121cdbdd30de1bee58e349859409dd08865c17f5,counterfactual,,0.05,0.4
qt,TN,121cdbdd30de1bee58e349859409dd08865c17f5,kernelshap,,0.01,1.0
qt,TN,121cdbdd30de1bee58e349859409dd08865c17f5,kernelshap,,0.03,0.6
qt,TN,121cdbdd30de1bee58e349859409dd08865c17f5,kernelshap,,0.05,0.4
qt,TN,121cdbdd30de1bee58e349859409dd08865c17f5,lime,,0.01,0.8
qt,TN,121cdbdd30de1bee58e349859409dd08865c17f5,lime,,0.03,0.2
qt,TN,121cdbdd30de1bee58e349859409dd08865c17f5,lime,,0.05,0.0
qt,TN,121cdbdd30de1bee58e349859409dd08865c17f5,llm_counterfactual,qwen36_27b_local,0.01,0.8
qt,TN,121cdbdd30de1bee58e349859409dd08865c17f5,llm_counterfactual,qwen36_27b_local,0.03,0.28
qt,TN,121cdbdd30de1bee58e349859409dd08865c17f5,llm_counterfactual,qwen36_27b_local,0.05,0.0
qt,TN,121cdbdd30de1bee58e349859409dd08865c17f5,llm_kernelshap,qwen36_27b_local,0.01,0.8
qt,TN,121cdbdd30de1bee58e349859409dd08865c17f5,llm_kernelshap,qwen36_27b_local,0.03,0.36
qt,TN,121cdbdd30de1bee58e349859409dd08865c17f5,llm_kernelshap,qwen36_27b_local,0.05,0.0
qt,TN,121cdbdd30de1bee58e349859409dd08865c17f5,llm_lime,qwen36_27b_local,0.01,0.8
qt,TN,121cdbdd30de1bee58e349859409dd08865c17f5,llm_lime,qwen36_27b_local,0.03,0.52
qt,TN,121cdbdd30de1bee58e349859409dd08865c17f5,llm_lime,qwen36_27b_local,0.05,0.0
qt,TN,121cdbdd30de1bee58e349859409dd08865c17f5,llm_lofo,qwen36_27b_local,0.01,0.8
qt,TN,121cdbdd30de1bee58e349859409dd08865c17f5,llm_lofo,qwen36_27b_local,0.03,0.48
qt,TN,121cdbdd30de1bee58e349859409dd08865c17f5,llm_lofo,qwen36_27b_local,0.05,0.0
qt,TN,121cdbdd30de1bee58e349859409dd08865c17f5,lofo,,0.01,1.0
qt,TN,121cdbdd30de1bee58e349859409dd08865c17f5,lofo,,0.03,0.6
qt,TN,121cdbdd30de1bee58e349859409dd08865c17f5,lofo,,0.05,0.4
qt,TN,2831fa76655c614ed3df0816401514950e79b5e6,counterfactual,,0.01,1.0
qt,TN,2831fa76655c614ed3df0816401514950e79b5e6,counterfactual,,0.03,0.2
qt,TN,2831fa76655c614ed3df0816401514950e79b5e6,counterfactual,,0.05,0.2
qt,TN,2831fa76655c614ed3df0816401514950e79b5e6,kernelshap,,0.01,0.6
qt,TN,2831fa76655c614ed3df0816401514950e79b5e6,kernelshap,,0.03,0.0
qt,TN,2831fa76655c614ed3df0816401514950e79b5e6,kernelshap,,0.05,0.0
qt,TN,2831fa76655c614ed3df0816401514950e79b5e6,lime,,0.01,0.4
qt,TN,2831fa76655c614ed3df0816401514950e79b5e6,lime,,0.03,0.0
qt,TN,2831fa76655c614ed3df0816401514950e79b5e6,lime,,0.05,0.0
qt,TN,2831fa76655c614ed3df0816401514950e79b5e6,llm_counterfactual,qwen36_27b_local,0.01,0.6599999999999999
qt,TN,2831fa76655c614ed3df0816401514950e79b5e6,llm_counterfactual,qwen36_27b_local,0.03,0.2
qt,TN,2831fa76655c614ed3df0816401514950e79b5e6,llm_counterfactual,qwen36_27b_local,0.05,0.2
qt,TN,2831fa76655c614ed3df0816401514950e79b5e6,llm_kernelshap,qwen36_27b_local,0.01,0.52
qt,TN,2831fa76655c614ed3df0816401514950e79b5e6,llm_kernelshap,qwen36_27b_local,0.03,0.12000000000000002
qt,TN,2831fa76655c614ed3df0816401514950e79b5e6,llm_kernelshap,qwen36_27b_local,0.05,0.12000000000000002
qt,TN,2831fa76655c614ed3df0816401514950e79b5e6,llm_lime,qwen36_27b_local,0.01,0.72
qt,TN,2831fa76655c614ed3df0816401514950e79b5e6,llm_lime,qwen36_27b_local,0.03,0.24000000000000005
qt,TN,2831fa76655c614ed3df0816401514950e79b5e6,llm_lime,qwen36_27b_local,0.05,0.24000000000000005
qt,TN,2831fa76655c614ed3df0816401514950e79b5e6,llm_lofo,qwen36_27b_local,0.01,0.52
qt,TN,2831fa76655c614ed3df0816401514950e79b5e6,llm_lofo,qwen36_27b_local,0.03,0.08
qt,TN,2831fa76655c614ed3df0816401514950e79b5e6,llm_lofo,qwen36_27b_local,0.05,0.08
qt,TN,2831fa76655c614ed3df0816401514950e79b5e6,lofo,,0.01,0.8
qt,TN,2831fa76655c614ed3df0816401514950e79b5e6,lofo,,0.03,0.4
qt,TN,2831fa76655c614ed3df0816401514950e79b5e6,lofo,,0.05,0.4
qt,TN,3e379bcc799edb6a78bc8cea093a278dbe32f33c,counterfactual,,0.01,1.0
qt,TN,3e379bcc799edb6a78bc8cea093a278dbe32f33c,counterfactual,,0.03,0.6
qt,TN,3e379bcc799edb6a78bc8cea093a278dbe32f33c,counterfactual,,0.05,0.4
qt,TN,3e379bcc799edb6a78bc8cea093a278dbe32f33c,kernelshap,,0.01,1.0
qt,TN,3e379bcc799edb6a78bc8cea093a278dbe32f33c,kernelshap,,0.03,0.6
qt,TN,3e379bcc799edb6a78bc8cea093a278dbe32f33c,kernelshap,,0.05,0.4
qt,TN,3e379bcc799edb6a78bc8cea093a278dbe32f33c,lime,,0.01,0.9199999999999999
qt,TN,3e379bcc799edb6a78bc8cea093a278dbe32f33c,lime,,0.03,0.52
qt,TN,3e379bcc799edb6a78bc8cea093a278dbe32f33c,lime,,0.05,0.32
qt,TN,3e379bcc799edb6a78bc8cea093a278dbe32f33c,llm_counterfactual,qwen36_27b_local,0.01,0.64
qt,TN,3e379bcc799edb6a78bc8cea093a278dbe32f33c,llm_counterfactual,qwen36_27b_local,0.03,0.5599999999999999
qt,TN,3e379bcc799edb6a78bc8cea093a278dbe32f33c,llm_counterfactual,qwen36_27b_local,0.05,0.4
qt,TN,3e379bcc799edb6a78bc8cea093a278dbe32f33c,llm_kernelshap,qwen36_27b_local,0.01,0.8
qt,TN,3e379bcc799edb6a78bc8cea093a278dbe32f33c,llm_kernelshap,qwen36_27b_local,0.03,0.6
qt,TN,3e379bcc799edb6a78bc8cea093a278dbe32f33c,llm_kernelshap,qwen36_27b_local,0.05,0.4
qt,TN,3e379bcc799edb6a78bc8cea093a278dbe32f33c,llm_lime,qwen36_27b_local,0.01,0.8
qt,TN,3e379bcc799edb6a78bc8cea093a278dbe32f33c,llm_lime,qwen36_27b_local,0.03,0.6
qt,TN,3e379bcc799edb6a78bc8cea093a278dbe32f33c,llm_lime,qwen36_27b_local,0.05,0.4
qt,TN,3e379bcc799edb6a78bc8cea093a278dbe32f33c,llm_lofo,qwen36_27b_local,0.01,0.8400000000000001
qt,TN,3e379bcc799edb6a78bc8cea093a278dbe32f33c,llm_lofo,qwen36_27b_local,0.03,0.36
qt,TN,3e379bcc799edb6a78bc8cea093a278dbe32f33c,llm_lofo,qwen36_27b_local,0.05,0.16
qt,TN,3e379bcc799edb6a78bc8cea093a278dbe32f33c,lofo,,0.01,1.0
qt,TN,3e379bcc799edb6a78bc8cea093a278dbe32f33c,lofo,,0.03,0.4
qt,TN,3e379bcc799edb6a78bc8cea093a278dbe32f33c,lofo,,0.05,0.2
qt,TN,4331ccd4b735d9d721a384193a3d42ee2ce6c805,counterfactual,,0.01,1.0
qt,TN,4331ccd4b735d9d721a384193a3d42ee2ce6c805,counterfactual,,0.03,0.8
qt,TN,4331ccd4b735d9d721a384193a3d42ee2ce6c805,counterfactual,,0.05,0.6
qt,TN,4331ccd4b735d9d721a384193a3d42ee2ce6c805,kernelshap,,0.01,1.0
qt,TN,4331ccd4b735d9d721a384193a3d42ee2ce6c805,kernelshap,,0.03,1.0
qt,TN,4331ccd4b735d9d721a384193a3d42ee2ce6c805,kernelshap,,0.05,0.8
qt,TN,4331ccd4b735d9d721a384193a3d42ee2ce6c805,lime,,0.01,0.8
qt,TN,4331ccd4b735d9d721a384193a3d42ee2ce6c805,lime,,0.03,0.6
qt,TN,4331ccd4b735d9d721a384193a3d42ee2ce6c805,lime,,0.05,0.2
qt,TN,4331ccd4b735d9d721a384193a3d42ee2ce6c805,llm_counterfactual,qwen36_27b_local,0.01,0.96
qt,TN,4331ccd4b735d9d721a384193a3d42ee2ce6c805,llm_counterfactual,qwen36_27b_local,0.03,0.8
qt,TN,4331ccd4b735d9d721a384193a3d42ee2ce6c805,llm_counterfactual,qwen36_27b_local,0.05,0.24000000000000005
qt,TN,4331ccd4b735d9d721a384193a3d42ee2ce6c805,llm_kernelshap,qwen36_27b_local,0.01,0.6
qt,TN,4331ccd4b735d9d721a384193a3d42ee2ce6c805,llm_kernelshap,qwen36_27b_local,0.03,0.6
qt,TN,4331ccd4b735d9d721a384193a3d42ee2ce6c805,llm_kernelshap,qwen36_27b_local,0.05,0.2
qt,TN,4331ccd4b735d9d721a384193a3d42ee2ce6c805,llm_lime,qwen36_27b_local,0.01,0.8
qt,TN,4331ccd4b735d9d721a384193a3d42ee2ce6c805,llm_lime,qwen36_27b_local,0.03,0.72
qt,TN,4331ccd4b735d9d721a384193a3d42ee2ce6c805,llm_lime,qwen36_27b_local,0.05,0.2
qt,TN,4331ccd4b735d9d721a384193a3d42ee2ce6c805,llm_lofo,qwen36_27b_local,0.01,0.6
qt,TN,4331ccd4b735d9d721a384193a3d42ee2ce6c805,llm_lofo,qwen36_27b_local,0.03,0.6
qt,TN,4331ccd4b735d9d721a384193a3d42ee2ce6c805,llm_lofo,qwen36_27b_local,0.05,0.2
qt,TN,4331ccd4b735d9d721a384193a3d42ee2ce6c805,lofo,,0.01,1.0
qt,TN,4331ccd4b735d9d721a384193a3d42ee2ce6c805,lofo,,0.03,0.8
qt,TN,4331ccd4b735d9d721a384193a3d42ee2ce6c805,lofo,,0.05,0.6
qt,TN,4ebc2cf74e557b65a8ce1dc518ca92f399ce89e8,counterfactual,,0.01,1.0
qt,TN,4ebc2cf74e557b65a8ce1dc518ca92f399ce89e8,counterfactual,,0.03,0.6
qt,TN,4ebc2cf74e557b65a8ce1dc518ca92f399ce89e8,counterfactual,,0.05,0.6
qt,TN,4ebc2cf74e557b65a8ce1dc518ca92f399ce89e8,kernelshap,,0.01,1.0
qt,TN,4ebc2cf74e557b65a8ce1dc518ca92f399ce89e8,kernelshap,,0.03,0.8
qt,TN,4ebc2cf74e557b65a8ce1dc518ca92f399ce89e8,kernelshap,,0.05,0.8
qt,TN,4ebc2cf74e557b65a8ce1dc518ca92f399ce89e8,lime,,0.01,1.0
qt,TN,4ebc2cf74e557b65a8ce1dc518ca92f399ce89e8,lime,,0.03,1.0
qt,TN,4ebc2cf74e557b65a8ce1dc518ca92f399ce89e8,lime,,0.05,0.6
qt,TN,4ebc2cf74e557b65a8ce1dc518ca92f399ce89e8,llm_counterfactual,qwen36_27b_local,0.01,0.8400000000000001
qt,TN,4ebc2cf74e557b65a8ce1dc518ca92f399ce89e8,llm_counterfactual,qwen36_27b_local,0.03,0.72
qt,TN,4ebc2cf74e557b65a8ce1dc518ca92f399ce89e8,llm_counterfactual,qwen36_27b_local,0.05,0.32
qt,TN,4ebc2cf74e557b65a8ce1dc518ca92f399ce89e8,llm_kernelshap,qwen36_27b_local,0.01,0.8400000000000001
qt,TN,4ebc2cf74e557b65a8ce1dc518ca92f399ce89e8,llm_kernelshap,qwen36_27b_local,0.03,0.8
qt,TN,4ebc2cf74e557b65a8ce1dc518ca92f399ce89e8,llm_kernelshap,qwen36_27b_local,0.05,0.4
qt,TN,4ebc2cf74e557b65a8ce1dc518ca92f399ce89e8,llm_lime,qwen36_27b_local,0.01,0.8
qt,TN,4ebc2cf74e557b65a8ce1dc518ca92f399ce89e8,llm_lime,qwen36_27b_local,0.03,0.8
qt,TN,4ebc2cf74e557b65a8ce1dc518ca92f399ce89e8,llm_lime,qwen36_27b_local,0.05,0.4
qt,TN,4ebc2cf74e557b65a8ce1dc518ca92f399ce89e8,llm_lofo,qwen36_27b_local,0.01,0.8
qt,TN,4ebc2cf74e557b65a8ce1dc518ca92f399ce89e8,llm_lofo,qwen36_27b_local,0.03,0.4800000000000001
qt,TN,4ebc2cf74e557b65a8ce1dc518ca92f399ce89e8,llm_lofo,qwen36_27b_local,0.05,0.24000000000000005
qt,TN,4ebc2cf74e557b65a8ce1dc518ca92f399ce89e8,lofo,,0.01,1.0
qt,TN,4ebc2cf74e557b65a8ce1dc518ca92f399ce89e8,lofo,,0.03,1.0
qt,TN,4ebc2cf74e557b65a8ce1dc518ca92f399ce89e8,lofo,,0.05,0.8
qt,TN,4f4ad7c262ce4723417efa14c4d3fdb875be53d0,counterfactual,,0.01,1.0
qt,TN,4f4ad7c262ce4723417efa14c4d3fdb875be53d0,counterfactual,,0.03,0.6
qt,TN,4f4ad7c262ce4723417efa14c4d3fdb875be53d0,counterfactual,,0.05,0.2
qt,TN,4f4ad7c262ce4723417efa14c4d3fdb875be53d0,kernelshap,,0.01,0.96
qt,TN,4f4ad7c262ce4723417efa14c4d3fdb875be53d0,kernelshap,,0.03,0.8
qt,TN,4f4ad7c262ce4723417efa14c4d3fdb875be53d0,kernelshap,,0.05,0.2
qt,TN,4f4ad7c262ce4723417efa14c4d3fdb875be53d0,lime,,0.01,1.0
qt,TN,4f4ad7c262ce4723417efa14c4d3fdb875be53d0,lime,,0.03,0.6
qt,TN,4f4ad7c262ce4723417efa14c4d3fdb875be53d0,lime,,0.05,0.2
qt,TN,4f4ad7c262ce4723417efa14c4d3fdb875be53d0,llm_counterfactual,qwen36_27b_local,0.01,1.0
qt,TN,4f4ad7c262ce4723417efa14c4d3fdb875be53d0,llm_counterfactual,qwen36_27b_local,0.03,0.72
qt,TN,4f4ad7c262ce4723417efa14c4d3fdb875be53d0,llm_counterfactual,qwen36_27b_local,0.05,0.4
qt,TN,4f4ad7c262ce4723417efa14c4d3fdb875be53d0,llm_kernelshap,qwen36_27b_local,0.01,0.9199999999999999
qt,TN,4f4ad7c262ce4723417efa14c4d3fdb875be53d0,llm_kernelshap,qwen36_27b_local,0.03,0.6
qt,TN,4f4ad7c262ce4723417efa14c4d3fdb875be53d0,llm_kernelshap,qwen36_27b_local,0.05,0.24000000000000005
qt,TN,4f4ad7c262ce4723417efa14c4d3fdb875be53d0,llm_lime,qwen36_27b_local,0.01,1.0
qt,TN,4f4ad7c262ce4723417efa14c4d3fdb875be53d0,llm_lime,qwen36_27b_local,0.03,0.72
qt,TN,4f4ad7c262ce4723417efa14c4d3fdb875be53d0,llm_lime,qwen36_27b_local,0.05,0.32
qt,TN,4f4ad7c262ce4723417efa14c4d3fdb875be53d0,llm_lofo,qwen36_27b_local,0.01,0.76
qt,TN,4f4ad7c262ce4723417efa14c4d3fdb875be53d0,llm_lofo,qwen36_27b_local,0.03,0.43
qt,TN,4f4ad7c262ce4723417efa14c4d3fdb875be53d0,llm_lofo,qwen36_27b_local,0.05,0.0
qt,TN,4f4ad7c262ce4723417efa14c4d3fdb875be53d0,lofo,,0.01,1.0
qt,TN,4f4ad7c262ce4723417efa14c4d3fdb875be53d0,lofo,,0.03,0.8
qt,TN,4f4ad7c262ce4723417efa14c4d3fdb875be53d0,lofo,,0.05,0.2
qt,TN,5cb54cb5ebae99fab121061e25e26eec3056203a,counterfactual,,0.01,1.0
qt,TN,5cb54cb5ebae99fab121061e25e26eec3056203a,counterfactual,,0.03,1.0
qt,TN,5cb54cb5ebae99fab121061e25e26eec3056203a,counterfactual,,0.05,0.4
qt,TN,5cb54cb5ebae99fab121061e25e26eec3056203a,kernelshap,,0.01,1.0
qt,TN,5cb54cb5ebae99fab121061e25e26eec3056203a,kernelshap,,0.03,0.72
qt,TN,5cb54cb5ebae99fab121061e25e26eec3056203a,kernelshap,,0.05,0.2
qt,TN,5cb54cb5ebae99fab121061e25e26eec3056203a,lime,,0.01,1.0
qt,TN,5cb54cb5ebae99fab121061e25e26eec3056203a,lime,,0.03,0.6799999999999999
qt,TN,5cb54cb5ebae99fab121061e25e26eec3056203a,lime,,0.05,0.2
qt,TN,5cb54cb5ebae99fab121061e25e26eec3056203a,llm_counterfactual,qwen36_27b_local,0.01,1.0
qt,TN,5cb54cb5ebae99fab121061e25e26eec3056203a,llm_counterfactual,qwen36_27b_local,0.03,1.0
qt,TN,5cb54cb5ebae99fab121061e25e26eec3056203a,llm_counterfactual,qwen36_27b_local,0.05,0.2
qt,TN,5cb54cb5ebae99fab121061e25e26eec3056203a,llm_kernelshap,qwen36_27b_local,0.01,1.0
qt,TN,5cb54cb5ebae99fab121061e25e26eec3056203a,llm_kernelshap,qwen36_27b_local,0.03,1.0
qt,TN,5cb54cb5ebae99fab121061e25e26eec3056203a,llm_kernelshap,qwen36_27b_local,0.05,0.2
qt,TN,5cb54cb5ebae99fab121061e25e26eec3056203a,llm_lime,qwen36_27b_local,0.01,1.0
qt,TN,5cb54cb5ebae99fab121061e25e26eec3056203a,llm_lime,qwen36_27b_local,0.03,0.96
qt,TN,5cb54cb5ebae99fab121061e25e26eec3056203a,llm_lime,qwen36_27b_local,0.05,0.2
qt,TN,5cb54cb5ebae99fab121061e25e26eec3056203a,llm_lofo,qwen36_27b_local,0.01,0.9199999999999999
qt,TN,5cb54cb5ebae99fab121061e25e26eec3056203a,llm_lofo,qwen36_27b_local,0.03,0.8400000000000001
qt,TN,5cb54cb5ebae99fab121061e25e26eec3056203a,llm_lofo,qwen36_27b_local,0.05,0.2
qt,TN,5cb54cb5ebae99fab121061e25e26eec3056203a,lofo,,0.01,1.0
qt,TN,5cb54cb5ebae99fab121061e25e26eec3056203a,lofo,,0.03,0.8
qt,TN,5cb54cb5ebae99fab121061e25e26eec3056203a,lofo,,0.05,0.2
qt,TN,67ee72f3145fd14b36af408918ed3420504d3035,counterfactual,,0.01,0.8
qt,TN,67ee72f3145fd14b36af408918ed3420504d3035,counterfactual,,0.03,0.6
qt,TN,67ee72f3145fd14b36af408918ed3420504d3035,counterfactual,,0.05,0.4
qt,TN,67ee72f3145fd14b36af408918ed3420504d3035,kernelshap,,0.01,1.0
qt,TN,67ee72f3145fd14b36af408918ed3420504d3035,kernelshap,,0.03,0.8
qt,TN,67ee72f3145fd14b36af408918ed3420504d3035,kernelshap,,0.05,0.6
qt,TN,67ee72f3145fd14b36af408918ed3420504d3035,lime,,0.01,1.0
qt,TN,67ee72f3145fd14b36af408918ed3420504d3035,lime,,0.03,0.6
qt,TN,67ee72f3145fd14b36af408918ed3420504d3035,lime,,0.05,0.6
qt,TN,67ee72f3145fd14b36af408918ed3420504d3035,llm_counterfactual,qwen36_27b_local,0.01,1.0
qt,TN,67ee72f3145fd14b36af408918ed3420504d3035,llm_counterfactual,qwen36_27b_local,0.03,0.48
qt,TN,67ee72f3145fd14b36af408918ed3420504d3035,llm_counterfactual,qwen36_27b_local,0.05,0.48
qt,TN,67ee72f3145fd14b36af408918ed3420504d3035,llm_kernelshap,qwen36_27b_local,0.01,1.0
qt,TN,67ee72f3145fd14b36af408918ed3420504d3035,llm_kernelshap,qwen36_27b_local,0.03,0.44000000000000006
qt,TN,67ee72f3145fd14b36af408918ed3420504d3035,llm_kernelshap,qwen36_27b_local,0.05,0.36
qt,TN,67ee72f3145fd14b36af408918ed3420504d3035,llm_lime,qwen36_27b_local,0.01,1.0
qt,TN,67ee72f3145fd14b36af408918ed3420504d3035,llm_lime,qwen36_27b_local,0.03,0.4
qt,TN,67ee72f3145fd14b36af408918ed3420504d3035,llm_lime,qwen36_27b_local,0.05,0.4
qt,TN,67ee72f3145fd14b36af408918ed3420504d3035,llm_lofo,qwen36_27b_local,0.01,1.0
qt,TN,67ee72f3145fd14b36af408918ed3420504d3035,llm_lofo,qwen36_27b_local,0.03,0.4
qt,TN,67ee72f3145fd14b36af408918ed3420504d3035,llm_lofo,qwen36_27b_local,0.05,0.2
qt,TN,67ee72f3145fd14b36af408918ed3420504d3035,lofo,,0.01,1.0
qt,TN,67ee72f3145fd14b36af408918ed3420504d3035,lofo,,0.03,1.0
qt,TN,67ee72f3145fd14b36af408918ed3420504d3035,lofo,,0.05,0.6
qt,TN,88a8deea86fe69448ca1586c2ee567a53dee1008,counterfactual,,0.01,0.4
qt,TN,88a8deea86fe69448ca1586c2ee567a53dee1008,counterfactual,,0.03,0.4
qt,TN,88a8deea86fe69448ca1586c2ee567a53dee1008,counterfactual,,0.05,0.4
qt,TN,88a8deea86fe69448ca1586c2ee567a53dee1008,kernelshap,,0.01,1.0
qt,TN,88a8deea86fe69448ca1586c2ee567a53dee1008,kernelshap,,0.03,0.4
qt,TN,88a8deea86fe69448ca1586c2ee567a53dee1008,kernelshap,,0.05,0.4
qt,TN,88a8deea86fe69448ca1586c2ee567a53dee1008,lime,,0.01,1.0
qt,TN,88a8deea86fe69448ca1586c2ee567a53dee1008,lime,,0.03,0.2
qt,TN,88a8deea86fe69448ca1586c2ee567a53dee1008,lime,,0.05,0.2
qt,TN,88a8deea86fe69448ca1586c2ee567a53dee1008,llm_counterfactual,qwen36_27b_local,0.01,1.0
qt,TN,88a8deea86fe69448ca1586c2ee567a53dee1008,llm_counterfactual,qwen36_27b_local,0.03,0.4
qt,TN,88a8deea86fe69448ca1586c2ee567a53dee1008,llm_counterfactual,qwen36_27b_local,0.05,0.4
qt,TN,88a8deea86fe69448ca1586c2ee567a53dee1008,llm_kernelshap,qwen36_27b_local,0.01,1.0
qt,TN,88a8deea86fe69448ca1586c2ee567a53dee1008,llm_kernelshap,qwen36_27b_local,0.03,0.36
qt,TN,88a8deea86fe69448ca1586c2ee567a53dee1008,llm_kernelshap,qwen36_27b_local,0.05,0.36
qt,TN,88a8deea86fe69448ca1586c2ee567a53dee1008,llm_lime,qwen36_27b_local,0.01,0.96
qt,TN,88a8deea86fe69448ca1586c2ee567a53dee1008,llm_lime,qwen36_27b_local,0.03,0.36
qt,TN,88a8deea86fe69448ca1586c2ee567a53dee1008,llm_lime,qwen36_27b_local,0.05,0.36
qt,TN,88a8deea86fe69448ca1586c2ee567a53dee1008,llm_lofo,qwen36_27b_local,0.01,0.9199999999999999
qt,TN,88a8deea86fe69448ca1586c2ee567a53dee1008,llm_lofo,qwen36_27b_local,0.03,0.12000000000000002
qt,TN,88a8deea86fe69448ca1586c2ee567a53dee1008,llm_lofo,qwen36_27b_local,0.05,0.12000000000000002
qt,TN,88a8deea86fe69448ca1586c2ee567a53dee1008,lofo,,0.01,0.8
qt,TN,88a8deea86fe69448ca1586c2ee567a53dee1008,lofo,,0.03,0.2
qt,TN,88a8deea86fe69448ca1586c2ee567a53dee1008,lofo,,0.05,0.2
qt,TN,9a50333dd03969abb3f09c0f90dcb4afd048e47a,counterfactual,,0.01,1.0
qt,TN,9a50333dd03969abb3f09c0f90dcb4afd048e47a,counterfactual,,0.03,0.6
qt,TN,9a50333dd03969abb3f09c0f90dcb4afd048e47a,counterfactual,,0.05,0.4
qt,TN,9a50333dd03969abb3f09c0f90dcb4afd048e47a,kernelshap,,0.01,1.0
qt,TN,9a50333dd03969abb3f09c0f90dcb4afd048e47a,kernelshap,,0.03,0.8800000000000001
qt,TN,9a50333dd03969abb3f09c0f90dcb4afd048e47a,kernelshap,,0.05,0.6799999999999999
qt,TN,9a50333dd03969abb3f09c0f90dcb4afd048e47a,lime,,0.01,0.6799999999999999
qt,TN,9a50333dd03969abb3f09c0f90dcb4afd048e47a,lime,,0.03,0.6
qt,TN,9a50333dd03969abb3f09c0f90dcb4afd048e47a,lime,,0.05,0.4
qt,TN,9a50333dd03969abb3f09c0f90dcb4afd048e47a,llm_counterfactual,qwen36_27b_local,0.01,0.76
qt,TN,9a50333dd03969abb3f09c0f90dcb4afd048e47a,llm_counterfactual,qwen36_27b_local,0.03,0.76
qt,TN,9a50333dd03969abb3f09c0f90dcb4afd048e47a,llm_counterfactual,qwen36_27b_local,0.05,0.52
qt,TN,9a50333dd03969abb3f09c0f90dcb4afd048e47a,llm_kernelshap,qwen36_27b_local,0.01,0.8
qt,TN,9a50333dd03969abb3f09c0f90dcb4afd048e47a,llm_kernelshap,qwen36_27b_local,0.03,0.76
qt,TN,9a50333dd03969abb3f09c0f90dcb4afd048e47a,llm_kernelshap,qwen36_27b_local,0.05,0.52
qt,TN,9a50333dd03969abb3f09c0f90dcb4afd048e47a,llm_lime,qwen36_27b_local,0.01,0.6799999999999999
qt,TN,9a50333dd03969abb3f09c0f90dcb4afd048e47a,llm_lime,qwen36_27b_local,0.03,0.64
qt,TN,9a50333dd03969abb3f09c0f90dcb4afd048e47a,llm_lime,qwen36_27b_local,0.05,0.44000000000000006
qt,TN,9a50333dd03969abb3f09c0f90dcb4afd048e47a,llm_lofo,qwen36_27b_local,0.01,0.62
qt,TN,9a50333dd03969abb3f09c0f90dcb4afd048e47a,llm_lofo,qwen36_27b_local,0.03,0.52
qt,TN,9a50333dd03969abb3f09c0f90dcb4afd048e47a,llm_lofo,qwen36_27b_local,0.05,0.24
qt,TN,9a50333dd03969abb3f09c0f90dcb4afd048e47a,lofo,,0.01,0.8
qt,TN,9a50333dd03969abb3f09c0f90dcb4afd048e47a,lofo,,0.03,0.6
qt,TN,9a50333dd03969abb3f09c0f90dcb4afd048e47a,lofo,,0.05,0.4
qt,TN,9b3d91237bf38492fd97457624d4cb5cd486bd56,counterfactual,,0.01,1.0
qt,TN,9b3d91237bf38492fd97457624d4cb5cd486bd56,counterfactual,,0.03,0.8
qt,TN,9b3d91237bf38492fd97457624d4cb5cd486bd56,counterfactual,,0.05,0.6
qt,TN,9b3d91237bf38492fd97457624d4cb5cd486bd56,kernelshap,,0.01,1.0
qt,TN,9b3d91237bf38492fd97457624d4cb5cd486bd56,kernelshap,,0.03,0.8
qt,TN,9b3d91237bf38492fd97457624d4cb5cd486bd56,kernelshap,,0.05,0.6
qt,TN,9b3d91237bf38492fd97457624d4cb5cd486bd56,lime,,0.01,0.6799999999999999
qt,TN,9b3d91237bf38492fd97457624d4cb5cd486bd56,lime,,0.03,0.48
qt,TN,9b3d91237bf38492fd97457624d4cb5cd486bd56,lime,,0.05,0.4
qt,TN,9b3d91237bf38492fd97457624d4cb5cd486bd56,llm_counterfactual,qwen36_27b_local,0.01,0.76
qt,TN,9b3d91237bf38492fd97457624d4cb5cd486bd56,llm_counterfactual,qwen36_27b_local,0.03,0.5599999999999999
qt,TN,9b3d91237bf38492fd97457624d4cb5cd486bd56,llm_counterfactual,qwen36_27b_local,0.05,0.36
qt,TN,9b3d91237bf38492fd97457624d4cb5cd486bd56,llm_kernelshap,qwen36_27b_local,0.01,0.6799999999999999
qt,TN,9b3d91237bf38492fd97457624d4cb5cd486bd56,llm_kernelshap,qwen36_27b_local,0.03,0.5599999999999999
qt,TN,9b3d91237bf38492fd97457624d4cb5cd486bd56,llm_kernelshap,qwen36_27b_local,0.05,0.36
qt,TN,9b3d91237bf38492fd97457624d4cb5cd486bd56,llm_lime,qwen36_27b_local,0.01,0.6799999999999999
qt,TN,9b3d91237bf38492fd97457624d4cb5cd486bd56,llm_lime,qwen36_27b_local,0.03,0.6
qt,TN,9b3d91237bf38492fd97457624d4cb5cd486bd56,llm_lime,qwen36_27b_local,0.05,0.36
qt,TN,9b3d91237bf38492fd97457624d4cb5cd486bd56,llm_lofo,qwen36_27b_local,0.01,0.76
qt,TN,9b3d91237bf38492fd97457624d4cb5cd486bd56,llm_lofo,qwen36_27b_local,0.03,0.4
qt,TN,9b3d91237bf38492fd97457624d4cb5cd486bd56,llm_lofo,qwen36_27b_local,0.05,0.36
qt,TN,9b3d91237bf38492fd97457624d4cb5cd486bd56,lofo,,0.01,0.8
qt,TN,9b3d91237bf38492fd97457624d4cb5cd486bd56,lofo,,0.03,0.6
qt,TN,9b3d91237bf38492fd97457624d4cb5cd486bd56,lofo,,0.05,0.4
qt,TN,9b54447e453e2cb7b7375e2c6104b2595ab1594e,counterfactual,,0.01,1.0
qt,TN,9b54447e453e2cb7b7375e2c6104b2595ab1594e,counterfactual,,0.03,1.0
qt,TN,9b54447e453e2cb7b7375e2c6104b2595ab1594e,counterfactual,,0.05,0.8
qt,TN,9b54447e453e2cb7b7375e2c6104b2595ab1594e,kernelshap,,0.01,0.8
qt,TN,9b54447e453e2cb7b7375e2c6104b2595ab1594e,kernelshap,,0.03,0.8
qt,TN,9b54447e453e2cb7b7375e2c6104b2595ab1594e,kernelshap,,0.05,0.8
qt,TN,9b54447e453e2cb7b7375e2c6104b2595ab1594e,lime,,0.01,1.0
qt,TN,9b54447e453e2cb7b7375e2c6104b2595ab1594e,lime,,0.03,0.72
qt,TN,9b54447e453e2cb7b7375e2c6104b2595ab1594e,lime,,0.05,0.52
qt,TN,9b54447e453e2cb7b7375e2c6104b2595ab1594e,llm_counterfactual,qwen36_27b_local,0.01,1.0
qt,TN,9b54447e453e2cb7b7375e2c6104b2595ab1594e,llm_counterfactual,qwen36_27b_local,0.03,0.6
qt,TN,9b54447e453e2cb7b7375e2c6104b2595ab1594e,llm_counterfactual,qwen36_27b_local,0.05,0.4
qt,TN,9b54447e453e2cb7b7375e2c6104b2595ab1594e,llm_kernelshap,qwen36_27b_local,0.01,1.0
qt,TN,9b54447e453e2cb7b7375e2c6104b2595ab1594e,llm_kernelshap,qwen36_27b_local,0.03,0.6
qt,TN,9b54447e453e2cb7b7375e2c6104b2595ab1594e,llm_kernelshap,qwen36_27b_local,0.05,0.4
qt,TN,9b54447e453e2cb7b7375e2c6104b2595ab1594e,llm_lime,qwen36_27b_local,0.01,1.0
qt,TN,9b54447e453e2cb7b7375e2c6104b2595ab1594e,llm_lime,qwen36_27b_local,0.03,0.5599999999999999
qt,TN,9b54447e453e2cb7b7375e2c6104b2595ab1594e,llm_lime,qwen36_27b_local,0.05,0.48
qt,TN,9b54447e453e2cb7b7375e2c6104b2595ab1594e,llm_lofo,qwen36_27b_local,0.01,0.9199999999999999
qt,TN,9b54447e453e2cb7b7375e2c6104b2595ab1594e,llm_lofo,qwen36_27b_local,0.03,0.5599999999999999
qt,TN,9b54447e453e2cb7b7375e2c6104b2595ab1594e,llm_lofo,qwen36_27b_local,0.05,0.48
qt,TN,9b54447e453e2cb7b7375e2c6104b2595ab1594e,lofo,,0.01,1.0
qt,TN,9b54447e453e2cb7b7375e2c6104b2595ab1594e,lofo,,0.03,0.4
qt,TN,9b54447e453e2cb7b7375e2c6104b2595ab1594e,lofo,,0.05,0.4
qt,TN,bcf1167ccb52341d72e6e2921077d2244803ee8d,counterfactual,,0.01,1.0
qt,TN,bcf1167ccb52341d72e6e2921077d2244803ee8d,counterfactual,,0.03,1.0
qt,TN,bcf1167ccb52341d72e6e2921077d2244803ee8d,counterfactual,,0.05,0.8
qt,TN,bcf1167ccb52341d72e6e2921077d2244803ee8d,kernelshap,,0.01,1.0
qt,TN,bcf1167ccb52341d72e6e2921077d2244803ee8d,kernelshap,,0.03,1.0
qt,TN,bcf1167ccb52341d72e6e2921077d2244803ee8d,kernelshap,,0.05,0.8
qt,TN,bcf1167ccb52341d72e6e2921077d2244803ee8d,lime,,0.01,0.8
qt,TN,bcf1167ccb52341d72e6e2921077d2244803ee8d,lime,,0.03,0.44000000000000006
qt,TN,bcf1167ccb52341d72e6e2921077d2244803ee8d,lime,,0.05,0.24000000000000005
qt,TN,bcf1167ccb52341d72e6e2921077d2244803ee8d,llm_counterfactual,qwen36_27b_local,0.01,0.8400000000000001
qt,TN,bcf1167ccb52341d72e6e2921077d2244803ee8d,llm_counterfactual,qwen36_27b_local,0.03,0.44000000000000006
qt,TN,bcf1167ccb52341d72e6e2921077d2244803ee8d,llm_counterfactual,qwen36_27b_local,0.05,0.24000000000000005
qt,TN,bcf1167ccb52341d72e6e2921077d2244803ee8d,llm_kernelshap,qwen36_27b_local,0.01,0.8800000000000001
qt,TN,bcf1167ccb52341d72e6e2921077d2244803ee8d,llm_kernelshap,qwen36_27b_local,0.03,0.52
qt,TN,bcf1167ccb52341d72e6e2921077d2244803ee8d,llm_kernelshap,qwen36_27b_local,0.05,0.32
qt,TN,bcf1167ccb52341d72e6e2921077d2244803ee8d,llm_lime,qwen36_27b_local,0.01,0.8800000000000001
qt,TN,bcf1167ccb52341d72e6e2921077d2244803ee8d,llm_lime,qwen36_27b_local,0.03,0.44000000000000006
qt,TN,bcf1167ccb52341d72e6e2921077d2244803ee8d,llm_lime,qwen36_27b_local,0.05,0.24000000000000005
qt,TN,bcf1167ccb52341d72e6e2921077d2244803ee8d,llm_lofo,qwen36_27b_local,0.01,0.8
qt,TN,bcf1167ccb52341d72e6e2921077d2244803ee8d,llm_lofo,qwen36_27b_local,0.03,0.64
qt,TN,bcf1167ccb52341d72e6e2921077d2244803ee8d,llm_lofo,qwen36_27b_local,0.05,0.44000000000000006
qt,TN,bcf1167ccb52341d72e6e2921077d2244803ee8d,lofo,,0.01,1.0
qt,TN,bcf1167ccb52341d72e6e2921077d2244803ee8d,lofo,,0.03,0.8
qt,TN,bcf1167ccb52341d72e6e2921077d2244803ee8d,lofo,,0.05,0.8
qt,TN,bd79c331f14e6cfab9e0b5815404c8194526e8f1,counterfactual,,0.01,0.6
qt,TN,bd79c331f14e6cfab9e0b5815404c8194526e8f1,counterfactual,,0.03,0.6
qt,TN,bd79c331f14e6cfab9e0b5815404c8194526e8f1,counterfactual,,0.05,0.6
qt,TN,bd79c331f14e6cfab9e0b5815404c8194526e8f1,kernelshap,,0.01,1.0
qt,TN,bd79c331f14e6cfab9e0b5815404c8194526e8f1,kernelshap,,0.03,1.0
qt,TN,bd79c331f14e6cfab9e0b5815404c8194526e8f1,kernelshap,,0.05,0.6
qt,TN,bd79c331f14e6cfab9e0b5815404c8194526e8f1,lime,,0.01,0.6
qt,TN,bd79c331f14e6cfab9e0b5815404c8194526e8f1,lime,,0.03,0.6
qt,TN,bd79c331f14e6cfab9e0b5815404c8194526e8f1,lime,,0.05,0.4
qt,TN,bd79c331f14e6cfab9e0b5815404c8194526e8f1,llm_counterfactual,qwen36_27b_local,0.01,0.6799999999999999
qt,TN,bd79c331f14e6cfab9e0b5815404c8194526e8f1,llm_counterfactual,qwen36_27b_local,0.03,0.4
qt,TN,bd79c331f14e6cfab9e0b5815404c8194526e8f1,llm_counterfactual,qwen36_27b_local,0.05,0.32
qt,TN,bd79c331f14e6cfab9e0b5815404c8194526e8f1,llm_kernelshap,qwen36_27b_local,0.01,0.72
qt,TN,bd79c331f14e6cfab9e0b5815404c8194526e8f1,llm_kernelshap,qwen36_27b_local,0.03,0.52
qt,TN,bd79c331f14e6cfab9e0b5815404c8194526e8f1,llm_kernelshap,qwen36_27b_local,0.05,0.44000000000000006
qt,TN,bd79c331f14e6cfab9e0b5815404c8194526e8f1,llm_lime,qwen36_27b_local,0.01,0.6799999999999999
qt,TN,bd79c331f14e6cfab9e0b5815404c8194526e8f1,llm_lime,qwen36_27b_local,0.03,0.44000000000000006
qt,TN,bd79c331f14e6cfab9e0b5815404c8194526e8f1,llm_lime,qwen36_27b_local,0.05,0.24000000000000005
qt,TN,bd79c331f14e6cfab9e0b5815404c8194526e8f1,llm_lofo,qwen36_27b_local,0.01,0.75
qt,TN,bd79c331f14e6cfab9e0b5815404c8194526e8f1,llm_lofo,qwen36_27b_local,0.03,0.5
qt,TN,bd79c331f14e6cfab9e0b5815404c8194526e8f1,llm_lofo,qwen36_27b_local,0.05,0.5
qt,TN,bd79c331f14e6cfab9e0b5815404c8194526e8f1,lofo,,0.01,1.0
qt,TN,bd79c331f14e6cfab9e0b5815404c8194526e8f1,lofo,,0.03,0.8
qt,TN,bd79c331f14e6cfab9e0b5815404c8194526e8f1,lofo,,0.05,0.6
qt,TN,e38a98ad4453974b2848eeed02d81e0c408ce0c6,counterfactual,,0.01,0.8
qt,TN,e38a98ad4453974b2848eeed02d81e0c408ce0c6,counterfactual,,0.03,0.6
qt,TN,e38a98ad4453974b2848eeed02d81e0c408ce0c6,counterfactual,,0.05,0.4
qt,TN,e38a98ad4453974b2848eeed02d81e0c408ce0c6,kernelshap,,0.01,0.8
qt,TN,e38a98ad4453974b2848eeed02d81e0c408ce0c6,kernelshap,,0.03,0.6
qt,TN,e38a98ad4453974b2848eeed02d81e0c408ce0c6,kernelshap,,0.05,0.4
qt,TN,e38a98ad4453974b2848eeed02d81e0c408ce0c6,lime,,0.01,0.6
qt,TN,e38a98ad4453974b2848eeed02d81e0c408ce0c6,lime,,0.03,0.4
qt,TN,e38a98ad4453974b2848eeed02d81e0c408ce0c6,lime,,0.05,0.4
qt,TN,e38a98ad4453974b2848eeed02d81e0c408ce0c6,llm_counterfactual,qwen36_27b_local,0.01,0.6
qt,TN,e38a98ad4453974b2848eeed02d81e0c408ce0c6,llm_counterfactual,qwen36_27b_local,0.03,0.44000000000000006
qt,TN,e38a98ad4453974b2848eeed02d81e0c408ce0c6,llm_counterfactual,qwen36_27b_local,0.05,0.4
qt,TN,e38a98ad4453974b2848eeed02d81e0c408ce0c6,llm_kernelshap,qwen36_27b_local,0.01,0.52
qt,TN,e38a98ad4453974b2848eeed02d81e0c408ce0c6,llm_kernelshap,qwen36_27b_local,0.03,0.4
qt,TN,e38a98ad4453974b2848eeed02d81e0c408ce0c6,llm_kernelshap,qwen36_27b_local,0.05,0.32
qt,TN,e38a98ad4453974b2848eeed02d81e0c408ce0c6,llm_lime,qwen36_27b_local,0.01,0.6
qt,TN,e38a98ad4453974b2848eeed02d81e0c408ce0c6,llm_lime,qwen36_27b_local,0.03,0.4
qt,TN,e38a98ad4453974b2848eeed02d81e0c408ce0c6,llm_lime,qwen36_27b_local,0.05,0.4
qt,TN,e38a98ad4453974b2848eeed02d81e0c408ce0c6,llm_lofo,qwen36_27b_local,0.01,0.6
qt,TN,e38a98ad4453974b2848eeed02d81e0c408ce0c6,llm_lofo,qwen36_27b_local,0.03,0.4
qt,TN,e38a98ad4453974b2848eeed02d81e0c408ce0c6,llm_lofo,qwen36_27b_local,0.05,0.32
qt,TN,e38a98ad4453974b2848eeed02d81e0c408ce0c6,lofo,,0.01,1.0
qt,TN,e38a98ad4453974b2848eeed02d81e0c408ce0c6,lofo,,0.03,1.0
qt,TN,e38a98ad4453974b2848eeed02d81e0c408ce0c6,lofo,,0.05,0.6
qt,TN,e3b7957d6552e88aa23bd0ecc474db5f14981707,counterfactual,,0.01,0.8
qt,TN,e3b7957d6552e88aa23bd0ecc474db5f14981707,counterfactual,,0.03,0.4
qt,TN,e3b7957d6552e88aa23bd0ecc474db5f14981707,counterfactual,,0.05,0.2
qt,TN,e3b7957d6552e88aa23bd0ecc474db5f14981707,kernelshap,,0.01,1.0
qt,TN,e3b7957d6552e88aa23bd0ecc474db5f14981707,kernelshap,,0.03,0.4
qt,TN,e3b7957d6552e88aa23bd0ecc474db5f14981707,kernelshap,,0.05,0.2
qt,TN,e3b7957d6552e88aa23bd0ecc474db5f14981707,lime,,0.01,1.0
qt,TN,e3b7957d6552e88aa23bd0ecc474db5f14981707,lime,,0.03,0.5599999999999999
qt,TN,e3b7957d6552e88aa23bd0ecc474db5f14981707,lime,,0.05,0.2
qt,TN,e3b7957d6552e88aa23bd0ecc474db5f14981707,llm_counterfactual,qwen36_27b_local,0.01,0.96
qt,TN,e3b7957d6552e88aa23bd0ecc474db5f14981707,llm_counterfactual,qwen36_27b_local,0.03,0.6
qt,TN,e3b7957d6552e88aa23bd0ecc474db5f14981707,llm_counterfactual,qwen36_27b_local,0.05,0.12000000000000002
qt,TN,e3b7957d6552e88aa23bd0ecc474db5f14981707,llm_kernelshap,qwen36_27b_local,0.01,0.9199999999999999
qt,TN,e3b7957d6552e88aa23bd0ecc474db5f14981707,llm_kernelshap,qwen36_27b_local,0.03,0.5599999999999999
qt,TN,e3b7957d6552e88aa23bd0ecc474db5f14981707,llm_kernelshap,qwen36_27b_local,0.05,0.12000000000000002
qt,TN,e3b7957d6552e88aa23bd0ecc474db5f14981707,llm_lime,qwen36_27b_local,0.01,0.96
qt,TN,e3b7957d6552e88aa23bd0ecc474db5f14981707,llm_lime,qwen36_27b_local,0.03,0.6799999999999999
qt,TN,e3b7957d6552e88aa23bd0ecc474db5f14981707,llm_lime,qwen36_27b_local,0.05,0.12000000000000002
qt,TN,e3b7957d6552e88aa23bd0ecc474db5f14981707,llm_lofo,qwen36_27b_local,0.01,1.0
qt,TN,e3b7957d6552e88aa23bd0ecc474db5f14981707,llm_lofo,qwen36_27b_local,0.03,0.52
qt,TN,e3b7957d6552e88aa23bd0ecc474db5f14981707,llm_lofo,qwen36_27b_local,0.05,0.12000000000000002
qt,TN,e3b7957d6552e88aa23bd0ecc474db5f14981707,lofo,,0.01,1.0
qt,TN,e3b7957d6552e88aa23bd0ecc474db5f14981707,lofo,,0.03,0.4
qt,TN,e3b7957d6552e88aa23bd0ecc474db5f14981707,lofo,,0.05,0.2
qt,TN,eb5994df1307b2e17e729374e1f7ab1c8fe82750,counterfactual,,0.01,0.8
qt,TN,eb5994df1307b2e17e729374e1f7ab1c8fe82750,counterfactual,,0.03,0.6
qt,TN,eb5994df1307b2e17e729374e1f7ab1c8fe82750,counterfactual,,0.05,0.6
qt,TN,eb5994df1307b2e17e729374e1f7ab1c8fe82750,kernelshap,,0.01,0.8
qt,TN,eb5994df1307b2e17e729374e1f7ab1c8fe82750,kernelshap,,0.03,0.6
qt,TN,eb5994df1307b2e17e729374e1f7ab1c8fe82750,kernelshap,,0.05,0.6
qt,TN,eb5994df1307b2e17e729374e1f7ab1c8fe82750,lime,,0.01,0.6
qt,TN,eb5994df1307b2e17e729374e1f7ab1c8fe82750,lime,,0.03,0.4
qt,TN,eb5994df1307b2e17e729374e1f7ab1c8fe82750,lime,,0.05,0.36
qt,TN,eb5994df1307b2e17e729374e1f7ab1c8fe82750,llm_counterfactual,qwen36_27b_local,0.01,0.64
qt,TN,eb5994df1307b2e17e729374e1f7ab1c8fe82750,llm_counterfactual,qwen36_27b_local,0.03,0.6
qt,TN,eb5994df1307b2e17e729374e1f7ab1c8fe82750,llm_counterfactual,qwen36_27b_local,0.05,0.6
qt,TN,eb5994df1307b2e17e729374e1f7ab1c8fe82750,llm_kernelshap,qwen36_27b_local,0.01,0.6799999999999999
qt,TN,eb5994df1307b2e17e729374e1f7ab1c8fe82750,llm_kernelshap,qwen36_27b_local,0.03,0.64
qt,TN,eb5994df1307b2e17e729374e1f7ab1c8fe82750,llm_kernelshap,qwen36_27b_local,0.05,0.64
qt,TN,eb5994df1307b2e17e729374e1f7ab1c8fe82750,llm_lime,qwen36_27b_local,0.01,0.72
qt,TN,eb5994df1307b2e17e729374e1f7ab1c8fe82750,llm_lime,qwen36_27b_local,0.03,0.64
qt,TN,eb5994df1307b2e17e729374e1f7ab1c8fe82750,llm_lime,qwen36_27b_local,0.05,0.6
qt,TN,eb5994df1307b2e17e729374e1f7ab1c8fe82750,llm_lofo,qwen36_27b_local,0.01,0.6
qt,TN,eb5994df1307b2e17e729374e1f7ab1c8fe82750,llm_lofo,qwen36_27b_local,0.03,0.6
qt,TN,eb5994df1307b2e17e729374e1f7ab1c8fe82750,llm_lofo,qwen36_27b_local,0.05,0.6
qt,TN,eb5994df1307b2e17e729374e1f7ab1c8fe82750,lofo,,0.01,0.8
qt,TN,eb5994df1307b2e17e729374e1f7ab1c8fe82750,lofo,,0.03,0.6
qt,TN,eb5994df1307b2e17e729374e1f7ab1c8fe82750,lofo,,0.05,0.2
qt,TN,f3ca13f3d12f52c60f4cd41d0b336c24a8d3359d,counterfactual,,0.01,1.0
qt,TN,f3ca13f3d12f52c60f4cd41d0b336c24a8d3359d,counterfactual,,0.03,0.6
qt,TN,f3ca13f3d12f52c60f4cd41d0b336c24a8d3359d,counterfactual,,0.05,0.6
qt,TN,f3ca13f3d12f52c60f4cd41d0b336c24a8d3359d,kernelshap,,0.01,0.8800000000000001
qt,TN,f3ca13f3d12f52c60f4cd41d0b336c24a8d3359d,kernelshap,,0.03,0.6799999999999999
qt,TN,f3ca13f3d12f52c60f4cd41d0b336c24a8d3359d,kernelshap,,0.05,0.6799999999999999
qt,TN,f3ca13f3d12f52c60f4cd41d0b336c24a8d3359d,lime,,0.01,0.8
qt,TN,f3ca13f3d12f52c60f4cd41d0b336c24a8d3359d,lime,,0.03,0.8
qt,TN,f3ca13f3d12f52c60f4cd41d0b336c24a8d3359d,lime,,0.05,0.8
qt,TN,f3ca13f3d12f52c60f4cd41d0b336c24a8d3359d,llm_counterfactual,qwen36_27b_local,0.01,0.64
qt,TN,f3ca13f3d12f52c60f4cd41d0b336c24a8d3359d,llm_counterfactual,qwen36_27b_local,0.03,0.5599999999999999
qt,TN,f3ca13f3d12f52c60f4cd41d0b336c24a8d3359d,llm_counterfactual,qwen36_27b_local,0.05,0.5599999999999999
qt,TN,f3ca13f3d12f52c60f4cd41d0b336c24a8d3359d,llm_kernelshap,qwen36_27b_local,0.01,0.8
qt,TN,f3ca13f3d12f52c60f4cd41d0b336c24a8d3359d,llm_kernelshap,qwen36_27b_local,0.03,0.76
qt,TN,f3ca13f3d12f52c60f4cd41d0b336c24a8d3359d,llm_kernelshap,qwen36_27b_local,0.05,0.76
qt,TN,f3ca13f3d12f52c60f4cd41d0b336c24a8d3359d,llm_lime,qwen36_27b_local,0.01,0.6799999999999999
qt,TN,f3ca13f3d12f52c60f4cd41d0b336c24a8d3359d,llm_lime,qwen36_27b_local,0.03,0.64
qt,TN,f3ca13f3d12f52c60f4cd41d0b336c24a8d3359d,llm_lime,qwen36_27b_local,0.05,0.64
qt,TN,f3ca13f3d12f52c60f4cd41d0b336c24a8d3359d,llm_lofo,qwen36_27b_local,0.01,0.76
qt,TN,f3ca13f3d12f52c60f4cd41d0b336c24a8d3359d,llm_lofo,qwen36_27b_local,0.03,0.44000000000000006
qt,TN,f3ca13f3d12f52c60f4cd41d0b336c24a8d3359d,llm_lofo,qwen36_27b_local,0.05,0.44000000000000006
qt,TN,f3ca13f3d12f52c60f4cd41d0b336c24a8d3359d,lofo,,0.01,0.6
qt,TN,f3ca13f3d12f52c60f4cd41d0b336c24a8d3359d,lofo,,0.03,0.2
qt,TN,f3ca13f3d12f52c60f4cd41d0b336c24a8d3359d,lofo,,0.05,0.2
qt,TN,fc2f0fb39008f95133f6fd24662fe92195431808,counterfactual,,0.01,0.8
qt,TN,fc2f0fb39008f95133f6fd24662fe92195431808,counterfactual,,0.03,0.4
qt,TN,fc2f0fb39008f95133f6fd24662fe92195431808,counterfactual,,0.05,0.4
qt,TN,fc2f0fb39008f95133f6fd24662fe92195431808,kernelshap,,0.01,1.0
qt,TN,fc2f0fb39008f95133f6fd24662fe92195431808,kernelshap,,0.03,0.6
qt,TN,fc2f0fb39008f95133f6fd24662fe92195431808,kernelshap,,0.05,0.6
qt,TN,fc2f0fb39008f95133f6fd24662fe92195431808,lime,,0.01,0.76
qt,TN,fc2f0fb39008f95133f6fd24662fe92195431808,lime,,0.03,0.36
qt,TN,fc2f0fb39008f95133f6fd24662fe92195431808,lime,,0.05,0.28
qt,TN,fc2f0fb39008f95133f6fd24662fe92195431808,llm_counterfactual,qwen36_27b_local,0.01,0.9199999999999999
qt,TN,fc2f0fb39008f95133f6fd24662fe92195431808,llm_counterfactual,qwen36_27b_local,0.03,0.36
qt,TN,fc2f0fb39008f95133f6fd24662fe92195431808,llm_counterfactual,qwen36_27b_local,0.05,0.24000000000000005
qt,TN,fc2f0fb39008f95133f6fd24662fe92195431808,llm_kernelshap,qwen36_27b_local,0.01,0.9199999999999999
qt,TN,fc2f0fb39008f95133f6fd24662fe92195431808,llm_kernelshap,qwen36_27b_local,0.03,0.44000000000000006
qt,TN,fc2f0fb39008f95133f6fd24662fe92195431808,llm_kernelshap,qwen36_27b_local,0.05,0.4
qt,TN,fc2f0fb39008f95133f6fd24662fe92195431808,llm_lime,qwen36_27b_local,0.01,0.96
qt,TN,fc2f0fb39008f95133f6fd24662fe92195431808,llm_lime,qwen36_27b_local,0.03,0.48
qt,TN,fc2f0fb39008f95133f6fd24662fe92195431808,llm_lime,qwen36_27b_local,0.05,0.4
qt,TN,fc2f0fb39008f95133f6fd24662fe92195431808,llm_lofo,qwen36_27b_local,0.01,1.0
qt,TN,fc2f0fb39008f95133f6fd24662fe92195431808,llm_lofo,qwen36_27b_local,0.03,0.6
qt,TN,fc2f0fb39008f95133f6fd24662fe92195431808,llm_lofo,qwen36_27b_local,0.05,0.6
qt,TN,fc2f0fb39008f95133f6fd24662fe92195431808,lofo,,0.01,0.8
qt,TN,fc2f0fb39008f95133f6fd24662fe92195431808,lofo,,0.03,0.4
qt,TN,fc2f0fb39008f95133f6fd24662fe92195431808,lofo,,0.05,0.2
qt,TP,03a1675eac4baf8c7a6e0602102bbafa3176771c,counterfactual,,0.01,1.0
qt,TP,03a1675eac4baf8c7a6e0602102bbafa3176771c,counterfactual,,0.03,1.0
qt,TP,03a1675eac4baf8c7a6e0602102bbafa3176771c,counterfactual,,0.05,0.8
qt,TP,03a1675eac4baf8c7a6e0602102bbafa3176771c,kernelshap,,0.01,1.0
qt,TP,03a1675eac4baf8c7a6e0602102bbafa3176771c,kernelshap,,0.03,1.0
qt,TP,03a1675eac4baf8c7a6e0602102bbafa3176771c,kernelshap,,0.05,1.0
qt,TP,03a1675eac4baf8c7a6e0602102bbafa3176771c,lime,,0.01,0.6
qt,TP,03a1675eac4baf8c7a6e0602102bbafa3176771c,lime,,0.03,0.52
qt,TP,03a1675eac4baf8c7a6e0602102bbafa3176771c,lime,,0.05,0.4
qt,TP,03a1675eac4baf8c7a6e0602102bbafa3176771c,llm_counterfactual,qwen36_27b_local,0.01,0.8
qt,TP,03a1675eac4baf8c7a6e0602102bbafa3176771c,llm_counterfactual,qwen36_27b_local,0.03,0.6
qt,TP,03a1675eac4baf8c7a6e0602102bbafa3176771c,llm_counterfactual,qwen36_27b_local,0.05,0.6
qt,TP,03a1675eac4baf8c7a6e0602102bbafa3176771c,llm_kernelshap,qwen36_27b_local,0.01,0.6
qt,TP,03a1675eac4baf8c7a6e0602102bbafa3176771c,llm_kernelshap,qwen36_27b_local,0.03,0.48
qt,TP,03a1675eac4baf8c7a6e0602102bbafa3176771c,llm_kernelshap,qwen36_27b_local,0.05,0.48
qt,TP,03a1675eac4baf8c7a6e0602102bbafa3176771c,llm_lime,qwen36_27b_local,0.01,0.72
qt,TP,03a1675eac4baf8c7a6e0602102bbafa3176771c,llm_lime,qwen36_27b_local,0.03,0.52
qt,TP,03a1675eac4baf8c7a6e0602102bbafa3176771c,llm_lime,qwen36_27b_local,0.05,0.52
qt,TP,03a1675eac4baf8c7a6e0602102bbafa3176771c,llm_lofo,qwen36_27b_local,0.01,0.72
qt,TP,03a1675eac4baf8c7a6e0602102bbafa3176771c,llm_lofo,qwen36_27b_local,0.03,0.64
qt,TP,03a1675eac4baf8c7a6e0602102bbafa3176771c,llm_lofo,qwen36_27b_local,0.05,0.6
qt,TP,03a1675eac4baf8c7a6e0602102bbafa3176771c,lofo,,0.01,1.0
qt,TP,03a1675eac4baf8c7a6e0602102bbafa3176771c,lofo,,0.03,1.0
qt,TP,03a1675eac4baf8c7a6e0602102bbafa3176771c,lofo,,0.05,1.0
qt,TP,17513266b81e88b84fda250734f07c94a198fabc,counterfactual,,0.01,1.0
qt,TP,17513266b81e88b84fda250734f07c94a198fabc,counterfactual,,0.03,1.0
qt,TP,17513266b81e88b84fda250734f07c94a198fabc,counterfactual,,0.05,1.0
qt,TP,17513266b81e88b84fda250734f07c94a198fabc,kernelshap,,0.01,1.0
qt,TP,17513266b81e88b84fda250734f07c94a198fabc,kernelshap,,0.03,1.0
qt,TP,17513266b81e88b84fda250734f07c94a198fabc,kernelshap,,0.05,0.8
qt,TP,17513266b81e88b84fda250734f07c94a198fabc,lime,,0.01,0.96
qt,TP,17513266b81e88b84fda250734f07c94a198fabc,lime,,0.03,0.8
qt,TP,17513266b81e88b84fda250734f07c94a198fabc,lime,,0.05,0.6
qt,TP,17513266b81e88b84fda250734f07c94a198fabc,llm_counterfactual,qwen36_27b_local,0.01,1.0
qt,TP,17513266b81e88b84fda250734f07c94a198fabc,llm_counterfactual,qwen36_27b_local,0.03,0.8
qt,TP,17513266b81e88b84fda250734f07c94a198fabc,llm_counterfactual,qwen36_27b_local,0.05,0.6
qt,TP,17513266b81e88b84fda250734f07c94a198fabc,llm_kernelshap,qwen36_27b_local,0.01,1.0
qt,TP,17513266b81e88b84fda250734f07c94a198fabc,llm_kernelshap,qwen36_27b_local,0.03,0.8800000000000001
qt,TP,17513266b81e88b84fda250734f07c94a198fabc,llm_kernelshap,qwen36_27b_local,0.05,0.6799999999999999
qt,TP,17513266b81e88b84fda250734f07c94a198fabc,llm_lime,qwen36_27b_local,0.01,1.0
qt,TP,17513266b81e88b84fda250734f07c94a198fabc,llm_lime,qwen36_27b_local,0.03,0.8
qt,TP,17513266b81e88b84fda250734f07c94a198fabc,llm_lime,qwen36_27b_local,0.05,0.6
qt,TP,17513266b81e88b84fda250734f07c94a198fabc,llm_lofo,qwen36_27b_local,0.01,1.0
qt,TP,17513266b81e88b84fda250734f07c94a198fabc,llm_lofo,qwen36_27b_local,0.03,0.8800000000000001
qt,TP,17513266b81e88b84fda250734f07c94a198fabc,llm_lofo,qwen36_27b_local,0.05,0.6
qt,TP,17513266b81e88b84fda250734f07c94a198fabc,lofo,,0.01,1.0
qt,TP,17513266b81e88b84fda250734f07c94a198fabc,lofo,,0.03,1.0
qt,TP,17513266b81e88b84fda250734f07c94a198fabc,lofo,,0.05,0.8
qt,TP,1a7bc520c5df4da80b7e65acbec1f546f9c87870,counterfactual,,0.01,1.0
qt,TP,1a7bc520c5df4da80b7e65acbec1f546f9c87870,counterfactual,,0.03,0.8
qt,TP,1a7bc520c5df4da80b7e65acbec1f546f9c87870,counterfactual,,0.05,0.8
qt,TP,1a7bc520c5df4da80b7e65acbec1f546f9c87870,kernelshap,,0.01,1.0
qt,TP,1a7bc520c5df4da80b7e65acbec1f546f9c87870,kernelshap,,0.03,0.8
qt,TP,1a7bc520c5df4da80b7e65acbec1f546f9c87870,kernelshap,,0.05,0.8
qt,TP,1a7bc520c5df4da80b7e65acbec1f546f9c87870,lime,,0.01,0.8
qt,TP,1a7bc520c5df4da80b7e65acbec1f546f9c87870,lime,,0.03,0.6
qt,TP,1a7bc520c5df4da80b7e65acbec1f546f9c87870,lime,,0.05,0.6
qt,TP,1a7bc520c5df4da80b7e65acbec1f546f9c87870,llm_counterfactual,qwen36_27b_local,0.01,0.8
qt,TP,1a7bc520c5df4da80b7e65acbec1f546f9c87870,llm_counterfactual,qwen36_27b_local,0.03,0.6
qt,TP,1a7bc520c5df4da80b7e65acbec1f546f9c87870,llm_counterfactual,qwen36_27b_local,0.05,0.6
qt,TP,1a7bc520c5df4da80b7e65acbec1f546f9c87870,llm_kernelshap,qwen36_27b_local,0.01,0.8
qt,TP,1a7bc520c5df4da80b7e65acbec1f546f9c87870,llm_kernelshap,qwen36_27b_local,0.03,0.72
qt,TP,1a7bc520c5df4da80b7e65acbec1f546f9c87870,llm_kernelshap,qwen36_27b_local,0.05,0.72
qt,TP,1a7bc520c5df4da80b7e65acbec1f546f9c87870,llm_lime,qwen36_27b_local,0.01,0.8
qt,TP,1a7bc520c5df4da80b7e65acbec1f546f9c87870,llm_lime,qwen36_27b_local,0.03,0.6
qt,TP,1a7bc520c5df4da80b7e65acbec1f546f9c87870,llm_lime,qwen36_27b_local,0.05,0.6
qt,TP,1a7bc520c5df4da80b7e65acbec1f546f9c87870,llm_lofo,qwen36_27b_local,0.01,0.8
qt,TP,1a7bc520c5df4da80b7e65acbec1f546f9c87870,llm_lofo,qwen36_27b_local,0.03,0.76
qt,TP,1a7bc520c5df4da80b7e65acbec1f546f9c87870,llm_lofo,qwen36_27b_local,0.05,0.76
qt,TP,1a7bc520c5df4da80b7e65acbec1f546f9c87870,lofo,,0.01,1.0
qt,TP,1a7bc520c5df4da80b7e65acbec1f546f9c87870,lofo,,0.03,0.8
qt,TP,1a7bc520c5df4da80b7e65acbec1f546f9c87870,lofo,,0.05,0.8
qt,TP,256bbc4f139036a780a63b80af8bb461a77d333a,counterfactual,,0.01,1.0
qt,TP,256bbc4f139036a780a63b80af8bb461a77d333a,counterfactual,,0.03,1.0
qt,TP,256bbc4f139036a780a63b80af8bb461a77d333a,counterfactual,,0.05,1.0
qt,TP,256bbc4f139036a780a63b80af8bb461a77d333a,kernelshap,,0.01,1.0
qt,TP,256bbc4f139036a780a63b80af8bb461a77d333a,kernelshap,,0.03,1.0
qt,TP,256bbc4f139036a780a63b80af8bb461a77d333a,kernelshap,,0.05,0.8
qt,TP,256bbc4f139036a780a63b80af8bb461a77d333a,lime,,0.01,1.0
qt,TP,256bbc4f139036a780a63b80af8bb461a77d333a,lime,,0.03,1.0
qt,TP,256bbc4f139036a780a63b80af8bb461a77d333a,lime,,0.05,0.8800000000000001
qt,TP,256bbc4f139036a780a63b80af8bb461a77d333a,llm_counterfactual,qwen36_27b_local,0.01,1.0
qt,TP,256bbc4f139036a780a63b80af8bb461a77d333a,llm_counterfactual,qwen36_27b_local,0.03,1.0
qt,TP,256bbc4f139036a780a63b80af8bb461a77d333a,llm_counterfactual,qwen36_27b_local,0.05,0.8
qt,TP,256bbc4f139036a780a63b80af8bb461a77d333a,llm_kernelshap,qwen36_27b_local,0.01,1.0
qt,TP,256bbc4f139036a780a63b80af8bb461a77d333a,llm_kernelshap,qwen36_27b_local,0.03,1.0
qt,TP,256bbc4f139036a780a63b80af8bb461a77d333a,llm_kernelshap,qwen36_27b_local,0.05,0.8
qt,TP,256bbc4f139036a780a63b80af8bb461a77d333a,llm_lime,qwen36_27b_local,0.01,1.0
qt,TP,256bbc4f139036a780a63b80af8bb461a77d333a,llm_lime,qwen36_27b_local,0.03,1.0
qt,TP,256bbc4f139036a780a63b80af8bb461a77d333a,llm_lime,qwen36_27b_local,0.05,0.8
qt,TP,256bbc4f139036a780a63b80af8bb461a77d333a,llm_lofo,qwen36_27b_local,0.01,1.0
qt,TP,256bbc4f139036a780a63b80af8bb461a77d333a,llm_lofo,qwen36_27b_local,0.03,1.0
qt,TP,256bbc4f139036a780a63b80af8bb461a77d333a,llm_lofo,qwen36_27b_local,0.05,0.8
qt,TP,256bbc4f139036a780a63b80af8bb461a77d333a,lofo,,0.01,1.0
qt,TP,256bbc4f139036a780a63b80af8bb461a77d333a,lofo,,0.03,1.0
qt,TP,256bbc4f139036a780a63b80af8bb461a77d333a,lofo,,0.05,1.0
qt,TP,267edbec198a0cedbf7bed4c3c5fa93c1dbc86bd,counterfactual,,0.01,1.0
qt,TP,267edbec198a0cedbf7bed4c3c5fa93c1dbc86bd,counterfactual,,0.03,0.8
qt,TP,267edbec198a0cedbf7bed4c3c5fa93c1dbc86bd,counterfactual,,0.05,0.8
qt,TP,267edbec198a0cedbf7bed4c3c5fa93c1dbc86bd,kernelshap,,0.01,1.0
qt,TP,267edbec198a0cedbf7bed4c3c5fa93c1dbc86bd,kernelshap,,0.03,1.0
qt,TP,267edbec198a0cedbf7bed4c3c5fa93c1dbc86bd,kernelshap,,0.05,1.0
qt,TP,267edbec198a0cedbf7bed4c3c5fa93c1dbc86bd,lime,,0.01,0.8
qt,TP,267edbec198a0cedbf7bed4c3c5fa93c1dbc86bd,lime,,0.03,0.6
qt,TP,267edbec198a0cedbf7bed4c3c5fa93c1dbc86bd,lime,,0.05,0.4
qt,TP,267edbec198a0cedbf7bed4c3c5fa93c1dbc86bd,llm_counterfactual,qwen36_27b_local,0.01,0.8
qt,TP,267edbec198a0cedbf7bed4c3c5fa93c1dbc86bd,llm_counterfactual,qwen36_27b_local,0.03,0.72
qt,TP,267edbec198a0cedbf7bed4c3c5fa93c1dbc86bd,llm_counterfactual,qwen36_27b_local,0.05,0.64
qt,TP,267edbec198a0cedbf7bed4c3c5fa93c1dbc86bd,llm_kernelshap,qwen36_27b_local,0.01,0.8
qt,TP,267edbec198a0cedbf7bed4c3c5fa93c1dbc86bd,llm_kernelshap,qwen36_27b_local,0.03,0.8
qt,TP,267edbec198a0cedbf7bed4c3c5fa93c1dbc86bd,llm_kernelshap,qwen36_27b_local,0.05,0.6799999999999999
qt,TP,267edbec198a0cedbf7bed4c3c5fa93c1dbc86bd,llm_lime,qwen36_27b_local,0.01,0.8
qt,TP,267edbec198a0cedbf7bed4c3c5fa93c1dbc86bd,llm_lime,qwen36_27b_local,0.03,0.8
qt,TP,267edbec198a0cedbf7bed4c3c5fa93c1dbc86bd,llm_lime,qwen36_27b_local,0.05,0.64
qt,TP,267edbec198a0cedbf7bed4c3c5fa93c1dbc86bd,llm_lofo,qwen36_27b_local,0.01,0.8
qt,TP,267edbec198a0cedbf7bed4c3c5fa93c1dbc86bd,llm_lofo,qwen36_27b_local,0.03,0.76
qt,TP,267edbec198a0cedbf7bed4c3c5fa93c1dbc86bd,llm_lofo,qwen36_27b_local,0.05,0.52
qt,TP,267edbec198a0cedbf7bed4c3c5fa93c1dbc86bd,lofo,,0.01,1.0
qt,TP,267edbec198a0cedbf7bed4c3c5fa93c1dbc86bd,lofo,,0.03,1.0
qt,TP,267edbec198a0cedbf7bed4c3c5fa93c1dbc86bd,lofo,,0.05,1.0
qt,TP,5dd76ba31c3c7cb9c0d9d97cd62f0d2f535a23f7,counterfactual,,0.01,1.0
qt,TP,5dd76ba31c3c7cb9c0d9d97cd62f0d2f535a23f7,counterfactual,,0.03,1.0
qt,TP,5dd76ba31c3c7cb9c0d9d97cd62f0d2f535a23f7,counterfactual,,0.05,0.8
qt,TP,5dd76ba31c3c7cb9c0d9d97cd62f0d2f535a23f7,kernelshap,,0.01,1.0
qt,TP,5dd76ba31c3c7cb9c0d9d97cd62f0d2f535a23f7,kernelshap,,0.03,1.0
qt,TP,5dd76ba31c3c7cb9c0d9d97cd62f0d2f535a23f7,kernelshap,,0.05,1.0
qt,TP,5dd76ba31c3c7cb9c0d9d97cd62f0d2f535a23f7,lime,,0.01,1.0
qt,TP,5dd76ba31c3c7cb9c0d9d97cd62f0d2f535a23f7,lime,,0.03,0.8
qt,TP,5dd76ba31c3c7cb9c0d9d97cd62f0d2f535a23f7,lime,,0.05,0.8
qt,TP,5dd76ba31c3c7cb9c0d9d97cd62f0d2f535a23f7,llm_counterfactual,qwen36_27b_local,0.01,1.0
qt,TP,5dd76ba31c3c7cb9c0d9d97cd62f0d2f535a23f7,llm_counterfactual,qwen36_27b_local,0.03,0.8800000000000001
qt,TP,5dd76ba31c3c7cb9c0d9d97cd62f0d2f535a23f7,llm_counterfactual,qwen36_27b_local,0.05,0.8800000000000001
qt,TP,5dd76ba31c3c7cb9c0d9d97cd62f0d2f535a23f7,llm_kernelshap,qwen36_27b_local,0.01,1.0
qt,TP,5dd76ba31c3c7cb9c0d9d97cd62f0d2f535a23f7,llm_kernelshap,qwen36_27b_local,0.03,0.8
qt,TP,5dd76ba31c3c7cb9c0d9d97cd62f0d2f535a23f7,llm_kernelshap,qwen36_27b_local,0.05,0.8
qt,TP,5dd76ba31c3c7cb9c0d9d97cd62f0d2f535a23f7,llm_lime,qwen36_27b_local,0.01,1.0
qt,TP,5dd76ba31c3c7cb9c0d9d97cd62f0d2f535a23f7,llm_lime,qwen36_27b_local,0.03,0.8800000000000001
qt,TP,5dd76ba31c3c7cb9c0d9d97cd62f0d2f535a23f7,llm_lime,qwen36_27b_local,0.05,0.8400000000000001
qt,TP,5dd76ba31c3c7cb9c0d9d97cd62f0d2f535a23f7,llm_lofo,qwen36_27b_local,0.01,1.0
qt,TP,5dd76ba31c3c7cb9c0d9d97cd62f0d2f535a23f7,llm_lofo,qwen36_27b_local,0.03,0.9199999999999999
qt,TP,5dd76ba31c3c7cb9c0d9d97cd62f0d2f535a23f7,llm_lofo,qwen36_27b_local,0.05,0.8800000000000001
qt,TP,5dd76ba31c3c7cb9c0d9d97cd62f0d2f535a23f7,lofo,,0.01,1.0
qt,TP,5dd76ba31c3c7cb9c0d9d97cd62f0d2f535a23f7,lofo,,0.03,1.0
qt,TP,5dd76ba31c3c7cb9c0d9d97cd62f0d2f535a23f7,lofo,,0.05,1.0
qt,TP,9bd30943bae136d28d42b9a9188a8586c963d461,counterfactual,,0.01,1.0
qt,TP,9bd30943bae136d28d42b9a9188a8586c963d461,counterfactual,,0.03,0.6
qt,TP,9bd30943bae136d28d42b9a9188a8586c963d461,counterfactual,,0.05,0.4
qt,TP,9bd30943bae136d28d42b9a9188a8586c963d461,kernelshap,,0.01,1.0
qt,TP,9bd30943bae136d28d42b9a9188a8586c963d461,kernelshap,,0.03,0.6
qt,TP,9bd30943bae136d28d42b9a9188a8586c963d461,kernelshap,,0.05,0.4
qt,TP,9bd30943bae136d28d42b9a9188a8586c963d461,lime,,0.01,0.8
qt,TP,9bd30943bae136d28d42b9a9188a8586c963d461,lime,,0.03,0.6
qt,TP,9bd30943bae136d28d42b9a9188a8586c963d461,lime,,0.05,0.5599999999999999
qt,TP,9bd30943bae136d28d42b9a9188a8586c963d461,llm_counterfactual,qwen36_27b_local,0.01,0.9199999999999999
qt,TP,9bd30943bae136d28d42b9a9188a8586c963d461,llm_counterfactual,qwen36_27b_local,0.03,0.52
qt,TP,9bd30943bae136d28d42b9a9188a8586c963d461,llm_counterfactual,qwen36_27b_local,0.05,0.4
qt,TP,9bd30943bae136d28d42b9a9188a8586c963d461,llm_kernelshap,qwen36_27b_local,0.01,0.8
qt,TP,9bd30943bae136d28d42b9a9188a8586c963d461,llm_kernelshap,qwen36_27b_local,0.03,0.4
qt,TP,9bd30943bae136d28d42b9a9188a8586c963d461,llm_kernelshap,qwen36_27b_local,0.05,0.24000000000000005
qt,TP,9bd30943bae136d28d42b9a9188a8586c963d461,llm_lime,qwen36_27b_local,0.01,0.8800000000000001
qt,TP,9bd30943bae136d28d42b9a9188a8586c963d461,llm_lime,qwen36_27b_local,0.03,0.44000000000000006
qt,TP,9bd30943bae136d28d42b9a9188a8586c963d461,llm_lime,qwen36_27b_local,0.05,0.4
qt,TP,9bd30943bae136d28d42b9a9188a8586c963d461,llm_lofo,qwen36_27b_local,0.01,0.9199999999999999
qt,TP,9bd30943bae136d28d42b9a9188a8586c963d461,llm_lofo,qwen36_27b_local,0.03,0.5
qt,TP,9bd30943bae136d28d42b9a9188a8586c963d461,llm_lofo,qwen36_27b_local,0.05,0.41
qt,TP,9bd30943bae136d28d42b9a9188a8586c963d461,lofo,,0.01,1.0
qt,TP,9bd30943bae136d28d42b9a9188a8586c963d461,lofo,,0.03,0.6
qt,TP,9bd30943bae136d28d42b9a9188a8586c963d461,lofo,,0.05,0.4
qt,TP,9d23aebb271ea534a66cb3aceb2e63d9a1c870d6,counterfactual,,0.01,1.0
qt,TP,9d23aebb271ea534a66cb3aceb2e63d9a1c870d6,counterfactual,,0.03,1.0
qt,TP,9d23aebb271ea534a66cb3aceb2e63d9a1c870d6,counterfactual,,0.05,1.0
qt,TP,9d23aebb271ea534a66cb3aceb2e63d9a1c870d6,kernelshap,,0.01,1.0
qt,TP,9d23aebb271ea534a66cb3aceb2e63d9a1c870d6,kernelshap,,0.03,1.0
qt,TP,9d23aebb271ea534a66cb3aceb2e63d9a1c870d6,kernelshap,,0.05,1.0
qt,TP,9d23aebb271ea534a66cb3aceb2e63d9a1c870d6,lime,,0.01,0.8400000000000001
qt,TP,9d23aebb271ea534a66cb3aceb2e63d9a1c870d6,lime,,0.03,0.8400000000000001
qt,TP,9d23aebb271ea534a66cb3aceb2e63d9a1c870d6,lime,,0.05,0.8
qt,TP,9d23aebb271ea534a66cb3aceb2e63d9a1c870d6,llm_counterfactual,qwen36_27b_local,0.01,0.8400000000000001
qt,TP,9d23aebb271ea534a66cb3aceb2e63d9a1c870d6,llm_counterfactual,qwen36_27b_local,0.03,0.8400000000000001
qt,TP,9d23aebb271ea534a66cb3aceb2e63d9a1c870d6,llm_counterfactual,qwen36_27b_local,0.05,0.8400000000000001
qt,TP,9d23aebb271ea534a66cb3aceb2e63d9a1c870d6,llm_kernelshap,qwen36_27b_local,0.01,1.0
qt,TP,9d23aebb271ea534a66cb3aceb2e63d9a1c870d6,llm_kernelshap,qwen36_27b_local,0.03,1.0
qt,TP,9d23aebb271ea534a66cb3aceb2e63d9a1c870d6,llm_kernelshap,qwen36_27b_local,0.05,1.0
qt,TP,9d23aebb271ea534a66cb3aceb2e63d9a1c870d6,llm_lime,qwen36_27b_local,0.01,0.96
qt,TP,9d23aebb271ea534a66cb3aceb2e63d9a1c870d6,llm_lime,qwen36_27b_local,0.03,0.96
qt,TP,9d23aebb271ea534a66cb3aceb2e63d9a1c870d6,llm_lime,qwen36_27b_local,0.05,0.96
qt,TP,9d23aebb271ea534a66cb3aceb2e63d9a1c870d6,llm_lofo,qwen36_27b_local,0.01,1.0
qt,TP,9d23aebb271ea534a66cb3aceb2e63d9a1c870d6,llm_lofo,qwen36_27b_local,0.03,1.0
qt,TP,9d23aebb271ea534a66cb3aceb2e63d9a1c870d6,llm_lofo,qwen36_27b_local,0.05,1.0
qt,TP,9d23aebb271ea534a66cb3aceb2e63d9a1c870d6,lofo,,0.01,1.0
qt,TP,9d23aebb271ea534a66cb3aceb2e63d9a1c870d6,lofo,,0.03,1.0
qt,TP,9d23aebb271ea534a66cb3aceb2e63d9a1c870d6,lofo,,0.05,1.0
qt,TP,a4f8b9ae6dfacf9ad5c190cde6098ebf13102f41,counterfactual,,0.01,1.0
qt,TP,a4f8b9ae6dfacf9ad5c190cde6098ebf13102f41,counterfactual,,0.03,1.0
qt,TP,a4f8b9ae6dfacf9ad5c190cde6098ebf13102f41,counterfactual,,0.05,1.0
qt,TP,a4f8b9ae6dfacf9ad5c190cde6098ebf13102f41,kernelshap,,0.01,1.0
qt,TP,a4f8b9ae6dfacf9ad5c190cde6098ebf13102f41,kernelshap,,0.03,0.8
qt,TP,a4f8b9ae6dfacf9ad5c190cde6098ebf13102f41,kernelshap,,0.05,0.8
qt,TP,a4f8b9ae6dfacf9ad5c190cde6098ebf13102f41,lime,,0.01,0.72
qt,TP,a4f8b9ae6dfacf9ad5c190cde6098ebf13102f41,lime,,0.03,0.72
qt,TP,a4f8b9ae6dfacf9ad5c190cde6098ebf13102f41,lime,,0.05,0.72
qt,TP,a4f8b9ae6dfacf9ad5c190cde6098ebf13102f41,llm_counterfactual,qwen36_27b_local,0.01,0.8800000000000001
qt,TP,a4f8b9ae6dfacf9ad5c190cde6098ebf13102f41,llm_counterfactual,qwen36_27b_local,0.03,0.8800000000000001
qt,TP,a4f8b9ae6dfacf9ad5c190cde6098ebf13102f41,llm_counterfactual,qwen36_27b_local,0.05,0.8800000000000001
qt,TP,a4f8b9ae6dfacf9ad5c190cde6098ebf13102f41,llm_kernelshap,qwen36_27b_local,0.01,0.8
qt,TP,a4f8b9ae6dfacf9ad5c190cde6098ebf13102f41,llm_kernelshap,qwen36_27b_local,0.03,0.76
qt,TP,a4f8b9ae6dfacf9ad5c190cde6098ebf13102f41,llm_kernelshap,qwen36_27b_local,0.05,0.76
qt,TP,a4f8b9ae6dfacf9ad5c190cde6098ebf13102f41,llm_lime,qwen36_27b_local,0.01,0.8
qt,TP,a4f8b9ae6dfacf9ad5c190cde6098ebf13102f41,llm_lime,qwen36_27b_local,0.03,0.72
qt,TP,a4f8b9ae6dfacf9ad5c190cde6098ebf13102f41,llm_lime,qwen36_27b_local,0.05,0.72
qt,TP,a4f8b9ae6dfacf9ad5c190cde6098ebf13102f41,llm_lofo,qwen36_27b_local,0.01,0.8
qt,TP,a4f8b9ae6dfacf9ad5c190cde6098ebf13102f41,llm_lofo,qwen36_27b_local,0.03,0.72
qt,TP,a4f8b9ae6dfacf9ad5c190cde6098ebf13102f41,llm_lofo,qwen36_27b_local,0.05,0.72
qt,TP,a4f8b9ae6dfacf9ad5c190cde6098ebf13102f41,lofo,,0.01,1.0
qt,TP,a4f8b9ae6dfacf9ad5c190cde6098ebf13102f41,lofo,,0.03,0.8
qt,TP,a4f8b9ae6dfacf9ad5c190cde6098ebf13102f41,lofo,,0.05,0.8
qt,TP,a50911bc0bfca1185e99ce6638fbf03cf592789d,counterfactual,,0.01,1.0
qt,TP,a50911bc0bfca1185e99ce6638fbf03cf592789d,counterfactual,,0.03,0.8
qt,TP,a50911bc0bfca1185e99ce6638fbf03cf592789d,counterfactual,,0.05,0.8
qt,TP,a50911bc0bfca1185e99ce6638fbf03cf592789d,kernelshap,,0.01,1.0
qt,TP,a50911bc0bfca1185e99ce6638fbf03cf592789d,kernelshap,,0.03,0.8400000000000001
qt,TP,a50911bc0bfca1185e99ce6638fbf03cf592789d,kernelshap,,0.05,0.8400000000000001
qt,TP,a50911bc0bfca1185e99ce6638fbf03cf592789d,lime,,0.01,1.0
qt,TP,a50911bc0bfca1185e99ce6638fbf03cf592789d,lime,,0.03,1.0
qt,TP,a50911bc0bfca1185e99ce6638fbf03cf592789d,lime,,0.05,1.0
qt,TP,a50911bc0bfca1185e99ce6638fbf03cf592789d,llm_counterfactual,qwen36_27b_local,0.01,1.0
qt,TP,a50911bc0bfca1185e99ce6638fbf03cf592789d,llm_counterfactual,qwen36_27b_local,0.03,0.96
qt,TP,a50911bc0bfca1185e99ce6638fbf03cf592789d,llm_counterfactual,qwen36_27b_local,0.05,0.96
qt,TP,a50911bc0bfca1185e99ce6638fbf03cf592789d,llm_kernelshap,qwen36_27b_local,0.01,1.0
qt,TP,a50911bc0bfca1185e99ce6638fbf03cf592789d,llm_kernelshap,qwen36_27b_local,0.03,0.76
qt,TP,a50911bc0bfca1185e99ce6638fbf03cf592789d,llm_kernelshap,qwen36_27b_local,0.05,0.76
qt,TP,a50911bc0bfca1185e99ce6638fbf03cf592789d,llm_lime,qwen36_27b_local,0.01,1.0
qt,TP,a50911bc0bfca1185e99ce6638fbf03cf592789d,llm_lime,qwen36_27b_local,0.03,0.8
qt,TP,a50911bc0bfca1185e99ce6638fbf03cf592789d,llm_lime,qwen36_27b_local,0.05,0.8
qt,TP,a50911bc0bfca1185e99ce6638fbf03cf592789d,llm_lofo,qwen36_27b_local,0.01,1.0
qt,TP,a50911bc0bfca1185e99ce6638fbf03cf592789d,llm_lofo,qwen36_27b_local,0.03,0.6
qt,TP,a50911bc0bfca1185e99ce6638fbf03cf592789d,llm_lofo,qwen36_27b_local,0.05,0.6
qt,TP,a50911bc0bfca1185e99ce6638fbf03cf592789d,lofo,,0.01,1.0
qt,TP,a50911bc0bfca1185e99ce6638fbf03cf592789d,lofo,,0.03,0.6
qt,TP,a50911bc0bfca1185e99ce6638fbf03cf592789d,lofo,,0.05,0.6
qt,TP,ae292be8690109940fdd9862321b2389a0957404,counterfactual,,0.01,1.0
qt,TP,ae292be8690109940fdd9862321b2389a0957404,counterfactual,,0.03,1.0
qt,TP,ae292be8690109940fdd9862321b2389a0957404,counterfactual,,0.05,1.0
qt,TP,ae292be8690109940fdd9862321b2389a0957404,kernelshap,,0.01,1.0
qt,TP,ae292be8690109940fdd9862321b2389a0957404,kernelshap,,0.03,1.0
qt,TP,ae292be8690109940fdd9862321b2389a0957404,kernelshap,,0.05,1.0
qt,TP,ae292be8690109940fdd9862321b2389a0957404,lime,,0.01,1.0
qt,TP,ae292be8690109940fdd9862321b2389a0957404,lime,,0.03,0.8400000000000001
qt,TP,ae292be8690109940fdd9862321b2389a0957404,lime,,0.05,0.8400000000000001
qt,TP,ae292be8690109940fdd9862321b2389a0957404,llm_counterfactual,qwen36_27b_local,0.01,1.0
qt,TP,ae292be8690109940fdd9862321b2389a0957404,llm_counterfactual,qwen36_27b_local,0.03,0.96
qt,TP,ae292be8690109940fdd9862321b2389a0957404,llm_counterfactual,qwen36_27b_local,0.05,0.96
qt,TP,ae292be8690109940fdd9862321b2389a0957404,llm_kernelshap,qwen36_27b_local,0.01,1.0
qt,TP,ae292be8690109940fdd9862321b2389a0957404,llm_kernelshap,qwen36_27b_local,0.03,1.0
qt,TP,ae292be8690109940fdd9862321b2389a0957404,llm_kernelshap,qwen36_27b_local,0.05,1.0
qt,TP,ae292be8690109940fdd9862321b2389a0957404,llm_lime,qwen36_27b_local,0.01,1.0
qt,TP,ae292be8690109940fdd9862321b2389a0957404,llm_lime,qwen36_27b_local,0.03,0.96
qt,TP,ae292be8690109940fdd9862321b2389a0957404,llm_lime,qwen36_27b_local,0.05,0.96
qt,TP,ae292be8690109940fdd9862321b2389a0957404,llm_lofo,qwen36_27b_local,0.01,1.0
qt,TP,ae292be8690109940fdd9862321b2389a0957404,llm_lofo,qwen36_27b_local,0.03,1.0
qt,TP,ae292be8690109940fdd9862321b2389a0957404,llm_lofo,qwen36_27b_local,0.05,1.0
qt,TP,ae292be8690109940fdd9862321b2389a0957404,lofo,,0.01,1.0
qt,TP,ae292be8690109940fdd9862321b2389a0957404,lofo,,0.03,1.0
qt,TP,ae292be8690109940fdd9862321b2389a0957404,lofo,,0.05,1.0
qt,TP,afbb57ae84ecbee5fab9eb6e58356b19d7995ea5,counterfactual,,0.01,1.0
qt,TP,afbb57ae84ecbee5fab9eb6e58356b19d7995ea5,counterfactual,,0.03,1.0
qt,TP,afbb57ae84ecbee5fab9eb6e58356b19d7995ea5,counterfactual,,0.05,1.0
qt,TP,afbb57ae84ecbee5fab9eb6e58356b19d7995ea5,kernelshap,,0.01,1.0
qt,TP,afbb57ae84ecbee5fab9eb6e58356b19d7995ea5,kernelshap,,0.03,1.0
qt,TP,afbb57ae84ecbee5fab9eb6e58356b19d7995ea5,kernelshap,,0.05,1.0
qt,TP,afbb57ae84ecbee5fab9eb6e58356b19d7995ea5,lime,,0.01,0.8800000000000001
qt,TP,afbb57ae84ecbee5fab9eb6e58356b19d7995ea5,lime,,0.03,0.8800000000000001
qt,TP,afbb57ae84ecbee5fab9eb6e58356b19d7995ea5,lime,,0.05,0.8800000000000001
qt,TP,afbb57ae84ecbee5fab9eb6e58356b19d7995ea5,llm_counterfactual,qwen36_27b_local,0.01,0.8
qt,TP,afbb57ae84ecbee5fab9eb6e58356b19d7995ea5,llm_counterfactual,qwen36_27b_local,0.03,0.8
qt,TP,afbb57ae84ecbee5fab9eb6e58356b19d7995ea5,llm_counterfactual,qwen36_27b_local,0.05,0.8
qt,TP,afbb57ae84ecbee5fab9eb6e58356b19d7995ea5,llm_kernelshap,qwen36_27b_local,0.01,1.0
qt,TP,afbb57ae84ecbee5fab9eb6e58356b19d7995ea5,llm_kernelshap,qwen36_27b_local,0.03,1.0
qt,TP,afbb57ae84ecbee5fab9eb6e58356b19d7995ea5,llm_kernelshap,qwen36_27b_local,0.05,1.0
qt,TP,afbb57ae84ecbee5fab9eb6e58356b19d7995ea5,llm_lime,qwen36_27b_local,0.01,0.8400000000000001
qt,TP,afbb57ae84ecbee5fab9eb6e58356b19d7995ea5,llm_lime,qwen36_27b_local,0.03,0.8400000000000001
qt,TP,afbb57ae84ecbee5fab9eb6e58356b19d7995ea5,llm_lime,qwen36_27b_local,0.05,0.8400000000000001
qt,TP,afbb57ae84ecbee5fab9eb6e58356b19d7995ea5,llm_lofo,qwen36_27b_local,0.01,0.96
qt,TP,afbb57ae84ecbee5fab9eb6e58356b19d7995ea5,llm_lofo,qwen36_27b_local,0.03,0.96
qt,TP,afbb57ae84ecbee5fab9eb6e58356b19d7995ea5,llm_lofo,qwen36_27b_local,0.05,0.96
qt,TP,afbb57ae84ecbee5fab9eb6e58356b19d7995ea5,lofo,,0.01,1.0
qt,TP,afbb57ae84ecbee5fab9eb6e58356b19d7995ea5,lofo,,0.03,1.0
qt,TP,afbb57ae84ecbee5fab9eb6e58356b19d7995ea5,lofo,,0.05,1.0
qt,TP,b254b03dc3b1cfcfc5f17158d2470e0a9a946a0e,counterfactual,,0.01,1.0
qt,TP,b254b03dc3b1cfcfc5f17158d2470e0a9a946a0e,counterfactual,,0.03,1.0
qt,TP,b254b03dc3b1cfcfc5f17158d2470e0a9a946a0e,counterfactual,,0.05,0.6
qt,TP,b254b03dc3b1cfcfc5f17158d2470e0a9a946a0e,kernelshap,,0.01,1.0
qt,TP,b254b03dc3b1cfcfc5f17158d2470e0a9a946a0e,kernelshap,,0.03,0.8400000000000001
qt,TP,b254b03dc3b1cfcfc5f17158d2470e0a9a946a0e,kernelshap,,0.05,0.72
qt,TP,b254b03dc3b1cfcfc5f17158d2470e0a9a946a0e,lime,,0.01,0.8400000000000001
qt,TP,b254b03dc3b1cfcfc5f17158d2470e0a9a946a0e,lime,,0.03,0.8400000000000001
qt,TP,b254b03dc3b1cfcfc5f17158d2470e0a9a946a0e,lime,,0.05,0.8400000000000001
qt,TP,b254b03dc3b1cfcfc5f17158d2470e0a9a946a0e,llm_counterfactual,qwen36_27b_local,0.01,0.8400000000000001
qt,TP,b254b03dc3b1cfcfc5f17158d2470e0a9a946a0e,llm_counterfactual,qwen36_27b_local,0.03,0.8
qt,TP,b254b03dc3b1cfcfc5f17158d2470e0a9a946a0e,llm_counterfactual,qwen36_27b_local,0.05,0.6799999999999999
qt,TP,b254b03dc3b1cfcfc5f17158d2470e0a9a946a0e,llm_kernelshap,qwen36_27b_local,0.01,0.96
qt,TP,b254b03dc3b1cfcfc5f17158d2470e0a9a946a0e,llm_kernelshap,qwen36_27b_local,0.03,0.96
qt,TP,b254b03dc3b1cfcfc5f17158d2470e0a9a946a0e,llm_kernelshap,qwen36_27b_local,0.05,0.96
qt,TP,b254b03dc3b1cfcfc5f17158d2470e0a9a946a0e,llm_lime,qwen36_27b_local,0.01,0.8800000000000001
qt,TP,b254b03dc3b1cfcfc5f17158d2470e0a9a946a0e,llm_lime,qwen36_27b_local,0.03,0.8400000000000001
qt,TP,b254b03dc3b1cfcfc5f17158d2470e0a9a946a0e,llm_lime,qwen36_27b_local,0.05,0.8
qt,TP,b254b03dc3b1cfcfc5f17158d2470e0a9a946a0e,llm_lofo,qwen36_27b_local,0.01,1.0
qt,TP,b254b03dc3b1cfcfc5f17158d2470e0a9a946a0e,llm_lofo,qwen36_27b_local,0.03,0.8800000000000001
qt,TP,b254b03dc3b1cfcfc5f17158d2470e0a9a946a0e,llm_lofo,qwen36_27b_local,0.05,0.8400000000000001
qt,TP,b254b03dc3b1cfcfc5f17158d2470e0a9a946a0e,lofo,,0.01,1.0
qt,TP,b254b03dc3b1cfcfc5f17158d2470e0a9a946a0e,lofo,,0.03,1.0
qt,TP,b254b03dc3b1cfcfc5f17158d2470e0a9a946a0e,lofo,,0.05,0.8
qt,TP,bb199cc8ad4111808260f6255312b08c7d81dcbc,counterfactual,,0.01,1.0
qt,TP,bb199cc8ad4111808260f6255312b08c7d81dcbc,counterfactual,,0.03,0.6
qt,TP,bb199cc8ad4111808260f6255312b08c7d81dcbc,counterfactual,,0.05,0.6
qt,TP,bb199cc8ad4111808260f6255312b08c7d81dcbc,kernelshap,,0.01,1.0
qt,TP,bb199cc8ad4111808260f6255312b08c7d81dcbc,kernelshap,,0.03,0.6799999999999999
qt,TP,bb199cc8ad4111808260f6255312b08c7d81dcbc,kernelshap,,0.05,0.5599999999999999
qt,TP,bb199cc8ad4111808260f6255312b08c7d81dcbc,lime,,0.01,1.0
qt,TP,bb199cc8ad4111808260f6255312b08c7d81dcbc,lime,,0.03,0.6
qt,TP,bb199cc8ad4111808260f6255312b08c7d81dcbc,lime,,0.05,0.6
qt,TP,bb199cc8ad4111808260f6255312b08c7d81dcbc,llm_counterfactual,qwen36_27b_local,0.01,1.0
qt,TP,bb199cc8ad4111808260f6255312b08c7d81dcbc,llm_counterfactual,qwen36_27b_local,0.03,0.6
qt,TP,bb199cc8ad4111808260f6255312b08c7d81dcbc,llm_counterfactual,qwen36_27b_local,0.05,0.6
qt,TP,bb199cc8ad4111808260f6255312b08c7d81dcbc,llm_kernelshap,qwen36_27b_local,0.01,1.0
qt,TP,bb199cc8ad4111808260f6255312b08c7d81dcbc,llm_kernelshap,qwen36_27b_local,0.03,0.6
qt,TP,bb199cc8ad4111808260f6255312b08c7d81dcbc,llm_kernelshap,qwen36_27b_local,0.05,0.6
qt,TP,bb199cc8ad4111808260f6255312b08c7d81dcbc,llm_lime,qwen36_27b_local,0.01,1.0
qt,TP,bb199cc8ad4111808260f6255312b08c7d81dcbc,llm_lime,qwen36_27b_local,0.03,0.6
qt,TP,bb199cc8ad4111808260f6255312b08c7d81dcbc,llm_lime,qwen36_27b_local,0.05,0.6
qt,TP,bb199cc8ad4111808260f6255312b08c7d81dcbc,llm_lofo,qwen36_27b_local,0.01,1.0
qt,TP,bb199cc8ad4111808260f6255312b08c7d81dcbc,llm_lofo,qwen36_27b_local,0.03,0.6
qt,TP,bb199cc8ad4111808260f6255312b08c7d81dcbc,llm_lofo,qwen36_27b_local,0.05,0.6
qt,TP,bb199cc8ad4111808260f6255312b08c7d81dcbc,lofo,,0.01,1.0
qt,TP,bb199cc8ad4111808260f6255312b08c7d81dcbc,lofo,,0.03,1.0
qt,TP,bb199cc8ad4111808260f6255312b08c7d81dcbc,lofo,,0.05,0.6
qt,TP,d31304eab9e7424edc20fb83a8a19cd979458029,counterfactual,,0.01,1.0
qt,TP,d31304eab9e7424edc20fb83a8a19cd979458029,counterfactual,,0.03,0.8
qt,TP,d31304eab9e7424edc20fb83a8a19cd979458029,counterfactual,,0.05,0.8
qt,TP,d31304eab9e7424edc20fb83a8a19cd979458029,kernelshap,,0.01,0.8
qt,TP,d31304eab9e7424edc20fb83a8a19cd979458029,kernelshap,,0.03,0.8
qt,TP,d31304eab9e7424edc20fb83a8a19cd979458029,kernelshap,,0.05,0.8
qt,TP,d31304eab9e7424edc20fb83a8a19cd979458029,lime,,0.01,0.8
qt,TP,d31304eab9e7424edc20fb83a8a19cd979458029,lime,,0.03,0.6
qt,TP,d31304eab9e7424edc20fb83a8a19cd979458029,lime,,0.05,0.5599999999999999
qt,TP,d31304eab9e7424edc20fb83a8a19cd979458029,llm_counterfactual,qwen36_27b_local,0.01,0.8400000000000001
qt,TP,d31304eab9e7424edc20fb83a8a19cd979458029,llm_counterfactual,qwen36_27b_local,0.03,0.76
qt,TP,d31304eab9e7424edc20fb83a8a19cd979458029,llm_counterfactual,qwen36_27b_local,0.05,0.76
qt,TP,d31304eab9e7424edc20fb83a8a19cd979458029,llm_kernelshap,qwen36_27b_local,0.01,0.8
qt,TP,d31304eab9e7424edc20fb83a8a19cd979458029,llm_kernelshap,qwen36_27b_local,0.03,0.6
qt,TP,d31304eab9e7424edc20fb83a8a19cd979458029,llm_kernelshap,qwen36_27b_local,0.05,0.6
qt,TP,d31304eab9e7424edc20fb83a8a19cd979458029,llm_lime,qwen36_27b_local,0.01,0.8
qt,TP,d31304eab9e7424edc20fb83a8a19cd979458029,llm_lime,qwen36_27b_local,0.03,0.8
qt,TP,d31304eab9e7424edc20fb83a8a19cd979458029,llm_lime,qwen36_27b_local,0.05,0.8
qt,TP,d31304eab9e7424edc20fb83a8a19cd979458029,llm_lofo,qwen36_27b_local,0.01,0.8
qt,TP,d31304eab9e7424edc20fb83a8a19cd979458029,llm_lofo,qwen36_27b_local,0.03,0.8
qt,TP,d31304eab9e7424edc20fb83a8a19cd979458029,llm_lofo,qwen36_27b_local,0.05,0.8
qt,TP,d31304eab9e7424edc20fb83a8a19cd979458029,lofo,,0.01,0.8
qt,TP,d31304eab9e7424edc20fb83a8a19cd979458029,lofo,,0.03,0.8
qt,TP,d31304eab9e7424edc20fb83a8a19cd979458029,lofo,,0.05,0.8
qt,TP,d3393ce25833c0afd7f0fa6b85fd6f3bd7ad520a,counterfactual,,0.01,1.0
qt,TP,d3393ce25833c0afd7f0fa6b85fd6f3bd7ad520a,counterfactual,,0.03,1.0
qt,TP,d3393ce25833c0afd7f0fa6b85fd6f3bd7ad520a,counterfactual,,0.05,0.8
qt,TP,d3393ce25833c0afd7f0fa6b85fd6f3bd7ad520a,kernelshap,,0.01,1.0
qt,TP,d3393ce25833c0afd7f0fa6b85fd6f3bd7ad520a,kernelshap,,0.03,1.0
qt,TP,d3393ce25833c0afd7f0fa6b85fd6f3bd7ad520a,kernelshap,,0.05,1.0
qt,TP,d3393ce25833c0afd7f0fa6b85fd6f3bd7ad520a,lime,,0.01,1.0
qt,TP,d3393ce25833c0afd7f0fa6b85fd6f3bd7ad520a,lime,,0.03,1.0
qt,TP,d3393ce25833c0afd7f0fa6b85fd6f3bd7ad520a,lime,,0.05,0.8400000000000001
qt,TP,d3393ce25833c0afd7f0fa6b85fd6f3bd7ad520a,llm_counterfactual,qwen36_27b_local,0.01,1.0
qt,TP,d3393ce25833c0afd7f0fa6b85fd6f3bd7ad520a,llm_counterfactual,qwen36_27b_local,0.03,0.8800000000000001
qt,TP,d3393ce25833c0afd7f0fa6b85fd6f3bd7ad520a,llm_counterfactual,qwen36_27b_local,0.05,0.72
qt,TP,d3393ce25833c0afd7f0fa6b85fd6f3bd7ad520a,llm_kernelshap,qwen36_27b_local,0.01,1.0
qt,TP,d3393ce25833c0afd7f0fa6b85fd6f3bd7ad520a,llm_kernelshap,qwen36_27b_local,0.03,0.8800000000000001
qt,TP,d3393ce25833c0afd7f0fa6b85fd6f3bd7ad520a,llm_kernelshap,qwen36_27b_local,0.05,0.8400000000000001
qt,TP,d3393ce25833c0afd7f0fa6b85fd6f3bd7ad520a,llm_lime,qwen36_27b_local,0.01,1.0
qt,TP,d3393ce25833c0afd7f0fa6b85fd6f3bd7ad520a,llm_lime,qwen36_27b_local,0.03,0.9199999999999999
qt,TP,d3393ce25833c0afd7f0fa6b85fd6f3bd7ad520a,llm_lime,qwen36_27b_local,0.05,0.8400000000000001
qt,TP,d3393ce25833c0afd7f0fa6b85fd6f3bd7ad520a,llm_lofo,qwen36_27b_local,0.01,1.0
qt,TP,d3393ce25833c0afd7f0fa6b85fd6f3bd7ad520a,llm_lofo,qwen36_27b_local,0.03,0.8
qt,TP,d3393ce25833c0afd7f0fa6b85fd6f3bd7ad520a,llm_lofo,qwen36_27b_local,0.05,0.72
qt,TP,d3393ce25833c0afd7f0fa6b85fd6f3bd7ad520a,lofo,,0.01,1.0
qt,TP,d3393ce25833c0afd7f0fa6b85fd6f3bd7ad520a,lofo,,0.03,1.0
qt,TP,d3393ce25833c0afd7f0fa6b85fd6f3bd7ad520a,lofo,,0.05,1.0
qt,TP,da8ace713a19d2a8c9831ddf50d17607bc4856cc,counterfactual,,0.01,1.0
qt,TP,da8ace713a19d2a8c9831ddf50d17607bc4856cc,counterfactual,,0.03,1.0
qt,TP,da8ace713a19d2a8c9831ddf50d17607bc4856cc,counterfactual,,0.05,1.0
qt,TP,da8ace713a19d2a8c9831ddf50d17607bc4856cc,kernelshap,,0.01,1.0
qt,TP,da8ace713a19d2a8c9831ddf50d17607bc4856cc,kernelshap,,0.03,1.0
qt,TP,da8ace713a19d2a8c9831ddf50d17607bc4856cc,kernelshap,,0.05,1.0
qt,TP,da8ace713a19d2a8c9831ddf50d17607bc4856cc,lime,,0.01,1.0
qt,TP,da8ace713a19d2a8c9831ddf50d17607bc4856cc,lime,,0.03,1.0
qt,TP,da8ace713a19d2a8c9831ddf50d17607bc4856cc,lime,,0.05,1.0
qt,TP,da8ace713a19d2a8c9831ddf50d17607bc4856cc,llm_counterfactual,qwen36_27b_local,0.01,1.0
qt,TP,da8ace713a19d2a8c9831ddf50d17607bc4856cc,llm_counterfactual,qwen36_27b_local,0.03,1.0
qt,TP,da8ace713a19d2a8c9831ddf50d17607bc4856cc,llm_counterfactual,qwen36_27b_local,0.05,1.0
qt,TP,da8ace713a19d2a8c9831ddf50d17607bc4856cc,llm_kernelshap,qwen36_27b_local,0.01,0.96
qt,TP,da8ace713a19d2a8c9831ddf50d17607bc4856cc,llm_kernelshap,qwen36_27b_local,0.03,0.96
qt,TP,da8ace713a19d2a8c9831ddf50d17607bc4856cc,llm_kernelshap,qwen36_27b_local,0.05,0.96
qt,TP,da8ace713a19d2a8c9831ddf50d17607bc4856cc,llm_lime,qwen36_27b_local,0.01,1.0
qt,TP,da8ace713a19d2a8c9831ddf50d17607bc4856cc,llm_lime,qwen36_27b_local,0.03,1.0
qt,TP,da8ace713a19d2a8c9831ddf50d17607bc4856cc,llm_lime,qwen36_27b_local,0.05,1.0
qt,TP,da8ace713a19d2a8c9831ddf50d17607bc4856cc,llm_lofo,qwen36_27b_local,0.01,0.8400000000000001
qt,TP,da8ace713a19d2a8c9831ddf50d17607bc4856cc,llm_lofo,qwen36_27b_local,0.03,0.8400000000000001
qt,TP,da8ace713a19d2a8c9831ddf50d17607bc4856cc,llm_lofo,qwen36_27b_local,0.05,0.8400000000000001
qt,TP,da8ace713a19d2a8c9831ddf50d17607bc4856cc,lofo,,0.01,1.0
qt,TP,da8ace713a19d2a8c9831ddf50d17607bc4856cc,lofo,,0.03,1.0
qt,TP,da8ace713a19d2a8c9831ddf50d17607bc4856cc,lofo,,0.05,1.0
qt,TP,dfda6f14b3e210a33b71ef1c6fa3c75a9c866cce,counterfactual,,0.01,1.0
qt,TP,dfda6f14b3e210a33b71ef1c6fa3c75a9c866cce,counterfactual,,0.03,1.0
qt,TP,dfda6f14b3e210a33b71ef1c6fa3c75a9c866cce,counterfactual,,0.05,0.6
qt,TP,dfda6f14b3e210a33b71ef1c6fa3c75a9c866cce,kernelshap,,0.01,1.0
qt,TP,dfda6f14b3e210a33b71ef1c6fa3c75a9c866cce,kernelshap,,0.03,0.8
qt,TP,dfda6f14b3e210a33b71ef1c6fa3c75a9c866cce,kernelshap,,0.05,0.6
qt,TP,dfda6f14b3e210a33b71ef1c6fa3c75a9c866cce,lime,,0.01,1.0
qt,TP,dfda6f14b3e210a33b71ef1c6fa3c75a9c866cce,lime,,0.03,0.6
qt,TP,dfda6f14b3e210a33b71ef1c6fa3c75a9c866cce,lime,,0.05,0.6
qt,TP,dfda6f14b3e210a33b71ef1c6fa3c75a9c866cce,llm_counterfactual,qwen36_27b_local,0.01,1.0
qt,TP,dfda6f14b3e210a33b71ef1c6fa3c75a9c866cce,llm_counterfactual,qwen36_27b_local,0.03,0.6
qt,TP,dfda6f14b3e210a33b71ef1c6fa3c75a9c866cce,llm_counterfactual,qwen36_27b_local,0.05,0.6
qt,TP,dfda6f14b3e210a33b71ef1c6fa3c75a9c866cce,llm_kernelshap,qwen36_27b_local,0.01,1.0
qt,TP,dfda6f14b3e210a33b71ef1c6fa3c75a9c866cce,llm_kernelshap,qwen36_27b_local,0.03,0.6
qt,TP,dfda6f14b3e210a33b71ef1c6fa3c75a9c866cce,llm_kernelshap,qwen36_27b_local,0.05,0.6
qt,TP,dfda6f14b3e210a33b71ef1c6fa3c75a9c866cce,llm_lime,qwen36_27b_local,0.01,1.0
qt,TP,dfda6f14b3e210a33b71ef1c6fa3c75a9c866cce,llm_lime,qwen36_27b_local,0.03,0.6
qt,TP,dfda6f14b3e210a33b71ef1c6fa3c75a9c866cce,llm_lime,qwen36_27b_local,0.05,0.6
qt,TP,dfda6f14b3e210a33b71ef1c6fa3c75a9c866cce,llm_lofo,qwen36_27b_local,0.01,1.0
qt,TP,dfda6f14b3e210a33b71ef1c6fa3c75a9c866cce,llm_lofo,qwen36_27b_local,0.03,0.6
qt,TP,dfda6f14b3e210a33b71ef1c6fa3c75a9c866cce,llm_lofo,qwen36_27b_local,0.05,0.52
qt,TP,dfda6f14b3e210a33b71ef1c6fa3c75a9c866cce,lofo,,0.01,1.0
qt,TP,dfda6f14b3e210a33b71ef1c6fa3c75a9c866cce,lofo,,0.03,0.6
qt,TP,dfda6f14b3e210a33b71ef1c6fa3c75a9c866cce,lofo,,0.05,0.6
qt,TP,fa7626713b3a943609453459190e16c49d61dfd3,counterfactual,,0.01,0.8
qt,TP,fa7626713b3a943609453459190e16c49d61dfd3,counterfactual,,0.03,0.6
qt,TP,fa7626713b3a943609453459190e16c49d61dfd3,counterfactual,,0.05,0.6
qt,TP,fa7626713b3a943609453459190e16c49d61dfd3,kernelshap,,0.01,1.0
qt,TP,fa7626713b3a943609453459190e16c49d61dfd3,kernelshap,,0.03,0.8
qt,TP,fa7626713b3a943609453459190e16c49d61dfd3,kernelshap,,0.05,0.8
qt,TP,fa7626713b3a943609453459190e16c49d61dfd3,lime,,0.01,0.8
qt,TP,fa7626713b3a943609453459190e16c49d61dfd3,lime,,0.03,0.44000000000000006
qt,TP,fa7626713b3a943609453459190e16c49d61dfd3,lime,,0.05,0.44000000000000006
qt,TP,fa7626713b3a943609453459190e16c49d61dfd3,llm_counterfactual,qwen36_27b_local,0.01,1.0
qt,TP,fa7626713b3a943609453459190e16c49d61dfd3,llm_counterfactual,qwen36_27b_local,0.03,0.6
qt,TP,fa7626713b3a943609453459190e16c49d61dfd3,llm_counterfactual,qwen36_27b_local,0.05,0.6
qt,TP,fa7626713b3a943609453459190e16c49d61dfd3,llm_kernelshap,qwen36_27b_local,0.01,0.9199999999999999
qt,TP,fa7626713b3a943609453459190e16c49d61dfd3,llm_kernelshap,qwen36_27b_local,0.03,0.52
qt,TP,fa7626713b3a943609453459190e16c49d61dfd3,llm_kernelshap,qwen36_27b_local,0.05,0.52
qt,TP,fa7626713b3a943609453459190e16c49d61dfd3,llm_lime,qwen36_27b_local,0.01,1.0
qt,TP,fa7626713b3a943609453459190e16c49d61dfd3,llm_lime,qwen36_27b_local,0.03,0.6
qt,TP,fa7626713b3a943609453459190e16c49d61dfd3,llm_lime,qwen36_27b_local,0.05,0.6
qt,TP,fa7626713b3a943609453459190e16c49d61dfd3,llm_lofo,qwen36_27b_local,0.01,0.9199999999999999
qt,TP,fa7626713b3a943609453459190e16c49d61dfd3,llm_lofo,qwen36_27b_local,0.03,0.52
qt,TP,fa7626713b3a943609453459190e16c49d61dfd3,llm_lofo,qwen36_27b_local,0.05,0.48
qt,TP,fa7626713b3a943609453459190e16c49d61dfd3,lofo,,0.01,1.0
qt,TP,fa7626713b3a943609453459190e16c49d61dfd3,lofo,,0.03,1.0
qt,TP,fa7626713b3a943609453459190e16c49d61dfd3,lofo,,0.05,0.8
qt,TP,fca89004d75412dd378cc44ad79ed3c1e05c765b,counterfactual,,0.01,0.8
qt,TP,fca89004d75412dd378cc44ad79ed3c1e05c765b,counterfactual,,0.03,0.8
qt,TP,fca89004d75412dd378cc44ad79ed3c1e05c765b,counterfactual,,0.05,0.6
qt,TP,fca89004d75412dd378cc44ad79ed3c1e05c765b,kernelshap,,0.01,1.0
qt,TP,fca89004d75412dd378cc44ad79ed3c1e05c765b,kernelshap,,0.03,0.8
qt,TP,fca89004d75412dd378cc44ad79ed3c1e05c765b,kernelshap,,0.05,0.6
qt,TP,fca89004d75412dd378cc44ad79ed3c1e05c765b,lime,,0.01,1.0
qt,TP,fca89004d75412dd378cc44ad79ed3c1e05c765b,lime,,0.03,0.8
qt,TP,fca89004d75412dd378cc44ad79ed3c1e05c765b,lime,,0.05,0.64
qt,TP,fca89004d75412dd378cc44ad79ed3c1e05c765b,llm_counterfactual,qwen36_27b_local,0.01,1.0
qt,TP,fca89004d75412dd378cc44ad79ed3c1e05c765b,llm_counterfactual,qwen36_27b_local,0.03,0.8
qt,TP,fca89004d75412dd378cc44ad79ed3c1e05c765b,llm_counterfactual,qwen36_27b_local,0.05,0.8
qt,TP,fca89004d75412dd378cc44ad79ed3c1e05c765b,llm_kernelshap,qwen36_27b_local,0.01,0.96
qt,TP,fca89004d75412dd378cc44ad79ed3c1e05c765b,llm_kernelshap,qwen36_27b_local,0.03,0.76
qt,TP,fca89004d75412dd378cc44ad79ed3c1e05c765b,llm_kernelshap,qwen36_27b_local,0.05,0.5599999999999999
qt,TP,fca89004d75412dd378cc44ad79ed3c1e05c765b,llm_lime,qwen36_27b_local,0.01,1.0
qt,TP,fca89004d75412dd378cc44ad79ed3c1e05c765b,llm_lime,qwen36_27b_local,0.03,0.8
qt,TP,fca89004d75412dd378cc44ad79ed3c1e05c765b,llm_lime,qwen36_27b_local,0.05,0.6799999999999999
qt,TP,fca89004d75412dd378cc44ad79ed3c1e05c765b,llm_lofo,qwen36_27b_local,0.01,1.0
qt,TP,fca89004d75412dd378cc44ad79ed3c1e05c765b,llm_lofo,qwen36_27b_local,0.03,0.8
qt,TP,fca89004d75412dd378cc44ad79ed3c1e05c765b,llm_lofo,qwen36_27b_local,0.05,0.64
qt,TP,fca89004d75412dd378cc44ad79ed3c1e05c765b,lofo,,0.01,1.0
qt,TP,fca89004d75412dd378cc44ad79ed3c1e05c765b,lofo,,0.03,1.0
qt,TP,fca89004d75412dd378cc44ad79ed3c1e05c765b,lofo,,0.05,0.6
