scope,dataset,category,metric,traditional_method,llm_informed_method,llm_model,n_pairs,traditional_mean,llm_mean,mean_difference_llm_minus_traditional,wilcoxon_statistic,p_value,rank_biserial_correlation,paired_bootstrap_ci_low,paired_bootstrap_ci_high,confidence_level,p_holm,p_bh_fdr,multiplicity_family,significant_raw_0_05,significant_holm_0_05,significant_bh_fdr_0_05
overall,,,overlap_at_k,lime,llm_lime,qwen36_27b_local,160,0.917375,0.8300000000000001,-0.087375,1536.5,3.117182597153824e-13,-0.7015345765345765,-0.1078749999999999,-0.066496875,0.95,5.922646934592266e-12,4.987492155446118e-13,primary_overall_48,True,True,True
dataset_category,openstack,TP,overlap_at_k,lime,llm_lime,qwen36_27b_local,20,0.903,0.8240000000000002,-0.0789999999999999,21.0,0.0085423938618761,-0.7254901960784313,-0.1389999999999999,-0.0049999999999999,0.95,1.0,0.01301698112285882,exploratory_dataset_category_384,True,False,True
dataset_category,openstack,TN,overlap_at_k,lime,llm_lime,qwen36_27b_local,20,0.928,0.7750000000000001,-0.1529999999999999,6.0,0.000527547122891,-0.9298245614035088,-0.2139999999999999,-0.094,0.95,0.116587914158911,0.0012352322877447802,exploratory_dataset_category_384,True,False,True
dataset_category,openstack,FP,overlap_at_k,lime,llm_lime,qwen36_27b_local,20,0.909,0.902,-0.0069999999999999,94.0,0.6788542488443727,0.1047619047619047,-0.064,0.044,0.95,1.0,0.7141918672773674,exploratory_dataset_category_384,False,False,False
dataset_category,openstack,FN,overlap_at_k,lime,llm_lime,qwen36_27b_local,20,0.913,0.807,-0.106,22.0,0.0032657170490866,-0.7684210526315789,-0.154,-0.054,0.95,0.5192490108047694,0.005548828968359532,exploratory_dataset_category_384,True,False,True
dataset_category,qt,TP,overlap_at_k,lime,llm_lime,qwen36_27b_local,20,0.9270000000000002,0.8720000000000001,-0.055,23.0,0.0194354849298661,-0.6617647058823529,-0.092,-0.017,0.95,1.0,0.02723805187251307,exploratory_dataset_category_384,True,False,True
dataset_category,qt,TN,overlap_at_k,lime,llm_lime,qwen36_27b_local,20,0.9309999999999998,0.8200000000000001,-0.111,8.0,0.0011376258050609,-0.8954248366013072,-0.1559999999999999,-0.0669999999999999,0.95,0.22183703198687552,0.0022992016270704505,exploratory_dataset_category_384,True,False,True
dataset_category,qt,FP,overlap_at_k,lime,llm_lime,qwen36_27b_local,20,0.9140000000000004,0.8370000000000001,-0.0769999999999999,42.0,0.0574821242039665,-0.5087719298245614,-0.142,-0.0099999999999999,0.95,1.0,0.07333267672532603,exploratory_dataset_category_384,False,False,False
dataset_category,qt,FN,overlap_at_k,lime,llm_lime,qwen36_27b_local,20,0.914,0.8029999999999999,-0.111,10.0,0.0009977003654748,-0.8830409356725146,-0.1639999999999999,-0.0599999999999999,0.95,0.1985423727294852,0.0020597684964641034,exploratory_dataset_category_384,True,False,True
overall,,,overlap_at_k,kernelshap,llm_kernelshap,qwen36_27b_local,160,0.9565,0.850375,-0.1061249999999999,741.5,2.1625098355034792e-18,-0.8497467071935157,-0.1234999999999999,-0.089,0.95,5.19002360520835e-17,4.15201888416668e-18,primary_overall_48,True,True,True
dataset_category,openstack,TP,overlap_at_k,kernelshap,llm_kernelshap,qwen36_27b_local,20,0.9149999999999998,0.8549999999999999,-0.06,41.0,0.0925392196318469,-0.4640522875816993,-0.121,0.0,0.95,1.0,0.11280971536072765,exploratory_dataset_category_384,False,False,False
dataset_category,openstack,TN,overlap_at_k,kernelshap,llm_kernelshap,qwen36_27b_local,20,0.976,0.8110000000000002,-0.165,0.0,0.0001277430111314,-1.0,-0.205,-0.1279999999999999,0.95,0.0371144301292407,0.0004382011217946257,exploratory_dataset_category_384,True,True,True
dataset_category,openstack,FP,overlap_at_k,kernelshap,llm_kernelshap,qwen36_27b_local,20,0.945,0.8950000000000001,-0.0499999999999999,44.0,0.0667118162141917,-0.4853801169590643,-0.102,-0.0019999999999999,0.95,1.0,0.08399127024999872,exploratory_dataset_category_384,False,False,False
dataset_category,openstack,FN,overlap_at_k,kernelshap,llm_kernelshap,qwen36_27b_local,20,0.9549999999999998,0.851,-0.104,8.5,0.0020183006759338,-0.875,-0.154,-0.055,0.95,0.3471477162606136,0.003638626570697555,exploratory_dataset_category_384,True,False,True
dataset_category,qt,TP,overlap_at_k,kernelshap,llm_kernelshap,qwen36_27b_local,20,0.967,0.8960000000000001,-0.071,13.0,0.0041940476559441,-0.8088235294117647,-0.1059999999999999,-0.0349999999999999,0.95,0.6333011960475591,0.006839027887658127,exploratory_dataset_category_384,True,False,True
dataset_category,qt,TN,overlap_at_k,kernelshap,llm_kernelshap,qwen36_27b_local,20,0.97,0.796,-0.174,0.0,0.000128147759027,-1.0,-0.213,-0.135,0.95,0.0371144301292407,0.0004382011217946257,exploratory_dataset_category_384,True,True,True
dataset_category,qt,FP,overlap_at_k,kernelshap,llm_kernelshap,qwen36_27b_local,20,0.964,0.8710000000000001,-0.0929999999999999,9.0,0.0021193326829695,-0.8676470588235294,-0.1309999999999999,-0.0529999999999999,0.95,0.3624058887877845,0.003802914720842468,exploratory_dataset_category_384,True,False,True
dataset_category,qt,FN,overlap_at_k,kernelshap,llm_kernelshap,qwen36_27b_local,20,0.9600000000000002,0.8280000000000001,-0.1319999999999999,4.0,0.0002402257080509,-0.9578947368421052,-0.174,-0.089,0.95,0.0605368784288268,0.0006935839991845535,exploratory_dataset_category_384,True,False,True
overall,,,overlap_at_k,lofo,llm_lofo,qwen36_27b_local,160,1.0,0.8285,-0.1714999999999999,0.0,1.827609471962058e-24,-1.0,-0.1898749999999999,-0.1536249999999999,0.95,7.310437887848232e-23,9.104539976165074e-24,primary_overall_48,True,True,True
dataset_category,openstack,TP,overlap_at_k,lofo,llm_lofo,qwen36_27b_local,20,1.0,0.8830000000000002,-0.1169999999999999,0.0,0.0005655466975986,-1.0,-0.1629999999999999,-0.0739999999999999,0.95,0.1238547267740934,0.0013082526016738698,exploratory_dataset_category_384,True,False,True
dataset_category,openstack,TN,overlap_at_k,lofo,llm_lofo,qwen36_27b_local,20,1.0,0.7770000000000001,-0.223,0.0,8.646063208626282e-05,-1.0,-0.286,-0.1669999999999999,0.95,0.026122987423796314,0.0003949357404820198,exploratory_dataset_category_384,True,True,True
dataset_category,openstack,FP,overlap_at_k,lofo,llm_lofo,qwen36_27b_local,20,1.0,0.8850000000000001,-0.1149999999999999,0.0,0.0006289394206546,-1.0,-0.156,-0.0779999999999999,0.95,0.135221975440739,0.0014159591381930666,exploratory_dataset_category_384,True,False,True
dataset_category,openstack,FN,overlap_at_k,lofo,llm_lofo,qwen36_27b_local,20,1.0,0.8180000000000002,-0.182,0.0,0.0002867807710225,-1.0,-0.242,-0.127,0.95,0.06986161724727899,0.0007355043644044549,exploratory_dataset_category_384,True,False,True
dataset_category,qt,TP,overlap_at_k,lofo,llm_lofo,qwen36_27b_local,20,1.0,0.8240000000000001,-0.176,0.0,0.0002873468821253,-1.0,-0.226,-0.1249999999999999,0.95,0.06986161724727899,0.0007355043644044549,exploratory_dataset_category_384,True,False,True
dataset_category,qt,TN,overlap_at_k,lofo,llm_lofo,qwen36_27b_local,20,1.0,0.819,-0.181,0.0,0.000431031767323,-1.0,-0.2319999999999999,-0.129,0.95,0.09741317941499801,0.001040982381459321,exploratory_dataset_category_384,True,False,True
dataset_category,qt,FP,overlap_at_k,lofo,llm_lofo,qwen36_27b_local,20,1.0,0.833,-0.1669999999999999,0.0,0.0001883171794061,-1.0,-0.2160249999999998,-0.121,0.95,0.0491507838249921,0.0005758145256910168,exploratory_dataset_category_384,True,True,True
dataset_category,qt,FN,overlap_at_k,lofo,llm_lofo,qwen36_27b_local,20,1.0,0.7889999999999999,-0.211,0.0,8.646063208626282e-05,-1.0,-0.244,-0.1799999999999999,0.95,0.026122987423796314,0.0003949357404820198,exploratory_dataset_category_384,True,True,True
overall,,,overlap_at_k,counterfactual,llm_counterfactual,qwen36_27b_local,160,1.0,0.829,-0.1709999999999999,0.0,2.871510640364527e-25,-1.0,-0.1861249999999999,-0.1559999999999999,0.95,1.2347495753567466e-23,2.041046820046232e-24,primary_overall_48,True,True,True
dataset_category,openstack,TP,overlap_at_k,counterfactual,llm_counterfactual,qwen36_27b_local,20,1.0,0.783,-0.217,0.0,0.000283962308796,-1.0,-0.2700249999999998,-0.1619999999999999,0.95,0.06986161724727899,0.0007355043644044549,exploratory_dataset_category_384,True,False,True
dataset_category,openstack,TN,overlap_at_k,counterfactual,llm_counterfactual,qwen36_27b_local,20,1.0,0.8110000000000002,-0.1889999999999999,0.0,0.0001265345176495,-1.0,-0.2319999999999999,-0.146,0.95,0.036948079153654,0.0004382011217946257,exploratory_dataset_category_384,True,True,True
dataset_category,openstack,FP,overlap_at_k,counterfactual,llm_counterfactual,qwen36_27b_local,20,1.0,0.827,-0.173,0.0,0.0001933622720495,-1.0,-0.208,-0.135,0.95,0.049694103916721494,0.0005758145256910168,exploratory_dataset_category_384,True,True,True
dataset_category,openstack,FN,overlap_at_k,counterfactual,llm_counterfactual,qwen36_27b_local,20,1.0,0.8100000000000002,-0.19,0.0,0.0001275409970077,-1.0,-0.2309999999999999,-0.1509999999999999,0.95,0.0371144301292407,0.0004382011217946257,exploratory_dataset_category_384,True,True,True
dataset_category,qt,TP,overlap_at_k,counterfactual,llm_counterfactual,qwen36_27b_local,20,1.0,0.8940000000000001,-0.1059999999999999,0.0,0.0006162019349793,-1.0,-0.142,-0.072,0.95,0.1337158198905081,0.0014001274735624331,exploratory_dataset_category_384,True,False,True
dataset_category,qt,TN,overlap_at_k,counterfactual,llm_counterfactual,qwen36_27b_local,20,1.0,0.812,-0.188,0.0,0.0001295719512967,-1.0,-0.227,-0.149,0.95,0.0371144301292407,0.0004382011217946257,exploratory_dataset_category_384,True,True,True
dataset_category,qt,FP,overlap_at_k,counterfactual,llm_counterfactual,qwen36_27b_local,20,1.0,0.867,-0.133,0.0,0.0002789396696956,-1.0,-0.1659999999999999,-0.0989999999999999,0.95,0.0691770380845088,0.0007355043644044549,exploratory_dataset_category_384,True,False,True
dataset_category,qt,FN,overlap_at_k,counterfactual,llm_counterfactual,qwen36_27b_local,20,1.0,0.8280000000000001,-0.172,0.0,0.0001287566826091,-1.0,-0.207,-0.1369999999999999,0.95,0.0371144301292407,0.0004382011217946257,exploratory_dataset_category_384,True,True,True
overall,,,rank_agreement_at_k,lime,llm_lime,qwen36_27b_local,160,0.9230208333333334,0.8936718750000001,-0.0293489583333333,4220.5,0.0005168927828815,-0.3194388454406192,-0.043674609375,-0.01522109375,0.95,0.0025844639144074998,0.0005638830358707272,primary_overall_48,True,True,True
dataset_category,openstack,TP,rank_agreement_at_k,lime,llm_lime,qwen36_27b_local,20,0.9390833333333332,0.9280416666666664,-0.0110416666666666,95.0,0.7285060882568359,-0.0952380952380952,-0.0409588541666666,0.0181463541666666,0.95,1.0,0.7601802660071332,exploratory_dataset_category_384,False,False,False
dataset_category,openstack,TN,rank_agreement_at_k,lime,llm_lime,qwen36_27b_local,20,0.9365625000000002,0.8689791666666666,-0.0675833333333333,21.0,0.0017114225691997,-0.8,-0.1008343749999999,-0.0349166666666666,0.95,0.304183959960924,0.0031595493585225226,exploratory_dataset_category_384,True,False,True
dataset_category,openstack,FP,rank_agreement_at_k,lime,llm_lime,qwen36_27b_local,20,0.9464375,0.9317500000000004,-0.0146875,94.0,0.6812960891900375,-0.1047619047619047,-0.0495833333333333,0.0185208333333333,0.95,1.0,0.7148024542321706,exploratory_dataset_category_384,False,False,False
dataset_category,openstack,FN,rank_agreement_at_k,lime,llm_lime,qwen36_27b_local,20,0.9302708333333334,0.8694791666666667,-0.0607916666666666,27.0,0.0035889055532021,-0.7428571428571429,-0.0956046874999999,-0.0274578124999999,0.95,0.5540236811196665,0.005965972867660633,exploratory_dataset_category_384,True,False,True
dataset_category,qt,TP,rank_agreement_at_k,lime,llm_lime,qwen36_27b_local,20,0.8972499999999999,0.9023541666666668,0.0051041666666666,74.0,0.2610988616943359,0.2952380952380952,-0.0413968749999999,0.0432083333333333,0.95,1.0,0.298398699079241,exploratory_dataset_category_384,False,False,False
dataset_category,qt,TN,rank_agreement_at_k,lime,llm_lime,qwen36_27b_local,20,0.9119375,0.8700416666666667,-0.0418958333333333,55.0,0.0637226104736328,-0.4761904761904761,-0.0815005208333333,-0.0002677083333333,0.95,1.0,0.08102477623137415,exploratory_dataset_category_384,False,False,False
dataset_category,qt,FP,rank_agreement_at_k,lime,llm_lime,qwen36_27b_local,20,0.918875,0.9092291666666668,-0.0096458333333333,88.0,0.7781771795228314,-0.0736842105263157,-0.0479380208333333,0.0275859374999999,0.95,1.0,0.8076217214507222,exploratory_dataset_category_384,False,False,False
dataset_category,qt,FN,rank_agreement_at_k,lime,llm_lime,qwen36_27b_local,20,0.9037500000000002,0.8694999999999998,-0.03425,63.0,0.3271438745498921,-0.2631578947368421,-0.0893354166666666,0.0166041666666666,0.95,1.0,0.36516823892291067,exploratory_dataset_category_384,False,False,False
overall,,,rank_agreement_at_k,kernelshap,llm_kernelshap,qwen36_27b_local,160,0.9740364583333336,0.93778125,-0.0362552083333333,1335.0,8.710247138523237e-13,-0.7091503267973857,-0.0456380859375,-0.0273095703125,0.95,1.4807420135489504e-11,1.3065370707784855e-12,primary_overall_48,True,True,True
dataset_category,openstack,TP,rank_agreement_at_k,kernelshap,llm_kernelshap,qwen36_27b_local,20,0.9664166666666668,0.9525625000000002,-0.0138541666666666,57.5,0.2224143306336997,-0.327485380116959,-0.0347083333333333,0.0075624999999999,0.95,1.0,0.2549465760099722,exploratory_dataset_category_384,False,False,False
dataset_category,openstack,TN,rank_agreement_at_k,kernelshap,llm_kernelshap,qwen36_27b_local,20,0.9795625,0.9021458333333332,-0.0774166666666666,0.0,0.0001316270451892,-1.0,-0.1043755208333333,-0.0531869791666666,0.95,0.0371144301292407,0.0004382011217946257,exploratory_dataset_category_384,True,True,True
dataset_category,openstack,FP,rank_agreement_at_k,kernelshap,llm_kernelshap,qwen36_27b_local,20,0.9670625000000002,0.949625,-0.0174375,48.0,0.1023584891170438,-0.4385964912280701,-0.0432937499999999,0.0104583333333333,0.95,1.0,0.12399261773168713,exploratory_dataset_category_384,False,False,False
dataset_category,openstack,FN,rank_agreement_at_k,kernelshap,llm_kernelshap,qwen36_27b_local,20,0.957875,0.9251041666666668,-0.0327708333333333,14.5,0.0019851712401522,-0.8304093567251462,-0.0513333333333332,-0.0154166666666666,0.95,0.3434346245463306,0.0035957818689549286,exploratory_dataset_category_384,True,False,True
dataset_category,qt,TP,rank_agreement_at_k,kernelshap,llm_kernelshap,qwen36_27b_local,20,0.9728750000000002,0.9594583333333336,-0.0134166666666666,35.0,0.2719476239947354,-0.3333333333333333,-0.0362083333333333,0.0067296875,0.95,1.0,0.30987503743020295,exploratory_dataset_category_384,False,False,False
dataset_category,qt,TN,rank_agreement_at_k,kernelshap,llm_kernelshap,qwen36_27b_local,20,0.978,0.9104375,-0.0675625,11.0,0.001173389096692,-0.8713450292397661,-0.1039593749999999,-0.0350833333333333,0.95,0.22763748475824802,0.0023483188551956,exploratory_dataset_category_384,True,False,True
dataset_category,qt,FP,rank_agreement_at_k,kernelshap,llm_kernelshap,qwen36_27b_local,20,0.9814375,0.9595833333333332,-0.0218541666666666,15.0,0.0329934124838526,-0.6703296703296703,-0.0404171875,-0.0044375,0.95,1.0,0.0439912166451368,exploratory_dataset_category_384,True,False,True
dataset_category,qt,FN,rank_agreement_at_k,kernelshap,llm_kernelshap,qwen36_27b_local,20,0.9890625,0.9433333333333334,-0.0457291666666666,6.0,0.0008387616582055,-0.9215686274509804,-0.0650213541666666,-0.0269994791666666,0.95,0.1719461399321275,0.0017893582041717333,exploratory_dataset_category_384,True,False,True
overall,,,rank_agreement_at_k,lofo,llm_lofo,qwen36_27b_local,160,1.0,0.9393072916666666,-0.0606927083333333,0.0,5.895805707078227e-21,-1.0,-0.0701903645833333,-0.051640625,0.95,1.8276997691942502e-19,1.5722148552208604e-20,primary_overall_48,True,True,True
dataset_category,openstack,TP,rank_agreement_at_k,lofo,llm_lofo,qwen36_27b_local,20,1.0,0.9747500000000002,-0.02525,0.0,0.0014201288658119,-1.0,-0.03675,-0.0146859375,0.95,0.2655640979068253,0.002727223535393584,exploratory_dataset_category_384,True,False,True
dataset_category,openstack,TN,rank_agreement_at_k,lofo,llm_lofo,qwen36_27b_local,20,1.0,0.9278125,-0.0721874999999999,0.0,0.0002879138009194,-1.0,-0.1042708333333333,-0.045625,0.95,0.06986161724727899,0.0007355043644044549,exploratory_dataset_category_384,True,False,True
dataset_category,openstack,FP,rank_agreement_at_k,lofo,llm_lofo,qwen36_27b_local,20,1.0,0.9561458333333333,-0.0438541666666666,0.0,0.0022090203462313,-1.0,-0.0646875,-0.0247916666666666,0.95,0.375533458859321,0.003924447199387134,exploratory_dataset_category_384,True,False,True
dataset_category,openstack,FN,rank_agreement_at_k,lofo,llm_lofo,qwen36_27b_local,20,1.0,0.9144791666666666,-0.0855208333333333,0.0,0.0009758787856927,-1.0,-0.1263567708333333,-0.0490625,0.95,0.1959884299787804,0.002025607857870253,exploratory_dataset_category_384,True,False,True
dataset_category,qt,TP,rank_agreement_at_k,lofo,llm_lofo,qwen36_27b_local,20,1.0,0.9321875000000002,-0.0678125,0.0,0.0009730565294466,-1.0,-0.0939583333333333,-0.0432265625,0.95,0.1959884299787804,0.002025607857870253,exploratory_dataset_category_384,True,False,True
dataset_category,qt,TN,rank_agreement_at_k,lofo,llm_lofo,qwen36_27b_local,20,1.0,0.9497916666666668,-0.0502083333333333,0.0,0.0014492334559826,-1.0,-0.0754166666666666,-0.028125,0.95,0.26642990112303055,0.0027414071285582187,exploratory_dataset_category_384,True,False,True
dataset_category,qt,FP,rank_agreement_at_k,lofo,llm_lofo,qwen36_27b_local,20,1.0,0.9480208333333332,-0.0519791666666666,0.0,0.0006516660806139,-1.0,-0.0773958333333333,-0.03125,0.95,0.13815320909014678,0.0014371657363432594,exploratory_dataset_category_384,True,False,True
dataset_category,qt,FN,rank_agreement_at_k,lofo,llm_lofo,qwen36_27b_local,20,1.0,0.9112708333333334,-0.0887291666666666,0.0,0.0001308020996998,-1.0,-0.107875,-0.07,0.95,0.0371144301292407,0.0004382011217946257,exploratory_dataset_category_384,True,True,True
overall,,,rank_agreement_at_k,counterfactual,llm_counterfactual,qwen36_27b_local,160,1.0,0.9012578125,-0.0987421875,0.0,3.0332243934701535e-23,-1.0,-0.1122448567708333,-0.085991796875,0.95,1.0919607816492553e-21,1.1199597760505181e-22,primary_overall_48,True,True,True
dataset_category,openstack,TP,rank_agreement_at_k,counterfactual,llm_counterfactual,qwen36_27b_local,20,1.0,0.9299375,-0.0700624999999999,0.0,0.0002924783038121,-1.0,-0.096771875,-0.0460203124999999,0.95,0.06986161724727899,0.0007355043644044549,exploratory_dataset_category_384,True,False,True
dataset_category,openstack,TN,rank_agreement_at_k,counterfactual,llm_counterfactual,qwen36_27b_local,20,1.0,0.9019583333333332,-0.0980416666666666,0.0,0.0004377771945746,-1.0,-0.1285427083333333,-0.0682291666666667,0.95,0.09806209158471041,0.0010441393957555678,exploratory_dataset_category_384,True,False,True
dataset_category,openstack,FP,rank_agreement_at_k,counterfactual,llm_counterfactual,qwen36_27b_local,20,1.0,0.9128333333333334,-0.0871666666666666,0.0,0.0002924783038121,-1.0,-0.1181890624999999,-0.0581458333333333,0.95,0.06986161724727899,0.0007355043644044549,exploratory_dataset_category_384,True,False,True
dataset_category,openstack,FN,rank_agreement_at_k,counterfactual,llm_counterfactual,qwen36_27b_local,20,1.0,0.8250624999999999,-0.1749375,0.0,0.0001318338889828,-1.0,-0.2189604166666666,-0.1337484375,0.95,0.0371144301292407,0.0004382011217946257,exploratory_dataset_category_384,True,True,True
dataset_category,qt,TP,rank_agreement_at_k,counterfactual,llm_counterfactual,qwen36_27b_local,20,1.0,0.9521875,-0.0478124999999999,0.0,0.002217721464237,-1.0,-0.0710208333333333,-0.0268333333333333,0.95,0.375533458859321,0.003924447199387134,exploratory_dataset_category_384,True,False,True
dataset_category,qt,TN,rank_agreement_at_k,counterfactual,llm_counterfactual,qwen36_27b_local,20,1.0,0.8907708333333334,-0.1092291666666667,0.0,0.0001947242863863,-1.0,-0.149521875,-0.0726026041666667,0.95,0.0498494173148928,0.0005758145256910168,exploratory_dataset_category_384,True,True,True
dataset_category,qt,FP,rank_agreement_at_k,counterfactual,llm_counterfactual,qwen36_27b_local,20,1.0,0.9417083333333331,-0.0582916666666666,0.0,0.0006483852534615,-1.0,-0.0822505208333333,-0.036375,0.95,0.1381060589872995,0.0014371657363432594,exploratory_dataset_category_384,True,False,True
dataset_category,qt,FN,rank_agreement_at_k,counterfactual,llm_counterfactual,qwen36_27b_local,20,1.0,0.8556041666666667,-0.1443958333333333,0.0,0.0002924783038121,-1.0,-0.1883338541666666,-0.1010411458333333,0.95,0.06986161724727899,0.0007355043644044549,exploratory_dataset_category_384,True,False,True
overall,,,direction_agreement_at_k,lime,llm_lime,qwen36_27b_local,160,1.0,0.9564583333333336,-0.0435416666666666,0.0,2.3864226208669033e-09,-1.0,-0.0565627604166666,-0.0311768229166666,0.95,2.3864226208669032e-08,2.93713553337465e-09,primary_overall_48,True,True,True
dataset_category,openstack,TP,direction_agreement_at_k,lime,llm_lime,qwen36_27b_local,20,1.0,0.9705,-0.0295,0.0,0.1088094300405456,-1.0,-0.0623333333333333,0.0,0.95,1.0,0.1305713160486547,exploratory_dataset_category_384,False,False,False
dataset_category,openstack,TN,direction_agreement_at_k,lime,llm_lime,qwen36_27b_local,20,1.0,0.9635,-0.0364999999999999,0.0,0.0678891548618289,-1.0,-0.0809999999999999,-0.0044999999999999,0.95,1.0,0.08409495311916869,exploratory_dataset_category_384,False,False,False
dataset_category,openstack,FP,direction_agreement_at_k,lime,llm_lime,qwen36_27b_local,20,1.0,0.97875,-0.0212499999999999,0.0,0.0431144467830753,-1.0,-0.0397499999999999,-0.006,0.95,1.0,0.05593225528615174,exploratory_dataset_category_384,True,False,False
dataset_category,openstack,FN,direction_agreement_at_k,lime,llm_lime,qwen36_27b_local,20,1.0,0.9446666666666664,-0.0553333333333333,0.0,0.0179604775260787,-1.0,-0.0959166666666666,-0.0204166666666666,0.95,1.0,0.025449532730679784,exploratory_dataset_category_384,True,False,True
dataset_category,qt,TP,direction_agreement_at_k,lime,llm_lime,qwen36_27b_local,20,1.0,0.9534166666666666,-0.0465833333333333,0.0,0.0277078493580798,-1.0,-0.0926666666666666,-0.01125,0.95,1.0,0.037464134343319175,exploratory_dataset_category_384,True,False,True
dataset_category,qt,TN,direction_agreement_at_k,lime,llm_lime,qwen36_27b_local,20,1.0,0.9186666666666669,-0.0813333333333333,0.0,0.0050335082006062,-1.0,-0.1306687499999999,-0.0385833333333333,0.95,0.7357459372270644,0.00805361312096992,exploratory_dataset_category_384,True,False,True
dataset_category,qt,FP,direction_agreement_at_k,lime,llm_lime,qwen36_27b_local,20,1.0,0.9838333333333334,-0.0161666666666666,0.0,0.1797124948789997,-1.0,-0.0418333333333333,0.0,0.95,1.0,0.21039511595590213,exploratory_dataset_category_384,False,False,False
dataset_category,qt,FN,direction_agreement_at_k,lime,llm_lime,qwen36_27b_local,20,1.0,0.9383333333333332,-0.0616666666666666,0.0,0.0050050744029052,-1.0,-0.1002499999999999,-0.02883125,0.95,0.7357459372270644,0.00804162581889371,exploratory_dataset_category_384,True,False,True
overall,,,direction_agreement_at_k,kernelshap,llm_kernelshap,qwen36_27b_local,160,1.0,0.9784375,-0.0215625,0.0,3.6207583197915065e-07,-1.0,-0.0293958333333333,-0.0145520833333333,0.95,2.896606655833205e-06,4.238936569512008e-07,primary_overall_48,True,True,True
dataset_category,openstack,TP,direction_agreement_at_k,kernelshap,llm_kernelshap,qwen36_27b_local,20,1.0,0.976,-0.024,0.0,0.0678891548618289,-1.0,-0.0485,-0.0039999999999999,0.95,1.0,0.08409495311916869,exploratory_dataset_category_384,False,False,False
dataset_category,openstack,TN,direction_agreement_at_k,kernelshap,llm_kernelshap,qwen36_27b_local,20,1.0,0.9649166666666666,-0.0350833333333333,0.0,0.0431144467830753,-1.0,-0.0659166666666666,-0.0094999999999999,0.95,1.0,0.05593225528615174,exploratory_dataset_category_384,True,False,False
dataset_category,openstack,FP,direction_agreement_at_k,kernelshap,llm_kernelshap,qwen36_27b_local,20,1.0,0.9825000000000002,-0.0175,0.0,0.0421681970971559,-1.0,-0.034,-0.004,0.95,1.0,0.05564463122098922,exploratory_dataset_category_384,True,False,False
dataset_category,openstack,FN,direction_agreement_at_k,kernelshap,llm_kernelshap,qwen36_27b_local,20,1.0,0.969,-0.031,0.0,0.0431144467830753,-1.0,-0.06475,-0.005,0.95,1.0,0.05593225528615174,exploratory_dataset_category_384,True,False,False
dataset_category,qt,TP,direction_agreement_at_k,kernelshap,llm_kernelshap,qwen36_27b_local,20,1.0,0.991,-0.0089999999999999,0.0,0.1088094300405456,-1.0,-0.0204999999999999,0.0,0.95,1.0,0.1305713160486547,exploratory_dataset_category_384,False,False,False
dataset_category,qt,TN,direction_agreement_at_k,kernelshap,llm_kernelshap,qwen36_27b_local,20,1.0,0.97375,-0.0262499999999999,0.0,0.0431144467830753,-1.0,-0.0483354166666666,-0.0074166666666666,0.95,1.0,0.05593225528615174,exploratory_dataset_category_384,True,False,False
dataset_category,qt,FP,direction_agreement_at_k,kernelshap,llm_kernelshap,qwen36_27b_local,20,1.0,0.9783333333333332,-0.0216666666666666,0.0,0.0431144467830753,-1.0,-0.0413333333333333,-0.005,0.95,1.0,0.05593225528615174,exploratory_dataset_category_384,True,False,False
dataset_category,qt,FN,direction_agreement_at_k,kernelshap,llm_kernelshap,qwen36_27b_local,20,1.0,0.992,-0.0079999999999999,0.0,0.1797124948789997,-1.0,-0.0204999999999999,0.0,0.95,1.0,0.21039511595590213,exploratory_dataset_category_384,False,False,False
overall,,,direction_agreement_at_k,lofo,llm_lofo,qwen36_27b_local,160,1.0,0.9978958333333332,-0.0021041666666666,0.0,0.1797124948789997,-1.0,-0.0054791666666666,0.0,0.95,0.4903286069048709,0.18353616498280823,primary_overall_48,False,False,False
dataset_category,openstack,TP,direction_agreement_at_k,lofo,llm_lofo,qwen36_27b_local,20,1.0,1.0,0.0,0.0,1.0,0.0,0.0,0.0,0.95,1.0,1.0,exploratory_dataset_category_384,False,False,False
dataset_category,openstack,TN,direction_agreement_at_k,lofo,llm_lofo,qwen36_27b_local,20,1.0,1.0,0.0,0.0,1.0,0.0,0.0,0.0,0.95,1.0,1.0,exploratory_dataset_category_384,False,False,False
dataset_category,openstack,FP,direction_agreement_at_k,lofo,llm_lofo,qwen36_27b_local,20,1.0,1.0,0.0,0.0,1.0,0.0,0.0,0.0,0.95,1.0,1.0,exploratory_dataset_category_384,False,False,False
dataset_category,openstack,FN,direction_agreement_at_k,lofo,llm_lofo,qwen36_27b_local,20,1.0,1.0,0.0,0.0,1.0,0.0,0.0,0.0,0.95,1.0,1.0,exploratory_dataset_category_384,False,False,False
dataset_category,qt,TP,direction_agreement_at_k,lofo,llm_lofo,qwen36_27b_local,20,1.0,1.0,0.0,0.0,1.0,0.0,0.0,0.0,0.95,1.0,1.0,exploratory_dataset_category_384,False,False,False
dataset_category,qt,TN,direction_agreement_at_k,lofo,llm_lofo,qwen36_27b_local,20,1.0,0.9933333333333334,-0.0066666666666666,0.0,0.3173105078629141,-1.0,-0.0199999999999999,0.0,0.95,1.0,0.356278464968886,exploratory_dataset_category_384,False,False,False
dataset_category,qt,FP,direction_agreement_at_k,lofo,llm_lofo,qwen36_27b_local,20,1.0,1.0,0.0,0.0,1.0,0.0,0.0,0.0,0.95,1.0,1.0,exploratory_dataset_category_384,False,False,False
dataset_category,qt,FN,direction_agreement_at_k,lofo,llm_lofo,qwen36_27b_local,20,1.0,0.9898333333333332,-0.0101666666666666,0.0,0.3173105078629141,-1.0,-0.0305,0.0,0.95,1.0,0.356278464968886,exploratory_dataset_category_384,False,False,False
overall,,,direction_agreement_at_k,counterfactual,llm_counterfactual,qwen36_27b_local,160,1.0,0.9394166666666668,-0.0605833333333333,0.0,1.1043089620507046e-10,-1.0,-0.0770630208333333,-0.0454684895833333,0.95,1.435601650665916e-09,1.4724119494009392e-10,primary_overall_48,True,True,True
dataset_category,openstack,TP,direction_agreement_at_k,counterfactual,llm_counterfactual,qwen36_27b_local,20,1.0,0.9819166666666664,-0.0180833333333333,0.0,0.0678891548618289,-1.0,-0.036,-0.0025,0.95,1.0,0.08409495311916869,exploratory_dataset_category_384,False,False,False
dataset_category,openstack,TN,direction_agreement_at_k,counterfactual,llm_counterfactual,qwen36_27b_local,20,1.0,0.9093333333333332,-0.0906666666666666,0.0,0.0076857940552132,-1.0,-0.1445833333333333,-0.0405833333333333,0.95,1.0,0.011805379668807476,exploratory_dataset_category_384,True,False,True
dataset_category,openstack,FP,direction_agreement_at_k,counterfactual,llm_counterfactual,qwen36_27b_local,20,1.0,0.9725833333333334,-0.0274166666666666,0.0,0.0678891548618289,-1.0,-0.0582499999999999,-0.0032499999999999,0.95,1.0,0.08409495311916869,exploratory_dataset_category_384,False,False,False
dataset_category,openstack,FN,direction_agreement_at_k,counterfactual,llm_counterfactual,qwen36_27b_local,20,1.0,0.8455833333333335,-0.1544166666666666,0.0,0.002217721464237,-1.0,-0.2202520833333333,-0.0900791666666667,0.95,0.375533458859321,0.003924447199387134,exploratory_dataset_category_384,True,False,True
dataset_category,qt,TP,direction_agreement_at_k,counterfactual,llm_counterfactual,qwen36_27b_local,20,1.0,0.9925833333333334,-0.0074166666666666,0.0,0.1797124948789997,-1.0,-0.0195833333333333,0.0,0.95,1.0,0.21039511595590213,exploratory_dataset_category_384,False,False,False
dataset_category,qt,TN,direction_agreement_at_k,counterfactual,llm_counterfactual,qwen36_27b_local,20,1.0,0.92125,-0.07875,0.0,0.0076857940552132,-1.0,-0.1265020833333333,-0.0368333333333333,0.95,1.0,0.011805379668807476,exploratory_dataset_category_384,True,False,True
dataset_category,qt,FP,direction_agreement_at_k,counterfactual,llm_counterfactual,qwen36_27b_local,20,1.0,0.9716666666666668,-0.0283333333333333,0.0,0.0421681970971559,-1.0,-0.0543333333333333,-0.0065,0.95,1.0,0.05564463122098922,exploratory_dataset_category_384,True,False,False
dataset_category,qt,FN,direction_agreement_at_k,counterfactual,llm_counterfactual,qwen36_27b_local,20,1.0,0.9204166666666664,-0.0795833333333333,0.0,0.0050050744029052,-1.0,-0.1215833333333333,-0.04058125,0.95,0.7357459372270644,0.00804162581889371,exploratory_dataset_category_384,True,False,True
overall,,,score_stability,lime,llm_lime,qwen36_27b_local,160,0.9441854184258478,0.7942709186157548,-0.1499144998100929,904.0,4.046436210599211e-21,-0.8596273291925466,-0.1740289964255501,-0.1254995854546588,0.95,1.2948595873917475e-19,1.1425231653456595e-20,primary_overall_48,True,True,True
dataset_category,openstack,TP,score_stability,lime,llm_lime,qwen36_27b_local,20,0.91538703524006,0.8307250427037192,-0.0846619925363407,31.0,0.004220962524414,-0.7047619047619048,-0.1570899125333768,0.0138628843889037,0.95,0.6333011960475591,0.006839027887658127,exploratory_dataset_category_384,True,False,True
dataset_category,openstack,TN,score_stability,lime,llm_lime,qwen36_27b_local,20,0.9550402107522792,0.7110972009958454,-0.2439430097564339,2.0,5.7220458984375e-06,-0.9809523809523808,-0.3218556752371465,-0.1713770806832539,0.95,0.001934051513671875,4.225510817307692e-05,exploratory_dataset_category_384,True,True,True
dataset_category,openstack,FP,score_stability,lime,llm_lime,qwen36_27b_local,20,0.94746124377074,0.8861084583667622,-0.0613527854039779,40.0,0.0136165618896484,-0.6190476190476191,-0.1031992464889914,-0.0197111054597853,0.95,1.0,0.019731168926886738,exploratory_dataset_category_384,True,False,True
dataset_category,openstack,FN,score_stability,lime,llm_lime,qwen36_27b_local,20,0.9467918820238124,0.7266850286838903,-0.2201068533399222,2.0,5.7220458984375e-06,-0.9809523809523808,-0.274762920318829,-0.1659606074781515,0.95,0.001934051513671875,4.225510817307692e-05,exploratory_dataset_category_384,True,True,True
dataset_category,qt,TP,score_stability,lime,llm_lime,qwen36_27b_local,20,0.9542847076204384,0.8584179867666348,-0.0958667208538035,17.0,0.0003948211669921,-0.8380952380952381,-0.1341748802045709,-0.0587630970300586,0.95,0.09001922607419881,0.0009656772492036077,exploratory_dataset_category_384,True,False,True
dataset_category,qt,TN,score_stability,lime,llm_lime,qwen36_27b_local,20,0.9559458464530588,0.777612022761897,-0.1783338236911621,5.0,1.9073486328125e-05,-0.9523809523809524,-0.2174473916519688,-0.1339726977894275,0.95,0.006160736083984375,0.00010931669776119403,exploratory_dataset_category_384,True,True,True
dataset_category,qt,FP,score_stability,lime,llm_lime,qwen36_27b_local,20,0.9290949103277196,0.8235152176192024,-0.1055796927085177,41.0,0.0153121948242187,-0.6095238095238096,-0.1843301460495532,-0.0209982606125606,0.95,1.0,0.021939861240671567,exploratory_dataset_category_384,True,False,True
dataset_category,qt,FN,score_stability,lime,llm_lime,qwen36_27b_local,20,0.9494775112186724,0.7400063910280869,-0.2094711201905852,3.0,9.5367431640625e-06,-0.9714285714285714,-0.2709351790068716,-0.1475747256865439,0.95,0.00316619873046875,6.313981681034483e-05,exploratory_dataset_category_384,True,True,True
overall,,,score_stability,kernelshap,llm_kernelshap,qwen36_27b_local,160,0.970171822932816,0.8592618075332377,-0.1109100153995784,748.0,3.099731877153056e-22,-0.8838509316770187,-0.1304090536841245,-0.0917582388212599,0.95,1.0229115194605086e-20,9.299195631459168e-22,primary_overall_48,True,True,True
dataset_category,openstack,TP,score_stability,kernelshap,llm_kernelshap,qwen36_27b_local,20,0.9500027878418632,0.8984960779748358,-0.0515067098670274,45.0,0.0239505767822265,-0.5714285714285714,-0.0902430540022859,-0.0148844350805492,0.95,1.0,0.03296423471102142,exploratory_dataset_category_384,True,False,True
dataset_category,openstack,TN,score_stability,kernelshap,llm_kernelshap,qwen36_27b_local,20,0.9825827993832348,0.7672455336206218,-0.2153372657626128,3.0,9.5367431640625e-06,-0.9714285714285714,-0.2900478696825714,-0.1475688853592742,0.95,0.00316619873046875,6.313981681034483e-05,exploratory_dataset_category_384,True,True,True
dataset_category,openstack,FP,score_stability,kernelshap,llm_kernelshap,qwen36_27b_local,20,0.9620611003717232,0.9075652958923122,-0.0544958044794108,38.0,0.0106887817382812,-0.638095238095238,-0.0973703931325756,-0.0192372930656206,0.95,1.0,0.015970786721789806,exploratory_dataset_category_384,True,False,True
dataset_category,openstack,FN,score_stability,kernelshap,llm_kernelshap,qwen36_27b_local,20,0.9667204222149994,0.8452403114722428,-0.1214801107427566,7.0,3.62396240234375e-05,-0.9333333333333332,-0.188946004520016,-0.0653511660958213,0.95,0.01145172119140625,0.00019600022007042255,exploratory_dataset_category_384,True,True,True
dataset_category,qt,TP,score_stability,kernelshap,llm_kernelshap,qwen36_27b_local,20,0.9789657462475796,0.930954923140372,-0.0480108231072077,21.0,0.0008506774902343,-0.8,-0.0768684790950845,-0.0223085994116896,0.95,0.1735382080077972,0.0018047522444749789,exploratory_dataset_category_384,True,False,True
dataset_category,qt,TN,score_stability,kernelshap,llm_kernelshap,qwen36_27b_local,20,0.9747155494187404,0.7649448810943227,-0.2097706683244178,1.0,3.814697265625e-06,-0.9904761904761904,-0.2640336403089537,-0.1563733760796014,0.95,0.001316070556640625,3.1844429347826086e-05,exploratory_dataset_category_384,True,True,True
dataset_category,qt,FP,score_stability,kernelshap,llm_kernelshap,qwen36_27b_local,20,0.9733833578411673,0.8957116059583962,-0.0776717518827712,8.0,4.76837158203125e-05,-0.923809523809524,-0.11410252174362,-0.0450459248878793,0.95,0.014925003051757812,0.00024743982263513516,exploratory_dataset_category_384,True,True,True
dataset_category,qt,FN,score_stability,kernelshap,llm_kernelshap,qwen36_27b_local,20,0.9729428201432212,0.8639358311127985,-0.1090069890304227,2.0,5.7220458984375e-06,-0.9809523809523808,-0.1406528703843697,-0.078102468091007,0.95,0.001934051513671875,4.225510817307692e-05,exploratory_dataset_category_384,True,True,True
overall,,,score_stability,lofo,llm_lofo,qwen36_27b_local,160,1.0,0.8176003198199459,-0.182399680180054,0.0,2.2256738522459943e-25,-1.0,-0.2063869376707703,-0.159451510799492,0.95,9.792964949882375e-24,2.041046820046232e-24,primary_overall_48,True,True,True
dataset_category,openstack,TP,score_stability,lofo,llm_lofo,qwen36_27b_local,20,1.0,0.908807673755496,-0.0911923262445038,0.0,0.0006549583433856,-1.0,-0.1281170130783407,-0.0557003401152687,0.95,0.1381962104543616,0.0014371657363432594,exploratory_dataset_category_384,True,False,True
dataset_category,openstack,TN,score_stability,lofo,llm_lofo,qwen36_27b_local,20,1.0,0.732847015149378,-0.267152984850622,0.0,1.9073486328125e-06,-1.0,-0.355762279783295,-0.1879530718551479,0.95,0.000732421875,1.8780048076923078e-05,exploratory_dataset_category_384,True,True,True
dataset_category,openstack,FP,score_stability,lofo,llm_lofo,qwen36_27b_local,20,1.0,0.8894959765980959,-0.110504023401904,0.0,0.0006549583433856,-1.0,-0.1542303262933909,-0.0699505429184686,0.95,0.1381962104543616,0.0014371657363432594,exploratory_dataset_category_384,True,False,True
dataset_category,openstack,FN,score_stability,lofo,llm_lofo,qwen36_27b_local,20,1.0,0.7928046334955703,-0.2071953665044295,0.0,0.0002930525201924,-1.0,-0.2794288605766695,-0.1386880801609778,0.95,0.06986161724727899,0.0007355043644044549,exploratory_dataset_category_384,True,False,True
dataset_category,qt,TP,score_stability,lofo,llm_lofo,qwen36_27b_local,20,1.0,0.8372393980507413,-0.1627606019492587,0.0,0.0001316270451892,-1.0,-0.2231003872693142,-0.1083392114084747,0.95,0.0371144301292407,0.0004382011217946257,exploratory_dataset_category_384,True,True,True
dataset_category,qt,TN,score_stability,lofo,llm_lofo,qwen36_27b_local,20,0.9999999999999998,0.7894045140089592,-0.2105954859910405,0.0,0.0001318338889828,-1.0,-0.2817153534796036,-0.1408520838729142,0.95,0.0371144301292407,0.0004382011217946257,exploratory_dataset_category_384,True,True,True
dataset_category,qt,FP,score_stability,lofo,llm_lofo,qwen36_27b_local,20,1.0,0.8600104829546569,-0.1399895170453433,0.0,0.0001318338889828,-1.0,-0.1918524105985306,-0.0937328183080233,0.95,0.0371144301292407,0.0004382011217946257,exploratory_dataset_category_384,True,True,True
dataset_category,qt,FN,score_stability,lofo,llm_lofo,qwen36_27b_local,20,0.9999999999999996,0.7301928645466694,-0.2698071354533303,0.0,1.9073486328125e-06,-1.0,-0.3240074268294706,-0.21807596404399,0.95,0.000732421875,1.8780048076923078e-05,exploratory_dataset_category_384,True,True,True
overall,,,score_stability,counterfactual,llm_counterfactual,qwen36_27b_local,160,1.0,0.8014110054267451,-0.1985889945732548,0.0,1.079221572524015e-26,-1.0,-0.2202814019779959,-0.1772842453445476,0.95,4.856497076358068e-25,1.2950658870288181e-25,primary_overall_48,True,True,True
dataset_category,openstack,TP,score_stability,counterfactual,llm_counterfactual,qwen36_27b_local,20,1.0,0.8164431041849654,-0.1835568958150348,0.0,0.0001964367262123,-1.0,-0.2390698782502914,-0.1316709887630777,0.95,0.049894928457924204,0.0005758145256910168,exploratory_dataset_category_384,True,True,True
dataset_category,openstack,TN,score_stability,counterfactual,llm_counterfactual,qwen36_27b_local,20,1.0,0.7922100780896947,-0.2077899219103053,0.0,0.0001318338889828,-1.0,-0.2822545052293323,-0.1413934927025137,0.95,0.0371144301292407,0.0004382011217946257,exploratory_dataset_category_384,True,True,True
dataset_category,openstack,FP,score_stability,counterfactual,llm_counterfactual,qwen36_27b_local,20,1.0,0.8304626968187956,-0.1695373031812043,0.0,0.0001318338889828,-1.0,-0.2159428476317723,-0.1223871247304912,0.95,0.0371144301292407,0.0004382011217946257,exploratory_dataset_category_384,True,True,True
dataset_category,openstack,FN,score_stability,counterfactual,llm_counterfactual,qwen36_27b_local,20,1.0,0.7328079185687484,-0.2671920814312515,0.0,1.9073486328125e-06,-1.0,-0.3285040585379117,-0.2080493667734749,0.95,0.000732421875,1.8780048076923078e-05,exploratory_dataset_category_384,True,True,True
dataset_category,qt,TP,score_stability,counterfactual,llm_counterfactual,qwen36_27b_local,20,1.0,0.90882842139428,-0.0911715786057199,0.0,0.0002930525201924,-1.0,-0.1211263600379477,-0.0627666403867229,0.95,0.06986161724727899,0.0007355043644044549,exploratory_dataset_category_384,True,False,True
dataset_category,qt,TN,score_stability,counterfactual,llm_counterfactual,qwen36_27b_local,20,1.0,0.7719481333245849,-0.2280518666754151,0.0,0.0001318338889828,-1.0,-0.2951639973536744,-0.1653318376959967,0.95,0.0371144301292407,0.0004382011217946257,exploratory_dataset_category_384,True,True,True
dataset_category,qt,FP,score_stability,counterfactual,llm_counterfactual,qwen36_27b_local,20,1.0,0.8315619244438466,-0.1684380755561533,0.0,1.9073486328125e-06,-1.0,-0.2162448851538258,-0.1243085182506846,0.95,0.000732421875,1.8780048076923078e-05,exploratory_dataset_category_384,True,True,True
dataset_category,qt,FN,score_stability,counterfactual,llm_counterfactual,qwen36_27b_local,20,1.0,0.7270257665890459,-0.2729742334109539,0.0,1.9073486328125e-06,-1.0,-0.3352615188727983,-0.2123486192451198,0.95,0.000732421875,1.8780048076923078e-05,exploratory_dataset_category_384,True,True,True
overall,,,direction_consistency_rate,lime,llm_lime,qwen36_27b_local,160,0.61325,0.8704374999999999,0.2571875,908.0,1.1548071101144801e-18,0.8352983856339561,0.2121249999999999,0.3038765625,0.95,3.002498486297648e-17,2.4100322298041323e-18,primary_overall_48,True,True,True
dataset_category,openstack,TP,direction_consistency_rate,lime,llm_lime,qwen36_27b_local,20,0.776,0.942,0.166,1.5,0.0003746290826394,0.9803921568627452,0.114,0.22,0.95,0.0857900599244226,0.0009221638957277537,exploratory_dataset_category_384,True,False,True
dataset_category,openstack,TN,direction_consistency_rate,lime,llm_lime,qwen36_27b_local,20,0.4640000000000001,0.8015000000000001,0.3375,9.0,0.0005336283136346,0.9052631578947368,0.1975,0.4864999999999999,0.95,0.11739822899961201,0.0012418986208223418,exploratory_dataset_category_384,True,False,True
dataset_category,openstack,FP,direction_consistency_rate,lime,llm_lime,qwen36_27b_local,20,0.718,0.9399999999999998,0.222,6.5,0.0003612947450892,0.9315789473684212,0.1519999999999999,0.288,0.95,0.083097791370516,0.0008950785942855019,exploratory_dataset_category_384,True,False,True
dataset_category,openstack,FN,direction_consistency_rate,lime,llm_lime,qwen36_27b_local,20,0.6220000000000001,0.7985,0.1765,31.0,0.0312019656439268,0.5947712418300654,0.051,0.3095,0.95,1.0,0.04204054318339611,exploratory_dataset_category_384,True,False,True
dataset_category,qt,TP,direction_consistency_rate,lime,llm_lime,qwen36_27b_local,20,0.7480000000000001,0.924,0.176,21.5,0.0052191188917958,0.7485380116959064,0.08,0.2719999999999999,0.95,0.7463340015267994,0.008281577084502428,exploratory_dataset_category_384,True,False,True
dataset_category,qt,TN,direction_consistency_rate,lime,llm_lime,qwen36_27b_local,20,0.35,0.8640000000000001,0.514,1.0,0.0001020585229551,0.9904761904761904,0.388,0.6340000000000001,0.95,0.0304134398406198,0.0004382011217946257,exploratory_dataset_category_384,True,True,True
dataset_category,qt,FP,direction_consistency_rate,lime,llm_lime,qwen36_27b_local,20,0.764,0.898,0.1339999999999999,27.5,0.0114120363860016,0.6783625730994152,0.048,0.2239999999999999,0.95,1.0,0.016854699893171593,exploratory_dataset_category_384,True,False,True
dataset_category,qt,FN,direction_consistency_rate,lime,llm_lime,qwen36_27b_local,20,0.4639999999999999,0.7955,0.3315,33.0,0.0071740539049931,0.6857142857142857,0.1445,0.5159999999999999,0.95,0.9900194388890479,0.011153185018288868,exploratory_dataset_category_384,True,False,True
overall,,,direction_consistency_rate,kernelshap,llm_kernelshap,qwen36_27b_local,160,0.9385,0.767,-0.1715,408.5,2.322011134645539e-20,-0.9123014169171318,-0.1969999999999999,-0.1455,0.95,6.733832290472064e-19,5.572826723149293e-20,primary_overall_48,True,True,True
dataset_category,openstack,TP,direction_consistency_rate,kernelshap,llm_kernelshap,qwen36_27b_local,20,0.99,0.882,-0.1079999999999999,0.0,0.0014009385472406,-1.0,-0.148,-0.0679999999999999,0.95,0.2635762153924494,0.002727223535393584,exploratory_dataset_category_384,True,False,True
dataset_category,openstack,TN,direction_consistency_rate,kernelshap,llm_kernelshap,qwen36_27b_local,20,0.95,0.682,-0.268,0.0,0.0001920072903255,-1.0,-0.3360499999999997,-0.204,0.95,0.049537880903979,0.0005758145256910168,exploratory_dataset_category_384,True,True,True
dataset_category,openstack,FP,direction_consistency_rate,kernelshap,llm_kernelshap,qwen36_27b_local,20,0.988,0.826,-0.1619999999999999,4.5,0.000146547400921,-0.9571428571428572,-0.192,-0.122,0.95,0.039128156045907,0.0004769000165564746,exploratory_dataset_category_384,True,True,True
dataset_category,openstack,FN,direction_consistency_rate,kernelshap,llm_kernelshap,qwen36_27b_local,20,0.89,0.606,-0.284,0.0,0.0002856509693676,-1.0,-0.372,-0.2,0.95,0.06986161724727899,0.0007355043644044549,exploratory_dataset_category_384,True,False,True
dataset_category,qt,TP,direction_consistency_rate,kernelshap,llm_kernelshap,qwen36_27b_local,20,0.956,0.8380000000000001,-0.118,8.5,0.0034119777257586,-0.8583333333333333,-0.186,-0.056,0.95,0.5322685252183416,0.0057213949637174785,exploratory_dataset_category_384,True,False,True
dataset_category,qt,TN,direction_consistency_rate,kernelshap,llm_kernelshap,qwen36_27b_local,20,0.8799999999999999,0.7320000000000001,-0.148,16.0,0.0024195217873221,-0.8128654970760234,-0.218,-0.076,0.95,0.3992210949081465,0.004223165301507665,exploratory_dataset_category_384,True,False,True
dataset_category,qt,FP,direction_consistency_rate,kernelshap,llm_kernelshap,qwen36_27b_local,20,0.966,0.8400000000000001,-0.1259999999999999,12.0,0.0037193975436446,-0.8235294117647058,-0.1999999999999999,-0.0599999999999999,0.95,0.5664204430466481,0.006129822561199684,exploratory_dataset_category_384,True,False,True
dataset_category,qt,FN,direction_consistency_rate,kernelshap,llm_kernelshap,qwen36_27b_local,20,0.8879999999999999,0.73,-0.158,25.5,0.0051155388755447,-0.7315789473684211,-0.248,-0.072,0.95,0.7366375980784369,0.008150900117050476,exploratory_dataset_category_384,True,False,True
overall,,,direction_consistency_rate,lofo,llm_lofo,qwen36_27b_local,160,0.9475,0.8651249999999999,-0.082375,248.5,6.215980092289752e-13,-0.8759051186017478,-0.1016875,-0.0639375,0.95,1.1188764166121554e-11,9.624743368706712e-13,primary_overall_48,True,True,True
dataset_category,openstack,TP,direction_consistency_rate,lofo,llm_lofo,qwen36_27b_local,20,0.98,0.922,-0.058,0.0,0.0171480325014589,-1.0,-0.098,-0.022,0.95,1.0,0.024478975764164378,exploratory_dataset_category_384,True,False,True
dataset_category,openstack,TN,direction_consistency_rate,lofo,llm_lofo,qwen36_27b_local,20,0.91,0.791,-0.119,3.5,0.0032854323512234,-0.9230769230769232,-0.178,-0.062,0.95,0.5192490108047694,0.005557735783567337,exploratory_dataset_category_384,True,False,True
dataset_category,openstack,FP,direction_consistency_rate,lofo,llm_lofo,qwen36_27b_local,20,0.97,0.874,-0.0959999999999999,2.0,0.0084041604953478,-0.9272727272727272,-0.156,-0.038,0.95,1.0,0.01285736107654803,exploratory_dataset_category_384,True,False,True
dataset_category,openstack,FN,direction_consistency_rate,lofo,llm_lofo,qwen36_27b_local,20,0.97,0.8629999999999999,-0.1069999999999999,0.0,0.001434633213931,-1.0,-0.155,-0.0629999999999999,0.95,0.26642990112303055,0.002727223535393584,exploratory_dataset_category_384,True,False,True
dataset_category,qt,TP,direction_consistency_rate,lofo,llm_lofo,qwen36_27b_local,20,0.98,0.9499999999999998,-0.03,15.0,0.1990846686542837,-0.4545454545454545,-0.074,0.0139999999999999,0.95,1.0,0.23026660470856908,exploratory_dataset_category_384,False,False,False
dataset_category,qt,TN,direction_consistency_rate,lofo,llm_lofo,qwen36_27b_local,20,0.9200000000000002,0.7995000000000001,-0.1205,2.0,0.0023293069378066,-0.956043956043956,-0.1905,-0.0609875000000001,0.95,0.38828468322753285,0.004084264219715682,exploratory_dataset_category_384,True,False,True
dataset_category,qt,FP,direction_consistency_rate,lofo,llm_lofo,qwen36_27b_local,20,0.95,0.904,-0.046,7.0,0.0651265036713563,-0.6888888888888889,-0.088,-0.004,0.95,1.0,0.08226505726908165,exploratory_dataset_category_384,False,False,False
dataset_category,qt,FN,direction_consistency_rate,lofo,llm_lofo,qwen36_27b_local,20,0.9000000000000001,0.8174999999999999,-0.0824999999999999,12.0,0.0108702505979003,-0.7714285714285715,-0.1345,-0.0325,0.95,1.0,0.016178977634084168,exploratory_dataset_category_384,True,False,True
overall,,,direction_consistency_rate,counterfactual,llm_counterfactual,qwen36_27b_local,160,0.8800000000000001,0.8379375,-0.0420625,2567.0,0.0316943456649603,-0.2302848575712144,-0.0743140625,-0.0101234375,0.95,0.1267773826598412,0.033807302042624325,primary_overall_48,True,False,True
dataset_category,openstack,TP,direction_consistency_rate,counterfactual,llm_counterfactual,qwen36_27b_local,20,0.92,0.9195,-0.0005,32.5,0.96432940827032,-0.0151515151515151,-0.0815124999999999,0.0789999999999999,0.95,1.0,0.9901136170476013,exploratory_dataset_category_384,False,False,False
dataset_category,openstack,TN,direction_consistency_rate,counterfactual,llm_counterfactual,qwen36_27b_local,20,0.9,0.812,-0.088,31.5,0.1040372464411674,-0.475,-0.19,-0.002,0.95,1.0,0.12562988249499457,exploratory_dataset_category_384,False,False,False
dataset_category,openstack,FP,direction_consistency_rate,counterfactual,llm_counterfactual,qwen36_27b_local,20,0.92,0.885,-0.035,37.0,0.3268140880899876,-0.2952380952380952,-0.098,0.0269999999999999,0.95,1.0,0.36516823892291067,exploratory_dataset_category_384,False,False,False
dataset_category,openstack,FN,direction_consistency_rate,counterfactual,llm_counterfactual,qwen36_27b_local,20,0.85,0.6635,-0.1865,19.0,0.0111089739208828,-0.7205882352941176,-0.3035,-0.076,0.95,1.0,0.01647044782092276,exploratory_dataset_category_384,True,False,True
dataset_category,qt,TP,direction_consistency_rate,counterfactual,llm_counterfactual,qwen36_27b_local,20,0.93,0.954,0.024,20.0,0.4422060595261868,0.2727272727272727,-0.034,0.078,0.95,1.0,0.48104001942791996,exploratory_dataset_category_384,False,False,False
dataset_category,qt,TN,direction_consistency_rate,counterfactual,llm_counterfactual,qwen36_27b_local,20,0.78,0.8130000000000001,0.0329999999999999,73.0,0.5856020209051831,0.1461988304093567,-0.062,0.1270249999999996,0.95,1.0,0.6281317766133807,exploratory_dataset_category_384,False,False,False
dataset_category,qt,FP,direction_consistency_rate,counterfactual,llm_counterfactual,qwen36_27b_local,20,0.93,0.92,-0.0099999999999999,50.0,0.8745225090407704,-0.0476190476190476,-0.0699999999999999,0.048,0.95,1.0,0.9027329125582148,exploratory_dataset_category_384,False,False,False
dataset_category,qt,FN,direction_consistency_rate,counterfactual,llm_counterfactual,qwen36_27b_local,20,0.8099999999999999,0.7365,-0.0735,49.0,0.1924239161654901,-0.3594771241830065,-0.1750124999999999,0.0355124999999997,0.95,1.0,0.22323499639742655,exploratory_dataset_category_384,False,False,False
overall,,,meaningful_effect_rate,lime,llm_lime,qwen36_27b_local,160,0.7237499999999999,0.7137499999999999,-0.0099999999999999,3745.0,0.5335154132187818,-0.0638670166229221,-0.0356890624999999,0.0153140624999999,0.95,0.5335154132187818,0.5335154132187818,primary_overall_48,False,False,False
dataset_category,openstack,TP,meaningful_effect_rate,lime,llm_lime,qwen36_27b_local,20,0.916,0.912,-0.004,45.0,0.9719015254125476,-0.0109890109890109,-0.0579999999999999,0.0499999999999999,0.95,1.0,0.9952271620224488,exploratory_dataset_category_384,False,False,False
dataset_category,openstack,TN,meaningful_effect_rate,lime,llm_lime,qwen36_27b_local,20,0.658,0.63,-0.028,76.0,0.4438624412179205,-0.2,-0.0965,0.039,0.95,1.0,0.48147790233808324,exploratory_dataset_category_384,False,False,False
dataset_category,openstack,FP,meaningful_effect_rate,lime,llm_lime,qwen36_27b_local,20,0.924,0.836,-0.0879999999999999,11.5,0.0093872998064444,-0.780952380952381,-0.1359999999999999,-0.0359999999999999,0.95,1.0,0.01416427515632143,exploratory_dataset_category_384,True,False,True
dataset_category,openstack,FN,meaningful_effect_rate,lime,llm_lime,qwen36_27b_local,20,0.6900000000000001,0.6625000000000001,-0.0274999999999999,86.5,0.7321242682735405,-0.0894736842105263,-0.142,0.0894999999999999,0.95,1.0,0.7618854173903511,exploratory_dataset_category_384,False,False,False
dataset_category,qt,TP,meaningful_effect_rate,lime,llm_lime,qwen36_27b_local,20,0.754,0.774,0.0199999999999999,18.0,0.3316206650880041,0.3454545454545454,-0.024,0.0639999999999999,0.95,1.0,0.3659262511315907,exploratory_dataset_category_384,False,False,False
dataset_category,qt,TN,meaningful_effect_rate,lime,llm_lime,qwen36_27b_local,20,0.498,0.552,0.054,54.0,0.2853380908318268,0.2941176470588235,-0.0179999999999999,0.122,0.95,1.0,0.32417108544207546,exploratory_dataset_category_384,False,False,False
dataset_category,qt,FP,meaningful_effect_rate,lime,llm_lime,qwen36_27b_local,20,0.7680000000000001,0.75,-0.018,63.0,0.7951148085452657,-0.0735294117647058,-0.09,0.048,0.95,1.0,0.8229759743433478,exploratory_dataset_category_384,False,False,False
dataset_category,qt,FN,meaningful_effect_rate,lime,llm_lime,qwen36_27b_local,20,0.5820000000000001,0.5935,0.0115,70.5,0.5127409416663744,0.175438596491228,-0.0564999999999999,0.0760124999999998,0.95,1.0,0.5530688808985612,exploratory_dataset_category_384,False,False,False
overall,,,meaningful_effect_rate,kernelshap,llm_kernelshap,qwen36_27b_local,160,0.841,0.7135,-0.1275,805.5,4.201035841295815e-15,-0.8017962598425197,-0.15475,-0.10175,0.95,8.40207168259163e-14,6.953438633868936e-15,primary_overall_48,True,True,True
dataset_category,openstack,TP,meaningful_effect_rate,kernelshap,llm_kernelshap,qwen36_27b_local,20,0.99,0.956,-0.0339999999999999,5.5,0.078948337716001,-0.6944444444444444,-0.0699999999999999,-1.1102230246251566e-17,0.95,1.0,0.097167184881232,exploratory_dataset_category_384,False,False,False
dataset_category,openstack,TN,meaningful_effect_rate,kernelshap,llm_kernelshap,qwen36_27b_local,20,0.792,0.6000000000000001,-0.192,2.0,0.0001786364317295,-0.9789473684210528,-0.236,-0.144,0.95,0.0469813815448585,0.000562265490033836,exploratory_dataset_category_384,True,True,True
dataset_category,openstack,FP,meaningful_effect_rate,kernelshap,llm_kernelshap,qwen36_27b_local,20,0.95,0.8720000000000001,-0.0779999999999999,11.0,0.046394497649067,-0.6666666666666666,-0.1339999999999999,-0.0239999999999999,0.95,1.0,0.059783513749133314,exploratory_dataset_category_384,True,False,False
dataset_category,openstack,FN,meaningful_effect_rate,kernelshap,llm_kernelshap,qwen36_27b_local,20,0.7939999999999999,0.622,-0.172,33.0,0.0125235540633811,-0.6526315789473685,-0.3040000000000001,-0.048,0.95,1.0,0.01828534129406214,exploratory_dataset_category_384,True,False,True
dataset_category,qt,TP,meaningful_effect_rate,kernelshap,llm_kernelshap,qwen36_27b_local,20,0.8880000000000001,0.774,-0.114,8.0,0.0018720753534715,-0.8823529411764706,-0.178,-0.06,0.95,0.3270344242706625,0.003406999695417327,exploratory_dataset_category_384,True,False,True
dataset_category,qt,TN,meaningful_effect_rate,kernelshap,llm_kernelshap,qwen36_27b_local,20,0.674,0.544,-0.13,29.0,0.0138256132216393,-0.6608187134502924,-0.22,-0.0419999999999999,0.95,1.0,0.019958779989133424,exploratory_dataset_category_384,True,False,True
dataset_category,qt,FP,meaningful_effect_rate,kernelshap,llm_kernelshap,qwen36_27b_local,20,0.8720000000000001,0.748,-0.124,3.5,0.0005236946575027,-0.954248366013072,-0.1699999999999999,-0.0779999999999999,0.95,0.1162602139655994,0.0012337346532578944,exploratory_dataset_category_384,True,False,True
dataset_category,qt,FN,meaningful_effect_rate,kernelshap,llm_kernelshap,qwen36_27b_local,20,0.768,0.592,-0.176,11.0,0.0007203544990031,-0.8842105263157894,-0.248,-0.104,0.95,0.1483930267946386,0.0015453414950681028,exploratory_dataset_category_384,True,False,True
overall,,,meaningful_effect_rate,lofo,llm_lofo,qwen36_27b_local,160,0.8275,0.7004374999999999,-0.1270625,1018.0,1.6527539329746044e-12,-0.7330186205087857,-0.1555625,-0.0982484375,0.95,2.4791308994619066e-11,2.3332996700817945e-12,primary_overall_48,True,True,True
dataset_category,openstack,TP,meaningful_effect_rate,lofo,llm_lofo,qwen36_27b_local,20,0.98,0.9315,-0.0484999999999999,8.0,0.151026154790629,-0.5555555555555556,-0.1089999999999999,0.0099999999999999,0.95,1.0,0.17899396123333808,exploratory_dataset_category_384,False,False,False
dataset_category,openstack,TN,meaningful_effect_rate,lofo,llm_lofo,qwen36_27b_local,20,0.72,0.6225,-0.0975,27.5,0.035930451354985,-0.5955882352941176,-0.174,-0.0175,0.95,1.0,0.047741499378249966,exploratory_dataset_category_384,True,False,True
dataset_category,openstack,FP,meaningful_effect_rate,lofo,llm_lofo,qwen36_27b_local,20,0.95,0.8800000000000001,-0.0699999999999999,9.0,0.0319086786027132,-0.7272727272727273,-0.1319999999999999,-0.012,0.95,1.0,0.04284242162042611,exploratory_dataset_category_384,True,False,True
dataset_category,openstack,FN,meaningful_effect_rate,lofo,llm_lofo,qwen36_27b_local,20,0.8700000000000001,0.641,-0.229,9.0,0.0013945831502246,-0.8823529411764706,-0.324,-0.131,0.95,0.2635762153924494,0.002727223535393584,exploratory_dataset_category_384,True,False,True
dataset_category,qt,TP,meaningful_effect_rate,lofo,llm_lofo,qwen36_27b_local,20,0.91,0.779,-0.131,0.0,0.0009702397523702,-1.0,-0.1969999999999999,-0.074,0.95,0.1959884299787804,0.002025607857870253,exploratory_dataset_category_384,True,False,True
dataset_category,qt,TN,meaningful_effect_rate,lofo,llm_lofo,qwen36_27b_local,20,0.62,0.4765,-0.1435,40.0,0.026767628647802,-0.5789473684210527,-0.25,-0.04,0.95,1.0,0.03632073993199989,exploratory_dataset_category_384,True,False,True
dataset_category,qt,FP,meaningful_effect_rate,lofo,llm_lofo,qwen36_27b_local,20,0.9,0.746,-0.154,14.5,0.0011741594275978,-0.8473684210526315,-0.218,-0.0879999999999999,0.95,0.22763748475824802,0.0023483188551956,exploratory_dataset_category_384,True,False,True
dataset_category,qt,FN,meaningful_effect_rate,lofo,llm_lofo,qwen36_27b_local,20,0.6700000000000002,0.527,-0.143,26.5,0.0058258245164274,-0.7210526315789474,-0.2225,-0.0574999999999999,0.95,0.815615432299836,0.009131088221665803,exploratory_dataset_category_384,True,False,True
overall,,,meaningful_effect_rate,counterfactual,llm_counterfactual,qwen36_27b_local,160,0.8125,0.7042499999999999,-0.10825,1895.0,1.1144837655289342e-09,-0.5990690785993864,-0.139625,-0.0773125,0.95,1.2259321420818277e-08,1.4077689669839168e-09,primary_overall_48,True,True,True
dataset_category,openstack,TP,meaningful_effect_rate,counterfactual,llm_counterfactual,qwen36_27b_local,20,0.91,0.9015,-0.0084999999999999,50.0,0.5678671431861013,-0.1666666666666666,-0.0689999999999999,0.0594999999999999,0.95,1.0,0.6108150783850501,exploratory_dataset_category_384,False,False,False
dataset_category,openstack,TN,meaningful_effect_rate,counterfactual,llm_counterfactual,qwen36_27b_local,20,0.74,0.6039999999999999,-0.1359999999999999,38.5,0.0129786573209435,-0.6333333333333333,-0.22,-0.048,0.95,1.0,0.018878047012281456,exploratory_dataset_category_384,True,False,True
dataset_category,openstack,FP,meaningful_effect_rate,counterfactual,llm_counterfactual,qwen36_27b_local,20,0.94,0.8370000000000001,-0.1029999999999999,9.0,0.0013475063968866,-0.8823529411764706,-0.1449999999999999,-0.0579999999999999,0.95,0.256026215408454,0.0026535510584843815,exploratory_dataset_category_384,True,False,True
dataset_category,openstack,FN,meaningful_effect_rate,counterfactual,llm_counterfactual,qwen36_27b_local,20,0.8699999999999999,0.657,-0.213,17.0,0.0028098677784084,-0.8011695906432749,-0.323,-0.1049999999999999,0.95,0.4551985801021608,0.00483851671259563,exploratory_dataset_category_384,True,False,True
dataset_category,qt,TP,meaningful_effect_rate,counterfactual,llm_counterfactual,qwen36_27b_local,20,0.89,0.78,-0.1099999999999999,8.5,0.003373163246559,-0.8583333333333333,-0.1699999999999999,-0.054,0.95,0.529586629709763,0.00568111704683621,exploratory_dataset_category_384,True,False,True
dataset_category,qt,TN,meaningful_effect_rate,counterfactual,llm_counterfactual,qwen36_27b_local,20,0.62,0.534,-0.086,27.5,0.0644239623986486,-0.5416666666666666,-0.172,-0.008,0.95,1.0,0.08164620977254476,exploratory_dataset_category_384,False,False,False
dataset_category,qt,FP,meaningful_effect_rate,counterfactual,llm_counterfactual,qwen36_27b_local,20,0.8300000000000001,0.7575000000000001,-0.0725,57.0,0.2133396172362424,-0.3333333333333333,-0.172,0.0339999999999999,0.95,1.0,0.24527668568478167,exploratory_dataset_category_384,False,False,False
dataset_category,qt,FN,meaningful_effect_rate,counterfactual,llm_counterfactual,qwen36_27b_local,20,0.7000000000000001,0.563,-0.137,36.0,0.0174913356809729,-0.6210526315789474,-0.2275,-0.0414875000000002,0.95,1.0,0.024876566301828124,exploratory_dataset_category_384,True,False,True
overall,,,mean_delta_probability,lime,llm_lime,qwen36_27b_local,160,-0.0768835796874051,-0.0741184236096167,0.0027651560777884,5622.0,0.1634428689682903,0.1270186335403726,-0.0015053521990009,0.0069341978756677,0.95,0.4903286069048709,0.1705490806625638,primary_overall_48,False,False,False
dataset_category,openstack,TP,mean_delta_probability,lime,llm_lime,qwen36_27b_local,20,-0.200292,-0.2129079999999999,-0.0126159999999999,64.0,0.1327266693115234,-0.3904761904761905,-0.0273363,0.0020245,0.95,1.0,0.1582827360733695,exploratory_dataset_category_384,False,False,False
dataset_category,openstack,TN,mean_delta_probability,lime,llm_lime,qwen36_27b_local,20,-0.0501479999999999,-0.0384199999999999,0.011728,46.0,0.026641845703125,0.5619047619047619,0.0023638,0.0211483999999999,0.95,1.0,0.0362782579787234,exploratory_dataset_category_384,True,False,True
dataset_category,openstack,FP,mean_delta_probability,lime,llm_lime,qwen36_27b_local,20,-0.1721959999999999,-0.1647199999999999,0.007476,83.0,0.4304332733154297,0.2095238095238095,-0.0098044999999999,0.0241362999999999,0.95,1.0,0.46956357088955963,exploratory_dataset_category_384,False,False,False
dataset_category,openstack,FN,mean_delta_probability,lime,llm_lime,qwen36_27b_local,20,0.006244,0.0154509999999999,0.0092069999999999,78.0,0.3299827575683594,0.2571428571428571,-0.0041661,0.0228960499999999,0.95,1.0,0.36516823892291067,exploratory_dataset_category_384,False,False,False
dataset_category,qt,TP,mean_delta_probability,lime,llm_lime,qwen36_27b_local,20,-0.0866540453170246,-0.0814893281853837,0.0051647171316409,44.0,0.021484375,0.580952380952381,-0.0066672310154355,0.0143197875590216,0.95,1.0,0.029783393501805054,exploratory_dataset_category_384,True,False,True
dataset_category,qt,TN,mean_delta_probability,lime,llm_lime,qwen36_27b_local,20,-0.0184942488765378,-0.021390256169284,-0.0028960072927462,66.0,0.1536464691162109,-0.3714285714285714,-0.0097801437746345,0.0050890874570514,0.95,1.0,0.18153921274038456,exploratory_dataset_category_384,False,False,False
dataset_category,qt,FP,mean_delta_probability,lime,llm_lime,qwen36_27b_local,20,-0.0869545708343043,-0.0787321011317978,0.0082224697025065,58.0,0.082550048828125,0.4476190476190476,0.0003419637722721,0.0167250062349789,0.95,1.0,0.10127545926517571,exploratory_dataset_category_384,False,False,False
dataset_category,qt,FN,mean_delta_probability,lime,llm_lime,qwen36_27b_local,20,-0.0065737724713745,-0.0107387033904679,-0.0041649309190933,60.0,0.0973072052001953,-0.4285714285714285,-0.0089226688372158,0.0008229589645495,0.95,1.0,0.11824673036985757,exploratory_dataset_category_384,False,False,False
overall,,,mean_delta_probability,kernelshap,llm_kernelshap,qwen36_27b_local,160,-0.0911885781983497,-0.0765038866835357,0.0146846915148139,2656.0,1.8933083656640988e-10,0.5823899371069182,0.0104908354150037,0.0188244308324575,0.95,2.2719700387969185e-09,2.4561838257263986e-10,primary_overall_48,True,True,True
dataset_category,openstack,TP,mean_delta_probability,kernelshap,llm_kernelshap,qwen36_27b_local,20,-0.2378559999999999,-0.2226199999999999,0.015236,53.0,0.0531692504882812,0.4952380952380952,0.0019998999999999,0.0287681999999999,0.95,1.0,0.06805664062499994,exploratory_dataset_category_384,False,False,False
dataset_category,openstack,TN,mean_delta_probability,kernelshap,llm_kernelshap,qwen36_27b_local,20,-0.0600519999999999,-0.0338439999999999,0.0262079999999999,15.0,0.0002613067626953,0.8571428571428571,0.0160999,0.0354723,0.95,0.0655879974365203,0.0007355043644044549,exploratory_dataset_category_384,True,False,True
dataset_category,openstack,FP,mean_delta_probability,kernelshap,llm_kernelshap,qwen36_27b_local,20,-0.2073959999999999,-0.1714839999999999,0.035912,10.0,8.20159912109375e-05,0.9047619047619048,0.0240839,0.0474802999999999,0.95,0.025178909301757812,0.0003888165509259259,exploratory_dataset_category_384,True,True,True
dataset_category,openstack,FN,mean_delta_probability,kernelshap,llm_kernelshap,qwen36_27b_local,20,0.00316,0.0193679999999999,0.0162079999999999,45.0,0.0239505767822265,0.5714285714285714,0.0036359999999999,0.0279081999999999,0.95,1.0,0.03296423471102142,exploratory_dataset_category_384,True,False,True
dataset_category,qt,TP,mean_delta_probability,kernelshap,llm_kernelshap,qwen36_27b_local,20,-0.0893356996040716,-0.090743156106777,-0.0014074565027054,104.0,0.9854354858398438,-0.0095238095238095,-0.0123857035191805,0.0090492413454044,0.95,1.0,1.0,exploratory_dataset_category_384,False,False,False
dataset_category,qt,TN,mean_delta_probability,kernelshap,llm_kernelshap,qwen36_27b_local,20,-0.0212600128993585,-0.0193572772068335,0.001902735692525,78.0,0.3299827575683594,0.2571428571428571,-0.0074737126547646,0.0100206006820414,0.95,1.0,0.36516823892291067,exploratory_dataset_category_384,False,False,False
dataset_category,qt,FP,mean_delta_probability,kernelshap,llm_kernelshap,qwen36_27b_local,20,-0.1057325430614041,-0.085039477305479,0.020693065755925,7.0,0.0003981424749826,0.9263157894736842,0.011897680355313,0.0304623998113741,0.95,0.0903783418210502,0.0009676374075526482,exploratory_dataset_category_384,True,False,True
dataset_category,qt,FN,mean_delta_probability,kernelshap,llm_kernelshap,qwen36_27b_local,20,-0.0110363700219635,-0.0083111828491963,0.0027251871727671,77.0,0.3117942810058594,0.2666666666666666,-0.0032944133132678,0.0084283975876482,0.95,1.0,0.35214412913602944,exploratory_dataset_category_384,False,False,False
overall,,,mean_delta_probability,lofo,llm_lofo,qwen36_27b_local,160,-0.085630322217663,-0.0745131297207655,0.0111171924968974,3984.0,2.862193861784868e-05,0.3813664596273292,0.0062307811163477,0.0158756833383391,0.95,0.00020035357032494077,3.2710786991827064e-05,primary_overall_48,True,True,True
dataset_category,openstack,TP,mean_delta_probability,lofo,llm_lofo,qwen36_27b_local,20,-0.22704,-0.227756,-0.000716,101.0,0.8983173370361328,-0.0380952380952381,-0.0141848,0.0125880999999999,0.95,1.0,0.9248092692275469,exploratory_dataset_category_384,False,False,False
dataset_category,openstack,TN,mean_delta_probability,lofo,llm_lofo,qwen36_27b_local,20,-0.0544399999999999,-0.0342469999999999,0.0201929999999999,23.0,0.0012092590332031,0.780952380952381,0.0075195499999999,0.0327340249999999,0.95,0.23217773437499523,0.0023935848904638683,exploratory_dataset_category_384,True,False,True
dataset_category,openstack,FP,mean_delta_probability,lofo,llm_lofo,qwen36_27b_local,20,-0.1839399999999999,-0.1740799999999999,0.00986,80.0,0.3682765960693359,0.238095238095238,-0.0068407999999999,0.0279885,0.95,1.0,0.40405203683035706,exploratory_dataset_category_384,False,False,False
dataset_category,openstack,FN,mean_delta_probability,lofo,llm_lofo,qwen36_27b_local,20,-0.0023599999999999,0.0192919999999999,0.0216519999999999,34.0,0.0063896179199218,0.6761904761904762,0.0085056499999999,0.0354111999999999,0.95,0.8881568908691303,0.009974037728658422,exploratory_dataset_category_384,True,False,True
dataset_category,qt,TP,mean_delta_probability,lofo,llm_lofo,qwen36_27b_local,20,-0.0900727694764694,-0.085510472069838,0.0045622974066314,78.0,0.3299827575683594,0.2571428571428571,-0.0062818309438878,0.0150172846323323,0.95,1.0,0.36516823892291067,exploratory_dataset_category_384,False,False,False
dataset_category,qt,TN,mean_delta_probability,lofo,llm_lofo,qwen36_27b_local,20,-0.0105424444312283,-0.0102387717040996,0.0003036727271286,104.0,0.9854354858398438,0.0095238095238095,-0.0116763446737709,0.0111611259172,0.95,1.0,1.0,exploratory_dataset_category_384,False,False,False
dataset_category,qt,FP,mean_delta_probability,lofo,llm_lofo,qwen36_27b_local,20,-0.1124994494215679,-0.0812780877907753,0.0312213616307925,7.0,3.62396240234375e-05,0.9333333333333332,0.0197791853224238,0.0430844778517003,0.95,0.01145172119140625,0.00019600022007042255,exploratory_dataset_category_384,True,True,True
dataset_category,qt,FN,mean_delta_probability,lofo,llm_lofo,qwen36_27b_local,20,-0.0041479144120386,-0.0022867062014115,0.0018612082106271,85.0,0.4749050140380859,0.1904761904761904,-0.0093194318609483,0.0119309528262525,0.95,1.0,0.5137000715228872,exploratory_dataset_category_384,False,False,False
overall,,,mean_delta_probability,counterfactual,llm_counterfactual,qwen36_27b_local,160,-0.0876230869474043,-0.0723432500086223,0.015279836938782,3084.0,1.081365544884509e-08,0.5211180124223602,0.0102539574109422,0.0202247069068775,0.95,9.732289903960581e-08,1.297638653861411e-08,primary_overall_48,True,True,True
dataset_category,openstack,TP,mean_delta_probability,counterfactual,llm_counterfactual,qwen36_27b_local,20,-0.2203799999999999,-0.209415,0.010965,77.0,0.3117942810058594,0.2666666666666666,-0.0095300249999999,0.0309872499999999,0.95,1.0,0.35214412913602944,exploratory_dataset_category_384,False,False,False
dataset_category,openstack,TN,mean_delta_probability,counterfactual,llm_counterfactual,qwen36_27b_local,20,-0.0611399999999999,-0.0364759999999999,0.024664,11.0,0.0001049041748046,0.8952380952380953,0.01454,0.0351360999999999,0.95,0.0310516357421616,0.0004382011217946257,exploratory_dataset_category_384,True,True,True
dataset_category,openstack,FP,mean_delta_probability,counterfactual,llm_counterfactual,qwen36_27b_local,20,-0.1971,-0.1651679999999999,0.031932,22.0,0.001016616821289,0.7904761904761904,0.0158378,0.0484304999999999,0.95,0.20027351379393302,0.0020655071924601904,exploratory_dataset_category_384,True,False,True
dataset_category,openstack,FN,mean_delta_probability,counterfactual,llm_counterfactual,qwen36_27b_local,20,0.00318,0.021433,0.0182529999999999,53.0,0.0531692504882812,0.4952380952380952,0.0015882999999999,0.0349590999999999,0.95,1.0,0.06805664062499994,exploratory_dataset_category_384,False,False,False
dataset_category,qt,TP,mean_delta_probability,counterfactual,llm_counterfactual,qwen36_27b_local,20,-0.0883860583704907,-0.0797642310564344,0.0086218273140563,62.0,0.1139869689941406,0.4095238095238095,-0.0048760752144479,0.0203133743200636,0.95,1.0,0.13635824328271023,exploratory_dataset_category_384,False,False,False
dataset_category,qt,TN,mean_delta_probability,counterfactual,llm_counterfactual,qwen36_27b_local,20,-0.0229150171013225,-0.0214155534913889,0.0014994636099336,92.0,0.6476554870605469,0.1238095238095238,-0.0082187548752778,0.0107504235582737,0.95,1.0,0.6851231598657025,exploratory_dataset_category_384,False,False,False
dataset_category,qt,FP,mean_delta_probability,counterfactual,llm_counterfactual,qwen36_27b_local,20,-0.0993966559959067,-0.0762910903151553,0.0231055656807514,13.0,0.0001678466796875,0.8761904761904762,0.0139430276402163,0.0324461161102837,0.95,0.044647216796875,0.0005326704545454545,exploratory_dataset_category_384,True,True,True
dataset_category,qt,FN,mean_delta_probability,counterfactual,llm_counterfactual,qwen36_27b_local,20,-0.0148469641115149,-0.0116491252059999,0.0031978389055149,90.0,0.5958194732666016,0.1428571428571428,-0.0047162830166709,0.011281498632868,0.95,1.0,0.6373110800400418,exploratory_dataset_category_384,False,False,False
overall,,,mean_absolute_delta_probability,lime,llm_lime,qwen36_27b_local,160,0.1098584175072632,0.1032451818395822,-0.006613235667681,4274.0,0.0003341374761614,-0.3279874213836478,-0.0099496487734338,-0.0033070614376752,0.95,0.0020048248569684,0.0003729906710638884,primary_overall_48,True,True,True
dataset_category,openstack,TP,mean_absolute_delta_probability,lime,llm_lime,qwen36_27b_local,20,0.217804,0.2196839999999999,0.00188,105.0,1.0,0.0,-0.0095401,0.0141682,0.95,1.0,1.0,exploratory_dataset_category_384,False,False,False
dataset_category,openstack,TN,mean_absolute_delta_probability,lime,llm_lime,qwen36_27b_local,20,0.068692,0.0597079999999999,-0.008984,51.0,0.0766179234116712,-0.4631578947368421,-0.01707415,-0.0013259,0.95,1.0,0.09460219482341396,exploratory_dataset_category_384,False,False,False
dataset_category,openstack,FP,mean_absolute_delta_probability,lime,llm_lime,qwen36_27b_local,20,0.1874279999999999,0.1677199999999999,-0.019708,35.0,0.0072956085205078,-0.6666666666666666,-0.0311479999999999,-0.0074836999999999,0.95,0.9994983673095686,0.011296426096270143,exploratory_dataset_category_384,True,False,True
dataset_category,openstack,FN,mean_absolute_delta_probability,lime,llm_lime,qwen36_27b_local,20,0.0864999999999999,0.0692669999999999,-0.017233,48.0,0.0327682495117187,-0.5428571428571428,-0.03020655,-0.004396875,0.95,1.0,0.043843232796167184,exploratory_dataset_category_384,True,False,True
dataset_category,qt,TP,mean_absolute_delta_probability,lime,llm_lime,qwen36_27b_local,20,0.1065572956485999,0.1049122514090035,-0.0016450442395962,79.0,0.3488101959228515,-0.2476190476190476,-0.00621849695109,0.0031999109533806,0.95,1.0,0.38379116113001427,exploratory_dataset_category_384,False,False,False
dataset_category,qt,TN,mean_absolute_delta_probability,lime,llm_lime,qwen36_27b_local,20,0.0442400582301642,0.0425986567145543,-0.0016414015156098,94.0,0.7011814117431641,-0.1047619047619047,-0.0067332767384816,0.0031728142165841,0.95,1.0,0.7336612046576976,exploratory_dataset_category_384,False,False,False
dataset_category,qt,FP,mean_absolute_delta_probability,lime,llm_lime,qwen36_27b_local,20,0.1119677814904811,0.1075484498253658,-0.0044193316651152,83.0,0.4304332733154297,-0.2095238095238095,-0.0116624252431685,0.002086877123397,0.95,1.0,0.46956357088955963,exploratory_dataset_category_384,False,False,False
dataset_category,qt,FN,mean_absolute_delta_probability,lime,llm_lime,qwen36_27b_local,20,0.0556782046888608,0.0545230967677341,-0.0011551079211267,93.0,0.6742229461669922,-0.1142857142857142,-0.0048518414589124,0.0024428538577622,0.95,1.0,0.7112681629893544,exploratory_dataset_category_384,False,False,False
overall,,,mean_absolute_delta_probability,kernelshap,llm_kernelshap,qwen36_27b_local,160,0.1261753713122638,0.1042381238789592,-0.0219372474333045,542.0,2.2348239701245616e-23,-0.9137011384443914,-0.025455399498494,-0.0185562816448663,0.95,8.268848689460878e-22,8.939295880498247e-23,primary_overall_48,True,True,True
dataset_category,openstack,TP,mean_absolute_delta_probability,kernelshap,llm_kernelshap,qwen36_27b_local,20,0.252336,0.22698,-0.025356,11.0,0.0001049041748046,-0.8952380952380953,-0.0362091999999999,-0.0155835999999999,0.95,0.0310516357421616,0.0004382011217946257,exploratory_dataset_category_384,True,True,True
dataset_category,openstack,TN,mean_absolute_delta_probability,kernelshap,llm_kernelshap,qwen36_27b_local,20,0.0793159999999999,0.0564999999999999,-0.0228159999999999,13.0,0.0001678466796875,-0.8761904761904762,-0.0336079999999999,-0.0129278999999999,0.95,0.044647216796875,0.0005326704545454545,exploratory_dataset_category_384,True,True,True
dataset_category,openstack,FP,mean_absolute_delta_probability,kernelshap,llm_kernelshap,qwen36_27b_local,20,0.2130439999999999,0.174292,-0.038752,2.0,0.0001821819171706,-0.9789473684210528,-0.0481802999999999,-0.0289159,0.95,0.0477316622986972,0.0005687630584838244,exploratory_dataset_category_384,True,True,True
dataset_category,openstack,FN,mean_absolute_delta_probability,kernelshap,llm_kernelshap,qwen36_27b_local,20,0.0954319999999999,0.0657599999999999,-0.0296719999999999,15.0,0.0002613067626953,-0.8571428571428571,-0.0424921999999999,-0.0173189999999999,0.95,0.0655879974365203,0.0007355043644044549,exploratory_dataset_category_384,True,False,True
dataset_category,qt,TP,mean_absolute_delta_probability,kernelshap,llm_kernelshap,qwen36_27b_local,20,0.1189088814032099,0.1065864052781132,-0.0123224761250968,7.0,3.62396240234375e-05,-0.9333333333333332,-0.0175703525601944,-0.0076892509866011,0.95,0.01145172119140625,0.00019600022007042255,exploratory_dataset_category_384,True,True,True
dataset_category,qt,TN,mean_absolute_delta_probability,kernelshap,llm_kernelshap,qwen36_27b_local,20,0.0573140145828406,0.0428147235232723,-0.0144992910595682,25.0,0.0016899108886718,-0.7619047619047619,-0.0209518426320763,-0.0084590555009301,0.95,0.304183959960924,0.003134907155796962,exploratory_dataset_category_384,True,False,True
dataset_category,qt,FP,mean_absolute_delta_probability,kernelshap,llm_kernelshap,qwen36_27b_local,20,0.1259924472702013,0.1057430793037906,-0.0202493679664107,5.0,0.0002925643844019,-0.9473684210526316,-0.0304175419671483,-0.0113505483942462,0.95,0.06986161724727899,0.0007355043644044549,exploratory_dataset_category_384,True,False,True
dataset_category,qt,FN,mean_absolute_delta_probability,kernelshap,llm_kernelshap,qwen36_27b_local,20,0.0670596272418586,0.0552287829264978,-0.0118308443153607,0.0,1.9073486328125e-06,-1.0,-0.0151733175715696,-0.0087821940989717,0.95,0.000732421875,1.8780048076923078e-05,exploratory_dataset_category_384,True,True,True
overall,,,mean_absolute_delta_probability,lofo,llm_lofo,qwen36_27b_local,160,0.1212978485578975,0.1027986568013866,-0.0184991917565109,1414.0,1.1040684395449938e-17,-0.7804347826086957,-0.0222457649907917,-0.0148865155878272,0.95,2.318543723044487e-16,1.8926887535057037e-17,primary_overall_48,True,True,True
dataset_category,openstack,TP,mean_absolute_delta_probability,lofo,llm_lofo,qwen36_27b_local,20,0.24628,0.229204,-0.0170759999999999,33.0,0.0055809020996093,-0.6857142857142857,-0.0259439999999999,-0.0082399,0.95,0.7924880981445207,0.00878305904200808,exploratory_dataset_category_384,True,False,True
dataset_category,openstack,TN,mean_absolute_delta_probability,lofo,llm_lofo,qwen36_27b_local,20,0.0733199999999999,0.0591249999999999,-0.0141949999999999,44.0,0.021484375,-0.580952380952381,-0.02569935,-0.0035438999999999,0.95,1.0,0.029783393501805054,exploratory_dataset_category_384,True,False,True
dataset_category,openstack,FP,mean_absolute_delta_probability,lofo,llm_lofo,qwen36_27b_local,20,0.2010999999999999,0.1757999999999999,-0.0253,23.0,0.0012092590332031,-0.780952380952381,-0.037844,-0.0134596,0.95,0.23217773437499523,0.0023935848904638683,exploratory_dataset_category_384,True,False,True
dataset_category,openstack,FN,mean_absolute_delta_probability,lofo,llm_lofo,qwen36_27b_local,20,0.0944799999999999,0.0652359999999999,-0.029244,4.0,1.33514404296875e-05,-0.961904761904762,-0.042813025,-0.017139925,0.95,0.004352569580078125,8.40484118852459e-05,exploratory_dataset_category_384,True,True,True
dataset_category,qt,TP,mean_absolute_delta_probability,lofo,llm_lofo,qwen36_27b_local,20,0.1189824015010912,0.1045354787711366,-0.0144469227299545,5.0,1.9073486328125e-05,-0.9523809523809524,-0.0194985911863979,-0.0094411123025722,0.95,0.006160736083984375,0.00010931669776119403,exploratory_dataset_category_384,True,True,True
dataset_category,qt,TN,mean_absolute_delta_probability,lofo,llm_lofo,qwen36_27b_local,20,0.0501164528542438,0.0390861087895217,-0.0110303440647221,41.0,0.0153121948242187,-0.6095238095238096,-0.0189673408556415,-0.0026865196419583,0.95,1.0,0.021939861240671567,exploratory_dataset_category_384,True,False,True
dataset_category,qt,FP,mean_absolute_delta_probability,lofo,llm_lofo,qwen36_27b_local,20,0.1266847173883186,0.1019330568674392,-0.0247516605208794,10.0,8.20159912109375e-05,-0.9047619047619048,-0.0363368036902373,-0.0143506534745158,0.95,0.025178909301757812,0.0003888165509259259,exploratory_dataset_category_384,True,True,True
dataset_category,qt,FN,mean_absolute_delta_probability,lofo,llm_lofo,qwen36_27b_local,20,0.0594192167195271,0.0474696099829955,-0.0119496067365315,22.0,0.001016616821289,-0.7904761904761904,-0.0193166722535388,-0.0053968255313954,0.95,0.20027351379393302,0.0020655071924601904,exploratory_dataset_category_384,True,False,True
overall,,,mean_absolute_delta_probability,counterfactual,llm_counterfactual,qwen36_27b_local,160,0.1237379802709041,0.1014241095174319,-0.0223138707534722,932.5,6.421327215891173e-21,-0.8552018633540373,-0.0263006184730984,-0.0183416356880011,0.95,1.926398164767352e-19,1.6222300334882964e-20,primary_overall_48,True,True,True
dataset_category,openstack,TP,mean_absolute_delta_probability,counterfactual,llm_counterfactual,qwen36_27b_local,20,0.23458,0.215423,-0.0191569999999999,45.5,0.0263179697686382,-0.5666666666666667,-0.0348410999999999,-0.0044114,0.95,1.0,0.03596477007529206,exploratory_dataset_category_384,True,False,True
dataset_category,openstack,TN,mean_absolute_delta_probability,counterfactual,llm_counterfactual,qwen36_27b_local,20,0.0797799999999999,0.0556359999999999,-0.024144,12.0,0.0001335144042968,-0.8857142857142857,-0.0361168999999999,-0.0134958,0.95,0.0371144301292407,0.0004382011217946257,exploratory_dataset_category_384,True,True,True
dataset_category,openstack,FP,mean_absolute_delta_probability,counterfactual,llm_counterfactual,qwen36_27b_local,20,0.2068999999999999,0.1691219999999999,-0.0377779999999999,2.0,5.7220458984375e-06,-0.9809523809523808,-0.0497500249999999,-0.026939925,0.95,0.001934051513671875,4.225510817307692e-05,exploratory_dataset_category_384,True,True,True
dataset_category,openstack,FN,mean_absolute_delta_probability,counterfactual,llm_counterfactual,qwen36_27b_local,20,0.1039799999999999,0.0668389999999999,-0.0371409999999999,2.0,5.7220458984375e-06,-0.9809523809523808,-0.0510941249999999,-0.0245147499999999,0.95,0.001934051513671875,4.225510817307692e-05,exploratory_dataset_category_384,True,True,True
dataset_category,qt,TP,mean_absolute_delta_probability,counterfactual,llm_counterfactual,qwen36_27b_local,20,0.1183557476749112,0.1060197352388454,-0.0123360124360658,13.0,0.0001678466796875,-0.8761904761904762,-0.0184205097994107,-0.007033006110125,0.95,0.044647216796875,0.0005326704545454545,exploratory_dataset_category_384,True,True,True
dataset_category,qt,TN,mean_absolute_delta_probability,counterfactual,llm_counterfactual,qwen36_27b_local,20,0.0556459166970398,0.0434301519773803,-0.0122157647196594,24.0,0.0014324188232421,-0.7714285714285715,-0.0191193088723472,-0.0059321821910818,0.95,0.26642990112303055,0.002727223535393584,exploratory_dataset_category_384,True,False,True
dataset_category,qt,FP,mean_absolute_delta_probability,counterfactual,llm_counterfactual,qwen36_27b_local,20,0.1238806630739192,0.1017734981337699,-0.0221071649401492,16.0,0.0003223419189453,-0.8476190476190476,-0.0320356150623038,-0.0125036797276794,0.95,0.0744609832763643,0.0008037616680194494,exploratory_dataset_category_384,True,False,True
dataset_category,qt,FN,mean_absolute_delta_probability,counterfactual,llm_counterfactual,qwen36_27b_local,20,0.0667815147213632,0.0531494907894601,-0.013632023931903,18.0,0.0004825592041015,-0.8285714285714286,-0.0202533582710978,-0.0073260657498371,0.95,0.1076107025146345,0.0011438440393517037,exploratory_dataset_category_384,True,False,True
overall,,,pairwise_jaccard_within_instance,lime,llm_lime,qwen36_27b_local,160,0.8645560515873015,0.7448070436507936,-0.1197490079365079,1834.5,1.4409095532259827e-11,-0.6485632183908046,-0.1488180183531746,-0.0901307539682539,0.95,2.0172733745163758e-10,1.9761045301384905e-11,primary_overall_48,True,True,True
dataset_category,openstack,TP,pairwise_jaccard_within_instance,lime,llm_lime,qwen36_27b_local,20,0.8487103174603176,0.7260119047619046,-0.1226984126984127,23.5,0.0120860206702462,-0.6928104575163399,-0.2080372023809523,-0.0240833333333333,0.95,1.0,0.017713862356391375,exploratory_dataset_category_384,True,False,True
dataset_category,openstack,TN,pairwise_jaccard_within_instance,lime,llm_lime,qwen36_27b_local,20,0.880952380952381,0.676611111111111,-0.2043412698412698,9.0,0.0008585843794633,-0.8947368421052632,-0.2811630952380952,-0.1228116071428572,0.95,0.1742926290310499,0.0018115186907357538,exploratory_dataset_category_384,True,False,True
dataset_category,openstack,FP,pairwise_jaccard_within_instance,lime,llm_lime,qwen36_27b_local,20,0.8488095238095239,0.8447619047619048,-0.004047619047619,91.0,0.5999071306914048,0.1333333333333333,-0.0959583333333333,0.076440476190476,0.95,1.0,0.6399009394041651,exploratory_dataset_category_384,False,False,False
dataset_category,openstack,FN,pairwise_jaccard_within_instance,lime,llm_lime,qwen36_27b_local,20,0.855952380952381,0.7325,-0.1234523809523809,30.5,0.0094059639709947,-0.6789473684210526,-0.1943708333333333,-0.0485711309523809,0.95,1.0,0.01416427515632143,exploratory_dataset_category_384,True,False,True
dataset_category,qt,TP,pairwise_jaccard_within_instance,lime,llm_lime,qwen36_27b_local,20,0.8783333333333333,0.7966666666666666,-0.0816666666666666,25.0,0.0259088262191932,-0.6323529411764706,-0.1388095238095238,-0.0221428571428571,0.95,1.0,0.035532104529179244,exploratory_dataset_category_384,True,False,True
dataset_category,qt,TN,pairwise_jaccard_within_instance,lime,llm_lime,qwen36_27b_local,20,0.8850000000000001,0.7241666666666666,-0.1608333333333333,10.0,0.0016341069790478,-0.869281045751634,-0.2263125,-0.0938080357142857,0.95,0.2957733632076518,0.003075966078207624,exploratory_dataset_category_384,True,False,True
dataset_category,qt,FP,pairwise_jaccard_within_instance,lime,llm_lime,qwen36_27b_local,20,0.8620238095238095,0.752202380952381,-0.1098214285714285,43.5,0.067220035718079,-0.4912280701754385,-0.2072633928571428,-0.0108303571428571,0.95,1.0,0.08409495311916869,exploratory_dataset_category_384,False,False,False
dataset_category,qt,FN,pairwise_jaccard_within_instance,lime,llm_lime,qwen36_27b_local,20,0.8566666666666667,0.7055357142857142,-0.1511309523809523,17.5,0.0018121938530142,-0.8157894736842105,-0.2254761904761904,-0.0766666666666666,0.95,0.3189461181304992,0.003329581050514128,exploratory_dataset_category_384,True,False,True
overall,,,pairwise_jaccard_within_instance,kernelshap,llm_kernelshap,qwen36_27b_local,160,0.9280357142857142,0.7664310515873016,-0.1616046626984127,801.5,7.298703811281178e-18,-0.8375886524822695,-0.1883619791666667,-0.1353833705357143,0.95,1.605714838481859e-16,1.297547344227765e-17,primary_overall_48,True,True,True
dataset_category,openstack,TP,pairwise_jaccard_within_instance,kernelshap,llm_kernelshap,qwen36_27b_local,20,0.8607142857142858,0.7796428571428572,-0.0810714285714285,45.5,0.1420775261625046,-0.4052287581699346,-0.1750610119047618,0.0129761904761904,0.95,1.0,0.1689095047876216,exploratory_dataset_category_384,False,False,False
dataset_category,openstack,TN,pairwise_jaccard_within_instance,kernelshap,llm_kernelshap,qwen36_27b_local,20,0.96,0.7061904761904761,-0.2538095238095239,0.0,0.0001295719512967,-1.0,-0.3101220238095239,-0.1999940476190477,0.95,0.0371144301292407,0.0004382011217946257,exploratory_dataset_category_384,True,True,True
dataset_category,openstack,FP,pairwise_jaccard_within_instance,kernelshap,llm_kernelshap,qwen36_27b_local,20,0.9088095238095238,0.8358928571428572,-0.0729166666666666,46.5,0.0862292540783403,-0.4561403508771929,-0.15,0.0047619047619047,0.95,1.0,0.10545233619771552,exploratory_dataset_category_384,False,False,False
dataset_category,openstack,FN,pairwise_jaccard_within_instance,kernelshap,llm_kernelshap,qwen36_27b_local,20,0.925,0.7681547619047618,-0.1568452380952381,11.0,0.0031537783158967,-0.8382352941176471,-0.2320848214285715,-0.0813690476190476,0.95,0.5077583088593687,0.005386402469553152,exploratory_dataset_category_384,True,False,True
dataset_category,qt,TP,pairwise_jaccard_within_instance,kernelshap,llm_kernelshap,qwen36_27b_local,20,0.945,0.8309523809523809,-0.114047619047619,12.0,0.0037020943989977,-0.8235294117647058,-0.1697619047619047,-0.0557142857142857,0.95,0.5664204430466481,0.006127604522478952,exploratory_dataset_category_384,True,False,True
dataset_category,qt,TN,pairwise_jaccard_within_instance,kernelshap,llm_kernelshap,qwen36_27b_local,20,0.95,0.6861507936507935,-0.2638492063492063,0.0,0.0001308020996998,-1.0,-0.3198839285714285,-0.2074196428571428,0.95,0.0371144301292407,0.0004382011217946257,exploratory_dataset_category_384,True,True,True
dataset_category,qt,FP,pairwise_jaccard_within_instance,kernelshap,llm_kernelshap,qwen36_27b_local,20,0.940952380952381,0.794047619047619,-0.1469047619047619,8.0,0.0018687681386895,-0.8823529411764706,-0.2047619047619047,-0.0859464285714286,0.95,0.3270344242706625,0.003406999695417327,exploratory_dataset_category_384,True,False,True
dataset_category,qt,FN,pairwise_jaccard_within_instance,kernelshap,llm_kernelshap,qwen36_27b_local,20,0.933809523809524,0.7304166666666666,-0.2033928571428572,5.0,0.0002839496711983,-0.9473684210526316,-0.2636904761904762,-0.1399389880952382,0.95,0.06986161724727899,0.0007355043644044549,exploratory_dataset_category_384,True,False,True
overall,,,pairwise_jaccard_within_instance,lofo,llm_lofo,qwen36_27b_local,160,1.0,0.7528990575396824,-0.2471009424603175,0.0,1.896779161701057e-24,-1.0,-0.2701939546130952,-0.2231190972222222,0.95,7.397438730634122e-23,9.104539976165074e-24,primary_overall_48,True,True,True
dataset_category,openstack,TP,pairwise_jaccard_within_instance,lofo,llm_lofo,qwen36_27b_local,20,1.0,0.8202857142857143,-0.1797142857142857,0.0,0.0005974323650819,-1.0,-0.2475005952380952,-0.1159139880952381,0.95,0.1302402555878542,0.0013737366957571832,exploratory_dataset_category_384,True,False,True
dataset_category,openstack,TN,pairwise_jaccard_within_instance,lofo,llm_lofo,qwen36_27b_local,20,1.0,0.6971130952380953,-0.3028869047619048,0.0,8.621447994652249e-05,-1.0,-0.3693467261904762,-0.2421428571428571,0.95,0.026122987423796314,0.0003949357404820198,exploratory_dataset_category_384,True,True,True
dataset_category,openstack,FP,pairwise_jaccard_within_instance,lofo,llm_lofo,qwen36_27b_local,20,1.0,0.8201190476190476,-0.1798809523809524,0.0,0.0006305443037266,-1.0,-0.2369047619047619,-0.1236875,0.95,0.135221975440739,0.0014159591381930666,exploratory_dataset_category_384,True,False,True
dataset_category,openstack,FN,pairwise_jaccard_within_instance,lofo,llm_lofo,qwen36_27b_local,20,1.0,0.7531785714285715,-0.2468214285714286,0.0,0.000289050064104,-1.0,-0.3201088293650794,-0.1768036706349207,0.95,0.06986161724727899,0.0007355043644044549,exploratory_dataset_category_384,True,False,True
dataset_category,qt,TP,pairwise_jaccard_within_instance,lofo,llm_lofo,qwen36_27b_local,20,1.0,0.7346924603174603,-0.2653075396825397,0.0,0.0002901895656202,-1.0,-0.3322247023809523,-0.1968253968253968,0.95,0.06986161724727899,0.0007355043644044549,exploratory_dataset_category_384,True,False,True
dataset_category,qt,TN,pairwise_jaccard_within_instance,lofo,llm_lofo,qwen36_27b_local,20,1.0,0.758452380952381,-0.241547619047619,0.0,0.0004348772241765,-1.0,-0.3056547619047619,-0.1738443452380952,0.95,0.0978473754397125,0.0010437053380236,exploratory_dataset_category_384,True,False,True
dataset_category,qt,FP,pairwise_jaccard_within_instance,lofo,llm_lofo,qwen36_27b_local,20,1.0,0.7498511904761905,-0.2501488095238095,0.0,0.0001893183399128,-1.0,-0.3138697916666667,-0.1894933035714286,0.95,0.0491507838249921,0.0005758145256910168,exploratory_dataset_category_384,True,True,True
dataset_category,qt,FN,pairwise_jaccard_within_instance,lofo,llm_lofo,qwen36_27b_local,20,1.0,0.6894999999999999,-0.3105,0.0,8.782404130245517e-05,-1.0,-0.3506190476190476,-0.2725,0.95,0.02634721239073655,0.0003949357404820198,exploratory_dataset_category_384,True,True,True
overall,,,pairwise_jaccard_within_instance,counterfactual,llm_counterfactual,qwen36_27b_local,160,1.0,0.741470238095238,-0.2585297619047619,0.0,2.9765266125674213e-25,-1.0,-0.2796096354166666,-0.2376215029761904,0.95,1.250141177278317e-23,2.041046820046232e-24,primary_overall_48,True,True,True
dataset_category,openstack,TP,pairwise_jaccard_within_instance,counterfactual,llm_counterfactual,qwen36_27b_local,20,1.0,0.6777500000000001,-0.32225,0.0,0.0002896194097555,-1.0,-0.3945839285714286,-0.244327876984127,0.95,0.06986161724727899,0.0007355043644044549,exploratory_dataset_category_384,True,False,True
dataset_category,openstack,TN,pairwise_jaccard_within_instance,counterfactual,llm_counterfactual,qwen36_27b_local,20,1.0,0.7224999999999999,-0.2775,0.0,0.0001285534676172,-1.0,-0.3341071428571428,-0.2201190476190476,0.95,0.0371144301292407,0.0004382011217946257,exploratory_dataset_category_384,True,True,True
dataset_category,openstack,FP,pairwise_jaccard_within_instance,counterfactual,llm_counterfactual,qwen36_27b_local,20,1.0,0.7393571428571428,-0.2606428571428572,0.0,0.0001950658913004,-1.0,-0.3091440476190476,-0.205164880952381,0.95,0.0498494173148928,0.0005758145256910168,exploratory_dataset_category_384,True,True,True
dataset_category,openstack,FN,pairwise_jaccard_within_instance,counterfactual,llm_counterfactual,qwen36_27b_local,20,1.0,0.7238690476190477,-0.2761309523809524,0.0,0.0001293677724676,-1.0,-0.3263223214285713,-0.2270949404761905,0.95,0.0371144301292407,0.0004382011217946257,exploratory_dataset_category_384,True,True,True
dataset_category,qt,TP,pairwise_jaccard_within_instance,counterfactual,llm_counterfactual,qwen36_27b_local,20,1.0,0.8298214285714286,-0.1701785714285714,0.0,0.0006162019349793,-1.0,-0.2221458333333333,-0.1166666666666667,0.95,0.1337158198905081,0.0014001274735624331,exploratory_dataset_category_384,True,False,True
dataset_category,qt,TN,pairwise_jaccard_within_instance,counterfactual,llm_counterfactual,qwen36_27b_local,20,1.0,0.7127499999999999,-0.28725,0.0,0.0001301859368583,-1.0,-0.3401202380952381,-0.2327958333333333,0.95,0.0371144301292407,0.0004382011217946257,exploratory_dataset_category_384,True,True,True
dataset_category,qt,FP,pairwise_jaccard_within_instance,counterfactual,llm_counterfactual,qwen36_27b_local,20,1.0,0.7889523809523808,-0.211047619047619,0.0,0.000282840555657,-1.0,-0.2603333333333333,-0.1599964285714286,0.95,0.06986161724727899,0.0007355043644044549,exploratory_dataset_category_384,True,False,True
dataset_category,qt,FN,pairwise_jaccard_within_instance,counterfactual,llm_counterfactual,qwen36_27b_local,20,1.0,0.7367619047619047,-0.2632380952380952,0.0,0.0001297763715218,-1.0,-0.311097619047619,-0.2124976190476191,0.95,0.0371144301292407,0.0004382011217946257,exploratory_dataset_category_384,True,True,True
overall,,,pairwise_jaccard_between_instance,lime,llm_lime,qwen36_27b_local,160,0.8194299289891396,0.5048087719298245,-0.314621157059315,1.0,5.339081441389514e-28,-0.9998447204968944,-0.3306696972901002,-0.2988013123955723,0.95,2.5627590918669667e-26,2.5627590918669667e-26,primary_overall_48,True,True,True
dataset_category,openstack,TP,pairwise_jaccard_between_instance,lime,llm_lime,qwen36_27b_local,20,0.7516424394319132,0.4452581453634084,-0.3063842940685047,1.0,3.814697265625e-06,-0.9904761904761904,-0.3617035818713451,-0.2444247598162071,0.95,0.001316070556640625,3.1844429347826086e-05,exploratory_dataset_category_384,True,True,True
dataset_category,openstack,TN,pairwise_jaccard_between_instance,lime,llm_lime,qwen36_27b_local,20,0.8147268170426066,0.484089223057644,-0.3306375939849625,0.0,1.9073486328125e-06,-1.0,-0.3617514630325815,-0.3014156547619048,0.95,0.000732421875,1.8780048076923078e-05,exploratory_dataset_category_384,True,True,True
dataset_category,openstack,FP,pairwise_jaccard_between_instance,lime,llm_lime,qwen36_27b_local,20,0.824110275689223,0.485047619047619,-0.339062656641604,0.0,1.9073486328125e-06,-1.0,-0.3791942147034252,-0.3026994152046784,0.95,0.000732421875,1.8780048076923078e-05,exploratory_dataset_category_384,True,True,True
dataset_category,openstack,FN,pairwise_jaccard_between_instance,lime,llm_lime,qwen36_27b_local,20,0.8331654135338346,0.4431925647451963,-0.3899728487886382,0.0,1.9073486328125e-06,-1.0,-0.4269645499164578,-0.3502388230994152,0.95,0.000732421875,1.8780048076923078e-05,exploratory_dataset_category_384,True,True,True
dataset_category,qt,TP,pairwise_jaccard_between_instance,lime,llm_lime,qwen36_27b_local,20,0.8341052631578947,0.5419974937343358,-0.2921077694235589,0.0,8.844915021211901e-05,-1.0,-0.3249181599832915,-0.2575952798663325,0.95,0.026446295913423585,0.0003949357404820198,exploratory_dataset_category_384,True,True,True
dataset_category,qt,TN,pairwise_jaccard_between_instance,lime,llm_lime,qwen36_27b_local,20,0.8512080200501254,0.5890384294068505,-0.2621695906432748,0.0,1.9073486328125e-06,-1.0,-0.3139670948203843,-0.2143550020885547,0.95,0.000732421875,1.8780048076923078e-05,exploratory_dataset_category_384,True,True,True
dataset_category,qt,FP,pairwise_jaccard_between_instance,lime,llm_lime,qwen36_27b_local,20,0.7894285714285715,0.5193801169590643,-0.2700484544695071,0.0,1.9073486328125e-06,-1.0,-0.3117566311612364,-0.2300443817878029,0.95,0.000732421875,1.8780048076923078e-05,exploratory_dataset_category_384,True,True,True
dataset_category,qt,FN,pairwise_jaccard_between_instance,lime,llm_lime,qwen36_27b_local,20,0.8570526315789474,0.5304665831244778,-0.3265860484544696,0.0,1.9073486328125e-06,-1.0,-0.364612082289056,-0.2903083855472014,0.95,0.000732421875,1.8780048076923078e-05,exploratory_dataset_category_384,True,True,True
overall,,,pairwise_jaccard_between_instance,kernelshap,llm_kernelshap,qwen36_27b_local,160,0.4028359440267334,0.5012195071010861,0.0983835630743525,1223.0,6.225345095675507e-19,0.8100931677018633,0.082728203320802,0.1143603004908103,0.95,1.6808431758323868e-17,1.358257111783747e-18,primary_overall_48,True,True,True
dataset_category,openstack,TP,pairwise_jaccard_between_instance,kernelshap,llm_kernelshap,qwen36_27b_local,20,0.4522606516290726,0.4446925647451963,-0.0075680868838763,92.0,0.6476554870605469,-0.1238095238095238,-0.0433794381787803,0.0304883980785296,0.95,1.0,0.6851231598657025,exploratory_dataset_category_384,False,False,False
dataset_category,openstack,TN,pairwise_jaccard_between_instance,kernelshap,llm_kernelshap,qwen36_27b_local,20,0.3306123642439432,0.4913634085213032,0.16075104427736,0.0,1.9073486328125e-06,1.0,0.1249867063492063,0.19720026106934,0.95,0.000732421875,1.8780048076923078e-05,exploratory_dataset_category_384,True,True,True
dataset_category,openstack,FP,pairwise_jaccard_between_instance,kernelshap,llm_kernelshap,qwen36_27b_local,20,0.4076766917293232,0.4949715956558062,0.0872949039264828,20.0,0.0007076263427734,0.8095238095238095,0.0486127506265664,0.1253055451127819,0.95,0.1478939056396406,0.0015265646945223908,exploratory_dataset_category_384,True,False,True
dataset_category,openstack,FN,pairwise_jaccard_between_instance,kernelshap,llm_kernelshap,qwen36_27b_local,20,0.385095238095238,0.4947978279030909,0.1097025898078529,20.0,0.0007076263427734,0.8095238095238095,0.0607087823725982,0.1606801169590642,0.95,0.1478939056396406,0.0015265646945223908,exploratory_dataset_category_384,True,False,True
dataset_category,qt,TP,pairwise_jaccard_between_instance,kernelshap,llm_kernelshap,qwen36_27b_local,20,0.4191821219715955,0.5590793650793652,0.1398972431077694,0.0,1.9073486328125e-06,1.0,0.1110192147034252,0.1707314223057644,0.95,0.000732421875,1.8780048076923078e-05,exploratory_dataset_category_384,True,True,True
dataset_category,qt,TN,pairwise_jaccard_between_instance,kernelshap,llm_kernelshap,qwen36_27b_local,20,0.3938997493734335,0.5424720133667502,0.1485722639933166,0.0,1.9073486328125e-06,1.0,0.1116394736842105,0.1834324039264828,0.95,0.000732421875,1.8780048076923078e-05,exploratory_dataset_category_384,True,True,True
dataset_category,qt,FP,pairwise_jaccard_between_instance,kernelshap,llm_kernelshap,qwen36_27b_local,20,0.3974962406015037,0.4269498746867167,0.029453634085213,69.0,0.1893482208251953,0.3428571428571428,-0.0068778926482873,0.0663663847117794,0.95,1.0,0.22100217871390576,exploratory_dataset_category_384,False,False,False
dataset_category,qt,FN,pairwise_jaccard_between_instance,kernelshap,llm_kernelshap,qwen36_27b_local,20,0.4364644945697577,0.5554294068504595,0.1189649122807017,9.0,6.29425048828125e-05,0.9142857142857144,0.0787810881370092,0.157853477443609,0.95,0.019512176513671875,0.0003138950892857143,exploratory_dataset_category_384,True,True,True
overall,,,pairwise_jaccard_between_instance,lofo,llm_lofo,qwen36_27b_local,160,0.3298558897243108,0.4345874373433583,0.1047315476190476,1315.0,2.519797692185193e-18,0.7958074534161491,0.0865971600877193,0.1226452737312029,0.95,5.795534692025944e-17,4.651934200957279e-18,primary_overall_48,True,True,True
dataset_category,openstack,TP,pairwise_jaccard_between_instance,lofo,llm_lofo,qwen36_27b_local,20,0.3749582289055973,0.4170009189640768,0.0420426900584795,51.0,0.0440540313720703,0.5142857142857142,0.0030623485797827,0.0792058124477861,0.95,1.0,0.05695874763257573,exploratory_dataset_category_384,True,False,False
dataset_category,openstack,TN,pairwise_jaccard_between_instance,lofo,llm_lofo,qwen36_27b_local,20,0.2485588972431077,0.4359581453634085,0.1873992481203007,0.0,1.9073486328125e-06,1.0,0.1506477516708438,0.2213178226817043,0.95,0.000732421875,1.8780048076923078e-05,exploratory_dataset_category_384,True,True,True
dataset_category,openstack,FP,pairwise_jaccard_between_instance,lofo,llm_lofo,qwen36_27b_local,20,0.3195697577276524,0.4442330827067668,0.1246633249791144,8.0,4.76837158203125e-05,0.923809523809524,0.0876840956558061,0.1606649540517961,0.95,0.014925003051757812,0.00024743982263513516,exploratory_dataset_category_384,True,True,True
dataset_category,openstack,FN,pairwise_jaccard_between_instance,lofo,llm_lofo,qwen36_27b_local,20,0.2595029239766082,0.4825143692564744,0.2230114452798663,0.0,1.9073486328125e-06,1.0,0.1793423715538846,0.2663765914786967,0.95,0.000732421875,1.8780048076923078e-05,exploratory_dataset_category_384,True,True,True
dataset_category,qt,TP,pairwise_jaccard_between_instance,lofo,llm_lofo,qwen36_27b_local,20,0.3971177944862154,0.4489395154553048,0.0518217209690894,39.0,0.0120792388916015,0.6285714285714286,0.0187026931913116,0.0857744862155388,0.95,1.0,0.017713862356391375,exploratory_dataset_category_384,True,False,True
dataset_category,qt,TN,pairwise_jaccard_between_instance,lofo,llm_lofo,qwen36_27b_local,20,0.3073308270676691,0.4323056808688387,0.1249748538011696,6.0,2.6702880859375e-05,0.9428571428571428,0.0880828404344193,0.1601657644110275,0.95,0.008464813232421875,0.00015079273897058824,exploratory_dataset_category_384,True,True,True
dataset_category,qt,FP,pairwise_jaccard_between_instance,lofo,llm_lofo,qwen36_27b_local,20,0.3836675020885546,0.386062656641604,0.0023951545530492,92.0,0.6476554870605469,0.1238095238095238,-0.0566525584795321,0.0577348684210526,0.95,1.0,0.6851231598657025,exploratory_dataset_category_384,False,False,False
dataset_category,qt,FN,pairwise_jaccard_between_instance,lofo,llm_lofo,qwen36_27b_local,20,0.348141186299081,0.4296851294903925,0.0815439431913116,24.0,0.0014324188232421,0.7714285714285715,0.0415017616959064,0.1215455680868838,0.95,0.26642990112303055,0.002727223535393584,exploratory_dataset_category_384,True,False,True
overall,,,pairwise_jaccard_between_instance,counterfactual,llm_counterfactual,qwen36_27b_local,160,0.4236842105263158,0.5415101086048454,0.1178258980785296,2265.0,1.137652323309258e-12,0.6482919254658385,0.0910221307174185,0.1441446720969089,0.95,1.8202437172948128e-11,1.654767015722557e-12,primary_overall_48,True,True,True
dataset_category,openstack,TP,pairwise_jaccard_between_instance,counterfactual,llm_counterfactual,qwen36_27b_local,20,0.5915413533834585,0.4998324143692564,-0.0917089390142021,28.0,0.0027122497558593,-0.7333333333333333,-0.136233111946533,-0.0431804803675856,0.95,0.4448089599609252,0.004691459037162032,exploratory_dataset_category_384,True,False,True
dataset_category,openstack,TN,pairwise_jaccard_between_instance,counterfactual,llm_counterfactual,qwen36_27b_local,20,0.3308270676691729,0.5409144527986631,0.2100873851294903,1.0,3.814697265625e-06,0.9904761904761904,0.1700881161236424,0.2483109189640768,0.95,0.001316070556640625,3.1844429347826086e-05,exploratory_dataset_category_384,True,True,True
dataset_category,openstack,FP,pairwise_jaccard_between_instance,counterfactual,llm_counterfactual,qwen36_27b_local,20,0.6140350877192983,0.4524479532163742,-0.161587134502924,0.0,1.9073486328125e-06,-1.0,-0.1976135599415204,-0.1271716499582289,0.95,0.000732421875,1.8780048076923078e-05,exploratory_dataset_category_384,True,True,True
dataset_category,openstack,FN,pairwise_jaccard_between_instance,counterfactual,llm_counterfactual,qwen36_27b_local,20,0.375814536340852,0.520897410192147,0.1450828738512949,2.0,5.7220458984375e-06,0.9809523809523808,0.106691406641604,0.1813760233918128,0.95,0.001934051513671875,4.225510817307692e-05,exploratory_dataset_category_384,True,True,True
dataset_category,qt,TP,pairwise_jaccard_between_instance,counterfactual,llm_counterfactual,qwen36_27b_local,20,0.3861319966583124,0.6162005012531326,0.2300685045948204,0.0,1.9073486328125e-06,1.0,0.191224843358396,0.2667170426065162,0.95,0.000732421875,1.8780048076923078e-05,exploratory_dataset_category_384,True,True,True
dataset_category,qt,TN,pairwise_jaccard_between_instance,counterfactual,llm_counterfactual,qwen36_27b_local,20,0.3718253968253968,0.604820551378446,0.2329951545530493,0.0,1.9073486328125e-06,1.0,0.1908220530492899,0.2781536633249791,0.95,0.000732421875,1.8780048076923078e-05,exploratory_dataset_category_384,True,True,True
dataset_category,qt,FP,pairwise_jaccard_between_instance,counterfactual,llm_counterfactual,qwen36_27b_local,20,0.3900584795321636,0.5326873015873015,0.1426288220551378,4.0,1.33514404296875e-05,0.961904761904762,0.0929704751461988,0.1979174853801169,0.95,0.004352569580078125,8.40484118852459e-05,exploratory_dataset_category_384,True,True,True
dataset_category,qt,FN,pairwise_jaccard_between_instance,counterfactual,llm_counterfactual,qwen36_27b_local,20,0.3292397660818713,0.5642802840434419,0.2350405179615705,0.0,1.9073486328125e-06,1.0,0.2022744078947368,0.2676392397660819,0.95,0.000732421875,1.8780048076923078e-05,exploratory_dataset_category_384,True,True,True
overall,,,instance_idf_specificity,lime,llm_lime,qwen36_27b_local,160,0.0512503102077374,0.124454437034163,0.0732041268264255,1283.0,1.5529271427069085e-18,0.800776397515528,0.0588593273614669,0.087174823938019,0.95,3.8823178567672714e-17,3.105854285413817e-18,primary_overall_48,True,True,True
dataset_category,openstack,TP,instance_idf_specificity,lime,llm_lime,qwen36_27b_local,20,0.0866349941626305,0.1435210271216215,0.0568860329589909,36.0,0.0099899024554878,0.6571428571428571,-0.0043593627139671,0.1095813726218111,0.95,1.0,0.0149848536832317,exploratory_dataset_category_384,True,False,True
dataset_category,openstack,TN,instance_idf_specificity,lime,llm_lime,qwen36_27b_local,20,0.0440955285458281,0.1108644606063526,0.0667689320605245,12.0,0.0001335144042968,0.8857142857142857,0.0378656193529975,0.1001940805817104,0.95,0.0371144301292407,0.0004382011217946257,exploratory_dataset_category_384,True,True,True
dataset_category,openstack,FP,instance_idf_specificity,lime,llm_lime,qwen36_27b_local,20,0.0339773836810059,0.1520924826270266,0.1181150989460207,5.0,0.000188768042895,0.9523809523809524,0.0818742412406357,0.1519712029970779,0.95,0.0491507838249921,0.0005758145256910168,exploratory_dataset_category_384,True,True,True
dataset_category,openstack,FN,instance_idf_specificity,lime,llm_lime,qwen36_27b_local,20,0.0574638828499451,0.1429949935154797,0.0855311106655347,9.0,6.29425048828125e-05,0.9142857142857144,0.0513154115546455,0.1236835195646463,0.95,0.019512176513671875,0.0003138950892857143,exploratory_dataset_category_384,True,True,True
dataset_category,qt,TP,instance_idf_specificity,lime,llm_lime,qwen36_27b_local,20,0.0596879429773482,0.1206858457293554,0.0609979027520072,27.0,0.0035743463298043,0.7428571428571429,0.0295646322409946,0.0951342235961651,0.95,0.5540236811196665,0.005965972867660633,exploratory_dataset_category_384,True,False,True
dataset_category,qt,TN,instance_idf_specificity,lime,llm_lime,qwen36_27b_local,20,0.0276260947545612,0.0870043544718566,0.0593782597172954,26.0,0.0031560951970038,0.7523809523809524,0.0236694960730083,0.0945345439929114,0.95,0.5077583088593687,0.005386402469553152,exploratory_dataset_category_384,True,False,True
dataset_category,qt,FP,instance_idf_specificity,lime,llm_lime,qwen36_27b_local,20,0.0690121501331475,0.1351668539550423,0.0661547038218947,35.0,0.0089496879383493,0.6666666666666666,0.0203482354301609,0.1064429766381471,0.95,1.0,0.013583716080340442,exploratory_dataset_category_384,True,False,True
dataset_category,qt,FN,instance_idf_specificity,lime,llm_lime,qwen36_27b_local,20,0.0315045045574332,0.1033054782465687,0.0718009736891355,17.0,0.0010064609294373,0.8380952380952381,0.0410243811069595,0.1033275554663228,0.95,0.1992792640285854,0.0020655071924601904,exploratory_dataset_category_384,True,False,True
overall,,,instance_idf_specificity,kernelshap,llm_kernelshap,qwen36_27b_local,160,0.2192651502413834,0.1364330414029229,-0.0828321088384605,1080.0,6.751938848924999e-20,-0.8322981366459627,-0.0960951763503926,-0.0698546038548452,0.95,1.8905428776989995e-18,1.543300308325714e-19,primary_overall_48,True,True,True
dataset_category,openstack,TP,instance_idf_specificity,kernelshap,llm_kernelshap,qwen36_27b_local,20,0.1832282890838775,0.1453083681459304,-0.0379199209379471,44.0,0.021484375,-0.580952380952381,-0.0665947537553345,-0.0104780840407831,0.95,1.0,0.029783393501805054,exploratory_dataset_category_384,True,False,True
dataset_category,openstack,TN,instance_idf_specificity,kernelshap,llm_kernelshap,qwen36_27b_local,20,0.2548515506378194,0.1274345716621646,-0.1274169789756548,1.0,3.814697265625e-06,-0.9904761904761904,-0.1620682380923787,-0.0944570025367173,0.95,0.001316070556640625,3.1844429347826086e-05,exploratory_dataset_category_384,True,True,True
dataset_category,openstack,FP,instance_idf_specificity,kernelshap,llm_kernelshap,qwen36_27b_local,20,0.2195714735004048,0.1543446688634397,-0.0652268046369651,31.0,0.004220962524414,-0.7047619047619048,-0.1062026620380518,-0.0268726555173708,0.95,0.6333011960475591,0.006839027887658127,exploratory_dataset_category_384,True,False,True
dataset_category,openstack,FN,instance_idf_specificity,kernelshap,llm_kernelshap,qwen36_27b_local,20,0.2437446208346501,0.1391529362921386,-0.1045916845425114,11.0,0.0001049041748046,-0.8952380952380953,-0.1440111228481952,-0.0668487874578642,0.95,0.0310516357421616,0.0004382011217946257,exploratory_dataset_category_384,True,True,True
dataset_category,qt,TP,instance_idf_specificity,kernelshap,llm_kernelshap,qwen36_27b_local,20,0.2069235027941441,0.1412608592888017,-0.0656626435053424,28.0,0.0027122497558593,-0.7333333333333333,-0.1012509047815591,-0.0293012947582232,0.95,0.4448089599609252,0.004691459037162032,exploratory_dataset_category_384,True,False,True
dataset_category,qt,TN,instance_idf_specificity,kernelshap,llm_kernelshap,qwen36_27b_local,20,0.2215538361487581,0.098361024009195,-0.1231928121395631,5.0,1.9073486328125e-05,-0.9523809523809524,-0.1579268977580272,-0.0872321503567509,0.95,0.006160736083984375,0.00010931669776119403,exploratory_dataset_category_384,True,True,True
dataset_category,qt,FP,instance_idf_specificity,kernelshap,llm_kernelshap,qwen36_27b_local,20,0.221564941070314,0.1702057346103509,-0.051359206459963,43.0,0.0192337036132812,-0.5904761904761905,-0.0900933106461915,-0.0145472751255107,0.95,1.0,0.02705400068681312,exploratory_dataset_category_384,True,False,True
dataset_category,qt,FN,instance_idf_specificity,kernelshap,llm_kernelshap,qwen36_27b_local,20,0.2026829878610992,0.1153961683513622,-0.087286819509737,5.0,1.9073486328125e-05,-0.9523809523809524,-0.1170435206612674,-0.059153757678178,0.95,0.006160736083984375,0.00010931669776119403,exploratory_dataset_category_384,True,True,True
overall,,,instance_idf_specificity,lofo,llm_lofo,qwen36_27b_local,160,0.2735944429020274,0.147471253001949,-0.1261231899000783,419.0,1.0931034283554746e-24,-0.9349378881987578,-0.140535487407185,-0.1116428884764401,0.95,4.481724056257446e-23,6.5586205701328476e-24,primary_overall_48,True,True,True
dataset_category,openstack,TP,instance_idf_specificity,lofo,llm_lofo,qwen36_27b_local,20,0.2528213993702967,0.1675162951790369,-0.0853051041912597,12.0,0.0001335144042968,-0.8857142857142857,-0.118803783400582,-0.0525676027850545,0.95,0.0371144301292407,0.0004382011217946257,exploratory_dataset_category_384,True,True,True
dataset_category,openstack,TN,instance_idf_specificity,lofo,llm_lofo,qwen36_27b_local,20,0.3209065718192091,0.1174348787158951,-0.203471693103314,0.0,1.9073486328125e-06,-1.0,-0.232341774291674,-0.1750751801101584,0.95,0.000732421875,1.8780048076923078e-05,exploratory_dataset_category_384,True,True,True
dataset_category,openstack,FP,instance_idf_specificity,lofo,llm_lofo,qwen36_27b_local,20,0.2830031638796942,0.1718901854916663,-0.1111129783880278,12.0,0.0001335144042968,-0.8857142857142857,-0.1497925490179448,-0.0705813654324601,0.95,0.0371144301292407,0.0004382011217946257,exploratory_dataset_category_384,True,True,True
dataset_category,openstack,FN,instance_idf_specificity,lofo,llm_lofo,qwen36_27b_local,20,0.3156882120607493,0.1503502742505238,-0.1653379378102255,3.0,9.5367431640625e-06,-0.9714285714285714,-0.2031054405316586,-0.1247822349255852,0.95,0.00316619873046875,6.313981681034483e-05,exploratory_dataset_category_384,True,True,True
dataset_category,qt,TP,instance_idf_specificity,lofo,llm_lofo,qwen36_27b_local,20,0.2348809006934232,0.1522138741281673,-0.0826670265652558,15.0,0.0002613067626953,-0.8571428571428571,-0.1182507169295491,-0.048179230643778,0.95,0.0655879974365203,0.0007355043644044549,exploratory_dataset_category_384,True,False,True
dataset_category,qt,TN,instance_idf_specificity,lofo,llm_lofo,qwen36_27b_local,20,0.274233277633331,0.1290574681025293,-0.1451758095308015,3.0,9.5367431640625e-06,-0.9714285714285714,-0.1850011419008285,-0.1061221249755489,0.95,0.00316619873046875,6.313981681034483e-05,exploratory_dataset_category_384,True,True,True
dataset_category,qt,FP,instance_idf_specificity,lofo,llm_lofo,qwen36_27b_local,20,0.2520612001764727,0.1666708084014707,-0.085390391775002,31.0,0.004220962524414,-0.7047619047619048,-0.1391438301755455,-0.0349196452753558,0.95,0.6333011960475591,0.006839027887658127,exploratory_dataset_category_384,True,False,True
dataset_category,qt,FN,instance_idf_specificity,lofo,llm_lofo,qwen36_27b_local,20,0.2551608175830429,0.1246362397463027,-0.1305245778367401,0.0,1.9073486328125e-06,-1.0,-0.1594981706043999,-0.10245474290759,0.95,0.000732421875,1.8780048076923078e-05,exploratory_dataset_category_384,True,True,True
overall,,,instance_idf_specificity,counterfactual,llm_counterfactual,qwen36_27b_local,160,0.2270957053924111,0.1087426781305793,-0.1183530272618317,672.0,8.644321159529636e-23,-0.8956521739130435,-0.1342128081641351,-0.1022927031960208,0.95,3.0255124058353727e-21,2.9637672546958753e-22,primary_overall_48,True,True,True
dataset_category,openstack,TP,instance_idf_specificity,counterfactual,llm_counterfactual,qwen36_27b_local,20,0.1388785194798966,0.0987682739889622,-0.0401102454909344,43.0,0.0192337036132812,-0.5904761904761905,-0.0750801476724744,-0.0062306785391186,0.95,1.0,0.02705400068681312,exploratory_dataset_category_384,True,False,True
dataset_category,openstack,TN,instance_idf_specificity,counterfactual,llm_counterfactual,qwen36_27b_local,20,0.272839323823958,0.1040040289258067,-0.1688352948981512,1.0,3.814697265625e-06,-0.9904761904761904,-0.2042329339523413,-0.1340879928848853,0.95,0.001316070556640625,3.1844429347826086e-05,exploratory_dataset_category_384,True,True,True
dataset_category,openstack,FP,instance_idf_specificity,counterfactual,llm_counterfactual,qwen36_27b_local,20,0.1402643429438419,0.1206765107536648,-0.019587832190177,70.0,0.1912564806974696,-0.3333333333333333,-0.0462231872792699,0.0079382456300153,0.95,1.0,0.2225529957206919,exploratory_dataset_category_384,False,False,False
dataset_category,openstack,FN,instance_idf_specificity,counterfactual,llm_counterfactual,qwen36_27b_local,20,0.2551203619216222,0.1160047404354537,-0.1391156214861684,2.0,0.0001202578206387,-0.9809523809523808,-0.1725392553290839,-0.1050273032625467,0.95,0.0352355414471391,0.0004382011217946257,exploratory_dataset_category_384,True,True,True
dataset_category,qt,TP,instance_idf_specificity,counterfactual,llm_counterfactual,qwen36_27b_local,20,0.2376383398966219,0.1124979026466882,-0.1251404372499337,10.0,8.20159912109375e-05,-0.9047619047619048,-0.1650315406906076,-0.0819035664088747,0.95,0.025178909301757812,0.0003888165509259259,exploratory_dataset_category_384,True,True,True
dataset_category,qt,TN,instance_idf_specificity,counterfactual,llm_counterfactual,qwen36_27b_local,20,0.2562016346368131,0.0867579817152446,-0.1694436529215685,0.0,1.9073486328125e-06,-1.0,-0.2141047537732494,-0.1258453699514567,0.95,0.000732421875,1.8780048076923078e-05,exploratory_dataset_category_384,True,True,True
dataset_category,qt,FP,instance_idf_specificity,counterfactual,llm_counterfactual,qwen36_27b_local,20,0.2445575815216489,0.1381086063879626,-0.1064489751336862,5.0,1.9073486328125e-05,-0.9523809523809524,-0.1562366268750487,-0.0628572087007152,0.95,0.006160736083984375,0.00010931669776119403,exploratory_dataset_category_384,True,True,True
dataset_category,qt,FN,instance_idf_specificity,counterfactual,llm_counterfactual,qwen36_27b_local,20,0.2712655389148861,0.0931233801908519,-0.1781421587240341,3.0,9.5367431640625e-06,-0.9714285714285714,-0.2176858687718174,-0.135575565278467,0.95,0.00316619873046875,6.313981681034483e-05,exploratory_dataset_category_384,True,True,True
overall,,,separability_gap,lime,llm_lime,qwen36_27b_local,160,0.045126122598162,0.239998271720969,0.194872149122807,702.0,1.4338931254202238e-22,0.8909937888198758,0.1682836155492899,0.2219980410662072,0.95,4.875236626428761e-21,4.588458001344717e-22,primary_overall_48,True,True,True
dataset_category,openstack,TP,separability_gap,lime,llm_lime,qwen36_27b_local,20,0.0970678780284042,0.2807537593984962,0.1836858813700919,20.0,0.0007076263427734,0.8095238095238095,0.1057370352965748,0.2604587823725982,0.95,0.1478939056396406,0.0015265646945223908,exploratory_dataset_category_384,True,False,True
dataset_category,openstack,TN,separability_gap,lime,llm_lime,qwen36_27b_local,20,0.0662255639097743,0.1925218880534669,0.1262963241436926,33.0,0.0055809020996093,0.6857142857142857,0.0487342992898914,0.19956315267335,0.95,0.7924880981445207,0.00878305904200808,exploratory_dataset_category_384,True,False,True
dataset_category,openstack,FP,separability_gap,lime,llm_lime,qwen36_27b_local,20,0.0246992481203007,0.3597142857142856,0.3350150375939849,3.0,9.5367431640625e-06,0.9714285714285714,0.2527688805346699,0.4162141917293232,0.95,0.00316619873046875,6.313981681034483e-05,exploratory_dataset_category_384,True,True,True
dataset_category,openstack,FN,separability_gap,lime,llm_lime,qwen36_27b_local,20,0.0227869674185463,0.2893074352548036,0.2665204678362573,1.0,3.814697265625e-06,0.9904761904761904,0.2028327182539682,0.3299850083542188,0.95,0.001316070556640625,3.1844429347826086e-05,exploratory_dataset_category_384,True,True,True
dataset_category,qt,TP,separability_gap,lime,llm_lime,qwen36_27b_local,20,0.0442280701754385,0.2546691729323308,0.2104411027568923,1.0,0.0001032027839634,0.9904761904761904,0.1567213032581453,0.2619451754385966,0.95,0.0306512268371298,0.0004382011217946257,exploratory_dataset_category_384,True,True,True
dataset_category,qt,TN,separability_gap,lime,llm_lime,qwen36_27b_local,20,0.0337919799498747,0.1351282372598161,0.1013362573099414,25.0,0.0016899108886718,0.7619047619047619,0.050244872598162,0.1599124947786132,0.95,0.304183959960924,0.003134907155796962,exploratory_dataset_category_384,True,False,True
dataset_category,qt,FP,separability_gap,lime,llm_lime,qwen36_27b_local,20,0.0725952380952381,0.2328222639933165,0.1602270258980784,24.0,0.0014324188232421,0.7714285714285715,0.0716156276106933,0.2426729218880533,0.95,0.26642990112303055,0.002727223535393584,exploratory_dataset_category_384,True,False,True
dataset_category,qt,FN,separability_gap,lime,llm_lime,qwen36_27b_local,20,-0.0003859649122807,0.1750691311612364,0.1754550960735171,10.0,8.20159912109375e-05,0.9047619047619048,0.1142685045948204,0.238381093358396,0.95,0.025178909301757812,0.0003888165509259259,exploratory_dataset_category_384,True,True,True
overall,,,separability_gap,kernelshap,llm_kernelshap,qwen36_27b_local,160,0.5251997702589808,0.2652115444862155,-0.2599882257727652,557.0,1.2130893568956056e-23,-0.9135093167701864,-0.2914952518013785,-0.2290471164891395,0.95,4.609739556203302e-22,5.293480830089915e-23,primary_overall_48,True,True,True
dataset_category,openstack,TP,separability_gap,kernelshap,llm_kernelshap,qwen36_27b_local,20,0.4084536340852129,0.3349502923976608,-0.0735033416875522,70.0,0.2024497985839843,-0.3333333333333333,-0.1809781432748537,0.0309090956558061,0.95,1.0,0.23345562359234226,exploratory_dataset_category_384,False,False,False
dataset_category,openstack,TN,separability_gap,kernelshap,llm_kernelshap,qwen36_27b_local,20,0.6293876357560569,0.2148270676691728,-0.4145605680868839,0.0,1.9073486328125e-06,-1.0,-0.4726672619047619,-0.3534799812030075,0.95,0.000732421875,1.8780048076923078e-05,exploratory_dataset_category_384,True,True,True
dataset_category,openstack,FP,separability_gap,kernelshap,llm_kernelshap,qwen36_27b_local,20,0.5011328320802005,0.340921261487051,-0.1602115705931495,25.0,0.0016899108886718,-0.7619047619047619,-0.2429402046783626,-0.0774941207184627,0.95,0.304183959960924,0.003134907155796962,exploratory_dataset_category_384,True,False,True
dataset_category,openstack,FN,separability_gap,kernelshap,llm_kernelshap,qwen36_27b_local,20,0.5399047619047619,0.2733569340016708,-0.2665478279030912,8.0,4.76837158203125e-05,-0.923809523809524,-0.3642469089390143,-0.1748008197577277,0.95,0.014925003051757812,0.00024743982263513516,exploratory_dataset_category_384,True,True,True
dataset_category,qt,TP,separability_gap,kernelshap,llm_kernelshap,qwen36_27b_local,20,0.5258178780284043,0.2718730158730159,-0.2539448621553885,0.0,1.9073486328125e-06,-1.0,-0.3085599832915622,-0.1979933897243108,0.95,0.000732421875,1.8780048076923078e-05,exploratory_dataset_category_384,True,True,True
dataset_category,qt,TN,separability_gap,kernelshap,llm_kernelshap,qwen36_27b_local,20,0.5561002506265664,0.1436787802840434,-0.4124214703425229,0.0,1.9073486328125e-06,-1.0,-0.4660659356725147,-0.3586159356725147,0.95,0.000732421875,1.8780048076923078e-05,exploratory_dataset_category_384,True,True,True
dataset_category,qt,FP,separability_gap,kernelshap,llm_kernelshap,qwen36_27b_local,20,0.5434561403508772,0.3670977443609022,-0.1763583959899749,5.0,1.9073486328125e-05,-0.9523809523809524,-0.2263871449456975,-0.1241421052631579,0.95,0.006160736083984375,0.00010931669776119403,exploratory_dataset_category_384,True,True,True
dataset_category,qt,FN,separability_gap,kernelshap,llm_kernelshap,qwen36_27b_local,20,0.4973450292397661,0.1749872598162071,-0.322357769423559,0.0,1.9073486328125e-06,-1.0,-0.3849020154553049,-0.2617561612364244,0.95,0.000732421875,1.8780048076923078e-05,exploratory_dataset_category_384,True,True,True
overall,,,separability_gap,lofo,llm_lofo,qwen36_27b_local,160,0.6701441102756892,0.3183116201963241,-0.3518324900793651,83.0,2.4788986086212102e-27,-0.987111801242236,-0.3790913972431077,-0.3235984999608396,0.95,1.1402933599657566e-25,3.9662377737939363e-26,primary_overall_48,True,True,True
dataset_category,openstack,TP,separability_gap,lofo,llm_lofo,qwen36_27b_local,20,0.6250417710944027,0.4032847953216374,-0.2217569757727653,4.0,1.33514404296875e-05,-0.961904761904762,-0.2929134910192147,-0.1535760327903091,0.95,0.004352569580078125,8.40484118852459e-05,exploratory_dataset_category_384,True,True,True
dataset_category,openstack,TN,separability_gap,lofo,llm_lofo,qwen36_27b_local,20,0.7514411027568924,0.2611549498746867,-0.4902861528822055,0.0,1.9073486328125e-06,-1.0,-0.5530785160818713,-0.429822482247285,0.95,0.000732421875,1.8780048076923078e-05,exploratory_dataset_category_384,True,True,True
dataset_category,openstack,FP,separability_gap,lofo,llm_lofo,qwen36_27b_local,20,0.6804302422723475,0.3758859649122806,-0.3045442773600668,1.0,3.814697265625e-06,-0.9904761904761904,-0.3676111424394319,-0.2400244152046784,0.95,0.001316070556640625,3.1844429347826086e-05,exploratory_dataset_category_384,True,True,True
dataset_category,openstack,FN,separability_gap,lofo,llm_lofo,qwen36_27b_local,20,0.7404970760233918,0.2706642021720969,-0.4698328738512948,0.0,1.9073486328125e-06,-1.0,-0.5205962646198831,-0.4152858479532164,0.95,0.000732421875,1.8780048076923078e-05,exploratory_dataset_category_384,True,True,True
dataset_category,qt,TP,separability_gap,lofo,llm_lofo,qwen36_27b_local,20,0.6028822055137846,0.2857529448621553,-0.3171292606516291,0.0,1.9073486328125e-06,-1.0,-0.3964331918337511,-0.2383643452380953,0.95,0.000732421875,1.8780048076923078e-05,exploratory_dataset_category_384,True,True,True
dataset_category,qt,TN,separability_gap,lofo,llm_lofo,qwen36_27b_local,20,0.6926691729323309,0.3261467000835422,-0.3665224728487887,0.0,1.9073486328125e-06,-1.0,-0.4296444120718462,-0.297712720342523,0.95,0.000732421875,1.8780048076923078e-05,exploratory_dataset_category_384,True,True,True
dataset_category,qt,FP,separability_gap,lofo,llm_lofo,qwen36_27b_local,20,0.6163324979114452,0.3637885338345864,-0.2525439640768588,14.0,0.0002098083496093,-0.8666666666666667,-0.3318024279448621,-0.1596555294486216,0.95,0.0530815124511529,0.0006103515624997819,exploratory_dataset_category_384,True,False,True
dataset_category,qt,FN,separability_gap,lofo,llm_lofo,qwen36_27b_local,20,0.6518588137009189,0.2598148705096073,-0.3920439431913117,0.0,1.9073486328125e-06,-1.0,-0.4567623517126149,-0.3317147337092733,0.95,0.000732421875,1.8780048076923078e-05,exploratory_dataset_category_384,True,True,True
overall,,,separability_gap,counterfactual,llm_counterfactual,qwen36_27b_local,160,0.5763157894736842,0.1999601294903926,-0.3763556599832916,80.0,2.344295984230035e-27,-0.9875776397515528,-0.4041749766342941,-0.346957094167711,0.95,1.1018191125881165e-25,3.9662377737939363e-26,primary_overall_48,True,True,True
dataset_category,openstack,TP,separability_gap,counterfactual,llm_counterfactual,qwen36_27b_local,20,0.4084586466165413,0.1779175856307435,-0.2305410609857978,9.0,6.29425048828125e-05,-0.9142857142857144,-0.3123235233918129,-0.1519425334168755,0.95,0.019512176513671875,0.0003138950892857143,exploratory_dataset_category_384,True,True,True
dataset_category,openstack,TN,separability_gap,counterfactual,llm_counterfactual,qwen36_27b_local,20,0.6691729323308271,0.1815855472013366,-0.4875873851294905,0.0,1.9073486328125e-06,-1.0,-0.5605866228070177,-0.4126055545112782,0.95,0.000732421875,1.8780048076923078e-05,exploratory_dataset_category_384,True,True,True
dataset_category,openstack,FP,separability_gap,counterfactual,llm_counterfactual,qwen36_27b_local,20,0.3859649122807017,0.2869091896407685,-0.0990557226399331,27.0,0.0023250579833984,-0.7428571428571429,-0.1526208364661654,-0.0431007403926483,0.95,0.38828468322753285,0.004084264219715682,exploratory_dataset_category_384,True,False,True
dataset_category,openstack,FN,separability_gap,counterfactual,llm_counterfactual,qwen36_27b_local,20,0.624185463659148,0.2029716374269006,-0.4212138262322472,0.0,1.9073486328125e-06,-1.0,-0.464429228279031,-0.3719617303675857,0.95,0.000732421875,1.8780048076923078e-05,exploratory_dataset_category_384,True,True,True
dataset_category,qt,TP,separability_gap,counterfactual,llm_counterfactual,qwen36_27b_local,20,0.6138680033416875,0.2136209273182956,-0.4002470760233919,0.0,1.9073486328125e-06,-1.0,-0.4532227443609024,-0.3457369883040937,0.95,0.000732421875,1.8780048076923078e-05,exploratory_dataset_category_384,True,True,True
dataset_category,qt,TN,separability_gap,counterfactual,llm_counterfactual,qwen36_27b_local,20,0.6281746031746032,0.1079294486215538,-0.5202451545530493,0.0,1.9073486328125e-06,-1.0,-0.5641467032163744,-0.470604242898914,0.95,0.000732421875,1.8780048076923078e-05,exploratory_dataset_category_384,True,True,True
dataset_category,qt,FP,separability_gap,counterfactual,llm_counterfactual,qwen36_27b_local,20,0.6099415204678362,0.2562650793650793,-0.353676441102757,0.0,1.9073486328125e-06,-1.0,-0.3989210307017544,-0.3051419642857144,0.95,0.000732421875,1.8780048076923078e-05,exploratory_dataset_category_384,True,True,True
dataset_category,qt,FN,separability_gap,counterfactual,llm_counterfactual,qwen36_27b_local,20,0.6707602339181287,0.1724816207184627,-0.4982786131996659,0.0,1.9073486328125e-06,-1.0,-0.5409443201754387,-0.4481007664995823,0.95,0.000732421875,1.8780048076923078e-05,exploratory_dataset_category_384,True,True,True
