dataset,category,method,llm_model,prompt_variant,temperature,top_p,instance_id,pairwise_jaccard_within_instance,pairwise_jaccard_between_instance,instance_idf_specificity,separability_gap
openstack,FP,counterfactual,,,,,4b53e4edf9f7f8c794316d3a0920d727723d1bab,1.0,0.5839598997493733,0.1598741251374172,0.4160401002506266
openstack,FP,counterfactual,,,,,2530ccff8f0a0105d1626c65616080b27682e129,1.0,0.5889724310776943,0.1346853434514046,0.4110275689223057
openstack,FP,counterfactual,,,,,e847eed4a5600b6812338bb4903a0cffcde7f1f3,1.0,0.5494987468671679,0.1958584155555492,0.450501253132832
openstack,FP,counterfactual,,,,,034db863a02ce38a520e4b8aa3a65e1ccdb37f30,1.0,0.5538847117794485,0.2332192834058341,0.4461152882205514
openstack,FP,counterfactual,,,,,bfcd4b2f1be3ab37ae0801dd523ce952577cda14,1.0,0.7418546365914787,0.0570314876596936,0.2581453634085213
openstack,FP,counterfactual,,,,,410a83c89de9912207574999b3736a550ed253ba,1.0,0.5889724310776943,0.1346853434514046,0.4110275689223057
openstack,FP,counterfactual,,,,,4e2919e6b208a2e95d75782f9cad0a6f0892d983,1.0,0.7418546365914787,0.0570314876596936,0.2581453634085213
openstack,FP,counterfactual,,,,,558f7b00f56f37adaa68239c9ce95d25b2d65f56,1.0,0.5889724310776943,0.1346853434514046,0.4110275689223057
openstack,FP,counterfactual,,,,,296da649452f66dd15a15ee4274ab0f8609250e2,1.0,0.6040100250626566,0.1257705686697378,0.3959899749373434
openstack,FP,counterfactual,,,,,280cc7c5ae4b07a9a1e23b8f9cc925be9872c8e1,1.0,0.5570175438596491,0.168788899919084,0.4429824561403509
openstack,FP,counterfactual,,,,,6aecf475dbff9c7d477378c021749b987d47deae,1.0,0.5789473684210527,0.1598741251374172,0.4210526315789473
openstack,FP,counterfactual,,,,,baa52224dc73e8ca3bdcbdaa5d62bc26fb38052f,1.0,0.7418546365914787,0.0570314876596936,0.2581453634085213
openstack,FP,counterfactual,,,,,70de423255fd01822188bb9082a0c0cc1c8ec2d0,1.0,0.4536340852130325,0.2375279809291282,0.5463659147869675
openstack,FP,counterfactual,,,,,2bb9e5563c69f79d5da23668b08dd9c88f9d4348,1.0,0.7418546365914787,0.0570314876596936,0.2581453634085213
openstack,FP,counterfactual,,,,,41d6b479fe8baf66578044b8773c3b892d64a2c4,1.0,0.5538847117794485,0.168788899919084,0.4461152882205514
openstack,FP,counterfactual,,,,,e4ea54104ec38f5fe4c792d4d3d1865de34bb4c3,1.0,0.5494987468671679,0.1958584155555492,0.450501253132832
openstack,FP,counterfactual,,,,,a985e34cdeef777fe7ff943e363a5f1be6d991b7,1.0,0.7418546365914787,0.0570314876596936,0.2581453634085213
openstack,FP,counterfactual,,,,,ce12d7a1e53fffce57baab18de2ab885ba1df8ee,1.0,0.5839598997493733,0.1598741251374172,0.4160401002506266
openstack,FP,counterfactual,,,,,3eea37b85b1abc72786a2b24baf01141b4d95f08,1.0,0.7418546365914787,0.0570314876596936,0.2581453634085213
openstack,FP,counterfactual,,,,,750e065d6d137715dd03d5c90623145177f64cbb,1.0,0.494360902255639,0.2536070631982448,0.505639097744361
openstack,TN,counterfactual,,,,,467b4e4d419f0ca5db8468516d64ffec5cedc67e,1.0,0.1301169590643275,0.4625218379799116,0.8698830409356725
openstack,TN,counterfactual,,,,,936f765b855d7af14ae557383f0dcc6fd9e8655c,1.0,0.404344193817878,0.2192328369938982,0.595655806182122
openstack,TN,counterfactual,,,,,8b44c9df29572efca928c1d36fa3e7a90e94caa0,1.0,0.3283208020050125,0.2733718682668284,0.6716791979949874
openstack,TN,counterfactual,,,,,4d75cbf3c35a8aa917d3970beac99d612f13eed3,1.0,0.3617376775271512,0.2463023526303633,0.6382623224728488
openstack,TN,counterfactual,,,,,2ecaad46a737c24965ae81fc19947db9264de684,1.0,0.3586048454469506,0.2270962256348766,0.6413951545530494
openstack,TN,counterfactual,,,,,bfb9d3f179607c25f91d77585f97df6d0704c253,1.0,0.4091478696741854,0.2000267099984115,0.5908521303258145
openstack,TN,counterfactual,,,,,1a3f2e8f44f0138d0328312e07b1341970c7903a,1.0,0.2247284878863826,0.3429010370795429,0.7752715121136173
openstack,TN,counterfactual,,,,,70fad48add19cc565726f098e1e7a2165b24cc77,1.0,0.404344193817878,0.2192328369938982,0.595655806182122
openstack,TN,counterfactual,,,,,79a1a113775df87d420b242cea4bbf953df3779c,1.0,0.3619465329991645,0.2463023526303633,0.6380534670008354
openstack,TN,counterfactual,,,,,dd444d84759d7b3c17e7c3e97f9565546f9d3df2,1.0,0.2222222222222222,0.333986262297876,0.7777777777777778
openstack,TN,counterfactual,,,,,747373f4bdfe4814000a88e4443b56545d5d55bd,1.0,0.2974101921470342,0.3285622856804471,0.7025898078529658
openstack,TN,counterfactual,,,,,978066fe31a5331f143a05e1fd753c729b2dcf09,1.0,0.3619465329991645,0.2463023526303633,0.6380534670008354
openstack,TN,counterfactual,,,,,545925c66cb3ee005aa7e497ad4b3c97eb2f410b,1.0,0.3982873851294903,0.2089414847800783,0.6017126148705096
openstack,TN,counterfactual,,,,,d2e40a3e49819dace92975de3e3d7ba3a3fac79d,1.0,0.37531328320802,0.2373875778486965,0.62468671679198
openstack,TN,counterfactual,,,,,57566f4c8d2929c25e76564883369a7c6eda720a,1.0,0.2270258980785296,0.4032840213810171,0.7729741019214703
openstack,TN,counterfactual,,,,,87be408b126e81ded85b03896f9c85f8a8d4ac90,1.0,0.4028822055137844,0.2000267099984115,0.5971177944862156
openstack,TN,counterfactual,,,,,dd13c2784b5aec539197d1b76fafc6a6b38a33e8,1.0,0.4018379281537176,0.2103180622122314,0.5981620718462823
openstack,TN,counterfactual,,,,,1e6538d43e76b867776cf226e1d6d6c900412f99,1.0,0.3011695906432748,0.2939545726944683,0.6988304093567252
openstack,TN,counterfactual,,,,,348b7a9f7d64094d60ece0460aed02b66c52f1b1,1.0,0.2343358395989975,0.3570083787490653,0.7656641604010025
openstack,TN,counterfactual,,,,,5cc9d999352c21d3f4b5c39d3ea9d4378ca86544,1.0,0.4108187134502924,0.2000267099984115,0.5891812865497076
openstack,TP,counterfactual,,,,,eaf6340847c35ace3b4b681a95b8a79a7a3f2491,1.0,0.4786967418546365,0.1869985660259635,0.5213032581453634
openstack,TP,counterfactual,,,,,fd351903a1759109f66d0c66d42cd3a1b7f23861,1.0,0.6466165413533834,0.090399881576784,0.3533834586466166
openstack,TP,counterfactual,,,,,83a5f90f82b40be4c74685f557d6af0f8a3b1a30,1.0,0.5921052631578947,0.1445389128497142,0.4078947368421053
openstack,TP,counterfactual,,,,,6f1a1f5e8ead9ceb145e13927cd9ae7fdca9add4,1.0,0.6948621553884712,0.0770027768198836,0.3051378446115288
openstack,TP,counterfactual,,,,,e7bdd19f0ed7d4c61d195735ee43a11da78f97d6,1.0,0.6948621553884712,0.0770027768198836,0.3051378446115288
openstack,TP,counterfactual,,,,,7cfdf4aa811fb708d9fed4e36aec79c26d19cfee,1.0,0.6046365914786967,0.111106333287563,0.3953634085213032
openstack,TP,counterfactual,,,,,e55a5f412bf6bc343eb8bb11348afe57c2012066,1.0,0.31265664160401,0.3799645251947492,0.68734335839599
openstack,TP,counterfactual,,,,,c08f99c7e072e349632684d565bcac357ce93b6d,1.0,0.6948621553884712,0.0770027768198836,0.3051378446115288
openstack,TP,counterfactual,,,,,45662d77a2da77714f8e792e86ebd64a52270ef5,1.0,0.5921052631578947,0.1445389128497142,0.4078947368421053
openstack,TP,counterfactual,,,,,6f31523b314e7ac4ad83d13842cf2fa1014c39b2,1.0,0.5921052631578947,0.1445389128497142,0.4078947368421053
openstack,TP,counterfactual,,,,,76d3c644f3f5866a5c07f80b66132d81b8b57e78,1.0,0.5319548872180451,0.1652453645604932,0.4680451127819549
openstack,TP,counterfactual,,,,,88c62c1ca290c1d2a33ff192a302e492a4b11cb3,1.0,0.6466165413533834,0.090399881576784,0.3533834586466166
openstack,TP,counterfactual,,,,,379cf65d82b11f5e6f8732a585d5373beda85046,1.0,0.6948621553884712,0.0770027768198836,0.3051378446115288
openstack,TP,counterfactual,,,,,03db94ebaa3fc2c76694fd566e2c9eefbf851a7f,1.0,0.6046365914786967,0.111106333287563,0.3953634085213032
openstack,TP,counterfactual,,,,,22c9cf3d95c3d14351045bac2920b4e0994ec42f,1.0,0.6948621553884712,0.0770027768198836,0.3051378446115288
openstack,TP,counterfactual,,,,,092820939d53268152893a15fdaf5129554fbcb3,1.0,0.4755639097744361,0.2661527465329668,0.5244360902255639
openstack,TP,counterfactual,,,,,40eaa89a9001edda3e1146831b26aaf7ded64c4a,1.0,0.6948621553884712,0.0770027768198836,0.3051378446115288
openstack,TP,counterfactual,,,,,56324c12aa58ff9cf46582611b071f3abb743ddf,1.0,0.469298245614035,0.190814555481666,0.5307017543859649
openstack,TP,counterfactual,,,,,5f2b88b1aafb9a35638e54f796685f633428b6a5,1.0,0.5100250626566416,0.1786424693173936,0.4899749373433584
openstack,TP,counterfactual,,,,,3b28cb2a10f7746a32cb7f7b62b6fc92ebcfb1e5,1.0,0.6046365914786967,0.111106333287563,0.3953634085213032
openstack,FN,counterfactual,,,,,1476b030bd53deddd85468c0d8b545d8f8f30f19,1.0,0.3272765246449456,0.2611730721041445,0.6727234753550544
openstack,FN,counterfactual,,,,,ab1cb6378f136ae8adcb0027385b43763e402cca,1.0,0.356516290726817,0.291229229386548,0.6434837092731829
openstack,FN,counterfactual,,,,,2b60912d5667350eae7ecbc67d4dba3658518d10,1.0,0.425438596491228,0.2032840213810171,0.574561403508772
openstack,FN,counterfactual,,,,,763fd62464e9a0753e061171cc1fd826055bbc01,1.0,0.412907268170426,0.2121987961626839,0.587092731829574
openstack,FN,counterfactual,,,,,267eea50fd9e9c74faa96d529a7ec2fd8aa8d51f,1.0,0.4024644945697577,0.2449535867545962,0.5975355054302423
openstack,FN,counterfactual,,,,,bc6ca87a6a01ecbda926a78d07cadbd4e3ab97e0,1.0,0.3523391812865497,0.291229229386548,0.6476608187134503
openstack,FN,counterfactual,,,,,703ba3c4e3d0b442c3097b6c844a59e560c09fe8,1.0,0.318922305764411,0.3226074425463072,0.681077694235589
openstack,FN,counterfactual,,,,,e3df049cad2b7a264acbad4d6baecbc813546e5d,1.0,0.3972431077694235,0.2346622345407763,0.6027568922305765
openstack,FN,counterfactual,,,,,d1b3adfbe471ad99ddf0dd2b483b77435c157aea,1.0,0.387844611528822,0.253868361536263,0.6121553884711779
openstack,FN,counterfactual,,,,,848664f646bf087df59778434daa6feae1e71c74,1.0,0.2343358395989975,0.3934853772347887,0.7656641604010025
openstack,FN,counterfactual,,,,,91a8cd2952a25b340f5778cace95910e43cbcbb6,1.0,0.3868003341687552,0.242228243446676,0.6131996658312447
openstack,FN,counterfactual,,,,,d402747547e1a356c6c2c20b57f52af39b63e831,1.0,0.4001670843776106,0.2406448892313021,0.5998329156223894
openstack,FN,counterfactual,,,,,017dd6b4bcf92c14d49421268cb571c00879f3cc,1.0,0.4411027568922305,0.1883865919088244,0.5588972431077694
openstack,FN,counterfactual,,,,,913a99c79456abbfef1642e6dc70e6a4ff4e25db,1.0,0.3930659983291562,0.2346622345407763,0.6069340016708438
openstack,FN,counterfactual,,,,,1c6b2fce289b68af92afeddf8d30efcda1903f06,1.0,0.3909774436090225,0.2346622345407763,0.6090225563909775
openstack,FN,counterfactual,,,,,8ccdc4ac5053c6e39660044a9f8c1f695370e9a7,1.0,0.275062656641604,0.3355696165132499,0.724937343358396
openstack,FN,counterfactual,,,,,c2c37272bf788aac63399127cddd487dc0f15c38,1.0,0.4001670843776106,0.2406448892313021,0.5998329156223894
openstack,FN,counterfactual,,,,,37510ac03478704bafba89e8c4f4e0e9041d661d,1.0,0.3847117794486215,0.2346622345407763,0.6152882205513784
openstack,FN,counterfactual,,,,,221f386029faf499c5a445374685cba5b67df31e,1.0,0.43796992481203,0.1883865919088244,0.5620300751879699
openstack,FN,counterfactual,,,,,589c495c1ae62129e20ab5e2641e330541eee01f,1.0,0.3909774436090225,0.253868361536263,0.6090225563909775
openstack,FP,kernelshap,,,,,4b53e4edf9f7f8c794316d3a0920d727723d1bab,1.0,0.518671679197995,0.1283451001173402,0.481328320802005
openstack,FP,kernelshap,,,,,2530ccff8f0a0105d1626c65616080b27682e129,1.0,0.31265664160401,0.2717781052715685,0.68734335839599
openstack,FP,kernelshap,,,,,e847eed4a5600b6812338bb4903a0cffcde7f1f3,1.0,0.4498746867167919,0.1696731729809293,0.550125313283208
openstack,FP,kernelshap,,,,,034db863a02ce38a520e4b8aa3a65e1ccdb37f30,0.7666666666666666,0.3674603174603174,0.2388962789531342,0.3992063492063492
openstack,FP,kernelshap,,,,,bfcd4b2f1be3ab37ae0801dd523ce952577cda14,1.0,0.4636591478696742,0.1432425295895329,0.5363408521303258
openstack,FP,kernelshap,,,,,410a83c89de9912207574999b3736a550ed253ba,1.0,0.4171679197994987,0.1984329470031515,0.5828320802005013
openstack,FP,kernelshap,,,,,4e2919e6b208a2e95d75782f9cad0a6f0892d983,1.0,0.446532999164578,0.1607583981992625,0.5534670008354219
openstack,FP,kernelshap,,,,,558f7b00f56f37adaa68239c9ce95d25b2d65f56,0.8,0.3855889724310777,0.2549013847827066,0.4144110275689223
openstack,FP,kernelshap,,,,,296da649452f66dd15a15ee4274ab0f8609250e2,1.0,0.3751044277360066,0.2062963356441298,0.6248955722639933
openstack,FP,kernelshap,,,,,280cc7c5ae4b07a9a1e23b8f9cc925be9872c8e1,1.0,0.4630325814536341,0.1521573043711997,0.536967418546366
openstack,FP,kernelshap,,,,,6aecf475dbff9c7d477378c021749b987d47deae,0.8666666666666666,0.4973182957393483,0.2350578812378236,0.3693483709273182
openstack,FP,kernelshap,,,,,baa52224dc73e8ca3bdcbdaa5d62bc26fb38052f,0.8666666666666666,0.4340852130325814,0.1653607891692929,0.4325814536340852
openstack,FP,kernelshap,,,,,70de423255fd01822188bb9082a0c0cc1c8ec2d0,0.8666666666666666,0.3401420217209691,0.2848882934644832,0.5265246449456975
openstack,FP,kernelshap,,,,,2bb9e5563c69f79d5da23668b08dd9c88f9d4348,1.0,0.4197994987468672,0.2070340408312143,0.5802005012531328
openstack,FP,kernelshap,,,,,41d6b479fe8baf66578044b8773c3b892d64a2c4,0.7,0.2923141186299081,0.330618907181162,0.4076858813700918
openstack,FP,kernelshap,,,,,e4ea54104ec38f5fe4c792d4d3d1865de34bb4c3,1.0,0.4197994987468672,0.2070340408312143,0.5802005012531328
openstack,FP,kernelshap,,,,,a985e34cdeef777fe7ff943e363a5f1be6d991b7,0.8666666666666666,0.5108521303258146,0.1579318101845706,0.355814536340852
openstack,FP,kernelshap,,,,,ce12d7a1e53fffce57baab18de2ab885ba1df8ee,1.0,0.3934837092731829,0.2056574633990611,0.6065162907268171
openstack,FP,kernelshap,,,,,3eea37b85b1abc72786a2b24baf01141b4d95f08,0.7666666666666666,0.3363408521303258,0.3844963998722644,0.4303258145363408
openstack,FP,kernelshap,,,,,750e065d6d137715dd03d5c90623145177f64cbb,0.6761904761904762,0.3096491228070175,0.2888682869240553,0.3665413533834587
openstack,TN,kernelshap,,,,,467b4e4d419f0ca5db8468516d64ffec5cedc67e,1.0,0.2919799498746867,0.3190888328256834,0.7080200501253133
openstack,TN,kernelshap,,,,,936f765b855d7af14ae557383f0dcc6fd9e8655c,1.0,0.3060985797827903,0.2745034485794887,0.6939014202172097
openstack,TN,kernelshap,,,,,8b44c9df29572efca928c1d36fa3e7a90e94caa0,0.8,0.2156056808688387,0.4527021079912774,0.5843943191311614
openstack,TN,kernelshap,,,,,4d75cbf3c35a8aa917d3970beac99d612f13eed3,1.0,0.2746031746031745,0.3041914033534907,0.7253968253968255
openstack,TN,kernelshap,,,,,2ecaad46a737c24965ae81fc19947db9264de684,1.0,0.4093567251461988,0.170312045225998,0.5906432748538012
openstack,TN,kernelshap,,,,,bfb9d3f179607c25f91d77585f97df6d0704c253,1.0,0.4375522138680033,0.1581399590617255,0.5624477861319968
openstack,TN,kernelshap,,,,,1a3f2e8f44f0138d0328312e07b1341970c7903a,1.0,0.2269423558897243,0.311225444184705,0.7730576441102757
openstack,TN,kernelshap,,,,,70fad48add19cc565726f098e1e7a2165b24cc77,1.0,0.3765664160401002,0.2044156016936774,0.6234335839598997
openstack,TN,kernelshap,,,,,79a1a113775df87d420b242cea4bbf953df3779c,1.0,0.3771929824561403,0.2044156016936774,0.6228070175438596
openstack,TN,kernelshap,,,,,dd444d84759d7b3c17e7c3e97f9565546f9d3df2,1.0,0.3335421888053467,0.2831045424075515,0.6664578111946533
openstack,TN,kernelshap,,,,,747373f4bdfe4814000a88e4443b56545d5d55bd,0.8666666666666666,0.2911027568922306,0.3245984768512372,0.575563909774436
openstack,TN,kernelshap,,,,,978066fe31a5331f143a05e1fd753c729b2dcf09,1.0,0.3579782790309106,0.2165876878579498,0.6420217209690894
openstack,TN,kernelshap,,,,,545925c66cb3ee005aa7e497ad4b3c97eb2f410b,1.0,0.379281537176274,0.1941242494798574,0.620718462823726
openstack,TN,kernelshap,,,,,d2e40a3e49819dace92975de3e3d7ba3a3fac79d,1.0,0.2754803675856307,0.3144827555673106,0.7245196324143692
openstack,TN,kernelshap,,,,,57566f4c8d2929c25e76564883369a7c6eda720a,0.8,0.2687552213868003,0.2780740688023311,0.5312447786131997
openstack,TN,kernelshap,,,,,87be408b126e81ded85b03896f9c85f8a8d4ac90,1.0,0.43734335839599,0.1581399590617255,0.56265664160401
openstack,TN,kernelshap,,,,,dd13c2784b5aec539197d1b76fafc6a6b38a33e8,1.0,0.3320802005012531,0.2236217286891641,0.6679197994987469
openstack,TN,kernelshap,,,,,1e6538d43e76b867776cf226e1d6d6c900412f99,1.0,0.3120718462823726,0.2560350267710864,0.6879281537176274
openstack,TN,kernelshap,,,,,348b7a9f7d64094d60ece0460aed02b66c52f1b1,0.7333333333333333,0.3052046783625731,0.2673159093428671,0.4281286549707602
openstack,TN,kernelshap,,,,,5cc9d999352c21d3f4b5c39d3ea9d4378ca86544,1.0,0.4035087719298245,0.181952163315585,0.5964912280701755
openstack,TP,kernelshap,,,,,eaf6340847c35ace3b4b681a95b8a79a7a3f2491,1.0,0.5738512949039264,0.087234212816858,0.4261487050960736
openstack,TP,kernelshap,,,,,fd351903a1759109f66d0c66d42cd3a1b7f23861,0.7666666666666666,0.5521303258145364,0.1771375792972289,0.2145363408521302
openstack,TP,kernelshap,,,,,83a5f90f82b40be4c74685f557d6af0f8a3b1a30,0.8666666666666666,0.4753968253968254,0.1708118998056452,0.3912698412698412
openstack,TP,kernelshap,,,,,6f1a1f5e8ead9ceb145e13927cd9ae7fdca9add4,0.6761904761904762,0.4949373433583959,0.1827542854693563,0.1812531328320802
openstack,TP,kernelshap,,,,,e7bdd19f0ed7d4c61d195735ee43a11da78f97d6,1.0,0.4775689223057643,0.124595080667143,0.5224310776942356
openstack,TP,kernelshap,,,,,7cfdf4aa811fb708d9fed4e36aec79c26d19cfee,1.0,0.5140768588137009,0.0975255650306779,0.4859231411862991
openstack,TP,kernelshap,,,,,e55a5f412bf6bc343eb8bb11348afe57c2012066,0.6047619047619047,0.2248120300751879,0.3998847133884613,0.3799498746867167
openstack,TP,kernelshap,,,,,c08f99c7e072e349632684d565bcac357ce93b6d,1.0,0.502172096908939,0.1510257240585394,0.4978279030910609
openstack,TP,kernelshap,,,,,45662d77a2da77714f8e792e86ebd64a52270ef5,1.0,0.4085213032581453,0.1954206327400388,0.5914786967418546
openstack,TP,kernelshap,,,,,6f31523b314e7ac4ad83d13842cf2fa1014c39b2,0.8,0.3769423558897243,0.2523911228967793,0.4230576441102757
openstack,TP,kernelshap,,,,,76d3c644f3f5866a5c07f80b66132d81b8b57e78,0.8,0.4485714285714285,0.1809553049425389,0.3514285714285715
openstack,TP,kernelshap,,,,,88c62c1ca290c1d2a33ff192a302e492a4b11cb3,0.8666666666666666,0.3418546365914787,0.2138280873701527,0.524812030075188
openstack,TP,kernelshap,,,,,379cf65d82b11f5e6f8732a585d5373beda85046,0.8,0.5669507101086049,0.1011148077371145,0.2330492898913951
openstack,TP,kernelshap,,,,,03db94ebaa3fc2c76694fd566e2c9eefbf851a7f,0.7333333333333333,0.4905346700083542,0.1322488642790187,0.242798663324979
openstack,TP,kernelshap,,,,,22c9cf3d95c3d14351045bac2920b4e0994ec42f,0.7666666666666666,0.4957477025898078,0.1794642302848043,0.2709189640768588
openstack,TP,kernelshap,,,,,092820939d53268152893a15fdaf5129554fbcb3,1.0,0.4160401002506265,0.1838328972660375,0.5839598997493735
openstack,TP,kernelshap,,,,,40eaa89a9001edda3e1146831b26aaf7ded64c4a,1.0,0.4461152882205513,0.1689354677938448,0.5538847117794486
openstack,TP,kernelshap,,,,,56324c12aa58ff9cf46582611b071f3abb743ddf,0.8666666666666666,0.258813700918964,0.4100160976576819,0.6078529657477025
openstack,TP,kernelshap,,,,,5f2b88b1aafb9a35638e54f796685f633428b6a5,0.8666666666666666,0.4930409356725146,0.1011148077371145,0.3736257309941519
openstack,TP,kernelshap,,,,,3b28cb2a10f7746a32cb7f7b62b6fc92ebcfb1e5,0.8,0.4871345029239766,0.1542744004385157,0.3128654970760234
openstack,FN,kernelshap,,,,,1476b030bd53deddd85468c0d8b545d8f8f30f19,1.0,0.4298245614035088,0.1883473319017306,0.5701754385964912
openstack,FN,kernelshap,,,,,ab1cb6378f136ae8adcb0027385b43763e402cca,1.0,0.4454887218045112,0.1883473319017306,0.5545112781954888
openstack,FN,kernelshap,,,,,2b60912d5667350eae7ecbc67d4dba3658518d10,1.0,0.4332915622389306,0.1883473319017306,0.5667084377610694
openstack,FN,kernelshap,,,,,763fd62464e9a0753e061171cc1fd826055bbc01,0.7333333333333333,0.4382539682539682,0.2201003781191576,0.295079365079365
openstack,FN,kernelshap,,,,,267eea50fd9e9c74faa96d529a7ec2fd8aa8d51f,1.0,0.4561403508771929,0.1780559796879107,0.543859649122807
openstack,FN,kernelshap,,,,,bc6ca87a6a01ecbda926a78d07cadbd4e3ab97e0,1.0,0.3146616541353383,0.2616924901701476,0.6853383458646617
openstack,FN,kernelshap,,,,,703ba3c4e3d0b442c3097b6c844a59e560c09fe8,0.8666666666666666,0.4311612364243943,0.2340821809713619,0.4355054302422723
openstack,FN,kernelshap,,,,,e3df049cad2b7a264acbad4d6baecbc813546e5d,0.8,0.4311612364243943,0.2464967055315225,0.3688387635756057
openstack,FN,kernelshap,,,,,d1b3adfbe471ad99ddf0dd2b483b77435c157aea,0.7666666666666666,0.312781954887218,0.3123553998847426,0.4538847117794486
openstack,FN,kernelshap,,,,,848664f646bf087df59778434daa6feae1e71c74,0.7333333333333333,0.2449456975772765,0.3299277840063586,0.4883876357560568
openstack,FN,kernelshap,,,,,91a8cd2952a25b340f5778cace95910e43cbcbb6,1.0,0.3613199665831245,0.2449143267475024,0.6386800334168755
openstack,FN,kernelshap,,,,,d402747547e1a356c6c2c20b57f52af39b63e831,1.0,0.2069757727652464,0.421102122493643,0.7930242272347535
openstack,FN,kernelshap,,,,,017dd6b4bcf92c14d49421268cb571c00879f3cc,1.0,0.4118629908103592,0.2911899693794542,0.5881370091896407
openstack,FN,kernelshap,,,,,913a99c79456abbfef1642e6dc70e6a4ff4e25db,1.0,0.4646198830409356,0.1715691684790855,0.5353801169590644
openstack,FN,kernelshap,,,,,1c6b2fce289b68af92afeddf8d30efcda1903f06,0.8,0.4218379281537176,0.2115242512743077,0.3781620718462824
openstack,FN,kernelshap,,,,,8ccdc4ac5053c6e39660044a9f8c1f695370e9a7,1.0,0.4392230576441103,0.1883473319017306,0.5607769423558897
openstack,FN,kernelshap,,,,,c2c37272bf788aac63399127cddd487dc0f15c38,0.8,0.2598162071846282,0.319784378869465,0.5401837928153719
openstack,FN,kernelshap,,,,,37510ac03478704bafba89e8c4f4e0e9041d661d,1.0,0.3057644110275689,0.3066193669263323,0.6942355889724311
openstack,FN,kernelshap,,,,,221f386029faf499c5a445374685cba5b67df31e,1.0,0.4281537176274018,0.2005194180660031,0.5718462823725982
openstack,FN,kernelshap,,,,,589c495c1ae62129e20ab5e2641e330541eee01f,1.0,0.4646198830409356,0.1715691684790855,0.5353801169590644
openstack,FP,lime,,,,,4b53e4edf9f7f8c794316d3a0920d727723d1bab,0.6761904761904762,0.7370426065162907,0.126811829729934,-0.0608521303258144
openstack,FP,lime,,,,,2530ccff8f0a0105d1626c65616080b27682e129,0.8,0.7892731829573935,0.0198435035448829,0.0107268170426065
openstack,FP,lime,,,,,e847eed4a5600b6812338bb4903a0cffcde7f1f3,1.0,0.8807017543859649,0.0,0.1192982456140351
openstack,FP,lime,,,,,034db863a02ce38a520e4b8aa3a65e1ccdb37f30,0.8,0.8109273182957394,0.0198435035448829,-0.0109273182957393
openstack,FP,lime,,,,,bfcd4b2f1be3ab37ae0801dd523ce952577cda14,0.8666666666666666,0.847218045112782,0.0198435035448829,0.0194486215538846
openstack,FP,lime,,,,,410a83c89de9912207574999b3736a550ed253ba,0.8,0.8225563909774436,0.0198435035448829,-0.0225563909774435
openstack,FP,lime,,,,,4e2919e6b208a2e95d75782f9cad0a6f0892d983,0.8,0.7892731829573935,0.0198435035448829,0.0107268170426065
openstack,FP,lime,,,,,558f7b00f56f37adaa68239c9ce95d25b2d65f56,0.8666666666666666,0.8301754385964912,0.1666666666666666,0.0364912280701753
openstack,FP,lime,,,,,296da649452f66dd15a15ee4274ab0f8609250e2,1.0,0.8807017543859649,0.0,0.1192982456140351
openstack,FP,lime,,,,,280cc7c5ae4b07a9a1e23b8f9cc925be9872c8e1,0.8666666666666666,0.8306766917293232,0.1281036311400401,0.0359899749373433
openstack,FP,lime,,,,,6aecf475dbff9c7d477378c021749b987d47deae,0.7666666666666666,0.751578947368421,0.0198435035448829,0.0150877192982455
openstack,FP,lime,,,,,baa52224dc73e8ca3bdcbdaa5d62bc26fb38052f,1.0,0.8807017543859649,0.0,0.1192982456140351
openstack,FP,lime,,,,,70de423255fd01822188bb9082a0c0cc1c8ec2d0,0.8,0.8225563909774436,0.0198435035448829,-0.0225563909774435
openstack,FP,lime,,,,,2bb9e5563c69f79d5da23668b08dd9c88f9d4348,1.0,0.8807017543859649,0.0,0.1192982456140351
openstack,FP,lime,,,,,41d6b479fe8baf66578044b8773c3b892d64a2c4,0.8,0.8109273182957394,0.0198435035448829,-0.0109273182957393
openstack,FP,lime,,,,,e4ea54104ec38f5fe4c792d4d3d1865de34bb4c3,0.8,0.8109273182957394,0.0198435035448829,-0.0109273182957393
openstack,FP,lime,,,,,a985e34cdeef777fe7ff943e363a5f1be6d991b7,0.7333333333333333,0.7471679197994987,0.0198435035448829,-0.0138345864661654
openstack,FP,lime,,,,,ce12d7a1e53fffce57baab18de2ab885ba1df8ee,0.8666666666666666,0.8530325814536341,0.0198435035448829,0.0136340852130324
openstack,FP,lime,,,,,3eea37b85b1abc72786a2b24baf01141b4d95f08,0.8666666666666666,0.8530325814536341,0.0198435035448829,0.0136340852130324
openstack,FP,lime,,,,,750e065d6d137715dd03d5c90623145177f64cbb,0.8666666666666666,0.8530325814536341,0.0198435035448829,0.0136340852130324
openstack,TN,lime,,,,,467b4e4d419f0ca5db8468516d64ffec5cedc67e,1.0,0.8771929824561404,0.0034244244614488,0.1228070175438595
openstack,TN,lime,,,,,936f765b855d7af14ae557383f0dcc6fd9e8655c,0.7666666666666666,0.8096240601503759,0.0361141693064288,-0.0429573934837093
openstack,TN,lime,,,,,8b44c9df29572efca928c1d36fa3e7a90e94caa0,1.0,0.8771929824561404,0.0034244244614488,0.1228070175438595
openstack,TN,lime,,,,,4d75cbf3c35a8aa917d3970beac99d612f13eed3,1.0,0.8771929824561404,0.0034244244614488,0.1228070175438595
openstack,TN,lime,,,,,2ecaad46a737c24965ae81fc19947db9264de684,0.8666666666666666,0.7544862155388471,0.0361141693064288,0.1121804511278194
openstack,TN,lime,,,,,bfb9d3f179607c25f91d77585f97df6d0704c253,1.0,0.8771929824561404,0.0034244244614488,0.1228070175438595
openstack,TN,lime,,,,,1a3f2e8f44f0138d0328312e07b1341970c7903a,0.8666666666666666,0.6516290726817042,0.0361141693064288,0.2150375939849623
openstack,TN,lime,,,,,70fad48add19cc565726f098e1e7a2165b24cc77,0.8,0.78937343358396,0.0361141693064288,0.01062656641604
openstack,TN,lime,,,,,79a1a113775df87d420b242cea4bbf953df3779c,0.8666666666666666,0.8507268170426064,0.0361141693064288,0.0159398496240601
openstack,TN,lime,,,,,dd444d84759d7b3c17e7c3e97f9565546f9d3df2,1.0,0.8771929824561404,0.0034244244614488,0.1228070175438595
openstack,TN,lime,,,,,747373f4bdfe4814000a88e4443b56545d5d55bd,0.8666666666666666,0.8356892230576441,0.092394282664621,0.0309774436090224
openstack,TN,lime,,,,,978066fe31a5331f143a05e1fd753c729b2dcf09,1.0,0.7167919799498746,0.0399125787062657,0.2832080200501253
openstack,TN,lime,,,,,545925c66cb3ee005aa7e497ad4b3c97eb2f410b,0.8,0.7913784461152882,0.092394282664621,0.0086215538847118
openstack,TN,lime,,,,,d2e40a3e49819dace92975de3e3d7ba3a3fac79d,0.7666666666666666,0.8096240601503759,0.0361141693064288,-0.0429573934837093
openstack,TN,lime,,,,,57566f4c8d2929c25e76564883369a7c6eda720a,0.8666666666666666,0.8356892230576441,0.092394282664621,0.0309774436090224
openstack,TN,lime,,,,,87be408b126e81ded85b03896f9c85f8a8d4ac90,0.8666666666666666,0.8374937343358396,0.0361141693064288,0.0291729323308269
openstack,TN,lime,,,,,dd13c2784b5aec539197d1b76fafc6a6b38a33e8,1.0,0.8771929824561404,0.0034244244614488,0.1228070175438595
openstack,TN,lime,,,,,1e6538d43e76b867776cf226e1d6d6c900412f99,0.7666666666666666,0.7454636591478696,0.0361141693064288,0.021203007518797
openstack,TN,lime,,,,,348b7a9f7d64094d60ece0460aed02b66c52f1b1,0.6523809523809524,0.7526817042606516,0.2192410736898818,-0.1003007518796992
openstack,TN,lime,,,,,5cc9d999352c21d3f4b5c39d3ea9d4378ca86544,0.8666666666666666,0.8507268170426064,0.0361141693064288,0.0159398496240601
openstack,TP,lime,,,,,eaf6340847c35ace3b4b681a95b8a79a7a3f2491,0.8666666666666666,0.7264411027568922,0.0444247362193051,0.1402255639097743
openstack,TP,lime,,,,,fd351903a1759109f66d0c66d42cd3a1b7f23861,0.8666666666666666,0.8141102756892231,0.0444247362193051,0.0525563909774434
openstack,TP,lime,,,,,83a5f90f82b40be4c74685f557d6af0f8a3b1a30,0.8,0.7584711779448622,0.0444247362193051,0.0415288220551378
openstack,TP,lime,,,,,6f1a1f5e8ead9ceb145e13927cd9ae7fdca9add4,0.7666666666666666,0.5022138680033417,0.1666666666666666,0.2644527986633249
openstack,TP,lime,,,,,e7bdd19f0ed7d4c61d195735ee43a11da78f97d6,0.8,0.7584711779448622,0.0444247362193051,0.0415288220551378
openstack,TP,lime,,,,,7cfdf4aa811fb708d9fed4e36aec79c26d19cfee,0.3075396825396825,0.417126148705096,0.5065830707124139,-0.1095864661654135
openstack,TP,lime,,,,,e55a5f412bf6bc343eb8bb11348afe57c2012066,0.8666666666666666,0.787218045112782,0.1114074021356645,0.0794486215538845
openstack,TP,lime,,,,,c08f99c7e072e349632684d565bcac357ce93b6d,0.8666666666666666,0.8141102756892231,0.0444247362193051,0.0525563909774434
openstack,TP,lime,,,,,45662d77a2da77714f8e792e86ebd64a52270ef5,0.8,0.7876942355889723,0.0444247362193051,0.0123057644110277
openstack,TP,lime,,,,,6f31523b314e7ac4ad83d13842cf2fa1014c39b2,1.0,0.8377192982456141,0.0070340408312143,0.1622807017543859
openstack,TP,lime,,,,,76d3c644f3f5866a5c07f80b66132d81b8b57e78,0.8666666666666666,0.8013784461152882,0.1114074021356645,0.0652882205513784
openstack,TP,lime,,,,,88c62c1ca290c1d2a33ff192a302e492a4b11cb3,0.8666666666666666,0.7961654135338346,0.0444247362193051,0.0705012531328319
openstack,TP,lime,,,,,379cf65d82b11f5e6f8732a585d5373beda85046,0.8,0.7584711779448622,0.0444247362193051,0.0415288220551378
openstack,TP,lime,,,,,03db94ebaa3fc2c76694fd566e2c9eefbf851a7f,1.0,0.8377192982456141,0.0070340408312143,0.1622807017543859
openstack,TP,lime,,,,,22c9cf3d95c3d14351045bac2920b4e0994ec42f,1.0,0.8377192982456141,0.0070340408312143,0.1622807017543859
openstack,TP,lime,,,,,092820939d53268152893a15fdaf5129554fbcb3,1.0,0.8377192982456141,0.0070340408312143,0.1622807017543859
openstack,TP,lime,,,,,40eaa89a9001edda3e1146831b26aaf7ded64c4a,1.0,0.8377192982456141,0.0070340408312143,0.1622807017543859
openstack,TP,lime,,,,,56324c12aa58ff9cf46582611b071f3abb743ddf,0.7666666666666666,0.7494736842105263,0.1114074021356645,0.0171929824561403
openstack,TP,lime,,,,,5f2b88b1aafb9a35638e54f796685f633428b6a5,0.7333333333333333,0.7338095238095238,0.1809354881879758,-0.0004761904761905
openstack,TP,lime,,,,,3b28cb2a10f7746a32cb7f7b62b6fc92ebcfb1e5,1.0,0.6390977443609023,0.1537243573680481,0.3609022556390977
openstack,FN,lime,,,,,1476b030bd53deddd85468c0d8b545d8f8f30f19,0.8666666666666666,0.8498496240601504,0.1083993884941932,0.0168170426065161
openstack,FN,lime,,,,,ab1cb6378f136ae8adcb0027385b43763e402cca,0.8666666666666666,0.8581453634085212,0.0312733174409402,0.0085213032581453
openstack,FN,lime,,,,,2b60912d5667350eae7ecbc67d4dba3658518d10,1.0,0.8992481203007519,0.0034244244614488,0.1007518796992481
openstack,FN,lime,,,,,763fd62464e9a0753e061171cc1fd826055bbc01,0.7333333333333333,0.6095488721804511,0.1950862970563995,0.1237844611528822
openstack,FN,lime,,,,,267eea50fd9e9c74faa96d529a7ec2fd8aa8d51f,0.6761904761904762,0.7644360902255639,0.1035547826180175,-0.0882456140350876
openstack,FN,lime,,,,,bc6ca87a6a01ecbda926a78d07cadbd4e3ab97e0,0.7666666666666666,0.8075438596491228,0.1035547826180175,-0.0408771929824561
openstack,FN,lime,,,,,703ba3c4e3d0b442c3097b6c844a59e560c09fe8,1.0,0.8992481203007519,0.0034244244614488,0.1007518796992481
openstack,FN,lime,,,,,e3df049cad2b7a264acbad4d6baecbc813546e5d,0.8666666666666666,0.8579448621553885,0.0312733174409402,0.0087218045112781
openstack,FN,lime,,,,,d1b3adfbe471ad99ddf0dd2b483b77435c157aea,1.0,0.8992481203007519,0.0034244244614488,0.1007518796992481
openstack,FN,lime,,,,,848664f646bf087df59778434daa6feae1e71c74,0.8666666666666666,0.8581453634085212,0.0312733174409402,0.0085213032581453
openstack,FN,lime,,,,,91a8cd2952a25b340f5778cace95910e43cbcbb6,0.7333333333333333,0.7532832080200501,0.1172734447576509,-0.0199498746867168
openstack,FN,lime,,,,,d402747547e1a356c6c2c20b57f52af39b63e831,0.7666666666666666,0.8075438596491228,0.1035547826180175,-0.0408771929824561
openstack,FN,lime,,,,,017dd6b4bcf92c14d49421268cb571c00879f3cc,0.8666666666666666,0.8495238095238095,0.092394282664621,0.0171428571428571
openstack,FN,lime,,,,,913a99c79456abbfef1642e6dc70e6a4ff4e25db,1.0,0.8992481203007519,0.0034244244614488,0.1007518796992481
openstack,FN,lime,,,,,1c6b2fce289b68af92afeddf8d30efcda1903f06,0.6761904761904762,0.764235588972431,0.1172734447576509,-0.0880451127819548
openstack,FN,lime,,,,,8ccdc4ac5053c6e39660044a9f8c1f695370e9a7,0.8666666666666666,0.8579448621553885,0.0312733174409402,0.0087218045112781
openstack,FN,lime,,,,,c2c37272bf788aac63399127cddd487dc0f15c38,0.8,0.8142355889724311,0.0312733174409402,-0.014235588972431
openstack,FN,lime,,,,,37510ac03478704bafba89e8c4f4e0e9041d661d,0.7666666666666666,0.8154385964912281,0.0312733174409402,-0.0487719298245614
openstack,FN,lime,,,,,221f386029faf499c5a445374685cba5b67df31e,1.0,0.8992481203007519,0.0034244244614488,0.1007518796992481
openstack,FN,lime,,,,,589c495c1ae62129e20ab5e2641e330541eee01f,1.0,0.8992481203007519,0.0034244244614488,0.1007518796992481
openstack,FP,lofo,,,,,4b53e4edf9f7f8c794316d3a0920d727723d1bab,1.0,0.3868003341687552,0.2111294421981914,0.6131996658312447
openstack,FP,lofo,,,,,2530ccff8f0a0105d1626c65616080b27682e129,1.0,0.2928153717627402,0.3043585164323339,0.7071846282372598
openstack,FP,lofo,,,,,e847eed4a5600b6812338bb4903a0cffcde7f1f3,1.0,0.2692147034252297,0.3328046095009522,0.7307852965747703
openstack,FP,lofo,,,,,034db863a02ce38a520e4b8aa3a65e1ccdb37f30,1.0,0.3366750208855472,0.2731318621120999,0.6633249791144529
openstack,FP,lofo,,,,,bfcd4b2f1be3ab37ae0801dd523ce952577cda14,1.0,0.337719298245614,0.2652684734711216,0.6622807017543859
openstack,FP,lofo,,,,,410a83c89de9912207574999b3736a550ed253ba,1.0,0.3210108604845447,0.2741832482527884,0.6789891395154553
openstack,FP,lofo,,,,,4e2919e6b208a2e95d75782f9cad0a6f0892d983,1.0,0.3168337510442773,0.2820466368937667,0.6831662489557226
openstack,FP,lofo,,,,,558f7b00f56f37adaa68239c9ce95d25b2d65f56,1.0,0.3047201336675021,0.2954437416506671,0.6952798663324979
openstack,FP,lofo,,,,,296da649452f66dd15a15ee4274ab0f8609250e2,1.0,0.3084795321637427,0.2659462624413605,0.6915204678362573
openstack,FP,lofo,,,,,280cc7c5ae4b07a9a1e23b8f9cc925be9872c8e1,1.0,0.3836675020885547,0.2111294421981914,0.6163324979114453
openstack,FP,lofo,,,,,6aecf475dbff9c7d477378c021749b987d47deae,1.0,0.3137009189640768,0.2978717052235087,0.6862990810359231
openstack,FP,lofo,,,,,baa52224dc73e8ca3bdcbdaa5d62bc26fb38052f,1.0,0.3283208020050125,0.2844746004666083,0.6716791979949874
openstack,FP,lofo,,,,,70de423255fd01822188bb9082a0c0cc1c8ec2d0,1.0,0.2802840434419382,0.3235646434278207,0.7197159565580618
openstack,FP,lofo,,,,,2bb9e5563c69f79d5da23668b08dd9c88f9d4348,1.0,0.3669590643274854,0.2268562194801481,0.6330409356725146
openstack,FP,lofo,,,,,41d6b479fe8baf66578044b8773c3b892d64a2c4,1.0,0.2188805346700083,0.3782075385274359,0.7811194653299917
openstack,FP,lofo,,,,,e4ea54104ec38f5fe4c792d4d3d1865de34bb4c3,1.0,0.3492063492063492,0.2402533242370485,0.6507936507936508
openstack,FP,lofo,,,,,a985e34cdeef777fe7ff943e363a5f1be6d991b7,1.0,0.3711361737677527,0.2200442169798582,0.6288638262322472
openstack,FP,lofo,,,,,ce12d7a1e53fffce57baab18de2ab885ba1df8ee,1.0,0.3391812865497076,0.2491680990187153,0.6608187134502924
openstack,FP,lofo,,,,,3eea37b85b1abc72786a2b24baf01141b4d95f08,1.0,0.2082289055973266,0.4884097008194528,0.7917710944026733
openstack,FP,lofo,,,,,750e065d6d137715dd03d5c90623145177f64cbb,1.0,0.3575605680868838,0.2357709942618149,0.6424394319131161
openstack,TN,lofo,,,,,467b4e4d419f0ca5db8468516d64ffec5cedc67e,1.0,0.243734335839599,0.3266548417315831,0.756265664160401
openstack,TN,lofo,,,,,936f765b855d7af14ae557383f0dcc6fd9e8655c,1.0,0.2834168755221387,0.299585326095118,0.7165831244778613
openstack,TN,lofo,,,,,8b44c9df29572efca928c1d36fa3e7a90e94caa0,1.0,0.2713032581453634,0.2932222621694319,0.7286967418546366
openstack,TN,lofo,,,,,4d75cbf3c35a8aa917d3970beac99d612f13eed3,1.0,0.2268170426065163,0.3351892072780896,0.7731829573934836
openstack,TN,lofo,,,,,2ecaad46a737c24965ae81fc19947db9264de684,1.0,0.2639933166248955,0.2932222621694319,0.7360066833751044
openstack,TN,lofo,,,,,bfb9d3f179607c25f91d77585f97df6d0704c253,1.0,0.2479114452798663,0.3081196916416245,0.7520885547201337
openstack,TN,lofo,,,,,1a3f2e8f44f0138d0328312e07b1341970c7903a,1.0,0.1950710108604845,0.3607583981992625,0.8049289891395155
openstack,TN,lofo,,,,,70fad48add19cc565726f098e1e7a2165b24cc77,1.0,0.2497911445279866,0.3144827555673106,0.7502088554720134
openstack,TN,lofo,,,,,79a1a113775df87d420b242cea4bbf953df3779c,1.0,0.2082289055973266,0.3516699909656561,0.7917710944026733
openstack,TN,lofo,,,,,dd444d84759d7b3c17e7c3e97f9565546f9d3df2,1.0,0.212406015037594,0.3607583981992625,0.7875939849624061
openstack,TN,lofo,,,,,747373f4bdfe4814000a88e4443b56545d5d55bd,1.0,0.243734335839599,0.3273258186371113,0.756265664160401
openstack,TN,lofo,,,,,978066fe31a5331f143a05e1fd753c729b2dcf09,1.0,0.2305764411027568,0.3528950095582841,0.7694235588972431
openstack,TN,lofo,,,,,545925c66cb3ee005aa7e497ad4b3c97eb2f410b,1.0,0.2510442773600668,0.3002563030006462,0.7489557226399332
openstack,TN,lofo,,,,,d2e40a3e49819dace92975de3e3d7ba3a3fac79d,1.0,0.2224310776942355,0.3736014612690631,0.7775689223057645
openstack,TN,lofo,,,,,57566f4c8d2929c25e76564883369a7c6eda720a,1.0,0.2604427736006683,0.320291777805897,0.7395572263993317
openstack,TN,lofo,,,,,87be408b126e81ded85b03896f9c85f8a8d4ac90,1.0,0.2604427736006683,0.320291777805897,0.7395572263993317
openstack,TN,lofo,,,,,dd13c2784b5aec539197d1b76fafc6a6b38a33e8,1.0,0.285923141186299,0.2725158104586529,0.714076858813701
openstack,TN,lofo,,,,,1e6538d43e76b867776cf226e1d6d6c900412f99,1.0,0.2834168755221387,0.299585326095118,0.7165831244778613
openstack,TN,lofo,,,,,348b7a9f7d64094d60ece0460aed02b66c52f1b1,1.0,0.2575187969924812,0.3336888825627974,0.7424812030075187
openstack,TN,lofo,,,,,5cc9d999352c21d3f4b5c39d3ea9d4378ca86544,1.0,0.2729741019214703,0.2740161351739452,0.7270258980785297
openstack,TP,lofo,,,,,eaf6340847c35ace3b4b681a95b8a79a7a3f2491,1.0,0.3178780284043442,0.3085001008767848,0.6821219715956558
openstack,TP,lofo,,,,,fd351903a1759109f66d0c66d42cd3a1b7f23861,1.0,0.4241854636591479,0.2049796744288223,0.5758145363408521
openstack,TP,lofo,,,,,83a5f90f82b40be4c74685f557d6af0f8a3b1a30,1.0,0.4241854636591479,0.2049796744288223,0.5758145363408521
openstack,TP,lofo,,,,,6f1a1f5e8ead9ceb145e13927cd9ae7fdca9add4,1.0,0.3815789473684211,0.2795498512898672,0.618421052631579
openstack,TP,lofo,,,,,e7bdd19f0ed7d4c61d195735ee43a11da78f97d6,1.0,0.4296157059314954,0.1959133408076303,0.5703842940685047
openstack,TP,lofo,,,,,7cfdf4aa811fb708d9fed4e36aec79c26d19cfee,1.0,0.3972431077694235,0.2390832308965017,0.6027568922305765
openstack,TP,lofo,,,,,e55a5f412bf6bc343eb8bb11348afe57c2012066,1.0,0.3187134502923976,0.3010856508104103,0.6812865497076024
openstack,TP,lofo,,,,,c08f99c7e072e349632684d565bcac357ce93b6d,1.0,0.3784461152882205,0.2411375972988937,0.6215538847117794
openstack,TP,lofo,,,,,45662d77a2da77714f8e792e86ebd64a52270ef5,1.0,0.3187134502923976,0.3010856508104103,0.6812865497076024
openstack,TP,lofo,,,,,6f31523b314e7ac4ad83d13842cf2fa1014c39b2,1.0,0.3011695906432748,0.3081196916416245,0.6988304093567252
openstack,TP,lofo,,,,,76d3c644f3f5866a5c07f80b66132d81b8b57e78,1.0,0.4035087719298245,0.2332742086579153,0.5964912280701755
openstack,TP,lofo,,,,,88c62c1ca290c1d2a33ff192a302e492a4b11cb3,1.0,0.318922305764411,0.2978283394278046,0.681077694235589
openstack,TP,lofo,,,,,379cf65d82b11f5e6f8732a585d5373beda85046,1.0,0.362781954887218,0.2692584990760472,0.637218045112782
openstack,TP,lofo,,,,,03db94ebaa3fc2c76694fd566e2c9eefbf851a7f,1.0,0.4097744360902255,0.2037767294486087,0.5902255639097744
openstack,TP,lofo,,,,,22c9cf3d95c3d14351045bac2920b4e0994ec42f,1.0,0.4661654135338345,0.1657380726280847,0.5338345864661654
openstack,TP,lofo,,,,,092820939d53268152893a15fdaf5129554fbcb3,1.0,0.3210108604845447,0.3528950095582842,0.6789891395154553
openstack,TP,lofo,,,,,40eaa89a9001edda3e1146831b26aaf7ded64c4a,1.0,0.3815789473684211,0.2411375972988937,0.618421052631579
openstack,TP,lofo,,,,,56324c12aa58ff9cf46582611b071f3abb743ddf,1.0,0.3711361737677527,0.2244831811593877,0.6288638262322472
openstack,TP,lofo,,,,,5f2b88b1aafb9a35638e54f796685f633428b6a5,1.0,0.343984962406015,0.2932222621694319,0.656015037593985
openstack,TP,lofo,,,,,3b28cb2a10f7746a32cb7f7b62b6fc92ebcfb1e5,1.0,0.4285714285714285,0.1903796246917083,0.5714285714285714
openstack,FN,lofo,,,,,1476b030bd53deddd85468c0d8b545d8f8f30f19,1.0,0.2472848788638262,0.3280036076073502,0.7527151211361738
openstack,FN,lofo,,,,,ab1cb6378f136ae8adcb0027385b43763e402cca,1.0,0.212406015037594,0.3326096848657229,0.7875939849624061
openstack,FN,lofo,,,,,2b60912d5667350eae7ecbc67d4dba3658518d10,1.0,0.3095238095238095,0.2771218877170256,0.6904761904761905
openstack,FN,lofo,,,,,763fd62464e9a0753e061171cc1fd826055bbc01,1.0,0.2364243943191311,0.3382949598211701,0.7635756056808688
openstack,FN,lofo,,,,,267eea50fd9e9c74faa96d529a7ec2fd8aa8d51f,1.0,0.2896825396825397,0.2920193171892183,0.7103174603174602
openstack,FN,lofo,,,,,bc6ca87a6a01ecbda926a78d07cadbd4e3ab97e0,1.0,0.2159565580618212,0.3621071640750296,0.7840434419381788
openstack,FN,lofo,,,,,703ba3c4e3d0b442c3097b6c844a59e560c09fe8,1.0,0.2886382623224728,0.2920193171892183,0.7113617376775272
openstack,FN,lofo,,,,,e3df049cad2b7a264acbad4d6baecbc813546e5d,1.0,0.2416457811194653,0.3220209529168243,0.7583542188805347
openstack,FN,lofo,,,,,d1b3adfbe471ad99ddf0dd2b483b77435c157aea,1.0,0.3251879699248119,0.2546584493389333,0.6748120300751881
openstack,FN,lofo,,,,,848664f646bf087df59778434daa6feae1e71c74,1.0,0.1541353383458646,0.4265375475617797,0.8458646616541353
openstack,FN,lofo,,,,,91a8cd2952a25b340f5778cace95910e43cbcbb6,1.0,0.3224728487886382,0.2546584493389333,0.6775271512113618
openstack,FN,lofo,,,,,d402747547e1a356c6c2c20b57f52af39b63e831,1.0,0.2886382623224728,0.2860366624986924,0.7113617376775272
openstack,FN,lofo,,,,,017dd6b4bcf92c14d49421268cb571c00879f3cc,1.0,0.2197159565580618,0.3664158615983237,0.7802840434419381
openstack,FN,lofo,,,,,913a99c79456abbfef1642e6dc70e6a4ff4e25db,1.0,0.2896825396825397,0.2874132399308455,0.7103174603174602
openstack,FN,lofo,,,,,1c6b2fce289b68af92afeddf8d30efcda1903f06,1.0,0.1934001670843776,0.3845706024531219,0.8065998329156223
openstack,FN,lofo,,,,,8ccdc4ac5053c6e39660044a9f8c1f695370e9a7,1.0,0.2646198830409356,0.299557514538732,0.7353801169590644
openstack,FN,lofo,,,,,c2c37272bf788aac63399127cddd487dc0f15c38,1.0,0.317251461988304,0.2546584493389333,0.682748538011696
openstack,FN,lofo,,,,,37510ac03478704bafba89e8c4f4e0e9041d661d,1.0,0.2378863826232247,0.3472097346028369,0.7621136173767753
openstack,FN,lofo,,,,,221f386029faf499c5a445374685cba5b67df31e,1.0,0.3230994152046784,0.2546584493389333,0.6769005847953216
openstack,FN,lofo,,,,,589c495c1ae62129e20ab5e2641e330541eee01f,1.0,0.212406015037594,0.3531923892933628,0.7875939849624061
qt,FP,counterfactual,,,,,3d3ce2afe1937531f5fdc2af56697e93133e6d98,1.0,0.343984962406015,0.2969668869575811,0.656015037593985
qt,FP,counterfactual,,,,,8835c0376befd009702b9a17c506639e31c842b9,1.0,0.256265664160401,0.3948619546669419,0.743734335839599
qt,FP,counterfactual,,,,,093064fdeb6e777d2dc88dbb4f4adb8fddac3aa5,1.0,0.362781954887218,0.2820694574853884,0.637218045112782
qt,FP,counterfactual,,,,,08cfd02312d21391c956b8bf50ab7d6caa0d8082,1.0,0.3471177944862155,0.2560350267710864,0.6528822055137844
qt,FP,counterfactual,,,,,a02b371eb2f34bf198c95cf0caa1fbad639f96bb,1.0,0.4411027568922305,0.1773460860572123,0.5588972431077694
qt,FP,counterfactual,,,,,86d91d2bf8e7ac7a75f88f0e4886140abc06fd4c,1.0,0.3907685881370092,0.2289655111346213,0.6092314118629908
qt,FP,counterfactual,,,,,41ae544c40e0568bd627a992a23b8c8f8f5cc27d,1.0,0.4283625730994151,0.2087242992169714,0.5716374269005848
qt,FP,counterfactual,,,,,237c867a002c8035aac7ff8a870da717eb7b0878,1.0,0.4588554720133667,0.1773460860572123,0.5411445279866333
qt,FP,counterfactual,,,,,571b11d41c9dadd5ef11e4e954c16c5ca39d718e,1.0,0.2980367585630743,0.321516796398525,0.7019632414369257
qt,FP,counterfactual,,,,,02b7ec05d5713aec67577cebc18e5906b5a98598,1.0,0.3596491228070175,0.2969668869575811,0.6403508771929824
qt,FP,counterfactual,,,,,1af927976ac953f922e35d71a16a32d328bb2efd,1.0,0.3659147869674185,0.2752411537665731,0.6340852130325815
qt,FP,counterfactual,,,,,eb93d7b51773b43e6a3e41961898a6033bcd9479,1.0,0.4179197994987468,0.2044156016936774,0.5820802005012531
qt,FP,counterfactual,,,,,e58fdbaeb033a801ac7b5dd1f63657b36d6e1305,1.0,0.4283625730994151,0.2087242992169714,0.5716374269005848
qt,FP,counterfactual,,,,,ddb4fb4c60987ce6e0b9e50de9a5f3a7ff0e8757,1.0,0.3888888888888888,0.2236217286891641,0.6111111111111112
qt,FP,counterfactual,,,,,36997810d9fec492635152be89efaa55208e224a,1.0,0.488095238095238,0.1502765704207472,0.511904761904762
qt,FP,counterfactual,,,,,6a91dcba2e4fa85dc345c2d403c757ab7676e28c,1.0,0.3011695906432748,0.3756558276714552,0.6988304093567252
qt,FP,counterfactual,,,,,1c6d5b0696f324495e95a12f7718ae7593c9b58a,1.0,0.4576023391812865,0.1895181722214847,0.5423976608187134
qt,FP,counterfactual,,,,,cd542a82b0c2d5c9a4ea167a84e5ea8a25c5d969,1.0,0.4576023391812865,0.1895181722214847,0.5423976608187134
qt,FP,counterfactual,,,,,3981a1f440914e8108af3d854a1b01dd596a8a0e,1.0,0.3907685881370092,0.2289655111346213,0.6092314118629908
qt,FP,counterfactual,,,,,753c744b23abfecad6463890dfdf6e97c7eeaa5c,1.0,0.4179197994987468,0.2044156016936774,0.5820802005012531
qt,TN,counterfactual,,,,,eb5994df1307b2e17e729374e1f7ab1c8fe82750,1.0,0.4181286549707602,0.2148974294721926,0.5818713450292398
qt,TN,counterfactual,,,,,5cb54cb5ebae99fab121061e25e26eec3056203a,1.0,0.3492063492063492,0.2760705015763371,0.6507936507936508
qt,TN,counterfactual,,,,,9a50333dd03969abb3f09c0f90dcb4afd048e47a,1.0,0.387844611528822,0.2308462450850738,0.6121553884711779
qt,TN,counterfactual,,,,,bd79c331f14e6cfab9e0b5815404c8194526e8f1,1.0,0.3523391812865497,0.2874132399308455,0.6476608187134503
qt,TN,counterfactual,,,,,67ee72f3145fd14b36af408918ed3420504d3035,1.0,0.3794903926482874,0.2536070631982448,0.6205096073517127
qt,TN,counterfactual,,,,,121cdbdd30de1bee58e349859409dd08865c17f5,1.0,0.3429406850459482,0.2476244085077189,0.6570593149540518
qt,TN,counterfactual,,,,,fc2f0fb39008f95133f6fd24662fe92195431808,1.0,0.4087301587301587,0.2297948589443853,0.5912698412698413
qt,TN,counterfactual,,,,,9b3d91237bf38492fd97457624d4cb5cd486bd56,1.0,0.350250626566416,0.2700878468858113,0.649749373433584
qt,TN,counterfactual,,,,,2831fa76655c614ed3df0816401514950e79b5e6,1.0,0.4087301587301587,0.2219314703034069,0.5912698412698413
qt,TN,counterfactual,,,,,f3ca13f3d12f52c60f4cd41d0b336c24a8d3359d,1.0,0.37531328320802,0.2457436745572664,0.62468671679198
qt,TN,counterfactual,,,,,e3b7957d6552e88aa23bd0ecc474db5f14981707,1.0,0.394110275689223,0.2238122042538594,0.605889724310777
qt,TN,counterfactual,,,,,88a8deea86fe69448ca1586c2ee567a53dee1008,1.0,0.3868003341687552,0.2457436745572664,0.6131996658312447
qt,TN,counterfactual,,,,,bcf1167ccb52341d72e6e2921077d2244803ee8d,1.0,0.3011695906432748,0.3233975303489775,0.6988304093567252
qt,TN,counterfactual,,,,,3e379bcc799edb6a78bc8cea093a278dbe32f33c,1.0,0.343984962406015,0.2952766285718239,0.656015037593985
qt,TN,counterfactual,,,,,4ebc2cf74e557b65a8ce1dc518ca92f399ce89e8,1.0,0.3398078529657476,0.2533096834631662,0.6601921470342523
qt,TN,counterfactual,,,,,0234e5c96417f451f8de279b8ff92734836badd4,1.0,0.4012113617376775,0.2308462450850738,0.5987886382623224
qt,TN,counterfactual,,,,,4f4ad7c262ce4723417efa14c4d3fdb875be53d0,1.0,0.4012113617376775,0.2308462450850738,0.5987886382623224
qt,TN,counterfactual,,,,,e38a98ad4453974b2848eeed02d81e0c408ce0c6,1.0,0.4450710108604845,0.1924339910941003,0.5549289891395155
qt,TN,counterfactual,,,,,9b54447e453e2cb7b7375e2c6104b2595ab1594e,1.0,0.2050960735171261,0.4579157607215389,0.7949039264828739
qt,TN,counterfactual,,,,,4331ccd4b735d9d721a384193a3d42ee2ce6c805,1.0,0.4450710108604845,0.1924339910941003,0.5549289891395155
qt,FN,counterfactual,,,,,2ad213cc02094e003802530757fa4010720a22e6,1.0,0.3084795321637427,0.282930909955612,0.6915204678362573
qt,FN,counterfactual,,,,,3786411f7f8770f28ba2a97cb646a0eb7a5eaa99,1.0,0.3418964076858813,0.2515526967958528,0.6581035923141186
qt,FN,counterfactual,,,,,9e99dba4a22bbf212b3e6d1e2607a16dbbd04d90,1.0,0.2489557226399331,0.421931470303407,0.7510442773600668
qt,FN,counterfactual,,,,,f506e01665c9bf689887ccf057a03588829efeea,1.0,0.3345864661654135,0.2515526967958528,0.6654135338345866
qt,FN,counterfactual,,,,,18f7e6dc9f59159b70cb7e6a8745738f42d4f46f,1.0,0.3533834586466166,0.2457436745572664,0.6466165413533834
qt,FN,counterfactual,,,,,67ced4791ddabebfa19a2f101aa292b5eba60b90,1.0,0.3387635756056809,0.2548100081784584,0.6612364243943192
qt,FN,counterfactual,,,,,ac48071b185d17022d48c6379a2549ac2736cb8c,1.0,0.3450292397660818,0.2618440490096727,0.6549707602339181
qt,FN,counterfactual,,,,,895cb4681ee78caaf9b99c88390a74ff1d79ae61,1.0,0.3302005012531328,0.2728131901937315,0.6697994987468672
qt,FN,counterfactual,,,,,d8782b0cc680f09d605133bd37a44d290894c01e,1.0,0.3178780284043442,0.2740161351739452,0.6821219715956558
qt,FN,counterfactual,,,,,8cf186cc7c56144b02d5b40d8f4832ff3021e68a,1.0,0.3805346700083542,0.2155684063777209,0.6194653299916457
qt,FN,counterfactual,,,,,eaa54a8f9884652513c7c3ab489f31ff1e5d712c,1.0,0.3387635756056809,0.2536070631982448,0.6612364243943192
qt,FN,counterfactual,,,,,4e3917587b11432d2d892f5146b367de2a3e4864,1.0,0.3826232247284878,0.2244831811593877,0.6173767752715121
qt,FN,counterfactual,,,,,7e298e2f2ceeee1a2d1a81238ca019d9a0c9519f,1.0,0.2531328320802005,0.3504670459854426,0.7468671679197996
qt,FN,counterfactual,,,,,93dabeba9dc5f6cbab60e65b3cc8df5fe48745a9,1.0,0.3302005012531328,0.2728131901937315,0.6697994987468672
qt,FN,counterfactual,,,,,e6d17c8691bfafa033b82a4d81a9caf4a2fd1b85,1.0,0.2792397660818713,0.3144827555673106,0.7207602339181287
qt,FN,counterfactual,,,,,5303225aef739c534714c1ac1d4dd096f0cc38d0,1.0,0.3669590643274854,0.2333979559410545,0.6330409356725146
qt,FN,counterfactual,,,,,a69edf01cb0a2a06282dc7b89724ffa542f6546d,1.0,0.3763575605680869,0.2244831811593877,0.6236424394319131
qt,FN,counterfactual,,,,,6486a4bd196ca2bf0047ae80e78eee06e5e18e18,1.0,0.3011695906432748,0.2841559285482399,0.6988304093567252
qt,FN,counterfactual,,,,,5629823b05ca7d24924ac879b5a0469a3cb03e78,1.0,0.3742690058479532,0.2244831811593877,0.6257309941520468
qt,FN,counterfactual,,,,,cdbc4b83d59e08189d6ece9ccd88a646be155c08,1.0,0.2823725981620718,0.3101740580440166,0.7176274018379282
qt,TP,counterfactual,,,,,256bbc4f139036a780a63b80af8bb461a77d333a,1.0,0.4160401002506265,0.2005194180660031,0.5839598997493735
qt,TP,counterfactual,,,,,ae292be8690109940fdd9862321b2389a0957404,1.0,0.4429824561403508,0.1891766797114947,0.5570175438596492
qt,TP,counterfactual,,,,,fa7626713b3a943609453459190e16c49d61dfd3,1.0,0.3450292397660818,0.2649498015527532,0.6549707602339181
qt,TP,counterfactual,,,,,da8ace713a19d2a8c9831ddf50d17607bc4856cc,1.0,0.4035087719298245,0.2265375475617797,0.5964912280701755
qt,TP,counterfactual,,,,,d31304eab9e7424edc20fb83a8a19cd979458029,1.0,0.2656641604010025,0.3504670459854425,0.7343358395989975
qt,TP,counterfactual,,,,,9bd30943bae136d28d42b9a9188a8586c963d461,1.0,0.3429406850459482,0.3009340919708851,0.6570593149540518
qt,TP,counterfactual,,,,,dfda6f14b3e210a33b71ef1c6fa3c75a9c866cce,1.0,0.3053467000835421,0.3336888825627974,0.6946532999164579
qt,TP,counterfactual,,,,,5dd76ba31c3c7cb9c0d9d97cd62f0d2f535a23f7,1.0,0.4262740183792815,0.2005194180660031,0.5737259816207185
qt,TP,counterfactual,,,,,267edbec198a0cedbf7bed4c3c5fa93c1dbc86bd,1.0,0.3586048454469506,0.2546584493389333,0.6413951545530494
qt,TP,counterfactual,,,,,9d23aebb271ea534a66cb3aceb2e63d9a1c870d6,1.0,0.4598997493734335,0.1723985162888495,0.5401002506265664
qt,TP,counterfactual,,,,,d3393ce25833c0afd7f0fa6b85fd6f3bd7ad520a,1.0,0.4651211361737677,0.1645351276478711,0.5348788638262323
qt,TP,counterfactual,,,,,03a1675eac4baf8c7a6e0602102bbafa3176771c,1.0,0.4262740183792815,0.2005194180660031,0.5737259816207185
qt,TP,counterfactual,,,,,a50911bc0bfca1185e99ce6638fbf03cf592789d,1.0,0.3523391812865497,0.2500523720805605,0.6476608187134503
qt,TP,counterfactual,,,,,bb199cc8ad4111808260f6255312b08c7d81dcbc,1.0,0.394110275689223,0.2457436745572664,0.605889724310777
qt,TP,counterfactual,,,,,b254b03dc3b1cfcfc5f17158d2470e0a9a946a0e,1.0,0.3533834586466166,0.27386457633442,0.6466165413533834
qt,TP,counterfactual,,,,,1a7bc520c5df4da80b7e65acbec1f546f9c87870,1.0,0.3241436925647452,0.2874132399308455,0.6758563074352548
qt,TP,counterfactual,,,,,afbb57ae84ecbee5fab9eb6e58356b19d7995ea5,1.0,0.4429824561403508,0.1891766797114947,0.5570175438596492
qt,TP,counterfactual,,,,,17513266b81e88b84fda250734f07c94a198fabc,1.0,0.4494569757727653,0.1813132910705163,0.5505430242272347
qt,TP,counterfactual,,,,,a4f8b9ae6dfacf9ad5c190cde6098ebf13102f41,1.0,0.3648705096073517,0.2476244085077189,0.6351294903926483
qt,TP,counterfactual,,,,,fca89004d75412dd378cc44ad79ed3c1e05c765b,1.0,0.3836675020885547,0.2186741589208013,0.6163324979114453
qt,FP,kernelshap,,,,,3d3ce2afe1937531f5fdc2af56697e93133e6d98,1.0,0.4937343358395989,0.1300792661930319,0.5062656641604011
qt,FP,kernelshap,,,,,8835c0376befd009702b9a17c506639e31c842b9,0.6857142857142857,0.3627234753550543,0.2908579670786125,0.3229908103592314
qt,FP,kernelshap,,,,,093064fdeb6e777d2dc88dbb4f4adb8fddac3aa5,0.8666666666666666,0.4163742690058479,0.2038016848002855,0.4502923976608186
qt,FP,kernelshap,,,,,08cfd02312d21391c956b8bf50ab7d6caa0d8082,1.0,0.3155806182121971,0.2927183983427469,0.6844193817878028
qt,FP,kernelshap,,,,,a02b371eb2f34bf198c95cf0caa1fbad639f96bb,0.8,0.3771512113617377,0.2076400825155961,0.4228487886382623
qt,FP,kernelshap,,,,,86d91d2bf8e7ac7a75f88f0e4886140abc06fd4c,1.0,0.406641604010025,0.2253558947648558,0.593358395989975
qt,FP,kernelshap,,,,,41ae544c40e0568bd627a992a23b8c8f8f5cc27d,1.0,0.4488304093567251,0.1641828226607113,0.5511695906432749
qt,FP,kernelshap,,,,,237c867a002c8035aac7ff8a870da717eb7b0878,1.0,0.4243943191311612,0.1982863791283907,0.5756056808688388
qt,FP,kernelshap,,,,,571b11d41c9dadd5ef11e4e954c16c5ca39d718e,0.8666666666666666,0.2069590643274853,0.3610160695048618,0.6597076023391812
qt,FP,kernelshap,,,,,02b7ec05d5713aec67577cebc18e5906b5a98598,1.0,0.4243943191311612,0.1912523382971764,0.5756056808688388
qt,FP,kernelshap,,,,,1af927976ac953f922e35d71a16a32d328bb2efd,0.8,0.4174185463659148,0.1792204521258632,0.3825814536340852
qt,FP,kernelshap,,,,,eb93d7b51773b43e6a3e41961898a6033bcd9479,1.0,0.4085213032581453,0.1833889496561981,0.5914786967418546
qt,FP,kernelshap,,,,,e58fdbaeb033a801ac7b5dd1f63657b36d6e1305,1.0,0.4488304093567251,0.1641828226607113,0.5511695906432749
qt,FP,kernelshap,,,,,ddb4fb4c60987ce6e0b9e50de9a5f3a7ff0e8757,1.0,0.406641604010025,0.2253558947648558,0.593358395989975
qt,FP,kernelshap,,,,,36997810d9fec492635152be89efaa55208e224a,0.8,0.3850877192982456,0.3174674884027971,0.4149122807017544
qt,FP,kernelshap,,,,,6a91dcba2e4fa85dc345c2d403c757ab7676e28c,1.0,0.4005847953216374,0.2838036235610801,0.5994152046783625
qt,FP,kernelshap,,,,,1c6d5b0696f324495e95a12f7718ae7593c9b58a,1.0,0.4947368421052631,0.1371133070242462,0.5052631578947369
qt,FP,kernelshap,,,,,cd542a82b0c2d5c9a4ea167a84e5ea8a25c5d969,1.0,0.3487886382623224,0.2411375972988937,0.6512113617376776
qt,FP,kernelshap,,,,,3981a1f440914e8108af3d854a1b01dd596a8a0e,1.0,0.3205931495405179,0.2805463121784745,0.6794068504594821
qt,FP,kernelshap,,,,,753c744b23abfecad6463890dfdf6e97c7eeaa5c,1.0,0.441938178780284,0.1538914704468914,0.5580618212197159
qt,TN,kernelshap,,,,,eb5994df1307b2e17e729374e1f7ab1c8fe82750,1.0,0.3682121971595655,0.2637247829601252,0.6317878028404345
qt,TN,kernelshap,,,,,5cb54cb5ebae99fab121061e25e26eec3056203a,0.8,0.344110275689223,0.2573312338432196,0.455889724310777
qt,TN,kernelshap,,,,,9a50333dd03969abb3f09c0f90dcb4afd048e47a,0.8,0.3502088554720133,0.3204755020442683,0.4497911445279867
qt,TN,kernelshap,,,,,bd79c331f14e6cfab9e0b5815404c8194526e8f1,1.0,0.4442355889724311,0.1621071640750296,0.5557644110275689
qt,TN,kernelshap,,,,,67ee72f3145fd14b36af408918ed3420504d3035,0.8666666666666666,0.3759649122807017,0.3027584242127027,0.4907017543859648
qt,TN,kernelshap,,,,,121cdbdd30de1bee58e349859409dd08865c17f5,1.0,0.402673350041771,0.2174491403281734,0.5973266499582289
qt,TN,kernelshap,,,,,fc2f0fb39008f95133f6fd24662fe92195431808,1.0,0.402673350041771,0.2174491403281734,0.5973266499582289
qt,TN,kernelshap,,,,,9b3d91237bf38492fd97457624d4cb5cd486bd56,1.0,0.3429406850459482,0.2579157607215389,0.6570593149540518
qt,TN,kernelshap,,,,,2831fa76655c614ed3df0816401514950e79b5e6,1.0,0.3460735171261487,0.3170344664232913,0.6539264828738514
qt,TN,kernelshap,,,,,f3ca13f3d12f52c60f4cd41d0b336c24a8d3359d,0.8,0.4034085213032581,0.1944982966175454,0.3965914786967419
qt,TN,kernelshap,,,,,e3b7957d6552e88aa23bd0ecc474db5f14981707,1.0,0.4419799498746867,0.1679161863136159,0.5580200501253133
qt,TN,kernelshap,,,,,88a8deea86fe69448ca1586c2ee567a53dee1008,1.0,0.43796992481203,0.1711734976962215,0.5620300751879699
qt,TN,kernelshap,,,,,bcf1167ccb52341d72e6e2921077d2244803ee8d,1.0,0.400375939849624,0.1845706024531219,0.599624060150376
qt,TN,kernelshap,,,,,3e379bcc799edb6a78bc8cea093a278dbe32f33c,0.8666666666666666,0.352172096908939,0.2282204802786833,0.5144945697577276
qt,TN,kernelshap,,,,,4ebc2cf74e557b65a8ce1dc518ca92f399ce89e8,1.0,0.43796992481203,0.1711734976962215,0.5620300751879699
qt,TN,kernelshap,,,,,0234e5c96417f451f8de279b8ff92734836badd4,1.0,0.3703007518796992,0.2244831811593877,0.6296992481203008
qt,TN,kernelshap,,,,,4f4ad7c262ce4723417efa14c4d3fdb875be53d0,0.8666666666666666,0.4449874686716792,0.1784931907879731,0.4216791979949874
qt,TN,kernelshap,,,,,e38a98ad4453974b2848eeed02d81e0c408ce0c6,1.0,0.4289473684210526,0.174279250239302,0.5710526315789474
qt,TN,kernelshap,,,,,9b54447e453e2cb7b7375e2c6104b2595ab1594e,1.0,0.4442355889724311,0.1621071640750296,0.5557644110275689
qt,TN,kernelshap,,,,,4331ccd4b735d9d721a384193a3d42ee2ce6c805,1.0,0.3385547201336675,0.2579157607215389,0.6614452798663325
qt,FN,kernelshap,,,,,2ad213cc02094e003802530757fa4010720a22e6,1.0,0.4262740183792815,0.2104584652926631,0.5737259816207185
qt,FN,kernelshap,,,,,3786411f7f8770f28ba2a97cb646a0eb7a5eaa99,1.0,0.3609022556390977,0.2959757097253526,0.6390977443609023
qt,FN,kernelshap,,,,,9e99dba4a22bbf212b3e6d1e2607a16dbbd04d90,1.0,0.4952380952380952,0.1338559956416406,0.5047619047619047
qt,FN,kernelshap,,,,,f506e01665c9bf689887ccf057a03588829efeea,1.0,0.4557644110275689,0.1833889496561981,0.5442355889724311
qt,FN,kernelshap,,,,,18f7e6dc9f59159b70cb7e6a8745738f42d4f46f,0.8,0.3575187969924812,0.268513231293378,0.4424812030075188
qt,FN,kernelshap,,,,,67ced4791ddabebfa19a2f101aa292b5eba60b90,1.0,0.3535923141186298,0.2689061940888874,0.6464076858813701
qt,FN,kernelshap,,,,,ac48071b185d17022d48c6379a2549ac2736cb8c,1.0,0.4179197994987468,0.2123391992431156,0.5820802005012531
qt,FN,kernelshap,,,,,895cb4681ee78caaf9b99c88390a74ff1d79ae61,1.0,0.4210526315789473,0.1904229904874124,0.5789473684210527
qt,FN,kernelshap,,,,,d8782b0cc680f09d605133bd37a44d290894c01e,0.8666666666666666,0.4870927318295739,0.2170923644776864,0.3795739348370927
qt,FN,kernelshap,,,,,8cf186cc7c56144b02d5b40d8f4832ff3021e68a,0.8,0.45,0.1886727340879536,0.35
qt,FN,kernelshap,,,,,eaa54a8f9884652513c7c3ab489f31ff1e5d712c,1.0,0.3241436925647452,0.2841559285482399,0.6758563074352548
qt,FN,kernelshap,,,,,4e3917587b11432d2d892f5146b367de2a3e4864,0.6761904761904762,0.4035505430242272,0.2715225987668517,0.272639933166249
qt,FN,kernelshap,,,,,7e298e2f2ceeee1a2d1a81238ca019d9a0c9519f,0.8666666666666666,0.5204511278195488,0.150109698561327,0.3462155388471177
qt,FN,kernelshap,,,,,93dabeba9dc5f6cbab60e65b3cc8df5fe48745a9,1.0,0.4912280701754385,0.1538914704468914,0.5087719298245614
qt,FN,kernelshap,,,,,e6d17c8691bfafa033b82a4d81a9caf4a2fd1b85,0.8666666666666666,0.4666666666666667,0.1726676282583813,0.3999999999999999
qt,FN,kernelshap,,,,,5303225aef739c534714c1ac1d4dd096f0cc38d0,1.0,0.4924812030075188,0.1538914704468914,0.5075187969924813
qt,FN,kernelshap,,,,,a69edf01cb0a2a06282dc7b89724ffa542f6546d,1.0,0.4486215538847117,0.1879950269145708,0.5513784461152882
qt,FN,kernelshap,,,,,6486a4bd196ca2bf0047ae80e78eee06e5e18e18,1.0,0.4924812030075188,0.1538914704468914,0.5075187969924813
qt,FN,kernelshap,,,,,5629823b05ca7d24924ac879b5a0469a3cb03e78,1.0,0.4580200501253132,0.1730975974423781,0.5419799498746867
qt,FN,kernelshap,,,,,cdbc4b83d59e08189d6ece9ccd88a646be155c08,0.8,0.4062907268170426,0.182811033395275,0.3937092731829574
qt,TP,kernelshap,,,,,256bbc4f139036a780a63b80af8bb461a77d333a,0.8666666666666666,0.3886382623224728,0.3273396568871249,0.4780284043441937
qt,TP,kernelshap,,,,,ae292be8690109940fdd9862321b2389a0957404,1.0,0.506516290726817,0.1411881631871409,0.4934837092731829
qt,TP,kernelshap,,,,,fa7626713b3a943609453459190e16c49d61dfd3,1.0,0.4078947368421052,0.1831551082957986,0.5921052631578947
qt,TP,kernelshap,,,,,da8ace713a19d2a8c9831ddf50d17607bc4856cc,0.8666666666666666,0.5024728487886383,0.1509172849111721,0.3641938178780283
qt,TP,kernelshap,,,,,d31304eab9e7424edc20fb83a8a19cd979458029,1.0,0.4264828738512948,0.1895181722214847,0.5735171261487051
qt,TP,kernelshap,,,,,9bd30943bae136d28d42b9a9188a8586c963d461,1.0,0.465079365079365,0.1523409678711843,0.534920634920635
qt,TP,kernelshap,,,,,dfda6f14b3e210a33b71ef1c6fa3c75a9c866cce,1.0,0.3283208020050125,0.2777607599620943,0.6716791979949874
qt,TP,kernelshap,,,,,5dd76ba31c3c7cb9c0d9d97cd62f0d2f535a23f7,1.0,0.3352130325814536,0.2740161351739452,0.6647869674185464
qt,TP,kernelshap,,,,,267edbec198a0cedbf7bed4c3c5fa93c1dbc86bd,1.0,0.3581871345029239,0.2411375972988937,0.6418128654970761
qt,TP,kernelshap,,,,,9d23aebb271ea534a66cb3aceb2e63d9a1c870d6,1.0,0.506516290726817,0.1411881631871409,0.4934837092731829
qt,TP,kernelshap,,,,,d3393ce25833c0afd7f0fa6b85fd6f3bd7ad520a,0.8666666666666666,0.4672598162071846,0.1509172849111721,0.399406850459482
qt,TP,kernelshap,,,,,03a1675eac4baf8c7a6e0602102bbafa3176771c,1.0,0.3477443609022556,0.24694661953748,0.6522556390977443
qt,TP,kernelshap,,,,,a50911bc0bfca1185e99ce6638fbf03cf592789d,0.8666666666666666,0.4187134502923976,0.2860354413246108,0.4479532163742689
qt,TP,kernelshap,,,,,bb199cc8ad4111808260f6255312b08c7d81dcbc,0.7333333333333333,0.3787385129490392,0.2310055985624954,0.354594820384294
qt,TP,kernelshap,,,,,b254b03dc3b1cfcfc5f17158d2470e0a9a946a0e,0.7,0.4080200501253132,0.2164914021727339,0.2919799498746867
qt,TP,kernelshap,,,,,1a7bc520c5df4da80b7e65acbec1f546f9c87870,1.0,0.3529657477025898,0.2506912443256292,0.6470342522974102
qt,TP,kernelshap,,,,,afbb57ae84ecbee5fab9eb6e58356b19d7995ea5,1.0,0.4580200501253132,0.1682576788236059,0.5419799498746867
qt,TP,kernelshap,,,,,17513266b81e88b84fda250734f07c94a198fabc,1.0,0.4582289055973266,0.1618946148979199,0.5417710944026733
qt,TP,kernelshap,,,,,a4f8b9ae6dfacf9ad5c190cde6098ebf13102f41,1.0,0.4181286549707602,0.1794104835076495,0.5818713450292398
qt,TP,kernelshap,,,,,fca89004d75412dd378cc44ad79ed3c1e05c765b,1.0,0.450501253132832,0.1682576788236059,0.5494987468671679
qt,FP,lime,,,,,3d3ce2afe1937531f5fdc2af56697e93133e6d98,0.8666666666666666,0.7500751879699248,0.0391221829479,0.1165914786967418
qt,FP,lime,,,,,8835c0376befd009702b9a17c506639e31c842b9,0.8666666666666666,0.8345864661654135,0.0391221829479,0.032080200501253
qt,FP,lime,,,,,093064fdeb6e777d2dc88dbb4f4adb8fddac3aa5,1.0,0.6601503759398496,0.1266548417315831,0.3398496240601504
qt,FP,lime,,,,,08cfd02312d21391c956b8bf50ab7d6caa0d8082,0.8,0.7810526315789473,0.0391221829479,0.0189473684210527
qt,FP,lime,,,,,a02b371eb2f34bf198c95cf0caa1fbad639f96bb,1.0,0.8571428571428571,0.0070340408312143,0.1428571428571429
qt,FP,lime,,,,,86d91d2bf8e7ac7a75f88f0e4886140abc06fd4c,0.8666666666666666,0.8345864661654135,0.0391221829479,0.032080200501253
qt,FP,lime,,,,,41ae544c40e0568bd627a992a23b8c8f8f5cc27d,0.8666666666666666,0.8233583959899748,0.1114074021356645,0.0433082706766917
qt,FP,lime,,,,,237c867a002c8035aac7ff8a870da717eb7b0878,1.0,0.8571428571428571,0.0070340408312143,0.1428571428571429
qt,FP,lime,,,,,571b11d41c9dadd5ef11e4e954c16c5ca39d718e,1.0,0.8571428571428571,0.0070340408312143,0.1428571428571429
qt,FP,lime,,,,,02b7ec05d5713aec67577cebc18e5906b5a98598,0.8,0.6540350877192982,0.2947702978067068,0.1459649122807018
qt,FP,lime,,,,,1af927976ac953f922e35d71a16a32d328bb2efd,1.0,0.8571428571428571,0.0070340408312143,0.1428571428571429
qt,FP,lime,,,,,eb93d7b51773b43e6a3e41961898a6033bcd9479,0.8666666666666666,0.8345864661654135,0.0391221829479,0.032080200501253
qt,FP,lime,,,,,e58fdbaeb033a801ac7b5dd1f63657b36d6e1305,0.8666666666666666,0.8345864661654135,0.0391221829479,0.032080200501253
qt,FP,lime,,,,,ddb4fb4c60987ce6e0b9e50de9a5f3a7ff0e8757,0.8,0.8092230576441102,0.0391221829479,-0.0092230576441101
qt,FP,lime,,,,,36997810d9fec492635152be89efaa55208e224a,1.0,0.8571428571428571,0.0070340408312143,0.1428571428571429
qt,FP,lime,,,,,6a91dcba2e4fa85dc345c2d403c757ab7676e28c,0.8,0.8092230576441102,0.0391221829479,-0.0092230576441101
qt,FP,lime,,,,,1c6d5b0696f324495e95a12f7718ae7593c9b58a,0.8,0.8092230576441102,0.0391221829479,-0.0092230576441101
qt,FP,lime,,,,,cd542a82b0c2d5c9a4ea167a84e5ea8a25c5d969,0.4404761904761904,0.5740852130325813,0.3818962444060253,-0.1336090225563909
qt,FP,lime,,,,,3981a1f440914e8108af3d854a1b01dd596a8a0e,0.8666666666666666,0.7500751879699248,0.0391221829479,0.1165914786967418
qt,FP,lime,,,,,753c744b23abfecad6463890dfdf6e97c7eeaa5c,0.7333333333333333,0.7440100250626566,0.0391221829479,-0.0106766917293232
qt,TN,lime,,,,,eb5994df1307b2e17e729374e1f7ab1c8fe82750,0.8666666666666666,0.8708771929824561,0.0284196303897328,-0.0042105263157895
qt,TN,lime,,,,,5cb54cb5ebae99fab121061e25e26eec3056203a,0.8,0.807719298245614,0.0284196303897328,-0.0077192982456139
qt,TN,lime,,,,,9a50333dd03969abb3f09c0f90dcb4afd048e47a,0.8,0.8407017543859648,0.0284196303897328,-0.0407017543859647
qt,TN,lime,,,,,bd79c331f14e6cfab9e0b5815404c8194526e8f1,1.0,0.8982456140350877,0.0,0.1017543859649122
qt,TN,lime,,,,,67ee72f3145fd14b36af408918ed3420504d3035,1.0,0.8982456140350877,0.0,0.1017543859649122
qt,TN,lime,,,,,121cdbdd30de1bee58e349859409dd08865c17f5,1.0,0.8982456140350877,0.0,0.1017543859649122
qt,TN,lime,,,,,fc2f0fb39008f95133f6fd24662fe92195431808,0.7333333333333333,0.7935839598997494,0.1341627955969483,-0.0602506265664161
qt,TN,lime,,,,,9b3d91237bf38492fd97457624d4cb5cd486bd56,0.8,0.8407017543859648,0.0284196303897328,-0.0407017543859647
qt,TN,lime,,,,,2831fa76655c614ed3df0816401514950e79b5e6,1.0,0.8982456140350877,0.0,0.1017543859649122
qt,TN,lime,,,,,f3ca13f3d12f52c60f4cd41d0b336c24a8d3359d,0.8,0.8407017543859648,0.0284196303897328,-0.0407017543859647
qt,TN,lime,,,,,e3b7957d6552e88aa23bd0ecc474db5f14981707,0.8666666666666666,0.8708771929824561,0.0284196303897328,-0.0042105263157895
qt,TN,lime,,,,,88a8deea86fe69448ca1586c2ee567a53dee1008,1.0,0.8982456140350877,0.0,0.1017543859649122
qt,TN,lime,,,,,bcf1167ccb52341d72e6e2921077d2244803ee8d,0.8666666666666666,0.7719298245614035,0.0284196303897328,0.0947368421052631
qt,TN,lime,,,,,3e379bcc799edb6a78bc8cea093a278dbe32f33c,0.8,0.6945363408521302,0.0284196303897328,0.1054636591478698
qt,TN,lime,,,,,4ebc2cf74e557b65a8ce1dc518ca92f399ce89e8,1.0,0.8982456140350877,0.0,0.1017543859649122
qt,TN,lime,,,,,0234e5c96417f451f8de279b8ff92734836badd4,0.7666666666666666,0.8251629072681704,0.1341627955969483,-0.0584962406015038
qt,TN,lime,,,,,4f4ad7c262ce4723417efa14c4d3fdb875be53d0,0.8,0.8407017543859648,0.0284196303897328,-0.0407017543859647
qt,TN,lime,,,,,e38a98ad4453974b2848eeed02d81e0c408ce0c6,1.0,0.8982456140350877,0.0,0.1017543859649122
qt,TN,lime,,,,,9b54447e453e2cb7b7375e2c6104b2595ab1594e,0.8,0.8407017543859648,0.0284196303897328,-0.0407017543859647
qt,TN,lime,,,,,4331ccd4b735d9d721a384193a3d42ee2ce6c805,1.0,0.8982456140350877,0.0,0.1017543859649122
qt,FN,lime,,,,,2ad213cc02094e003802530757fa4010720a22e6,0.7333333333333333,0.7873684210526316,0.0744224309667791,-0.0540350877192983
qt,FN,lime,,,,,3786411f7f8770f28ba2a97cb646a0eb7a5eaa99,0.7333333333333333,0.7873684210526316,0.0744224309667791,-0.0540350877192983
qt,FN,lime,,,,,9e99dba4a22bbf212b3e6d1e2607a16dbbd04d90,0.8666666666666666,0.8652631578947368,0.0669826659163593,0.0014035087719297
qt,FN,lime,,,,,f506e01665c9bf689887ccf057a03588829efeea,0.8,0.8378947368421052,0.0198435035448829,-0.0378947368421052
qt,FN,lime,,,,,18f7e6dc9f59159b70cb7e6a8745738f42d4f46f,0.8666666666666666,0.872982456140351,0.0198435035448829,-0.0063157894736843
qt,FN,lime,,,,,67ced4791ddabebfa19a2f101aa292b5eba60b90,0.8666666666666666,0.8652631578947368,0.0669826659163593,0.0014035087719297
qt,FN,lime,,,,,ac48071b185d17022d48c6379a2549ac2736cb8c,0.7666666666666666,0.8315789473684211,0.0744224309667791,-0.0649122807017544
qt,FN,lime,,,,,895cb4681ee78caaf9b99c88390a74ff1d79ae61,0.8,0.8,0.0198435035448829,0.0
qt,FN,lime,,,,,d8782b0cc680f09d605133bd37a44d290894c01e,0.8666666666666666,0.872982456140351,0.0198435035448829,-0.0063157894736843
qt,FN,lime,,,,,8cf186cc7c56144b02d5b40d8f4832ff3021e68a,0.7666666666666666,0.8315789473684211,0.0744224309667791,-0.0649122807017544
qt,FN,lime,,,,,eaa54a8f9884652513c7c3ab489f31ff1e5d712c,1.0,0.9052631578947368,0.0,0.0947368421052631
qt,FN,lime,,,,,4e3917587b11432d2d892f5146b367de2a3e4864,0.8,0.8378947368421052,0.0198435035448829,-0.0378947368421052
qt,FN,lime,,,,,7e298e2f2ceeee1a2d1a81238ca019d9a0c9519f,1.0,0.9052631578947368,0.0,0.0947368421052631
qt,FN,lime,,,,,93dabeba9dc5f6cbab60e65b3cc8df5fe48745a9,1.0,0.9052631578947368,0.0,0.0947368421052631
qt,FN,lime,,,,,e6d17c8691bfafa033b82a4d81a9caf4a2fd1b85,0.8666666666666666,0.872982456140351,0.0198435035448829,-0.0063157894736843
qt,FN,lime,,,,,5303225aef739c534714c1ac1d4dd096f0cc38d0,0.8,0.8378947368421052,0.0198435035448829,-0.0378947368421052
qt,FN,lime,,,,,a69edf01cb0a2a06282dc7b89724ffa542f6546d,1.0,0.9052631578947368,0.0,0.0947368421052631
qt,FN,lime,,,,,6486a4bd196ca2bf0047ae80e78eee06e5e18e18,0.8666666666666666,0.872982456140351,0.0198435035448829,-0.0063157894736843
qt,FN,lime,,,,,5629823b05ca7d24924ac879b5a0469a3cb03e78,0.8666666666666666,0.872982456140351,0.0198435035448829,-0.0063157894736843
qt,FN,lime,,,,,cdbc4b83d59e08189d6ece9ccd88a646be155c08,0.8666666666666666,0.872982456140351,0.0198435035448829,-0.0063157894736843
qt,TP,lime,,,,,256bbc4f139036a780a63b80af8bb461a77d333a,0.7,0.7466666666666666,0.1560625419333754,-0.0466666666666666
qt,TP,lime,,,,,ae292be8690109940fdd9862321b2389a0957404,0.8666666666666666,0.8491228070175438,0.0799797581044604,0.0175438596491227
qt,TP,lime,,,,,fa7626713b3a943609453459190e16c49d61dfd3,0.8666666666666666,0.8498245614035088,0.0799797581044604,0.0168421052631577
qt,TP,lime,,,,,da8ace713a19d2a8c9831ddf50d17607bc4856cc,0.8666666666666666,0.8498245614035088,0.0799797581044604,0.0168421052631577
qt,TP,lime,,,,,d31304eab9e7424edc20fb83a8a19cd979458029,0.8666666666666666,0.8491228070175438,0.0799797581044604,0.0175438596491227
qt,TP,lime,,,,,9bd30943bae136d28d42b9a9188a8586c963d461,0.8666666666666666,0.8603508771929825,0.0538312471379944,0.006315789473684
qt,TP,lime,,,,,dfda6f14b3e210a33b71ef1c6fa3c75a9c866cce,1.0,0.8877192982456141,0.0034244244614488,0.1122807017543858
qt,TP,lime,,,,,5dd76ba31c3c7cb9c0d9d97cd62f0d2f535a23f7,1.0,0.8877192982456141,0.0034244244614488,0.1122807017543858
qt,TP,lime,,,,,267edbec198a0cedbf7bed4c3c5fa93c1dbc86bd,1.0,0.7228070175438596,0.0611730721041445,0.2771929824561404
qt,TP,lime,,,,,9d23aebb271ea534a66cb3aceb2e63d9a1c870d6,0.8666666666666666,0.8491228070175438,0.0799797581044604,0.0175438596491227
qt,TP,lime,,,,,d3393ce25833c0afd7f0fa6b85fd6f3bd7ad520a,0.8666666666666666,0.8603508771929825,0.0538312471379944,0.006315789473684
qt,TP,lime,,,,,03a1675eac4baf8c7a6e0602102bbafa3176771c,0.8,0.7971929824561402,0.0538312471379944,0.0028070175438598
qt,TP,lime,,,,,a50911bc0bfca1185e99ce6638fbf03cf592789d,0.8,0.7971929824561402,0.0538312471379944,0.0028070175438598
qt,TP,lime,,,,,bb199cc8ad4111808260f6255312b08c7d81dcbc,1.0,0.8877192982456141,0.0034244244614488,0.1122807017543858
qt,TP,lime,,,,,b254b03dc3b1cfcfc5f17158d2470e0a9a946a0e,0.8666666666666666,0.8498245614035088,0.0799797581044604,0.0168421052631577
qt,TP,lime,,,,,1a7bc520c5df4da80b7e65acbec1f546f9c87870,1.0,0.8877192982456141,0.0034244244614488,0.1122807017543858
qt,TP,lime,,,,,afbb57ae84ecbee5fab9eb6e58356b19d7995ea5,0.8,0.8091228070175438,0.0799797581044604,-0.0091228070175437
qt,TP,lime,,,,,17513266b81e88b84fda250734f07c94a198fabc,0.8666666666666666,0.8491228070175438,0.0799797581044604,0.0175438596491227
qt,TP,lime,,,,,a4f8b9ae6dfacf9ad5c190cde6098ebf13102f41,0.8,0.8301754385964912,0.0538312471379944,-0.0301754385964911
qt,TP,lime,,,,,fca89004d75412dd378cc44ad79ed3c1e05c765b,0.8666666666666666,0.7614035087719297,0.0538312471379944,0.1052631578947368
qt,FP,lofo,,,,,3d3ce2afe1937531f5fdc2af56697e93133e6d98,1.0,0.4181286549707602,0.2008380899843714,0.5818713450292398
qt,FP,lofo,,,,,8835c0376befd009702b9a17c506639e31c842b9,1.0,0.2917710944026733,0.3699918448992977,0.7082289055973267
qt,FP,lofo,,,,,093064fdeb6e777d2dc88dbb4f4adb8fddac3aa5,1.0,0.4461152882205513,0.1996130713917435,0.5538847117794486
qt,FP,lofo,,,,,08cfd02312d21391c956b8bf50ab7d6caa0d8082,1.0,0.3230994152046784,0.2637681487558293,0.6769005847953216
qt,FP,lofo,,,,,a02b371eb2f34bf198c95cf0caa1fbad639f96bb,1.0,0.4202172096908939,0.2008380899843714,0.5797827903091062
qt,FP,lofo,,,,,86d91d2bf8e7ac7a75f88f0e4886140abc06fd4c,1.0,0.3408521303258145,0.2805463121784745,0.6591478696741855
qt,FP,lofo,,,,,41ae544c40e0568bd627a992a23b8c8f8f5cc27d,1.0,0.5010442773600668,0.1603714695910059,0.4989557226399331
qt,FP,lofo,,,,,237c867a002c8035aac7ff8a870da717eb7b0878,1.0,0.3868003341687552,0.2220765097698358,0.6131996658312447
qt,FP,lofo,,,,,571b11d41c9dadd5ef11e4e954c16c5ca39d718e,1.0,0.1804511278195488,0.5041914033534908,0.8195488721804511
qt,FP,lofo,,,,,02b7ec05d5713aec67577cebc18e5906b5a98598,1.0,0.31265664160401,0.3268219548104263,0.68734335839599
qt,FP,lofo,,,,,1af927976ac953f922e35d71a16a32d328bb2efd,1.0,0.5010442773600668,0.1603714695910059,0.4989557226399331
qt,FP,lofo,,,,,eb93d7b51773b43e6a3e41961898a6033bcd9479,1.0,0.4461152882205513,0.1996130713917435,0.5538847117794486
qt,FP,lofo,,,,,e58fdbaeb033a801ac7b5dd1f63657b36d6e1305,1.0,0.5010442773600668,0.1603714695910059,0.4989557226399331
qt,FP,lofo,,,,,ddb4fb4c60987ce6e0b9e50de9a5f3a7ff0e8757,1.0,0.369047619047619,0.2342706695465226,0.6309523809523809
qt,FP,lofo,,,,,36997810d9fec492635152be89efaa55208e224a,1.0,0.37531328320802,0.2671492074215741,0.62468671679198
qt,FP,lofo,,,,,6a91dcba2e4fa85dc345c2d403c757ab7676e28c,1.0,0.3304093567251461,0.2625431301632013,0.6695906432748538
qt,FP,lofo,,,,,1c6d5b0696f324495e95a12f7718ae7593c9b58a,1.0,0.5010442773600668,0.1603714695910059,0.4989557226399331
qt,FP,lofo,,,,,cd542a82b0c2d5c9a4ea167a84e5ea8a25c5d969,1.0,0.4818295739348371,0.1533374287597916,0.518170426065163
qt,FP,lofo,,,,,3981a1f440914e8108af3d854a1b01dd596a8a0e,1.0,0.2416457811194653,0.4104584652926632,0.7583542188805347
qt,FP,lofo,,,,,753c744b23abfecad6463890dfdf6e97c7eeaa5c,1.0,0.3047201336675021,0.303680727462095,0.6952798663324979
qt,TN,lofo,,,,,eb5994df1307b2e17e729374e1f7ab1c8fe82750,1.0,0.3068086883876357,0.2565002665642156,0.6931913116123642
qt,TN,lofo,,,,,5cb54cb5ebae99fab121061e25e26eec3056203a,1.0,0.2581453634085213,0.3216405436816641,0.7418546365914787
qt,TN,lofo,,,,,9a50333dd03969abb3f09c0f90dcb4afd048e47a,1.0,0.3283208020050125,0.2611063438225883,0.6716791979949874
qt,TN,lofo,,,,,bd79c331f14e6cfab9e0b5815404c8194526e8f1,1.0,0.2656641604010025,0.3116906839778342,0.7343358395989975
qt,TN,lofo,,,,,67ee72f3145fd14b36af408918ed3420504d3035,1.0,0.3492063492063492,0.2200008511841541,0.6507936507936508
qt,TN,lofo,,,,,121cdbdd30de1bee58e349859409dd08865c17f5,1.0,0.1927736006683375,0.4757063935597023,0.8072263993316625
qt,TN,lofo,,,,,fc2f0fb39008f95133f6fd24662fe92195431808,1.0,0.2844611528822055,0.2834182233611555,0.7155388471177945
qt,TN,lofo,,,,,9b3d91237bf38492fd97457624d4cb5cd486bd56,1.0,0.3450292397660818,0.2340368281861232,0.6549707602339181
qt,TN,lofo,,,,,2831fa76655c614ed3df0816401514950e79b5e6,1.0,0.2489557226399331,0.3106714024976053,0.7510442773600668
qt,TN,lofo,,,,,f3ca13f3d12f52c60f4cd41d0b336c24a8d3359d,1.0,0.369047619047619,0.2191393987139305,0.6309523809523809
qt,TN,lofo,,,,,e3b7957d6552e88aa23bd0ecc474db5f14981707,1.0,0.406641604010025,0.178672778320565,0.593358395989975
qt,TN,lofo,,,,,88a8deea86fe69448ca1586c2ee567a53dee1008,1.0,0.3283208020050125,0.2611063438225883,0.6716791979949874
qt,TN,lofo,,,,,bcf1167ccb52341d72e6e2921077d2244803ee8d,1.0,0.3251879699248119,0.2493146668934761,0.6748120300751881
qt,TN,lofo,,,,,3e379bcc799edb6a78bc8cea093a278dbe32f33c,1.0,0.285923141186299,0.2978283394278046,0.714076858813701
qt,TN,lofo,,,,,4ebc2cf74e557b65a8ce1dc518ca92f399ce89e8,1.0,0.2305764411027568,0.3569470451295571,0.7694235588972431
qt,TN,lofo,,,,,0234e5c96417f451f8de279b8ff92734836badd4,1.0,0.3245614035087719,0.2596060191072961,0.6754385964912282
qt,TN,lofo,,,,,4f4ad7c262ce4723417efa14c4d3fdb875be53d0,1.0,0.3193400167084377,0.2515526967958528,0.6806599832915623
qt,TN,lofo,,,,,e38a98ad4453974b2848eeed02d81e0c408ce0c6,1.0,0.31265664160401,0.2501372026385295,0.68734335839599
qt,TN,lofo,,,,,9b54447e453e2cb7b7375e2c6104b2595ab1594e,1.0,0.3105680868838763,0.2515526967958528,0.6894319131161237
qt,TN,lofo,,,,,4331ccd4b735d9d721a384193a3d42ee2ce6c805,1.0,0.3544277360066833,0.2340368281861232,0.6455722639933166
qt,FN,lofo,,,,,2ad213cc02094e003802530757fa4010720a22e6,1.0,0.3611111111111111,0.232227458903224,0.6388888888888888
qt,FN,lofo,,,,,3786411f7f8770f28ba2a97cb646a0eb7a5eaa99,1.0,0.2426900584795321,0.3820235279831384,0.7573099415204678
qt,FN,lofo,,,,,9e99dba4a22bbf212b3e6d1e2607a16dbbd04d90,1.0,0.306390977443609,0.2687657910084557,0.693609022556391
qt,FN,lofo,,,,,f506e01665c9bf689887ccf057a03588829efeea,1.0,0.2535505430242272,0.3127257688999973,0.7464494569757727
qt,FN,lofo,,,,,18f7e6dc9f59159b70cb7e6a8745738f42d4f46f,1.0,0.3408521303258145,0.2398155414215381,0.6591478696741855
qt,FN,lofo,,,,,67ced4791ddabebfa19a2f101aa292b5eba60b90,1.0,0.4550960735171261,0.1780884276302938,0.5449039264828739
qt,FN,lofo,,,,,ac48071b185d17022d48c6379a2549ac2736cb8c,1.0,0.4074770258980785,0.2082636958098394,0.5925229741019216
qt,FN,lofo,,,,,895cb4681ee78caaf9b99c88390a74ff1d79ae61,1.0,0.3398078529657476,0.2534879523011028,0.6601921470342523
qt,FN,lofo,,,,,d8782b0cc680f09d605133bd37a44d290894c01e,1.0,0.4550960735171261,0.1780884276302938,0.5449039264828739
qt,FN,lofo,,,,,8cf186cc7c56144b02d5b40d8f4832ff3021e68a,1.0,0.4074770258980785,0.2082636958098394,0.5925229741019216
qt,FN,lofo,,,,,eaa54a8f9884652513c7c3ab489f31ff1e5d712c,1.0,0.2667084377610693,0.3208504558789939,0.7332915622389307
qt,FN,lofo,,,,,4e3917587b11432d2d892f5146b367de2a3e4864,1.0,0.4550960735171261,0.1780884276302938,0.5449039264828739
qt,FN,lofo,,,,,7e298e2f2ceeee1a2d1a81238ca019d9a0c9519f,1.0,0.2395572263993316,0.3351892072780896,0.7604427736006684
qt,FN,lofo,,,,,93dabeba9dc5f6cbab60e65b3cc8df5fe48745a9,1.0,0.3084795321637427,0.2656600384653752,0.6915204678362573
qt,FN,lofo,,,,,e6d17c8691bfafa033b82a4d81a9caf4a2fd1b85,1.0,0.3550543024227234,0.2534879523011028,0.6449456975772765
qt,FN,lofo,,,,,5303225aef739c534714c1ac1d4dd096f0cc38d0,1.0,0.3579782790309106,0.2919002062920763,0.6420217209690894
qt,FN,lofo,,,,,a69edf01cb0a2a06282dc7b89724ffa542f6546d,1.0,0.3550543024227234,0.2534879523011028,0.6449456975772765
qt,FN,lofo,,,,,6486a4bd196ca2bf0047ae80e78eee06e5e18e18,1.0,0.4550960735171261,0.1780884276302938,0.5449039264828739
qt,FN,lofo,,,,,5629823b05ca7d24924ac879b5a0469a3cb03e78,1.0,0.2451963241436925,0.311225444184705,0.7548036758563075
qt,FN,lofo,,,,,cdbc4b83d59e08189d6ece9ccd88a646be155c08,1.0,0.3550543024227234,0.2534879523011028,0.6449456975772765
qt,TP,lofo,,,,,256bbc4f139036a780a63b80af8bb461a77d333a,1.0,0.4536340852130325,0.1655315885364784,0.5463659147869675
qt,TP,lofo,,,,,ae292be8690109940fdd9862321b2389a0957404,1.0,0.4598997493734335,0.16795955210932,0.5401002506265664
qt,TP,lofo,,,,,fa7626713b3a943609453459190e16c49d61dfd3,1.0,0.3826232247284878,0.3146498686461539,0.6173767752715121
qt,TP,lofo,,,,,da8ace713a19d2a8c9831ddf50d17607bc4856cc,1.0,0.4864243943191311,0.16795955210932,0.5135756056808689
qt,TP,lofo,,,,,d31304eab9e7424edc20fb83a8a19cd979458029,1.0,0.431704260651629,0.1847377155319652,0.568295739348371
qt,TP,lofo,,,,,9bd30943bae136d28d42b9a9188a8586c963d461,1.0,0.3544277360066833,0.2683742260142021,0.6455722639933166
qt,TP,lofo,,,,,dfda6f14b3e210a33b71ef1c6fa3c75a9c866cce,1.0,0.2291144527986633,0.3813132910705163,0.7708855472013367
qt,TP,lofo,,,,,5dd76ba31c3c7cb9c0d9d97cd62f0d2f535a23f7,1.0,0.306390977443609,0.3249412208599738,0.693609022556391
qt,TP,lofo,,,,,267edbec198a0cedbf7bed4c3c5fa93c1dbc86bd,1.0,0.394110275689223,0.2118072311684303,0.605889724310777
qt,TP,lofo,,,,,9d23aebb271ea534a66cb3aceb2e63d9a1c870d6,1.0,0.4864243943191311,0.16795955210932,0.5135756056808689
qt,TP,lofo,,,,,d3393ce25833c0afd7f0fa6b85fd6f3bd7ad520a,1.0,0.4912280701754385,0.1487534251138333,0.5087719298245614
qt,TP,lofo,,,,,03a1675eac4baf8c7a6e0602102bbafa3176771c,1.0,0.3356307435254803,0.341719384282619,0.6643692564745196
qt,TP,lofo,,,,,a50911bc0bfca1185e99ce6638fbf03cf592789d,1.0,0.3178780284043442,0.2875803530096888,0.6821219715956558
qt,TP,lofo,,,,,bb199cc8ad4111808260f6255312b08c7d81dcbc,1.0,0.3982873851294903,0.241304710377737,0.6017126148705096
qt,TP,lofo,,,,,b254b03dc3b1cfcfc5f17158d2470e0a9a946a0e,1.0,0.4864243943191311,0.16795955210932,0.5135756056808689
qt,TP,lofo,,,,,1a7bc520c5df4da80b7e65acbec1f546f9c87870,1.0,0.3157894736842105,0.294067164218514,0.6842105263157895
qt,TP,lofo,,,,,afbb57ae84ecbee5fab9eb6e58356b19d7995ea5,1.0,0.425438596491228,0.1847377155319652,0.574561403508772
qt,TP,lofo,,,,,17513266b81e88b84fda250734f07c94a198fabc,1.0,0.4864243943191311,0.16795955210932,0.5135756056808689
qt,TP,lofo,,,,,a4f8b9ae6dfacf9ad5c190cde6098ebf13102f41,1.0,0.3617376775271512,0.231013358163917,0.6382623224728488
qt,TP,lofo,,,,,fca89004d75412dd378cc44ad79ed3c1e05c765b,1.0,0.3387635756056809,0.2772890007958689,0.6612364243943192
openstack,FP,llm_counterfactual,qwen36_27b_local,full,0.2,,4b53e4edf9f7f8c794316d3a0920d727723d1bab,0.8,0.4680701754385964,0.0888344067473824,0.3319298245614036
openstack,FP,llm_counterfactual,qwen36_27b_local,full,0.2,,2530ccff8f0a0105d1626c65616080b27682e129,0.6023809523809524,0.4139933166248956,0.1128858895442525,0.1883876357560567
openstack,FP,llm_counterfactual,qwen36_27b_local,full,0.2,,e847eed4a5600b6812338bb4903a0cffcde7f1f3,0.638095238095238,0.4255488721804511,0.2594059163875933,0.2125463659147869
openstack,FP,llm_counterfactual,qwen36_27b_local,full,0.2,,034db863a02ce38a520e4b8aa3a65e1ccdb37f30,0.7666666666666666,0.4572263993316625,0.1892369448023427,0.3094402673350041
openstack,FP,llm_counterfactual,qwen36_27b_local,full,0.2,,bfcd4b2f1be3ab37ae0801dd523ce952577cda14,0.5919047619047619,0.5004519632414369,0.1418081661892224,0.091452798663325
openstack,FP,llm_counterfactual,qwen36_27b_local,full,0.2,,410a83c89de9912207574999b3736a550ed253ba,0.8666666666666666,0.3184252297410192,0.144807145289922,0.5482414369256474
openstack,FP,llm_counterfactual,qwen36_27b_local,full,0.2,,4e2919e6b208a2e95d75782f9cad0a6f0892d983,0.6785714285714286,0.4558320802005012,0.0931524945362274,0.2227393483709273
openstack,FP,llm_counterfactual,qwen36_27b_local,full,0.2,,558f7b00f56f37adaa68239c9ce95d25b2d65f56,0.7714285714285715,0.4025730994152047,0.1152937830537981,0.3688554720133667
openstack,FP,llm_counterfactual,qwen36_27b_local,full,0.2,,296da649452f66dd15a15ee4274ab0f8609250e2,0.6952380952380952,0.472329156223893,0.1239881303139927,0.2229089390142021
openstack,FP,llm_counterfactual,qwen36_27b_local,full,0.2,,280cc7c5ae4b07a9a1e23b8f9cc925be9872c8e1,0.7,0.4865079365079364,0.0675267476464051,0.2134920634920635
openstack,FP,llm_counterfactual,qwen36_27b_local,full,0.2,,6aecf475dbff9c7d477378c021749b987d47deae,0.8,0.45,0.0888344067473824,0.35
openstack,FP,llm_counterfactual,qwen36_27b_local,full,0.2,,baa52224dc73e8ca3bdcbdaa5d62bc26fb38052f,0.6095238095238095,0.5022472848788638,0.0715987315508377,0.1072765246449456
openstack,FP,llm_counterfactual,qwen36_27b_local,full,0.2,,70de423255fd01822188bb9082a0c0cc1c8ec2d0,0.638095238095238,0.4021553884711779,0.1152937830537981,0.2359398496240601
openstack,FP,llm_counterfactual,qwen36_27b_local,full,0.2,,2bb9e5563c69f79d5da23668b08dd9c88f9d4348,0.6714285714285715,0.5039214703425229,0.1064537944106151,0.1675071010860486
openstack,FP,llm_counterfactual,qwen36_27b_local,full,0.2,,41d6b479fe8baf66578044b8773c3b892d64a2c4,0.6523809523809524,0.4910776942355889,0.0715987315508377,0.1613032581453634
openstack,FP,llm_counterfactual,qwen36_27b_local,full,0.2,,e4ea54104ec38f5fe4c792d4d3d1865de34bb4c3,0.8666666666666666,0.4344912280701754,0.1585314988159132,0.4321754385964911
openstack,FP,llm_counterfactual,qwen36_27b_local,full,0.2,,a985e34cdeef777fe7ff943e363a5f1be6d991b7,0.7428571428571428,0.5224110275689223,0.0931524945362274,0.2204461152882204
openstack,FP,llm_counterfactual,qwen36_27b_local,full,0.2,,ce12d7a1e53fffce57baab18de2ab885ba1df8ee,1.0,0.5569172932330827,0.0365134412110476,0.4430827067669173
openstack,FP,llm_counterfactual,qwen36_27b_local,full,0.2,,3eea37b85b1abc72786a2b24baf01141b4d95f08,0.6952380952380952,0.4545998329156223,0.1239881303139927,0.2406382623224728
openstack,FP,llm_counterfactual,qwen36_27b_local,full,0.2,,750e065d6d137715dd03d5c90623145177f64cbb,1.0,0.3301796157059314,0.2106255783715064,0.6698203842940685
openstack,TN,llm_counterfactual,qwen36_27b_local,full,0.2,,467b4e4d419f0ca5db8468516d64ffec5cedc67e,0.7428571428571428,0.57093567251462,0.0973456851532015,0.1719214703425228
openstack,TN,llm_counterfactual,qwen36_27b_local,full,0.2,,936f765b855d7af14ae557383f0dcc6fd9e8655c,0.6952380952380952,0.5980735171261488,0.0449562863900466,0.0971645781119464
openstack,TN,llm_counterfactual,qwen36_27b_local,full,0.2,,8b44c9df29572efca928c1d36fa3e7a90e94caa0,0.8,0.5088020050125314,0.0364438949588154,0.2911979949874687
openstack,TN,llm_counterfactual,qwen36_27b_local,full,0.2,,4d75cbf3c35a8aa917d3970beac99d612f13eed3,0.6952380952380952,0.5536842105263158,0.1217053683444011,0.1415538847117794
openstack,TN,llm_counterfactual,qwen36_27b_local,full,0.2,,2ecaad46a737c24965ae81fc19947db9264de684,0.5285714285714286,0.5240601503759398,0.1460771116367029,0.0045112781954887
openstack,TN,llm_counterfactual,qwen36_27b_local,full,0.2,,bfb9d3f179607c25f91d77585f97df6d0704c253,1.0,0.6086633249791144,0.0366986331193642,0.3913366750208856
openstack,TN,llm_counterfactual,qwen36_27b_local,full,0.2,,1a3f2e8f44f0138d0328312e07b1341970c7903a,0.5238095238095238,0.4416741854636591,0.175693602449573,0.0821353383458646
openstack,TN,llm_counterfactual,qwen36_27b_local,full,0.2,,70fad48add19cc565726f098e1e7a2165b24cc77,0.7428571428571428,0.5737861319966583,0.1166810534649623,0.1690710108604844
openstack,TN,llm_counterfactual,qwen36_27b_local,full,0.2,,79a1a113775df87d420b242cea4bbf953df3779c,0.8,0.593734335839599,0.0364438949588154,0.206265664160401
openstack,TN,llm_counterfactual,qwen36_27b_local,full,0.2,,dd444d84759d7b3c17e7c3e97f9565546f9d3df2,0.7333333333333333,0.5335588972431078,0.0449562863900466,0.1997744360902255
openstack,TN,llm_counterfactual,qwen36_27b_local,full,0.2,,747373f4bdfe4814000a88e4443b56545d5d55bd,0.5476190476190477,0.5193266499582289,0.1460771116367029,0.0282923976608188
openstack,TN,llm_counterfactual,qwen36_27b_local,full,0.2,,978066fe31a5331f143a05e1fd753c729b2dcf09,0.6285714285714286,0.5451127819548871,0.0449562863900466,0.0834586466165414
openstack,TN,llm_counterfactual,qwen36_27b_local,full,0.2,,545925c66cb3ee005aa7e497ad4b3c97eb2f410b,0.8666666666666666,0.3490643274853801,0.2104002797111684,0.5176023391812865
openstack,TN,llm_counterfactual,qwen36_27b_local,full,0.2,,d2e40a3e49819dace92975de3e3d7ba3a3fac79d,0.6857142857142857,0.6018111946532999,0.0449562863900466,0.0839030910609858
openstack,TN,llm_counterfactual,qwen36_27b_local,full,0.2,,57566f4c8d2929c25e76564883369a7c6eda720a,0.5297619047619048,0.5098746867167919,0.2101774745090514,0.0198872180451128
openstack,TN,llm_counterfactual,qwen36_27b_local,full,0.2,,87be408b126e81ded85b03896f9c85f8a8d4ac90,0.8666666666666666,0.6251913116123642,0.0364438949588154,0.2414753550543024
openstack,TN,llm_counterfactual,qwen36_27b_local,full,0.2,,dd13c2784b5aec539197d1b76fafc6a6b38a33e8,0.8666666666666666,0.5719047619047618,0.0465873000957091,0.2947619047619048
openstack,TN,llm_counterfactual,qwen36_27b_local,full,0.2,,1e6538d43e76b867776cf226e1d6d6c900412f99,0.5869047619047618,0.4632163742690058,0.227095921781842,0.1236883876357559
openstack,TN,llm_counterfactual,qwen36_27b_local,full,0.2,,348b7a9f7d64094d60ece0460aed02b66c52f1b1,0.7428571428571428,0.5285296574770258,0.1303997156045957,0.2143274853801169
openstack,TN,llm_counterfactual,qwen36_27b_local,full,0.2,,5cc9d999352c21d3f4b5c39d3ea9d4378ca86544,0.8666666666666666,0.5972848788638262,0.125984490572229,0.2693817878028404
openstack,TP,llm_counterfactual,qwen36_27b_local,full,0.2,,eaf6340847c35ace3b4b681a95b8a79a7a3f2491,1.0,0.5397243107769423,0.0370901981136178,0.4602756892230577
openstack,TP,llm_counterfactual,qwen36_27b_local,full,0.2,,fd351903a1759109f66d0c66d42cd3a1b7f23861,1.0,0.4742272347535505,0.053868361536263,0.5257727652464494
openstack,TP,llm_counterfactual,qwen36_27b_local,full,0.2,,83a5f90f82b40be4c74685f557d6af0f8a3b1a30,0.6523809523809524,0.3884628237259816,0.1341417248347034,0.2639181286549708
openstack,TP,llm_counterfactual,qwen36_27b_local,full,0.2,,6f1a1f5e8ead9ceb145e13927cd9ae7fdca9add4,0.6523809523809524,0.5371562238930659,0.0705871059220423,0.1152247284878864
openstack,TP,llm_counterfactual,qwen36_27b_local,full,0.2,,e7bdd19f0ed7d4c61d195735ee43a11da78f97d6,0.5297619047619048,0.5396624895572264,0.0737675470539662,-0.0099005847953216
openstack,TP,llm_counterfactual,qwen36_27b_local,full,0.2,,7cfdf4aa811fb708d9fed4e36aec79c26d19cfee,0.8666666666666666,0.4711027568922306,0.0834533368068457,0.395563909774436
openstack,TP,llm_counterfactual,qwen36_27b_local,full,0.2,,e55a5f412bf6bc343eb8bb11348afe57c2012066,0.4821428571428571,0.4497794486215539,0.2051996421876037,0.0323634085213032
openstack,TP,llm_counterfactual,qwen36_27b_local,full,0.2,,c08f99c7e072e349632684d565bcac357ce93b6d,0.6047619047619047,0.5631428571428572,0.0512517376102815,0.0416190476190475
openstack,TP,llm_counterfactual,qwen36_27b_local,full,0.2,,45662d77a2da77714f8e792e86ebd64a52270ef5,0.4186507936507936,0.4175605680868838,0.2393932367428042,0.0010902255639098
openstack,TP,llm_counterfactual,qwen36_27b_local,full,0.2,,6f31523b314e7ac4ad83d13842cf2fa1014c39b2,0.5809523809523809,0.5006365914786967,0.0672970507374903,0.0803157894736842
openstack,TP,llm_counterfactual,qwen36_27b_local,full,0.2,,76d3c644f3f5866a5c07f80b66132d81b8b57e78,0.6714285714285715,0.5572681704260651,0.0512517376102815,0.1141604010025063
openstack,TP,llm_counterfactual,qwen36_27b_local,full,0.2,,88c62c1ca290c1d2a33ff192a302e492a4b11cb3,0.7,0.466375939849624,0.188281194914813,0.2336240601503759
openstack,TP,llm_counterfactual,qwen36_27b_local,full,0.2,,379cf65d82b11f5e6f8732a585d5373beda85046,0.4599206349206349,0.4469089390142021,0.1252648833458013,0.0130116959064327
openstack,TP,llm_counterfactual,qwen36_27b_local,full,0.2,,03db94ebaa3fc2c76694fd566e2c9eefbf851a7f,0.6523809523809524,0.4976608187134503,0.0765557464281637,0.1547201336675021
openstack,TP,llm_counterfactual,qwen36_27b_local,full,0.2,,22c9cf3d95c3d14351045bac2920b4e0994ec42f,0.7,0.4991645781119465,0.073309931669952,0.2008354218880534
openstack,TP,llm_counterfactual,qwen36_27b_local,full,0.2,,092820939d53268152893a15fdaf5129554fbcb3,1.0,0.5819799498746867,0.0287341014050479,0.4180200501253133
openstack,TP,llm_counterfactual,qwen36_27b_local,full,0.2,,40eaa89a9001edda3e1146831b26aaf7ded64c4a,0.8,0.5788120300751879,0.0437885880490895,0.2211879699248121
openstack,TP,llm_counterfactual,qwen36_27b_local,full,0.2,,56324c12aa58ff9cf46582611b071f3abb743ddf,0.63,0.4659598997493734,0.1762773655426338,0.1640401002506266
openstack,TP,llm_counterfactual,qwen36_27b_local,full,0.2,,5f2b88b1aafb9a35638e54f796685f633428b6a5,0.5297619047619048,0.5146165413533834,0.1252648833458013,0.0151453634085213
openstack,TP,llm_counterfactual,qwen36_27b_local,full,0.2,,3b28cb2a10f7746a32cb7f7b62b6fc92ebcfb1e5,0.6238095238095238,0.5064461152882205,0.0705871059220423,0.1173634085213033
openstack,FN,llm_counterfactual,qwen36_27b_local,full,0.2,,1476b030bd53deddd85468c0d8b545d8f8f30f19,0.7666666666666666,0.5677218045112782,0.1217053683444011,0.1989448621553884
openstack,FN,llm_counterfactual,qwen36_27b_local,full,0.2,,ab1cb6378f136ae8adcb0027385b43763e402cca,0.7,0.4443191311612364,0.1972488609328035,0.2556808688387635
openstack,FN,llm_counterfactual,qwen36_27b_local,full,0.2,,2b60912d5667350eae7ecbc67d4dba3658518d10,0.8666666666666666,0.604922305764411,0.0364438949588154,0.2617443609022556
openstack,FN,llm_counterfactual,qwen36_27b_local,full,0.2,,763fd62464e9a0753e061171cc1fd826055bbc01,0.5357142857142857,0.4536240601503759,0.2504259526565516,0.0820902255639097
openstack,FN,llm_counterfactual,qwen36_27b_local,full,0.2,,267eea50fd9e9c74faa96d529a7ec2fd8aa8d51f,0.6857142857142857,0.5733032581453633,0.0642916547018074,0.1124110275689224
openstack,FN,llm_counterfactual,qwen36_27b_local,full,0.2,,bc6ca87a6a01ecbda926a78d07cadbd4e3ab97e0,0.6285714285714286,0.5736624895572263,0.1140997511540212,0.0549089390142022
openstack,FN,llm_counterfactual,qwen36_27b_local,full,0.2,,703ba3c4e3d0b442c3097b6c844a59e560c09fe8,0.8,0.6127318295739348,0.0364438949588154,0.1872681704260652
openstack,FN,llm_counterfactual,qwen36_27b_local,full,0.2,,e3df049cad2b7a264acbad4d6baecbc813546e5d,0.72,0.5744761904761905,0.0364438949588154,0.1455238095238095
openstack,FN,llm_counterfactual,qwen36_27b_local,full,0.2,,d1b3adfbe471ad99ddf0dd2b483b77435c157aea,0.7714285714285715,0.602922305764411,0.0642916547018074,0.1685062656641605
openstack,FN,llm_counterfactual,qwen36_27b_local,full,0.2,,848664f646bf087df59778434daa6feae1e71c74,0.7666666666666666,0.4782456140350877,0.1077082653193899,0.2884210526315789
openstack,FN,llm_counterfactual,qwen36_27b_local,full,0.2,,91a8cd2952a25b340f5778cace95910e43cbcbb6,0.7666666666666666,0.4123475355054302,0.1253754007251569,0.3543191311612363
openstack,FN,llm_counterfactual,qwen36_27b_local,full,0.2,,d402747547e1a356c6c2c20b57f52af39b63e831,0.6761904761904762,0.5923567251461987,0.0642916547018074,0.0838337510442774
openstack,FN,llm_counterfactual,qwen36_27b_local,full,0.2,,017dd6b4bcf92c14d49421268cb571c00879f3cc,0.4502380952380952,0.415015873015873,0.1736476440114112,0.0352222222222222
openstack,FN,llm_counterfactual,qwen36_27b_local,full,0.2,,913a99c79456abbfef1642e6dc70e6a4ff4e25db,0.6523809523809524,0.4487677527151211,0.1523329212191116,0.2036131996658313
openstack,FN,llm_counterfactual,qwen36_27b_local,full,0.2,,1c6b2fce289b68af92afeddf8d30efcda1903f06,0.6571428571428571,0.4693299916457811,0.1654004198473615,0.187812865497076
openstack,FN,llm_counterfactual,qwen36_27b_local,full,0.2,,8ccdc4ac5053c6e39660044a9f8c1f695370e9a7,0.6952380952380952,0.4211111111111111,0.278873564633866,0.2741269841269841
openstack,FN,llm_counterfactual,qwen36_27b_local,full,0.2,,c2c37272bf788aac63399127cddd487dc0f15c38,0.7714285714285715,0.602922305764411,0.0642916547018074,0.1685062656641605
openstack,FN,llm_counterfactual,qwen36_27b_local,full,0.2,,37510ac03478704bafba89e8c4f4e0e9041d661d,0.7666666666666666,0.4434920634920635,0.1166810534649623,0.3231746031746031
openstack,FN,llm_counterfactual,qwen36_27b_local,full,0.2,,221f386029faf499c5a445374685cba5b67df31e,0.8,0.6226365914786967,0.0364438949588154,0.1773634085213034
openstack,FN,llm_counterfactual,qwen36_27b_local,full,0.2,,589c495c1ae62129e20ab5e2641e330541eee01f,1.0,0.5040392648287385,0.1136534077575466,0.4959607351712615
openstack,FP,llm_kernelshap,qwen36_27b_local,full,0.2,,4b53e4edf9f7f8c794316d3a0920d727723d1bab,0.8666666666666666,0.555655806182122,0.0910884051672472,0.3110108604845446
openstack,FP,llm_kernelshap,qwen36_27b_local,full,0.2,,2530ccff8f0a0105d1626c65616080b27682e129,0.5273809523809524,0.3903091060985797,0.1901050255422741,0.1370718462823726
openstack,FP,llm_kernelshap,qwen36_27b_local,full,0.2,,e847eed4a5600b6812338bb4903a0cffcde7f1f3,0.6857142857142857,0.4810526315789473,0.2806732833449525,0.2046616541353383
openstack,FP,llm_kernelshap,qwen36_27b_local,full,0.2,,034db863a02ce38a520e4b8aa3a65e1ccdb37f30,0.8,0.5221052631578947,0.233788593482062,0.2778947368421053
openstack,FP,llm_kernelshap,qwen36_27b_local,full,0.2,,bfcd4b2f1be3ab37ae0801dd523ce952577cda14,0.8666666666666666,0.5783709273182958,0.1420659652540343,0.2882957393483708
openstack,FP,llm_kernelshap,qwen36_27b_local,full,0.2,,410a83c89de9912207574999b3736a550ed253ba,1.0,0.369047619047619,0.2200121123193986,0.6309523809523809
openstack,FP,llm_kernelshap,qwen36_27b_local,full,0.2,,4e2919e6b208a2e95d75782f9cad0a6f0892d983,1.0,0.5469089390142021,0.0854938819468372,0.4530910609857979
openstack,FP,llm_kernelshap,qwen36_27b_local,full,0.2,,558f7b00f56f37adaa68239c9ce95d25b2d65f56,0.8666666666666666,0.3322890559732665,0.2096633854929641,0.5343776106934001
openstack,FP,llm_kernelshap,qwen36_27b_local,full,0.2,,296da649452f66dd15a15ee4274ab0f8609250e2,0.8,0.4301253132832079,0.1450739788955055,0.3698746867167921
openstack,FP,llm_kernelshap,qwen36_27b_local,full,0.2,,280cc7c5ae4b07a9a1e23b8f9cc925be9872c8e1,0.8666666666666666,0.5032664995822891,0.1115466630347005,0.3634001670843775
openstack,FP,llm_kernelshap,qwen36_27b_local,full,0.2,,6aecf475dbff9c7d477378c021749b987d47deae,1.0,0.5710526315789474,0.0805463121784745,0.4289473684210526
openstack,FP,llm_kernelshap,qwen36_27b_local,full,0.2,,baa52224dc73e8ca3bdcbdaa5d62bc26fb38052f,0.7333333333333333,0.5428654970760234,0.192903203142828,0.1904678362573099
openstack,FP,llm_kernelshap,qwen36_27b_local,full,0.2,,70de423255fd01822188bb9082a0c0cc1c8ec2d0,1.0,0.5511278195488721,0.0954437416506671,0.4488721804511278
openstack,FP,llm_kernelshap,qwen36_27b_local,full,0.2,,2bb9e5563c69f79d5da23668b08dd9c88f9d4348,0.6714285714285715,0.4975438596491228,0.1217708273606009,0.1738847117794487
openstack,FP,llm_kernelshap,qwen36_27b_local,full,0.2,,41d6b479fe8baf66578044b8773c3b892d64a2c4,0.5333333333333333,0.5064661654135338,0.1398680261050046,0.0268671679197994
openstack,FP,llm_kernelshap,qwen36_27b_local,full,0.2,,e4ea54104ec38f5fe4c792d4d3d1865de34bb4c3,0.8666666666666666,0.4785380116959064,0.2503260928491916,0.3881286549707601
openstack,FP,llm_kernelshap,qwen36_27b_local,full,0.2,,a985e34cdeef777fe7ff943e363a5f1be6d991b7,1.0,0.4158312447786131,0.1317695245787891,0.5841687552213868
openstack,FP,llm_kernelshap,qwen36_27b_local,full,0.2,,ce12d7a1e53fffce57baab18de2ab885ba1df8ee,0.8666666666666666,0.5819047619047618,0.0969501058599258,0.2847619047619047
openstack,FP,llm_kernelshap,qwen36_27b_local,full,0.2,,3eea37b85b1abc72786a2b24baf01141b4d95f08,1.0,0.5511278195488721,0.0954437416506671,0.4488721804511278
openstack,FP,llm_kernelshap,qwen36_27b_local,full,0.2,,750e065d6d137715dd03d5c90623145177f64cbb,0.7666666666666666,0.4938429406850459,0.1723605074126692,0.2728237259816207
openstack,TN,llm_kernelshap,qwen36_27b_local,full,0.2,,467b4e4d419f0ca5db8468516d64ffec5cedc67e,0.7666666666666666,0.4645279866332498,0.1143151701544717,0.3021386800334168
openstack,TN,llm_kernelshap,qwen36_27b_local,full,0.2,,936f765b855d7af14ae557383f0dcc6fd9e8655c,0.619047619047619,0.5635588972431078,0.0876288359756967,0.0554887218045111
openstack,TN,llm_kernelshap,qwen36_27b_local,full,0.2,,8b44c9df29572efca928c1d36fa3e7a90e94caa0,0.5333333333333333,0.4687886382623225,0.1198230194444364,0.0645446950710108
openstack,TN,llm_kernelshap,qwen36_27b_local,full,0.2,,4d75cbf3c35a8aa917d3970beac99d612f13eed3,0.8666666666666666,0.586265664160401,0.0578089057523411,0.2804010025062655
openstack,TN,llm_kernelshap,qwen36_27b_local,full,0.2,,2ecaad46a737c24965ae81fc19947db9264de684,1.0,0.4966165413533834,0.0750559618582565,0.5033834586466166
openstack,TN,llm_kernelshap,qwen36_27b_local,full,0.2,,bfb9d3f179607c25f91d77585f97df6d0704c253,0.7428571428571428,0.5194653299916457,0.1206828664270909,0.223391812865497
openstack,TN,llm_kernelshap,qwen36_27b_local,full,0.2,,1a3f2e8f44f0138d0328312e07b1341970c7903a,0.7428571428571428,0.4922138680033416,0.1867909273298793,0.2506432748538011
openstack,TN,llm_kernelshap,qwen36_27b_local,full,0.2,,70fad48add19cc565726f098e1e7a2165b24cc77,0.5714285714285714,0.4994820384294068,0.1389160602881834,0.0719465329991645
openstack,TN,llm_kernelshap,qwen36_27b_local,full,0.2,,79a1a113775df87d420b242cea4bbf953df3779c,0.5119047619047619,0.5099582289055973,0.1361258414301469,0.0019465329991645
openstack,TN,llm_kernelshap,qwen36_27b_local,full,0.2,,dd444d84759d7b3c17e7c3e97f9565546f9d3df2,0.8666666666666666,0.5113533834586466,0.1135241949686675,0.35531328320802
openstack,TN,llm_kernelshap,qwen36_27b_local,full,0.2,,747373f4bdfe4814000a88e4443b56545d5d55bd,0.5238095238095238,0.449515455304929,0.184756784205944,0.0742940685045948
openstack,TN,llm_kernelshap,qwen36_27b_local,full,0.2,,978066fe31a5331f143a05e1fd753c729b2dcf09,0.7333333333333333,0.3624895572263993,0.2234065247826438,0.370843776106934
openstack,TN,llm_kernelshap,qwen36_27b_local,full,0.2,,545925c66cb3ee005aa7e497ad4b3c97eb2f410b,0.8,0.4885964912280701,0.1135241949686675,0.3114035087719299
openstack,TN,llm_kernelshap,qwen36_27b_local,full,0.2,,d2e40a3e49819dace92975de3e3d7ba3a3fac79d,0.7666666666666666,0.486766917293233,0.1288778700061936,0.2798997493734336
openstack,TN,llm_kernelshap,qwen36_27b_local,full,0.2,,57566f4c8d2929c25e76564883369a7c6eda720a,0.6761904761904762,0.5106766917293233,0.1610878627454993,0.1655137844611529
openstack,TN,llm_kernelshap,qwen36_27b_local,full,0.2,,87be408b126e81ded85b03896f9c85f8a8d4ac90,0.7428571428571428,0.5673433583959899,0.0932455421478241,0.1755137844611528
openstack,TN,llm_kernelshap,qwen36_27b_local,full,0.2,,dd13c2784b5aec539197d1b76fafc6a6b38a33e8,0.8,0.4163575605680868,0.0889429622942453,0.3836424394319132
openstack,TN,llm_kernelshap,qwen36_27b_local,full,0.2,,1e6538d43e76b867776cf226e1d6d6c900412f99,0.7666666666666666,0.5706015037593984,0.0876288359756967,0.1960651629072681
openstack,TN,llm_kernelshap,qwen36_27b_local,full,0.2,,348b7a9f7d64094d60ece0460aed02b66c52f1b1,0.6047619047619047,0.4274519632414369,0.1804232310572601,0.1773099415204678
openstack,TN,llm_kernelshap,qwen36_27b_local,full,0.2,,5cc9d999352c21d3f4b5c39d3ea9d4378ca86544,0.488095238095238,0.4352380952380952,0.1361258414301469,0.0528571428571427
openstack,TP,llm_kernelshap,qwen36_27b_local,full,0.2,,eaf6340847c35ace3b4b681a95b8a79a7a3f2491,1.0,0.4698412698412698,0.1024777824818814,0.5301587301587302
openstack,TP,llm_kernelshap,qwen36_27b_local,full,0.2,,fd351903a1759109f66d0c66d42cd3a1b7f23861,0.8,0.5069340016708438,0.1072649585904854,0.2930659983291562
openstack,TP,llm_kernelshap,qwen36_27b_local,full,0.2,,83a5f90f82b40be4c74685f557d6af0f8a3b1a30,1.0,0.530952380952381,0.0521547406646537,0.469047619047619
openstack,TP,llm_kernelshap,qwen36_27b_local,full,0.2,,6f1a1f5e8ead9ceb145e13927cd9ae7fdca9add4,0.5476190476190477,0.4681954887218045,0.1053081208831983,0.0794235588972431
openstack,TP,llm_kernelshap,qwen36_27b_local,full,0.2,,e7bdd19f0ed7d4c61d195735ee43a11da78f97d6,0.5630952380952381,0.4718796992481203,0.1310348921758191,0.0912155388471178
openstack,TP,llm_kernelshap,qwen36_27b_local,full,0.2,,7cfdf4aa811fb708d9fed4e36aec79c26d19cfee,0.7,0.3720802005012531,0.1310348921758191,0.3279197994987468
openstack,TP,llm_kernelshap,qwen36_27b_local,full,0.2,,e55a5f412bf6bc343eb8bb11348afe57c2012066,0.5571428571428572,0.332890559732665,0.2580707117899476,0.2242522974101921
openstack,TP,llm_kernelshap,qwen36_27b_local,full,0.2,,c08f99c7e072e349632684d565bcac357ce93b6d,0.5869047619047618,0.4896741854636591,0.1254631579372774,0.0972305764411027
openstack,TP,llm_kernelshap,qwen36_27b_local,full,0.2,,45662d77a2da77714f8e792e86ebd64a52270ef5,0.5952380952380951,0.4149373433583959,0.2869929884349176,0.1803007518796991
openstack,TP,llm_kernelshap,qwen36_27b_local,full,0.2,,6f31523b314e7ac4ad83d13842cf2fa1014c39b2,0.5809523809523809,0.4614786967418546,0.2107125106391611,0.1194736842105262
openstack,TP,llm_kernelshap,qwen36_27b_local,full,0.2,,76d3c644f3f5866a5c07f80b66132d81b8b57e78,1.0,0.4553884711779448,0.1087217355104255,0.5446115288220552
openstack,TP,llm_kernelshap,qwen36_27b_local,full,0.2,,88c62c1ca290c1d2a33ff192a302e492a4b11cb3,0.8666666666666666,0.423015873015873,0.2455119948674193,0.4436507936507936
openstack,TP,llm_kernelshap,qwen36_27b_local,full,0.2,,379cf65d82b11f5e6f8732a585d5373beda85046,0.8666666666666666,0.4675605680868838,0.0718819142769443,0.3991060985797827
openstack,TP,llm_kernelshap,qwen36_27b_local,full,0.2,,03db94ebaa3fc2c76694fd566e2c9eefbf851a7f,1.0,0.4124895572263993,0.112331351880191,0.5875104427736006
openstack,TP,llm_kernelshap,qwen36_27b_local,full,0.2,,22c9cf3d95c3d14351045bac2920b4e0994ec42f,0.7666666666666666,0.4310776942355889,0.1383621513345925,0.3355889724310776
openstack,TP,llm_kernelshap,qwen36_27b_local,full,0.2,,092820939d53268152893a15fdaf5129554fbcb3,0.6952380952380952,0.4714118629908103,0.0996914147110709,0.2238262322472848
openstack,TP,llm_kernelshap,qwen36_27b_local,full,0.2,,40eaa89a9001edda3e1146831b26aaf7ded64c4a,0.7333333333333333,0.3887385129490392,0.1714161817859867,0.344594820384294
openstack,TP,llm_kernelshap,qwen36_27b_local,full,0.2,,56324c12aa58ff9cf46582611b071f3abb743ddf,0.7333333333333333,0.4395071010860484,0.2238055805491416,0.2938262322472848
openstack,TP,llm_kernelshap,qwen36_27b_local,full,0.2,,5f2b88b1aafb9a35638e54f796685f633428b6a5,1.0,0.530952380952381,0.0521547406646537,0.469047619047619
openstack,TP,llm_kernelshap,qwen36_27b_local,full,0.2,,3b28cb2a10f7746a32cb7f7b62b6fc92ebcfb1e5,1.0,0.3548454469507101,0.1717755415650225,0.6451545530492899
openstack,FN,llm_kernelshap,qwen36_27b_local,full,0.2,,1476b030bd53deddd85468c0d8b545d8f8f30f19,0.5059523809523809,0.4796324143692564,0.2375822739209953,0.0263199665831244
openstack,FN,llm_kernelshap,qwen36_27b_local,full,0.2,,ab1cb6378f136ae8adcb0027385b43763e402cca,0.6714285714285715,0.4872598162071846,0.1367757949997778,0.1841687552213868
openstack,FN,llm_kernelshap,qwen36_27b_local,full,0.2,,2b60912d5667350eae7ecbc67d4dba3658518d10,0.8666666666666666,0.5282706766917293,0.2010872586481141,0.3383959899749372
openstack,FN,llm_kernelshap,qwen36_27b_local,full,0.2,,763fd62464e9a0753e061171cc1fd826055bbc01,0.5714285714285714,0.4206766917293232,0.1721301667783852,0.1507518796992481
openstack,FN,llm_kernelshap,qwen36_27b_local,full,0.2,,267eea50fd9e9c74faa96d529a7ec2fd8aa8d51f,0.8666666666666666,0.5605764411027568,0.072983627508074,0.3060902255639097
openstack,FN,llm_kernelshap,qwen36_27b_local,full,0.2,,bc6ca87a6a01ecbda926a78d07cadbd4e3ab97e0,1.0,0.4074770258980785,0.1879950269145708,0.5925229741019216
openstack,FN,llm_kernelshap,qwen36_27b_local,full,0.2,,703ba3c4e3d0b442c3097b6c844a59e560c09fe8,0.7428571428571428,0.4752882205513784,0.1342821620818363,0.2675689223057643
openstack,FN,llm_kernelshap,qwen36_27b_local,full,0.2,,e3df049cad2b7a264acbad4d6baecbc813546e5d,1.0,0.4609440267335004,0.0805463121784745,0.5390559732664997
openstack,FN,llm_kernelshap,qwen36_27b_local,full,0.2,,d1b3adfbe471ad99ddf0dd2b483b77435c157aea,0.5714285714285714,0.485079365079365,0.1946203482897177,0.0863492063492063
openstack,FN,llm_kernelshap,qwen36_27b_local,full,0.2,,848664f646bf087df59778434daa6feae1e71c74,0.8,0.5642105263157895,0.1041176840499781,0.2357894736842105
openstack,FN,llm_kernelshap,qwen36_27b_local,full,0.2,,91a8cd2952a25b340f5778cace95910e43cbcbb6,1.0,0.4657477025898078,0.1066193669263323,0.5342522974101922
openstack,FN,llm_kernelshap,qwen36_27b_local,full,0.2,,d402747547e1a356c6c2c20b57f52af39b63e831,0.5952380952380951,0.5477944862155388,0.1367757949997778,0.0474436090225562
openstack,FN,llm_kernelshap,qwen36_27b_local,full,0.2,,017dd6b4bcf92c14d49421268cb571c00879f3cc,0.8666666666666666,0.5682038429406849,0.072983627508074,0.2984628237259816
openstack,FN,llm_kernelshap,qwen36_27b_local,full,0.2,,913a99c79456abbfef1642e6dc70e6a4ff4e25db,0.6952380952380952,0.4141938178780284,0.1636661601524746,0.2810442773600668
openstack,FN,llm_kernelshap,qwen36_27b_local,full,0.2,,1c6b2fce289b68af92afeddf8d30efcda1903f06,0.8,0.5471345029239766,0.072983627508074,0.2528654970760234
openstack,FN,llm_kernelshap,qwen36_27b_local,full,0.2,,8ccdc4ac5053c6e39660044a9f8c1f695370e9a7,1.0,0.5175438596491228,0.1712168634919257,0.4824561403508772
openstack,FN,llm_kernelshap,qwen36_27b_local,full,0.2,,c2c37272bf788aac63399127cddd487dc0f15c38,0.6285714285714286,0.5436591478696742,0.1126201427825,0.0849122807017543
openstack,FN,llm_kernelshap,qwen36_27b_local,full,0.2,,37510ac03478704bafba89e8c4f4e0e9041d661d,0.5809523809523809,0.5471679197994986,0.1472871747953313,0.0337844611528822
openstack,FN,llm_kernelshap,qwen36_27b_local,full,0.2,,221f386029faf499c5a445374685cba5b67df31e,0.7333333333333333,0.5340267335004177,0.0917031594898176,0.1993065998329155
openstack,FN,llm_kernelshap,qwen36_27b_local,full,0.2,,589c495c1ae62129e20ab5e2641e330541eee01f,0.8666666666666666,0.3410693400167084,0.1850821528185418,0.5255973266499582
openstack,FP,llm_lime,qwen36_27b_local,full,0.2,,4b53e4edf9f7f8c794316d3a0920d727723d1bab,0.8666666666666666,0.5267919799498746,0.1089998114071611,0.339874686716792
openstack,FP,llm_lime,qwen36_27b_local,full,0.2,,2530ccff8f0a0105d1626c65616080b27682e129,1.0,0.4223057644110275,0.111106333287563,0.5776942355889725
openstack,FP,llm_lime,qwen36_27b_local,full,0.2,,e847eed4a5600b6812338bb4903a0cffcde7f1f3,0.5571428571428572,0.4919632414369256,0.25241603493172,0.0651796157059315
openstack,FP,llm_lime,qwen36_27b_local,full,0.2,,034db863a02ce38a520e4b8aa3a65e1ccdb37f30,0.8666666666666666,0.5188972431077694,0.2265539429056879,0.3477694235588972
openstack,FP,llm_lime,qwen36_27b_local,full,0.2,,bfcd4b2f1be3ab37ae0801dd523ce952577cda14,1.0,0.6028822055137844,0.060711926802782,0.3971177944862156
openstack,FP,llm_lime,qwen36_27b_local,full,0.2,,410a83c89de9912207574999b3736a550ed253ba,0.8666666666666666,0.2770258980785297,0.2387970198721826,0.5896407685881369
openstack,FP,llm_lime,qwen36_27b_local,full,0.2,,4e2919e6b208a2e95d75782f9cad0a6f0892d983,0.7428571428571428,0.5017961570593149,0.1264824402289608,0.2410609857978278
openstack,FP,llm_lime,qwen36_27b_local,full,0.2,,558f7b00f56f37adaa68239c9ce95d25b2d65f56,1.0,0.4609022556390977,0.1072903438318605,0.5390977443609023
openstack,FP,llm_lime,qwen36_27b_local,full,0.2,,296da649452f66dd15a15ee4274ab0f8609250e2,0.638095238095238,0.4179532163742689,0.2069817680158078,0.220142021720969
openstack,FP,llm_lime,qwen36_27b_local,full,0.2,,280cc7c5ae4b07a9a1e23b8f9cc925be9872c8e1,0.7333333333333333,0.4729490392648287,0.1879909073790614,0.2603842940685045
openstack,FP,llm_lime,qwen36_27b_local,full,0.2,,6aecf475dbff9c7d477378c021749b987d47deae,1.0,0.5229323308270677,0.123765732857379,0.4770676691729323
openstack,FP,llm_lime,qwen36_27b_local,full,0.2,,baa52224dc73e8ca3bdcbdaa5d62bc26fb38052f,0.6523809523809524,0.5394486215538847,0.1049286772435711,0.1129323308270676
openstack,FP,llm_lime,qwen36_27b_local,full,0.2,,70de423255fd01822188bb9082a0c0cc1c8ec2d0,0.7428571428571428,0.5056390977443609,0.1344487292889919,0.2372180451127818
openstack,FP,llm_lime,qwen36_27b_local,full,0.2,,2bb9e5563c69f79d5da23668b08dd9c88f9d4348,0.8666666666666666,0.5140100250626566,0.2086838121574684,0.35265664160401
openstack,FP,llm_lime,qwen36_27b_local,full,0.2,,41d6b479fe8baf66578044b8773c3b892d64a2c4,0.6285714285714286,0.4745614035087719,0.1878903159431548,0.1540100250626566
openstack,FP,llm_lime,qwen36_27b_local,full,0.2,,e4ea54104ec38f5fe4c792d4d3d1865de34bb4c3,0.8666666666666666,0.5697827903091061,0.1561389737786375,0.2968838763575605
openstack,FP,llm_lime,qwen36_27b_local,full,0.2,,a985e34cdeef777fe7ff943e363a5f1be6d991b7,0.8666666666666666,0.4695822890559732,0.1089998114071611,0.3970843776106933
openstack,FP,llm_lime,qwen36_27b_local,full,0.2,,ce12d7a1e53fffce57baab18de2ab885ba1df8ee,1.0,0.6028822055137844,0.060711926802782,0.3971177944862156
openstack,FP,llm_lime,qwen36_27b_local,full,0.2,,3eea37b85b1abc72786a2b24baf01141b4d95f08,1.0,0.4609022556390977,0.1072903438318605,0.5390977443609023
openstack,FP,llm_lime,qwen36_27b_local,full,0.2,,750e065d6d137715dd03d5c90623145177f64cbb,1.0,0.3477443609022556,0.2216608005667398,0.6522556390977443
openstack,TN,llm_lime,qwen36_27b_local,full,0.2,,467b4e4d419f0ca5db8468516d64ffec5cedc67e,0.8,0.5394135338345863,0.037446256604269,0.2605864661654137
openstack,TN,llm_lime,qwen36_27b_local,full,0.2,,936f765b855d7af14ae557383f0dcc6fd9e8655c,0.6435714285714286,0.5052715121136174,0.2109292457431416,0.1382999164578111
openstack,TN,llm_lime,qwen36_27b_local,full,0.2,,8b44c9df29572efca928c1d36fa3e7a90e94caa0,0.540952380952381,0.4634720133667502,0.1415746679576915,0.0774803675856307
openstack,TN,llm_lime,qwen36_27b_local,full,0.2,,4d75cbf3c35a8aa917d3970beac99d612f13eed3,0.6952380952380952,0.5539482038429406,0.0491055086992731,0.1412898913951545
openstack,TN,llm_lime,qwen36_27b_local,full,0.2,,2ecaad46a737c24965ae81fc19947db9264de684,0.7666666666666666,0.4803742690058479,0.0544360730979445,0.2862923976608186
openstack,TN,llm_lime,qwen36_27b_local,full,0.2,,bfb9d3f179607c25f91d77585f97df6d0704c253,0.6238095238095238,0.5271938178780283,0.0812004901769542,0.0966157059314954
openstack,TN,llm_lime,qwen36_27b_local,full,0.2,,1a3f2e8f44f0138d0328312e07b1341970c7903a,0.638095238095238,0.4408571428571428,0.0982048522778761,0.1972380952380952
openstack,TN,llm_lime,qwen36_27b_local,full,0.2,,70fad48add19cc565726f098e1e7a2165b24cc77,0.5095238095238095,0.5254118629908103,0.1235955941927947,-0.0158880534670008
openstack,TN,llm_lime,qwen36_27b_local,full,0.2,,79a1a113775df87d420b242cea4bbf953df3779c,0.7666666666666666,0.4988370927318296,0.0491055086992731,0.267829573934837
openstack,TN,llm_lime,qwen36_27b_local,full,0.2,,dd444d84759d7b3c17e7c3e97f9565546f9d3df2,0.7,0.3676315789473684,0.2992949695712244,0.3323684210526315
openstack,TN,llm_lime,qwen36_27b_local,full,0.2,,747373f4bdfe4814000a88e4443b56545d5d55bd,0.7666666666666666,0.4758771929824561,0.158509565338524,0.2907894736842105
openstack,TN,llm_lime,qwen36_27b_local,full,0.2,,978066fe31a5331f143a05e1fd753c729b2dcf09,0.4103174603174603,0.437016708437761,0.168250704803701,-0.0266992481203007
openstack,TN,llm_lime,qwen36_27b_local,full,0.2,,545925c66cb3ee005aa7e497ad4b3c97eb2f410b,0.5869047619047618,0.4799055973266499,0.1241624158082319,0.1069991645781118
openstack,TN,llm_lime,qwen36_27b_local,full,0.2,,d2e40a3e49819dace92975de3e3d7ba3a3fac79d,0.5238095238095238,0.4874285714285714,0.1318719438995684,0.0363809523809524
openstack,TN,llm_lime,qwen36_27b_local,full,0.2,,57566f4c8d2929c25e76564883369a7c6eda720a,0.6285714285714286,0.482063492063492,0.1225645354690756,0.1465079365079365
openstack,TN,llm_lime,qwen36_27b_local,full,0.2,,87be408b126e81ded85b03896f9c85f8a8d4ac90,0.8666666666666666,0.5465446950710109,0.0482480682433879,0.3201219715956557
openstack,TN,llm_lime,qwen36_27b_local,full,0.2,,dd13c2784b5aec539197d1b76fafc6a6b38a33e8,1.0,0.5155806182121971,0.041511083463674,0.4844193817878028
openstack,TN,llm_lime,qwen36_27b_local,full,0.2,,1e6538d43e76b867776cf226e1d6d6c900412f99,1.0,0.5370300751879699,0.0211233036712634,0.4629699248120301
openstack,TN,llm_lime,qwen36_27b_local,full,0.2,,348b7a9f7d64094d60ece0460aed02b66c52f1b1,0.6047619047619047,0.3917251461988303,0.1749539342322306,0.2130367585630743
openstack,TN,llm_lime,qwen36_27b_local,full,0.2,,5cc9d999352c21d3f4b5c39d3ea9d4378ca86544,0.4599999999999999,0.4262013366750208,0.0812004901769542,0.0337986633249791
openstack,TP,llm_lime,qwen36_27b_local,full,0.2,,eaf6340847c35ace3b4b681a95b8a79a7a3f2491,1.0,0.5271929824561403,0.0644570934851616,0.4728070175438597
openstack,TP,llm_lime,qwen36_27b_local,full,0.2,,fd351903a1759109f66d0c66d42cd3a1b7f23861,0.8666666666666666,0.4350877192982456,0.118984938485334,0.431578947368421
openstack,TP,llm_lime,qwen36_27b_local,full,0.2,,83a5f90f82b40be4c74685f557d6af0f8a3b1a30,0.7333333333333333,0.4054051796157059,0.1438594910218318,0.3279281537176274
openstack,TP,llm_lime,qwen36_27b_local,full,0.2,,6f1a1f5e8ead9ceb145e13927cd9ae7fdca9add4,0.5952380952380951,0.5104177109440267,0.1078604907042413,0.0848203842940684
openstack,TP,llm_lime,qwen36_27b_local,full,0.2,,e7bdd19f0ed7d4c61d195735ee43a11da78f97d6,0.7333333333333333,0.4150375939849623,0.1485731410513008,0.3182957393483709
openstack,TP,llm_lime,qwen36_27b_local,full,0.2,,7cfdf4aa811fb708d9fed4e36aec79c26d19cfee,0.8666666666666666,0.40421888053467,0.1289105950072125,0.4624477861319965
openstack,TP,llm_lime,qwen36_27b_local,full,0.2,,e55a5f412bf6bc343eb8bb11348afe57c2012066,0.6952380952380952,0.3239348370927318,0.2983019805572235,0.3713032581453633
openstack,TP,llm_lime,qwen36_27b_local,full,0.2,,c08f99c7e072e349632684d565bcac357ce93b6d,0.8666666666666666,0.5446365914786968,0.0661287691311285,0.3220300751879698
openstack,TP,llm_lime,qwen36_27b_local,full,0.2,,45662d77a2da77714f8e792e86ebd64a52270ef5,0.8,0.4091729323308271,0.1234113366394987,0.3908270676691729
openstack,TP,llm_lime,qwen36_27b_local,full,0.2,,6f31523b314e7ac4ad83d13842cf2fa1014c39b2,0.5952380952380951,0.3311194653299916,0.2783270075142681,0.2641186299081035
openstack,TP,llm_lime,qwen36_27b_local,full,0.2,,76d3c644f3f5866a5c07f80b66132d81b8b57e78,0.6571428571428571,0.5043859649122807,0.0851907869025857,0.1527568922305764
openstack,TP,llm_lime,qwen36_27b_local,full,0.2,,88c62c1ca290c1d2a33ff192a302e492a4b11cb3,0.6047619047619047,0.3765413533834587,0.291803160661252,0.228220551378446
openstack,TP,llm_lime,qwen36_27b_local,full,0.2,,379cf65d82b11f5e6f8732a585d5373beda85046,0.6857142857142857,0.4119131161236424,0.1126281111818525,0.2738011695906433
openstack,TP,llm_lime,qwen36_27b_local,full,0.2,,03db94ebaa3fc2c76694fd566e2c9eefbf851a7f,0.5571428571428572,0.4156474519632414,0.1127751086048528,0.1414954051796157
openstack,TP,llm_lime,qwen36_27b_local,full,0.2,,22c9cf3d95c3d14351045bac2920b4e0994ec42f,0.6952380952380952,0.4222807017543859,0.1182448173539799,0.2729573934837093
openstack,TP,llm_lime,qwen36_27b_local,full,0.2,,092820939d53268152893a15fdaf5129554fbcb3,0.8666666666666666,0.5299582289055973,0.0869747268261894,0.3367084377610693
openstack,TP,llm_lime,qwen36_27b_local,full,0.2,,40eaa89a9001edda3e1146831b26aaf7ded64c4a,0.7333333333333333,0.4997410192147034,0.1182448173539799,0.2335923141186298
openstack,TP,llm_lime,qwen36_27b_local,full,0.2,,56324c12aa58ff9cf46582611b071f3abb743ddf,0.6535714285714286,0.4571010860484544,0.1854249475014928,0.1964703425229741
openstack,TP,llm_lime,qwen36_27b_local,full,0.2,,5f2b88b1aafb9a35638e54f796685f633428b6a5,0.6285714285714286,0.4949206349206348,0.1620744050950646,0.1336507936507937
openstack,TP,llm_lime,qwen36_27b_local,full,0.2,,3b28cb2a10f7746a32cb7f7b62b6fc92ebcfb1e5,0.6857142857142857,0.4864494569757727,0.1182448173539799,0.1992648287385129
openstack,FN,llm_lime,qwen36_27b_local,full,0.2,,1476b030bd53deddd85468c0d8b545d8f8f30f19,0.5702380952380952,0.386953216374269,0.1977195517443778,0.1832848788638262
openstack,FN,llm_lime,qwen36_27b_local,full,0.2,,ab1cb6378f136ae8adcb0027385b43763e402cca,0.8800000000000001,0.4746984126984127,0.0694046632535244,0.4053015873015874
openstack,FN,llm_lime,qwen36_27b_local,full,0.2,,2b60912d5667350eae7ecbc67d4dba3658518d10,0.8666666666666666,0.4848621553884711,0.0873371691511542,0.3818045112781954
openstack,FN,llm_lime,qwen36_27b_local,full,0.2,,763fd62464e9a0753e061171cc1fd826055bbc01,0.5214285714285715,0.4287518796992481,0.1696075146370212,0.0926766917293233
openstack,FN,llm_lime,qwen36_27b_local,full,0.2,,267eea50fd9e9c74faa96d529a7ec2fd8aa8d51f,0.7428571428571428,0.3961152882205513,0.2469546165484855,0.3467418546365914
openstack,FN,llm_lime,qwen36_27b_local,full,0.2,,bc6ca87a6a01ecbda926a78d07cadbd4e3ab97e0,0.7328571428571429,0.4469273182957393,0.1685514883509808,0.2859298245614035
openstack,FN,llm_lime,qwen36_27b_local,full,0.2,,703ba3c4e3d0b442c3097b6c844a59e560c09fe8,0.5392857142857143,0.392406015037594,0.15695675718849,0.1468796992481202
openstack,FN,llm_lime,qwen36_27b_local,full,0.2,,e3df049cad2b7a264acbad4d6baecbc813546e5d,0.7533333333333333,0.4759097744360902,0.1022619555972421,0.277423558897243
openstack,FN,llm_lime,qwen36_27b_local,full,0.2,,d1b3adfbe471ad99ddf0dd2b483b77435c157aea,0.8666666666666666,0.4504010025062656,0.1315904577767935,0.4162656641604009
openstack,FN,llm_lime,qwen36_27b_local,full,0.2,,848664f646bf087df59778434daa6feae1e71c74,0.7,0.4574644945697577,0.0877248689787619,0.2425355054302422
openstack,FN,llm_lime,qwen36_27b_local,full,0.2,,91a8cd2952a25b340f5778cace95910e43cbcbb6,1.0,0.5037593984962406,0.0653572640682485,0.4962406015037593
openstack,FN,llm_lime,qwen36_27b_local,full,0.2,,d402747547e1a356c6c2c20b57f52af39b63e831,0.5869047619047618,0.5010768588137009,0.1329490984441316,0.0858279030910609
openstack,FN,llm_lime,qwen36_27b_local,full,0.2,,017dd6b4bcf92c14d49421268cb571c00879f3cc,0.5933333333333334,0.4101111111111111,0.1696075146370212,0.1832222222222223
openstack,FN,llm_lime,qwen36_27b_local,full,0.2,,913a99c79456abbfef1642e6dc70e6a4ff4e25db,1.0,0.4620509607351712,0.0805574679375678,0.5379490392648287
openstack,FN,llm_lime,qwen36_27b_local,full,0.2,,1c6b2fce289b68af92afeddf8d30efcda1903f06,0.8666666666666666,0.469595655806182,0.0873371691511542,0.3970710108604845
openstack,FN,llm_lime,qwen36_27b_local,full,0.2,,8ccdc4ac5053c6e39660044a9f8c1f695370e9a7,0.6761904761904762,0.3086633249791145,0.3636523575033423,0.3675271512113617
openstack,FN,llm_lime,qwen36_27b_local,full,0.2,,c2c37272bf788aac63399127cddd487dc0f15c38,0.5869047619047618,0.4938153717627402,0.1329490984441316,0.0930893901420216
openstack,FN,llm_lime,qwen36_27b_local,full,0.2,,37510ac03478704bafba89e8c4f4e0e9041d661d,0.6047619047619047,0.475126148705096,0.0858337658905049,0.1296357560568087
openstack,FN,llm_lime,qwen36_27b_local,full,0.2,,221f386029faf499c5a445374685cba5b67df31e,0.6952380952380952,0.4024310776942356,0.1508701662823702,0.2928070175438596
openstack,FN,llm_lime,qwen36_27b_local,full,0.2,,589c495c1ae62129e20ab5e2641e330541eee01f,0.8666666666666666,0.4427318295739348,0.1726769247242924,0.4239348370927318
openstack,FP,llm_lofo,qwen36_27b_local,full,0.2,,4b53e4edf9f7f8c794316d3a0920d727723d1bab,1.0,0.5342940685045948,0.0878990249280571,0.4657059314954052
openstack,FP,llm_lofo,qwen36_27b_local,full,0.2,,2530ccff8f0a0105d1626c65616080b27682e129,0.55,0.246892230576441,0.3198195182386979,0.303107769423559
openstack,FP,llm_lofo,qwen36_27b_local,full,0.2,,e847eed4a5600b6812338bb4903a0cffcde7f1f3,0.8666666666666666,0.4470342522974102,0.2650619109230023,0.4196324143692564
openstack,FP,llm_lofo,qwen36_27b_local,full,0.2,,034db863a02ce38a520e4b8aa3a65e1ccdb37f30,0.8,0.5073266499582288,0.131655726511557,0.2926733500417712
openstack,FP,llm_lofo,qwen36_27b_local,full,0.2,,bfcd4b2f1be3ab37ae0801dd523ce952577cda14,0.6285714285714286,0.5013617376775271,0.1372074487725342,0.1272096908939014
openstack,FP,llm_lofo,qwen36_27b_local,full,0.2,,410a83c89de9912207574999b3736a550ed253ba,0.6857142857142857,0.3544778613199665,0.25975061041859,0.3312364243943191
openstack,FP,llm_lofo,qwen36_27b_local,full,0.2,,4e2919e6b208a2e95d75782f9cad0a6f0892d983,0.8666666666666666,0.5481537176274017,0.0930926909849305,0.3185129490392648
openstack,FP,llm_lofo,qwen36_27b_local,full,0.2,,558f7b00f56f37adaa68239c9ce95d25b2d65f56,0.7666666666666666,0.2912280701754386,0.2111506105210788,0.475438596491228
openstack,FP,llm_lofo,qwen36_27b_local,full,0.2,,296da649452f66dd15a15ee4274ab0f8609250e2,1.0,0.2784878863826232,0.2851523894368472,0.7215121136173768
openstack,FP,llm_lofo,qwen36_27b_local,full,0.2,,280cc7c5ae4b07a9a1e23b8f9cc925be9872c8e1,0.8,0.4246867167919799,0.165377910172695,0.3753132832080201
openstack,FP,llm_lofo,qwen36_27b_local,full,0.2,,6aecf475dbff9c7d477378c021749b987d47deae,0.8,0.5162238930659983,0.0930926909849305,0.2837761069340018
openstack,FP,llm_lofo,qwen36_27b_local,full,0.2,,baa52224dc73e8ca3bdcbdaa5d62bc26fb38052f,1.0,0.450125313283208,0.1451438087440678,0.5498746867167921
openstack,FP,llm_lofo,qwen36_27b_local,full,0.2,,70de423255fd01822188bb9082a0c0cc1c8ec2d0,0.7,0.4501002506265664,0.140231853356407,0.2498997493734335
openstack,FP,llm_lofo,qwen36_27b_local,full,0.2,,2bb9e5563c69f79d5da23668b08dd9c88f9d4348,0.6952380952380952,0.4961152882205513,0.156542817084295,0.1991228070175438
openstack,FP,llm_lofo,qwen36_27b_local,full,0.2,,41d6b479fe8baf66578044b8773c3b892d64a2c4,0.7428571428571428,0.5052464494569757,0.1372074487725342,0.237610693400167
openstack,FP,llm_lofo,qwen36_27b_local,full,0.2,,e4ea54104ec38f5fe4c792d4d3d1865de34bb4c3,1.0,0.4735588972431077,0.1180742931076027,0.5264411027568923
openstack,FP,llm_lofo,qwen36_27b_local,full,0.2,,a985e34cdeef777fe7ff943e363a5f1be6d991b7,0.8666666666666666,0.5271428571428571,0.1182387478012185,0.3395238095238094
openstack,FP,llm_lofo,qwen36_27b_local,full,0.2,,ce12d7a1e53fffce57baab18de2ab885ba1df8ee,1.0,0.5348370927318296,0.0776076727142372,0.4651629072681704
openstack,FP,llm_lofo,qwen36_27b_local,full,0.2,,3eea37b85b1abc72786a2b24baf01141b4d95f08,0.8666666666666666,0.3486215538847118,0.1842005648903879,0.5180451127819548
openstack,FP,llm_lofo,qwen36_27b_local,full,0.2,,750e065d6d137715dd03d5c90623145177f64cbb,0.7666666666666666,0.4487468671679198,0.3112959714696564,0.3179197994987468
openstack,TN,llm_lofo,qwen36_27b_local,full,0.2,,467b4e4d419f0ca5db8468516d64ffec5cedc67e,0.8666666666666666,0.4074561403508772,0.1490407020027755,0.4592105263157894
openstack,TN,llm_lofo,qwen36_27b_local,full,0.2,,936f765b855d7af14ae557383f0dcc6fd9e8655c,0.8,0.5454870509607351,0.035840463461178,0.2545129490392649
openstack,TN,llm_lofo,qwen36_27b_local,full,0.2,,8b44c9df29572efca928c1d36fa3e7a90e94caa0,0.5476190476190477,0.3997827903091061,0.1819084191324004,0.1478362573099416
openstack,TN,llm_lofo,qwen36_27b_local,full,0.2,,4d75cbf3c35a8aa917d3970beac99d612f13eed3,0.7,0.3685864661654135,0.0359176267563099,0.3314135338345864
openstack,TN,llm_lofo,qwen36_27b_local,full,0.2,,2ecaad46a737c24965ae81fc19947db9264de684,0.8666666666666666,0.4173099415204678,0.0653618070820405,0.4493567251461988
openstack,TN,llm_lofo,qwen36_27b_local,full,0.2,,bfb9d3f179607c25f91d77585f97df6d0704c253,0.7428571428571428,0.5325279866332497,0.0744154487553986,0.210329156223893
openstack,TN,llm_lofo,qwen36_27b_local,full,0.2,,1a3f2e8f44f0138d0328312e07b1341970c7903a,0.6714285714285715,0.4116374269005848,0.1658275184760692,0.2597911445279867
openstack,TN,llm_lofo,qwen36_27b_local,full,0.2,,70fad48add19cc565726f098e1e7a2165b24cc77,0.6857142857142857,0.4607451963241437,0.088134110895032,0.224969089390142
openstack,TN,llm_lofo,qwen36_27b_local,full,0.2,,79a1a113775df87d420b242cea4bbf953df3779c,0.7333333333333333,0.4387385129490392,0.1571331712158745,0.294594820384294
openstack,TN,llm_lofo,qwen36_27b_local,full,0.2,,dd444d84759d7b3c17e7c3e97f9565546f9d3df2,0.8,0.4438947368421052,0.0653618070820405,0.3561052631578948
openstack,TN,llm_lofo,qwen36_27b_local,full,0.2,,747373f4bdfe4814000a88e4443b56545d5d55bd,0.3452380952380952,0.4244260651629072,0.2236407009514935,-0.079187969924812
openstack,TN,llm_lofo,qwen36_27b_local,full,0.2,,978066fe31a5331f143a05e1fd753c729b2dcf09,0.8666666666666666,0.5379114452798663,0.035840463461178,0.3287552213868002
openstack,TN,llm_lofo,qwen36_27b_local,full,0.2,,545925c66cb3ee005aa7e497ad4b3c97eb2f410b,0.8666666666666666,0.5274101921470342,0.0777763316422011,0.3392564745196323
openstack,TN,llm_lofo,qwen36_27b_local,full,0.2,,d2e40a3e49819dace92975de3e3d7ba3a3fac79d,0.6857142857142857,0.4760685045948203,0.088134110895032,0.2096457811194654
openstack,TN,llm_lofo,qwen36_27b_local,full,0.2,,57566f4c8d2929c25e76564883369a7c6eda720a,0.6444444444444445,0.2659482038429406,0.1946984838275055,0.3784962406015038
openstack,TN,llm_lofo,qwen36_27b_local,full,0.2,,87be408b126e81ded85b03896f9c85f8a8d4ac90,0.7,0.4997076023391812,0.0940357943059437,0.2002923976608187
openstack,TN,llm_lofo,qwen36_27b_local,full,0.2,,dd13c2784b5aec539197d1b76fafc6a6b38a33e8,0.8,0.3040434419381788,0.1614552265629361,0.4959565580618212
openstack,TN,llm_lofo,qwen36_27b_local,full,0.2,,1e6538d43e76b867776cf226e1d6d6c900412f99,0.5388888888888889,0.4601888053467001,0.1282424833273006,0.0787000835421887
openstack,TN,llm_lofo,qwen36_27b_local,full,0.2,,348b7a9f7d64094d60ece0460aed02b66c52f1b1,0.3803571428571428,0.3475062656641604,0.2029748335342792,0.0328508771929824
openstack,TN,llm_lofo,qwen36_27b_local,full,0.2,,5cc9d999352c21d3f4b5c39d3ea9d4378ca86544,0.7,0.4497861319966583,0.1229580709509136,0.2502138680033416
openstack,TP,llm_lofo,qwen36_27b_local,full,0.2,,eaf6340847c35ace3b4b681a95b8a79a7a3f2491,0.8666666666666666,0.473032581453634,0.1362364512559856,0.3936340852130325
openstack,TP,llm_lofo,qwen36_27b_local,full,0.2,,fd351903a1759109f66d0c66d42cd3a1b7f23861,0.8666666666666666,0.5075605680868839,0.1078168208662527,0.3591060985797827
openstack,TP,llm_lofo,qwen36_27b_local,full,0.2,,83a5f90f82b40be4c74685f557d6af0f8a3b1a30,0.7333333333333333,0.4871261487050961,0.1539774331269434,0.2462071846282372
openstack,TP,llm_lofo,qwen36_27b_local,full,0.2,,6f1a1f5e8ead9ceb145e13927cd9ae7fdca9add4,0.5214285714285715,0.4571136173767752,0.1496128816447377,0.0643149540517962
openstack,TP,llm_lofo,qwen36_27b_local,full,0.2,,e7bdd19f0ed7d4c61d195735ee43a11da78f97d6,0.7333333333333333,0.508563074352548,0.1025142675948476,0.2247702589807853
openstack,TP,llm_lofo,qwen36_27b_local,full,0.2,,7cfdf4aa811fb708d9fed4e36aec79c26d19cfee,0.8,0.3555012531328321,0.1746547930726625,0.4444987468671679
openstack,TP,llm_lofo,qwen36_27b_local,full,0.2,,e55a5f412bf6bc343eb8bb11348afe57c2012066,0.8666666666666666,0.2018880534670008,0.3800291889759054,0.6647786131996658
openstack,TP,llm_lofo,qwen36_27b_local,full,0.2,,c08f99c7e072e349632684d565bcac357ce93b6d,0.5869047619047618,0.3920392648287385,0.187846051709828,0.1948654970760233
openstack,TP,llm_lofo,qwen36_27b_local,full,0.2,,45662d77a2da77714f8e792e86ebd64a52270ef5,0.8666666666666666,0.4279114452798663,0.2133625223092386,0.4387552213868002
openstack,TP,llm_lofo,qwen36_27b_local,full,0.2,,6f31523b314e7ac4ad83d13842cf2fa1014c39b2,1.0,0.45906432748538,0.1293801850395033,0.5409356725146199
openstack,TP,llm_lofo,qwen36_27b_local,full,0.2,,76d3c644f3f5866a5c07f80b66132d81b8b57e78,1.0,0.4482706766917293,0.144277614511696,0.5517293233082707
openstack,TP,llm_lofo,qwen36_27b_local,full,0.2,,88c62c1ca290c1d2a33ff192a302e492a4b11cb3,0.6523809523809524,0.4194152046783625,0.2926852743850961,0.2329657477025898
openstack,TP,llm_lofo,qwen36_27b_local,full,0.2,,379cf65d82b11f5e6f8732a585d5373beda85046,1.0,0.4995405179615705,0.0889135646461378,0.5004594820384294
openstack,TP,llm_lofo,qwen36_27b_local,full,0.2,,03db94ebaa3fc2c76694fd566e2c9eefbf851a7f,0.6535714285714286,0.3521177944862155,0.1496128816447377,0.301453634085213
openstack,TP,llm_lofo,qwen36_27b_local,full,0.2,,22c9cf3d95c3d14351045bac2920b4e0994ec42f,0.8666666666666666,0.3379114452798663,0.1710642118032508,0.5287552213868003
openstack,TP,llm_lofo,qwen36_27b_local,full,0.2,,092820939d53268152893a15fdaf5129554fbcb3,0.8666666666666666,0.4038262322472848,0.1286627785613136,0.4628404344193817
openstack,TP,llm_lofo,qwen36_27b_local,full,0.2,,40eaa89a9001edda3e1146831b26aaf7ded64c4a,0.6047619047619047,0.3579114452798663,0.1905389876618868,0.2468504594820383
openstack,TP,llm_lofo,qwen36_27b_local,full,0.2,,56324c12aa58ff9cf46582611b071f3abb743ddf,0.92,0.3959824561403509,0.1905532571436478,0.524017543859649
openstack,TP,llm_lofo,qwen36_27b_local,full,0.2,,5f2b88b1aafb9a35638e54f796685f633428b6a5,1.0,0.4995405179615705,0.0889135646461378,0.5004594820384294
openstack,TP,llm_lofo,qwen36_27b_local,full,0.2,,3b28cb2a10f7746a32cb7f7b62b6fc92ebcfb1e5,1.0,0.3557017543859648,0.1696731729809293,0.6442982456140351
openstack,FN,llm_lofo,qwen36_27b_local,full,0.2,,1476b030bd53deddd85468c0d8b545d8f8f30f19,0.6799999999999999,0.47296992481203,0.0788453282007526,0.2070300751879699
openstack,FN,llm_lofo,qwen36_27b_local,full,0.2,,ab1cb6378f136ae8adcb0027385b43763e402cca,0.8666666666666666,0.5122339181286549,0.1062441097632954,0.3544327485380116
openstack,FN,llm_lofo,qwen36_27b_local,full,0.2,,2b60912d5667350eae7ecbc67d4dba3658518d10,0.6714285714285715,0.5290242272347535,0.1278842621456126,0.1424043441938179
openstack,FN,llm_lofo,qwen36_27b_local,full,0.2,,763fd62464e9a0753e061171cc1fd826055bbc01,0.8666666666666666,0.5967451963241437,0.1298228882875396,0.2699214703425229
openstack,FN,llm_lofo,qwen36_27b_local,full,0.2,,267eea50fd9e9c74faa96d529a7ec2fd8aa8d51f,0.8666666666666666,0.3679156223893066,0.204360832221559,0.49875104427736
openstack,FN,llm_lofo,qwen36_27b_local,full,0.2,,bc6ca87a6a01ecbda926a78d07cadbd4e3ab97e0,0.5444444444444445,0.300375939849624,0.4061772303954097,0.2440685045948205
openstack,FN,llm_lofo,qwen36_27b_local,full,0.2,,703ba3c4e3d0b442c3097b6c844a59e560c09fe8,0.7333333333333333,0.4572280701754386,0.1411291275726899,0.2761052631578947
openstack,FN,llm_lofo,qwen36_27b_local,full,0.2,,e3df049cad2b7a264acbad4d6baecbc813546e5d,0.8,0.5703876357560568,0.0735427749293475,0.2296123642439432
openstack,FN,llm_lofo,qwen36_27b_local,full,0.2,,d1b3adfbe471ad99ddf0dd2b483b77435c157aea,0.8,0.5587234753550543,0.0986888317456355,0.2412765246449457
openstack,FN,llm_lofo,qwen36_27b_local,full,0.2,,848664f646bf087df59778434daa6feae1e71c74,0.7666666666666666,0.4429741019214703,0.1985428412152836,0.3236925647451963
openstack,FN,llm_lofo,qwen36_27b_local,full,0.2,,91a8cd2952a25b340f5778cace95910e43cbcbb6,0.6714285714285715,0.399406850459482,0.2239619855006427,0.2720217209690895
openstack,FN,llm_lofo,qwen36_27b_local,full,0.2,,d402747547e1a356c6c2c20b57f52af39b63e831,0.5190476190476191,0.4841637426900584,0.1278842621456126,0.0348838763575606
openstack,FN,llm_lofo,qwen36_27b_local,full,0.2,,017dd6b4bcf92c14d49421268cb571c00879f3cc,0.8800000000000001,0.4996850459482038,0.1252935258471336,0.3803149540517963
openstack,FN,llm_lofo,qwen36_27b_local,full,0.2,,913a99c79456abbfef1642e6dc70e6a4ff4e25db,0.3829365079365079,0.3166716791979949,0.2663231192983582,0.0662648287385129
openstack,FN,llm_lofo,qwen36_27b_local,full,0.2,,1c6b2fce289b68af92afeddf8d30efcda1903f06,1.0,0.6164828738512949,0.0483387512089512,0.3835171261487051
openstack,FN,llm_lofo,qwen36_27b_local,full,0.2,,8ccdc4ac5053c6e39660044a9f8c1f695370e9a7,1.0,0.5029239766081871,0.1319752616911881,0.4970760233918129
openstack,FN,llm_lofo,qwen36_27b_local,full,0.2,,c2c37272bf788aac63399127cddd487dc0f15c38,0.7333333333333333,0.5186549707602338,0.1580494539803472,0.2146783625730994
openstack,FN,llm_lofo,qwen36_27b_local,full,0.2,,37510ac03478704bafba89e8c4f4e0e9041d661d,0.7,0.5093742690058479,0.0960906946765492,0.190625730994152
openstack,FN,llm_lofo,qwen36_27b_local,full,0.2,,221f386029faf499c5a445374685cba5b67df31e,1.0,0.6164828738512949,0.0483387512089512,0.3835171261487051
openstack,FN,llm_lofo,qwen36_27b_local,full,0.2,,589c495c1ae62129e20ab5e2641e330541eee01f,0.5809523809523809,0.3778629908103592,0.215511452975618,0.2030893901420216
qt,FP,llm_counterfactual,qwen36_27b_local,full,0.2,,3d3ce2afe1937531f5fdc2af56697e93133e6d98,0.7666666666666666,0.5781737677527151,0.0620274892786913,0.1884928989139515
qt,FP,llm_counterfactual,qwen36_27b_local,full,0.2,,8835c0376befd009702b9a17c506639e31c842b9,1.0,0.6807268170426065,0.0281573445024777,0.3192731829573935
qt,FP,llm_counterfactual,qwen36_27b_local,full,0.2,,093064fdeb6e777d2dc88dbb4f4adb8fddac3aa5,1.0,0.6807268170426065,0.0281573445024777,0.3192731829573935
qt,FP,llm_counterfactual,qwen36_27b_local,full,0.2,,08cfd02312d21391c956b8bf50ab7d6caa0d8082,0.7333333333333333,0.5777460317460318,0.1290101551950506,0.1555873015873015
qt,FP,llm_counterfactual,qwen36_27b_local,full,0.2,,a02b371eb2f34bf198c95cf0caa1fbad639f96bb,0.7666666666666666,0.4847919799498746,0.1436341634757233,0.2818746867167919
qt,FP,llm_counterfactual,qwen36_27b_local,full,0.2,,86d91d2bf8e7ac7a75f88f0e4886140abc06fd4c,0.7333333333333333,0.5499465329991645,0.1606428807999086,0.1833868003341687
qt,FP,llm_counterfactual,qwen36_27b_local,full,0.2,,41ae544c40e0568bd627a992a23b8c8f8f5cc27d,1.0,0.5370927318295738,0.0673989463032152,0.4629072681704261
qt,FP,llm_counterfactual,qwen36_27b_local,full,0.2,,237c867a002c8035aac7ff8a870da717eb7b0878,0.8666666666666666,0.644531328320802,0.0818709928235742,0.2221353383458646
qt,FP,llm_counterfactual,qwen36_27b_local,full,0.2,,571b11d41c9dadd5ef11e4e954c16c5ca39d718e,0.8666666666666666,0.4313333333333333,0.1425263929863409,0.4353333333333333
qt,FP,llm_counterfactual,qwen36_27b_local,full,0.2,,02b7ec05d5713aec67577cebc18e5906b5a98598,0.8666666666666666,0.3877276524644945,0.2326868802509324,0.478939014202172
qt,FP,llm_counterfactual,qwen36_27b_local,full,0.2,,1af927976ac953f922e35d71a16a32d328bb2efd,0.7,0.5483792815371763,0.2506798930412579,0.1516207184628236
qt,FP,llm_counterfactual,qwen36_27b_local,full,0.2,,eb93d7b51773b43e6a3e41961898a6033bcd9479,0.6761904761904762,0.4654720133667501,0.1749539342322306,0.210718462823726
qt,FP,llm_counterfactual,qwen36_27b_local,full,0.2,,e58fdbaeb033a801ac7b5dd1f63657b36d6e1305,0.7714285714285715,0.4958897243107769,0.1275888503485145,0.2755388471177945
qt,FP,llm_counterfactual,qwen36_27b_local,full,0.2,,ddb4fb4c60987ce6e0b9e50de9a5f3a7ff0e8757,0.7333333333333333,0.4311161236424394,0.2126332237965658,0.3022172096908939
qt,FP,llm_counterfactual,qwen36_27b_local,full,0.2,,36997810d9fec492635152be89efaa55208e224a,0.5809523809523809,0.4535380116959064,0.1787956907650104,0.1274143692564744
qt,FP,llm_counterfactual,qwen36_27b_local,full,0.2,,6a91dcba2e4fa85dc345c2d403c757ab7676e28c,0.8666666666666666,0.6533032581453633,0.0620274892786913,0.2133634085213033
qt,FP,llm_counterfactual,qwen36_27b_local,full,0.2,,1c6d5b0696f324495e95a12f7718ae7593c9b58a,0.6952380952380952,0.5958295739348372,0.1542751845272895,0.099408521303258
qt,FP,llm_counterfactual,qwen36_27b_local,full,0.2,,cd542a82b0c2d5c9a4ea167a84e5ea8a25c5d969,0.7666666666666666,0.4424979114452798,0.1848831975062202,0.3241687552213868
qt,FP,llm_counterfactual,qwen36_27b_local,full,0.2,,3981a1f440914e8108af3d854a1b01dd596a8a0e,0.6457142857142857,0.4811670843776107,0.2126332237965658,0.164547201336675
qt,FP,llm_counterfactual,qwen36_27b_local,full,0.2,,753c744b23abfecad6463890dfdf6e97c7eeaa5c,0.7428571428571428,0.5337560568086883,0.1275888503485145,0.2091010860484544
qt,TN,llm_counterfactual,qwen36_27b_local,full,0.2,,eb5994df1307b2e17e729374e1f7ab1c8fe82750,0.8666666666666666,0.6912982456140351,0.01775707964965,0.1753684210526315
qt,TN,llm_counterfactual,qwen36_27b_local,full,0.2,,5cb54cb5ebae99fab121061e25e26eec3056203a,1.0,0.5622807017543859,0.0735122713472601,0.437719298245614
qt,TN,llm_counterfactual,qwen36_27b_local,full,0.2,,9a50333dd03969abb3f09c0f90dcb4afd048e47a,0.6714285714285715,0.6357443609022556,0.1056880980794022,0.0356842105263158
qt,TN,llm_counterfactual,qwen36_27b_local,full,0.2,,bd79c331f14e6cfab9e0b5815404c8194526e8f1,0.638095238095238,0.4664628237259816,0.1056880980794022,0.1716324143692564
qt,TN,llm_counterfactual,qwen36_27b_local,full,0.2,,67ee72f3145fd14b36af408918ed3420504d3035,0.7333333333333333,0.6731929824561403,0.01775707964965,0.0601403508771929
qt,TN,llm_counterfactual,qwen36_27b_local,full,0.2,,121cdbdd30de1bee58e349859409dd08865c17f5,0.5809523809523809,0.5558646616541353,0.1584229978387558,0.0250877192982456
qt,TN,llm_counterfactual,qwen36_27b_local,full,0.2,,fc2f0fb39008f95133f6fd24662fe92195431808,0.6285714285714286,0.5909824561403508,0.1073597134781391,0.0375889724310777
qt,TN,llm_counterfactual,qwen36_27b_local,full,0.2,,9b3d91237bf38492fd97457624d4cb5cd486bd56,0.7666666666666666,0.6717593984962406,0.01775707964965,0.094907268170426
qt,TN,llm_counterfactual,qwen36_27b_local,full,0.2,,2831fa76655c614ed3df0816401514950e79b5e6,0.5823809523809523,0.5816390977443608,0.1073597134781391,0.0007418546365914
qt,TN,llm_counterfactual,qwen36_27b_local,full,0.2,,f3ca13f3d12f52c60f4cd41d0b336c24a8d3359d,0.7666666666666666,0.624735171261487,0.0890214500102244,0.1419314954051795
qt,TN,llm_counterfactual,qwen36_27b_local,full,0.2,,e3b7957d6552e88aa23bd0ecc474db5f14981707,0.6047619047619047,0.613062656641604,0.188554809174507,-0.0083007518796992
qt,TN,llm_counterfactual,qwen36_27b_local,full,0.2,,88a8deea86fe69448ca1586c2ee567a53dee1008,0.8666666666666666,0.6734636591478697,0.01775707964965,0.1932030075187969
qt,TN,llm_counterfactual,qwen36_27b_local,full,0.2,,bcf1167ccb52341d72e6e2921077d2244803ee8d,0.6857142857142857,0.6512130325814536,0.0813284148882026,0.0345012531328321
qt,TN,llm_counterfactual,qwen36_27b_local,full,0.2,,3e379bcc799edb6a78bc8cea093a278dbe32f33c,0.7666666666666666,0.6698395989974937,0.01775707964965,0.0968270676691729
qt,TN,llm_counterfactual,qwen36_27b_local,full,0.2,,4ebc2cf74e557b65a8ce1dc518ca92f399ce89e8,0.4642857142857142,0.4118796992481203,0.2519315536344497,0.0524060150375939
qt,TN,llm_counterfactual,qwen36_27b_local,full,0.2,,0234e5c96417f451f8de279b8ff92734836badd4,0.6761904761904762,0.6556441102756891,0.0652831017609937,0.020546365914787
qt,TN,llm_counterfactual,qwen36_27b_local,full,0.2,,4f4ad7c262ce4723417efa14c4d3fdb875be53d0,0.7,0.6351177944862155,0.01775707964965,0.0648822055137844
qt,TN,llm_counterfactual,qwen36_27b_local,full,0.2,,e38a98ad4453974b2848eeed02d81e0c408ce0c6,0.6178571428571429,0.4664210526315789,0.1073597134781391,0.1514360902255639
qt,TN,llm_counterfactual,qwen36_27b_local,full,0.2,,9b54447e453e2cb7b7375e2c6104b2595ab1594e,0.8666666666666666,0.6853834586466164,0.01775707964965,0.1812832080200501
qt,TN,llm_counterfactual,qwen36_27b_local,full,0.2,,4331ccd4b735d9d721a384193a3d42ee2ce6c805,0.7714285714285715,0.5804260651629073,0.169350141509727,0.1910025062656641
qt,FN,llm_counterfactual,qwen36_27b_local,full,0.2,,2ad213cc02094e003802530757fa4010720a22e6,0.619047619047619,0.5029039264828739,0.0574008001929699,0.1161436925647451
qt,FN,llm_counterfactual,qwen36_27b_local,full,0.2,,3786411f7f8770f28ba2a97cb646a0eb7a5eaa99,1.0,0.4870927318295739,0.114297563658994,0.5129072681704261
qt,FN,llm_counterfactual,qwen36_27b_local,full,0.2,,9e99dba4a22bbf212b3e6d1e2607a16dbbd04d90,0.8666666666666666,0.5536591478696742,0.0471240966802486,0.3130075187969924
qt,FN,llm_counterfactual,qwen36_27b_local,full,0.2,,f506e01665c9bf689887ccf057a03588829efeea,0.6523809523809524,0.5820025062656641,0.0574008001929699,0.0703784461152883
qt,FN,llm_counterfactual,qwen36_27b_local,full,0.2,,18f7e6dc9f59159b70cb7e6a8745738f42d4f46f,0.7714285714285715,0.5911787802840434,0.0574008001929699,0.1802497911445281
qt,FN,llm_counterfactual,qwen36_27b_local,full,0.2,,67ced4791ddabebfa19a2f101aa292b5eba60b90,0.7233333333333334,0.5706240601503759,0.028404564698505,0.1527092731829574
qt,FN,llm_counterfactual,qwen36_27b_local,full,0.2,,ac48071b185d17022d48c6379a2549ac2736cb8c,0.8666666666666666,0.6549924812030075,0.028404564698505,0.2116741854636591
qt,FN,llm_counterfactual,qwen36_27b_local,full,0.2,,895cb4681ee78caaf9b99c88390a74ff1d79ae61,0.7666666666666666,0.5359908103592315,0.0641139131739242,0.2306758563074351
qt,FN,llm_counterfactual,qwen36_27b_local,full,0.2,,d8782b0cc680f09d605133bd37a44d290894c01e,0.8,0.6512882205513784,0.028404564698505,0.1487117794486216
qt,FN,llm_counterfactual,qwen36_27b_local,full,0.2,,8cf186cc7c56144b02d5b40d8f4832ff3021e68a,0.6857142857142857,0.5853684210526316,0.1010958516959302,0.100345864661654
qt,FN,llm_counterfactual,qwen36_27b_local,full,0.2,,eaa54a8f9884652513c7c3ab489f31ff1e5d712c,0.6714285714285715,0.4351111111111111,0.2368094126403671,0.2363174603174603
qt,FN,llm_counterfactual,qwen36_27b_local,full,0.2,,4e3917587b11432d2d892f5146b367de2a3e4864,0.7333333333333333,0.6348972431077694,0.028404564698505,0.0984360902255638
qt,FN,llm_counterfactual,qwen36_27b_local,full,0.2,,7e298e2f2ceeee1a2d1a81238ca019d9a0c9519f,0.8666666666666666,0.6204260651629073,0.1366646922936623,0.2462406015037592
qt,FN,llm_counterfactual,qwen36_27b_local,full,0.2,,93dabeba9dc5f6cbab60e65b3cc8df5fe48745a9,0.5904761904761904,0.5027067669172932,0.1171411648231391,0.0877694235588971
qt,FN,llm_counterfactual,qwen36_27b_local,full,0.2,,e6d17c8691bfafa033b82a4d81a9caf4a2fd1b85,0.5714285714285714,0.5802606516290726,0.0574008001929699,-0.0088320802005011
qt,FN,llm_counterfactual,qwen36_27b_local,full,0.2,,5303225aef739c534714c1ac1d4dd096f0cc38d0,0.7428571428571428,0.6181854636591478,0.0574008001929699,0.1246716791979949
qt,FN,llm_counterfactual,qwen36_27b_local,full,0.2,,a69edf01cb0a2a06282dc7b89724ffa542f6546d,0.6785714285714286,0.5803508771929824,0.1672039125987186,0.0982205513784462
qt,FN,llm_counterfactual,qwen36_27b_local,full,0.2,,6486a4bd196ca2bf0047ae80e78eee06e5e18e18,0.7,0.5498045112781954,0.1173811468789089,0.1501954887218045
qt,FN,llm_counterfactual,qwen36_27b_local,full,0.2,,5629823b05ca7d24924ac879b5a0469a3cb03e78,0.5619047619047619,0.4433984962406014,0.2958996764403531,0.1185062656641604
qt,FN,llm_counterfactual,qwen36_27b_local,full,0.2,,cdbc4b83d59e08189d6ece9ccd88a646be155c08,0.8666666666666666,0.6053634085213032,0.0641139131739242,0.2613032581453633
qt,TP,llm_counterfactual,qwen36_27b_local,full,0.2,,256bbc4f139036a780a63b80af8bb461a77d333a,1.0,0.6862155388471178,0.0430183312493462,0.3137844611528821
qt,TP,llm_counterfactual,qwen36_27b_local,full,0.2,,ae292be8690109940fdd9862321b2389a0957404,0.7666666666666666,0.5002255639097744,0.1712578713333861,0.2664411027568922
qt,TP,llm_counterfactual,qwen36_27b_local,full,0.2,,fa7626713b3a943609453459190e16c49d61dfd3,1.0,0.6568922305764411,0.0430183312493462,0.3431077694235589
qt,TP,llm_counterfactual,qwen36_27b_local,full,0.2,,da8ace713a19d2a8c9831ddf50d17607bc4856cc,1.0,0.680952380952381,0.0384122539909734,0.319047619047619
qt,TP,llm_counterfactual,qwen36_27b_local,full,0.2,,d31304eab9e7424edc20fb83a8a19cd979458029,0.7666666666666666,0.6387468671679197,0.0518537152040274,0.1279197994987468
qt,TP,llm_counterfactual,qwen36_27b_local,full,0.2,,9bd30943bae136d28d42b9a9188a8586c963d461,0.8,0.5917042606516291,0.0942551484459646,0.2082957393483709
qt,TP,llm_counterfactual,qwen36_27b_local,full,0.2,,dfda6f14b3e210a33b71ef1c6fa3c75a9c866cce,0.8,0.6030075187969925,0.1091362827123976,0.1969924812030075
qt,TP,llm_counterfactual,qwen36_27b_local,full,0.2,,5dd76ba31c3c7cb9c0d9d97cd62f0d2f535a23f7,0.7666666666666666,0.6348621553884711,0.2236472700965411,0.1318045112781954
qt,TP,llm_counterfactual,qwen36_27b_local,full,0.2,,267edbec198a0cedbf7bed4c3c5fa93c1dbc86bd,0.7333333333333333,0.6653132832080201,0.1105541025062404,0.0680200501253132
qt,TP,llm_counterfactual,qwen36_27b_local,full,0.2,,9d23aebb271ea534a66cb3aceb2e63d9a1c870d6,0.5869047619047618,0.5739849624060149,0.1787729140616827,0.0129197994987468
qt,TP,llm_counterfactual,qwen36_27b_local,full,0.2,,d3393ce25833c0afd7f0fa6b85fd6f3bd7ad520a,0.6714285714285715,0.5154135338345864,0.2535359146244132,0.156015037593985
qt,TP,llm_counterfactual,qwen36_27b_local,full,0.2,,03a1675eac4baf8c7a6e0602102bbafa3176771c,1.0,0.5513784461152882,0.1458609687270698,0.4486215538847118
qt,TP,llm_counterfactual,qwen36_27b_local,full,0.2,,a50911bc0bfca1185e99ce6638fbf03cf592789d,0.8666666666666666,0.6409273182957393,0.1091362827123976,0.2257393483709272
qt,TP,llm_counterfactual,qwen36_27b_local,full,0.2,,bb199cc8ad4111808260f6255312b08c7d81dcbc,0.8666666666666666,0.5609189640768588,0.141394310817441,0.3057477025898077
qt,TP,llm_counterfactual,qwen36_27b_local,full,0.2,,b254b03dc3b1cfcfc5f17158d2470e0a9a946a0e,0.638095238095238,0.5622055137844612,0.1905932396451469,0.0758897243107769
qt,TP,llm_counterfactual,qwen36_27b_local,full,0.2,,1a7bc520c5df4da80b7e65acbec1f546f9c87870,0.8,0.623141186299081,0.1091362827123976,0.176858813700919
qt,TP,llm_counterfactual,qwen36_27b_local,full,0.2,,afbb57ae84ecbee5fab9eb6e58356b19d7995ea5,0.8666666666666666,0.6504010025062656,0.0942551484459646,0.2162656641604009
qt,TP,llm_counterfactual,qwen36_27b_local,full,0.2,,17513266b81e88b84fda250734f07c94a198fabc,0.8666666666666666,0.6683709273182957,0.0518537152040274,0.1982957393483708
qt,TP,llm_counterfactual,qwen36_27b_local,full,0.2,,a4f8b9ae6dfacf9ad5c190cde6098ebf13102f41,0.8,0.6383959899749373,0.0518537152040274,0.1616040100250627
qt,TP,llm_counterfactual,qwen36_27b_local,full,0.2,,fca89004d75412dd378cc44ad79ed3c1e05c765b,1.0,0.680952380952381,0.0384122539909734,0.319047619047619
qt,FP,llm_kernelshap,qwen36_27b_local,full,0.2,,3d3ce2afe1937531f5fdc2af56697e93133e6d98,0.6952380952380952,0.4000751879699248,0.2035442241943942,0.2951629072681704
qt,FP,llm_kernelshap,qwen36_27b_local,full,0.2,,8835c0376befd009702b9a17c506639e31c842b9,0.8666666666666666,0.4943107769423558,0.0847833977456642,0.3723558897243107
qt,FP,llm_kernelshap,qwen36_27b_local,full,0.2,,093064fdeb6e777d2dc88dbb4f4adb8fddac3aa5,0.6238095238095238,0.4163659147869674,0.1669562153370266,0.2074436090225564
qt,FP,llm_kernelshap,qwen36_27b_local,full,0.2,,08cfd02312d21391c956b8bf50ab7d6caa0d8082,0.8666666666666666,0.4545363408521303,0.139351539101863,0.4121303258145363
qt,FP,llm_kernelshap,qwen36_27b_local,full,0.2,,a02b371eb2f34bf198c95cf0caa1fbad639f96bb,0.8,0.3994152046783625,0.1319225601171406,0.4005847953216375
qt,FP,llm_kernelshap,qwen36_27b_local,full,0.2,,86d91d2bf8e7ac7a75f88f0e4886140abc06fd4c,0.8666666666666666,0.4879949874686716,0.1319225601171406,0.3786716791979949
qt,FP,llm_kernelshap,qwen36_27b_local,full,0.2,,41ae544c40e0568bd627a992a23b8c8f8f5cc27d,0.8,0.4739097744360901,0.1233464332722907,0.3260902255639099
qt,FP,llm_kernelshap,qwen36_27b_local,full,0.2,,237c867a002c8035aac7ff8a870da717eb7b0878,0.8,0.5249373433583959,0.1192234584653217,0.2750626566416041
qt,FP,llm_kernelshap,qwen36_27b_local,full,0.2,,571b11d41c9dadd5ef11e4e954c16c5ca39d718e,0.7333333333333333,0.3393567251461988,0.2439492205128026,0.3939766081871345
qt,FP,llm_kernelshap,qwen36_27b_local,full,0.2,,02b7ec05d5713aec67577cebc18e5906b5a98598,0.7,0.3585296574770258,0.2274778347122687,0.3414703425229741
qt,FP,llm_kernelshap,qwen36_27b_local,full,0.2,,1af927976ac953f922e35d71a16a32d328bb2efd,0.7,0.4168337510442774,0.2316065608674479,0.2831662489557225
qt,FP,llm_kernelshap,qwen36_27b_local,full,0.2,,eb93d7b51773b43e6a3e41961898a6033bcd9479,0.8666666666666666,0.3711361737677527,0.1779145746284895,0.4955304928989139
qt,FP,llm_kernelshap,qwen36_27b_local,full,0.2,,e58fdbaeb033a801ac7b5dd1f63657b36d6e1305,0.6952380952380952,0.3451127819548872,0.2155286266391407,0.350125313283208
qt,FP,llm_kernelshap,qwen36_27b_local,full,0.2,,ddb4fb4c60987ce6e0b9e50de9a5f3a7ff0e8757,1.0,0.3350877192982456,0.2527777153884807,0.6649122807017545
qt,FP,llm_kernelshap,qwen36_27b_local,full,0.2,,36997810d9fec492635152be89efaa55208e224a,0.6761904761904762,0.3454887218045113,0.2330642762398149,0.3307017543859649
qt,FP,llm_kernelshap,qwen36_27b_local,full,0.2,,6a91dcba2e4fa85dc345c2d403c757ab7676e28c,1.0,0.5622807017543859,0.0729803032725748,0.437719298245614
qt,FP,llm_kernelshap,qwen36_27b_local,full,0.2,,1c6d5b0696f324495e95a12f7718ae7593c9b58a,0.6285714285714286,0.4770426065162906,0.1631392278759858,0.1515288220551379
qt,FP,llm_kernelshap,qwen36_27b_local,full,0.2,,cd542a82b0c2d5c9a4ea167a84e5ea8a25c5d969,1.0,0.4229323308270676,0.1463254615409917,0.5770676691729324
qt,FP,llm_kernelshap,qwen36_27b_local,full,0.2,,3981a1f440914e8108af3d854a1b01dd596a8a0e,0.8666666666666666,0.4697911445279866,0.1319225601171406,0.3968755221386799
qt,FP,llm_kernelshap,qwen36_27b_local,full,0.2,,753c744b23abfecad6463890dfdf6e97c7eeaa5c,0.6952380952380952,0.4438596491228069,0.2063779420610399,0.2513784461152882
qt,TN,llm_kernelshap,qwen36_27b_local,full,0.2,,eb5994df1307b2e17e729374e1f7ab1c8fe82750,0.6523809523809524,0.5295739348370927,0.05678209002699,0.1228070175438597
qt,TN,llm_kernelshap,qwen36_27b_local,full,0.2,,5cb54cb5ebae99fab121061e25e26eec3056203a,0.8,0.5295321637426901,0.1143696447337347,0.2704678362573099
qt,TN,llm_kernelshap,qwen36_27b_local,full,0.2,,9a50333dd03969abb3f09c0f90dcb4afd048e47a,0.7428571428571428,0.5799248120300752,0.0842194143062567,0.1629323308270676
qt,TN,llm_kernelshap,qwen36_27b_local,full,0.2,,bd79c331f14e6cfab9e0b5815404c8194526e8f1,0.638095238095238,0.4533500417710943,0.1239289869552442,0.1847451963241437
qt,TN,llm_kernelshap,qwen36_27b_local,full,0.2,,67ee72f3145fd14b36af408918ed3420504d3035,0.5134920634920634,0.5446115288220552,0.1485126888186186,-0.0311194653299917
qt,TN,llm_kernelshap,qwen36_27b_local,full,0.2,,121cdbdd30de1bee58e349859409dd08865c17f5,0.6714285714285715,0.5288721804511278,0.1621621570203345,0.1425563909774436
qt,TN,llm_kernelshap,qwen36_27b_local,full,0.2,,fc2f0fb39008f95133f6fd24662fe92195431808,0.7333333333333333,0.6038345864661654,0.0618064049064288,0.1294987468671679
qt,TN,llm_kernelshap,qwen36_27b_local,full,0.2,,9b3d91237bf38492fd97457624d4cb5cd486bd56,0.5714285714285714,0.5488972431077694,0.0830028809380951,0.0225313283208019
qt,TN,llm_kernelshap,qwen36_27b_local,full,0.2,,2831fa76655c614ed3df0816401514950e79b5e6,0.7333333333333333,0.6318045112781955,0.0276827361715284,0.1015288220551378
qt,TN,llm_kernelshap,qwen36_27b_local,full,0.2,,f3ca13f3d12f52c60f4cd41d0b336c24a8d3359d,0.5571428571428572,0.5617293233082706,0.1184354492225463,-0.0045864661654134
qt,TN,llm_kernelshap,qwen36_27b_local,full,0.2,,e3b7957d6552e88aa23bd0ecc474db5f14981707,0.5095238095238095,0.5089974937343358,0.2295465603336574,0.0005263157894737
qt,TN,llm_kernelshap,qwen36_27b_local,full,0.2,,88a8deea86fe69448ca1586c2ee567a53dee1008,0.8666666666666666,0.6105513784461153,0.0276827361715284,0.2561152882205513
qt,TN,llm_kernelshap,qwen36_27b_local,full,0.2,,bcf1167ccb52341d72e6e2921077d2244803ee8d,0.7333333333333333,0.6097493734335839,0.0276827361715284,0.1235839598997493
qt,TN,llm_kernelshap,qwen36_27b_local,full,0.2,,3e379bcc799edb6a78bc8cea093a278dbe32f33c,0.8,0.6328070175438596,0.0276827361715284,0.1671929824561404
qt,TN,llm_kernelshap,qwen36_27b_local,full,0.2,,4ebc2cf74e557b65a8ce1dc518ca92f399ce89e8,0.8666666666666666,0.5195238095238095,0.1469624240208198,0.3471428571428571
qt,TN,llm_kernelshap,qwen36_27b_local,full,0.2,,0234e5c96417f451f8de279b8ff92734836badd4,0.6285714285714286,0.5934670008354218,0.05678209002699,0.0351044277360067
qt,TN,llm_kernelshap,qwen36_27b_local,full,0.2,,4f4ad7c262ce4723417efa14c4d3fdb875be53d0,0.6047619047619047,0.5247117794486216,0.1035547826180175,0.0800501253132831
qt,TN,llm_kernelshap,qwen36_27b_local,full,0.2,,e38a98ad4453974b2848eeed02d81e0c408ce0c6,0.5904761904761904,0.4528070175438596,0.1212360510031854,0.1376691729323307
qt,TN,llm_kernelshap,qwen36_27b_local,full,0.2,,9b54447e453e2cb7b7375e2c6104b2595ab1594e,0.7428571428571428,0.4670760233918128,0.0618064049064288,0.2757811194653299
qt,TN,llm_kernelshap,qwen36_27b_local,full,0.2,,4331ccd4b735d9d721a384193a3d42ee2ce6c805,0.7666666666666666,0.4176190476190476,0.1833815056604393,0.349047619047619
qt,FN,llm_kernelshap,qwen36_27b_local,full,0.2,,2ad213cc02094e003802530757fa4010720a22e6,0.8,0.3532163742690058,0.1703463347447311,0.4467836257309942
qt,FN,llm_kernelshap,qwen36_27b_local,full,0.2,,3786411f7f8770f28ba2a97cb646a0eb7a5eaa99,0.8,0.6049122807017544,0.0580934828439994,0.1950877192982456
qt,FN,llm_kernelshap,qwen36_27b_local,full,0.2,,9e99dba4a22bbf212b3e6d1e2607a16dbbd04d90,0.7666666666666666,0.61,0.1771331758727082,0.1566666666666666
qt,FN,llm_kernelshap,qwen36_27b_local,full,0.2,,f506e01665c9bf689887ccf057a03588829efeea,0.8666666666666666,0.6021303258145363,0.1396727059351335,0.2645363408521303
qt,FN,llm_kernelshap,qwen36_27b_local,full,0.2,,18f7e6dc9f59159b70cb7e6a8745738f42d4f46f,0.7666666666666666,0.6128571428571428,0.0934894653692456,0.1538095238095238
qt,FN,llm_kernelshap,qwen36_27b_local,full,0.2,,67ced4791ddabebfa19a2f101aa292b5eba60b90,0.5214285714285715,0.5040183792815371,0.1469856300443007,0.0174101921470343
qt,FN,llm_kernelshap,qwen36_27b_local,full,0.2,,ac48071b185d17022d48c6379a2549ac2736cb8c,0.6285714285714286,0.5979281537176274,0.1151218343625687,0.0306432748538011
qt,FN,llm_kernelshap,qwen36_27b_local,full,0.2,,895cb4681ee78caaf9b99c88390a74ff1d79ae61,0.619047619047619,0.4913700918964077,0.1209267896485124,0.1276775271512112
qt,FN,llm_kernelshap,qwen36_27b_local,full,0.2,,d8782b0cc680f09d605133bd37a44d290894c01e,0.5809523809523809,0.4577777777777777,0.1376120158739012,0.1231746031746031
qt,FN,llm_kernelshap,qwen36_27b_local,full,0.2,,8cf186cc7c56144b02d5b40d8f4832ff3021e68a,0.6285714285714286,0.4961487050960735,0.125608186501722,0.132422723475355
qt,FN,llm_kernelshap,qwen36_27b_local,full,0.2,,eaa54a8f9884652513c7c3ab489f31ff1e5d712c,0.8666666666666666,0.6067251461988304,0.092533543563657,0.2599415204678361
qt,FN,llm_kernelshap,qwen36_27b_local,full,0.2,,4e3917587b11432d2d892f5146b367de2a3e4864,0.5714285714285714,0.5650208855472013,0.125608186501722,0.00640768588137
qt,FN,llm_kernelshap,qwen36_27b_local,full,0.2,,7e298e2f2ceeee1a2d1a81238ca019d9a0c9519f,0.8666666666666666,0.6068086883876358,0.1011096704085069,0.2598579782790308
qt,FN,llm_kernelshap,qwen36_27b_local,full,0.2,,93dabeba9dc5f6cbab60e65b3cc8df5fe48745a9,0.8666666666666666,0.6119047619047618,0.0785517407114527,0.2547619047619047
qt,FN,llm_kernelshap,qwen36_27b_local,full,0.2,,e6d17c8691bfafa033b82a4d81a9caf4a2fd1b85,1.0,0.6565162907268169,0.0356086229451199,0.343483709273183
qt,FN,llm_kernelshap,qwen36_27b_local,full,0.2,,5303225aef739c534714c1ac1d4dd096f0cc38d0,0.6761904761904762,0.586516290726817,0.1135758237814981,0.0896741854636592
qt,FN,llm_kernelshap,qwen36_27b_local,full,0.2,,a69edf01cb0a2a06282dc7b89724ffa542f6546d,0.7333333333333333,0.6051629072681705,0.0740985886735717,0.1281704260651628
qt,FN,llm_kernelshap,qwen36_27b_local,full,0.2,,6486a4bd196ca2bf0047ae80e78eee06e5e18e18,0.8666666666666666,0.6231161236424394,0.088080391525776,0.2435505430242271
qt,FN,llm_kernelshap,qwen36_27b_local,full,0.2,,5629823b05ca7d24924ac879b5a0469a3cb03e78,0.7,0.5149039264828739,0.1085386493932293,0.1850960735171261
qt,FN,llm_kernelshap,qwen36_27b_local,full,0.2,,cdbc4b83d59e08189d6ece9ccd88a646be155c08,0.4821428571428571,0.4015538847117794,0.2052285283258891,0.0805889724310776
qt,TP,llm_kernelshap,qwen36_27b_local,full,0.2,,256bbc4f139036a780a63b80af8bb461a77d333a,0.8,0.5781203007518797,0.1362042645613558,0.2218796992481203
qt,TP,llm_kernelshap,qwen36_27b_local,full,0.2,,ae292be8690109940fdd9862321b2389a0957404,1.0,0.5219298245614035,0.1247354837475747,0.4780701754385965
qt,TP,llm_kernelshap,qwen36_27b_local,full,0.2,,fa7626713b3a943609453459190e16c49d61dfd3,0.6714285714285715,0.5530242272347535,0.1741602261237558,0.1184043441938179
qt,TP,llm_kernelshap,qwen36_27b_local,full,0.2,,da8ace713a19d2a8c9831ddf50d17607bc4856cc,0.7428571428571428,0.5985714285714285,0.1304651746207955,0.1442857142857142
qt,TP,llm_kernelshap,qwen36_27b_local,full,0.2,,d31304eab9e7424edc20fb83a8a19cd979458029,0.6761904761904762,0.6056140350877193,0.1411061956723616,0.0705764411027569
qt,TP,llm_kernelshap,qwen36_27b_local,full,0.2,,9bd30943bae136d28d42b9a9188a8586c963d461,0.7428571428571428,0.5079030910609857,0.2669546212053192,0.234954051796157
qt,TP,llm_kernelshap,qwen36_27b_local,full,0.2,,dfda6f14b3e210a33b71ef1c6fa3c75a9c866cce,1.0,0.4711779448621553,0.1280036076073502,0.5288220551378446
qt,TP,llm_kernelshap,qwen36_27b_local,full,0.2,,5dd76ba31c3c7cb9c0d9d97cd62f0d2f535a23f7,1.0,0.625062656641604,0.0613401851829877,0.374937343358396
qt,TP,llm_kernelshap,qwen36_27b_local,full,0.2,,267edbec198a0cedbf7bed4c3c5fa93c1dbc86bd,0.8,0.5442857142857143,0.1095233600573325,0.2557142857142858
qt,TP,llm_kernelshap,qwen36_27b_local,full,0.2,,9d23aebb271ea534a66cb3aceb2e63d9a1c870d6,0.8666666666666666,0.6167669172932331,0.1747673000879823,0.2498997493734335
qt,TP,llm_kernelshap,qwen36_27b_local,full,0.2,,d3393ce25833c0afd7f0fa6b85fd6f3bd7ad520a,0.6857142857142857,0.5128654970760234,0.2159086038353446,0.1728487886382623
qt,TP,llm_kernelshap,qwen36_27b_local,full,0.2,,03a1675eac4baf8c7a6e0602102bbafa3176771c,0.8,0.4891228070175438,0.1282428920390761,0.3108771929824562
qt,TP,llm_kernelshap,qwen36_27b_local,full,0.2,,a50911bc0bfca1185e99ce6638fbf03cf592789d,0.7666666666666666,0.5482456140350876,0.1706443252810133,0.2184210526315789
qt,TP,llm_kernelshap,qwen36_27b_local,full,0.2,,bb199cc8ad4111808260f6255312b08c7d81dcbc,0.8666666666666666,0.5196491228070175,0.1323658668460451,0.3470175438596491
qt,TP,llm_kernelshap,qwen36_27b_local,full,0.2,,b254b03dc3b1cfcfc5f17158d2470e0a9a946a0e,0.8666666666666666,0.6480701754385965,0.075083299337675,0.2185964912280701
qt,TP,llm_kernelshap,qwen36_27b_local,full,0.2,,1a7bc520c5df4da80b7e65acbec1f546f9c87870,0.8,0.418796992481203,0.1792204521258632,0.381203007518797
qt,TP,llm_kernelshap,qwen36_27b_local,full,0.2,,afbb57ae84ecbee5fab9eb6e58356b19d7995ea5,1.0,0.6570175438596491,0.0559964027375305,0.3429824561403509
qt,TP,llm_kernelshap,qwen36_27b_local,full,0.2,,17513266b81e88b84fda250734f07c94a198fabc,0.8,0.5614536340852131,0.1447803914062057,0.2385463659147869
qt,TP,llm_kernelshap,qwen36_27b_local,full,0.2,,a4f8b9ae6dfacf9ad5c190cde6098ebf13102f41,0.8666666666666666,0.6488471177944862,0.1050702080194515,0.2178195488721803
qt,TP,llm_kernelshap,qwen36_27b_local,full,0.2,,fca89004d75412dd378cc44ad79ed3c1e05c765b,0.8666666666666666,0.5550626566416039,0.1706443252810133,0.3116040100250626
qt,FP,llm_lime,qwen36_27b_local,full,0.2,,3d3ce2afe1937531f5fdc2af56697e93133e6d98,0.7428571428571428,0.4673182957393483,0.1063998558569788,0.2755388471177944
qt,FP,llm_lime,qwen36_27b_local,full,0.2,,8835c0376befd009702b9a17c506639e31c842b9,1.0,0.6375939849624059,0.0325963086820072,0.362406015037594
qt,FP,llm_lime,qwen36_27b_local,full,0.2,,093064fdeb6e777d2dc88dbb4f4adb8fddac3aa5,0.5071428571428571,0.5073684210526316,0.1977743550172137,-0.0002255639097744
qt,FP,llm_lime,qwen36_27b_local,full,0.2,,08cfd02312d21391c956b8bf50ab7d6caa0d8082,0.7428571428571428,0.5795655806182122,0.1711645353665868,0.1632915622389306
qt,FP,llm_lime,qwen36_27b_local,full,0.2,,a02b371eb2f34bf198c95cf0caa1fbad639f96bb,0.6761904761904762,0.5056892230576441,0.0977055085967842,0.1705012531328321
qt,FP,llm_lime,qwen36_27b_local,full,0.2,,86d91d2bf8e7ac7a75f88f0e4886140abc06fd4c,0.5809523809523809,0.5149958228905598,0.1602553205849166,0.0659565580618211
qt,FP,llm_lime,qwen36_27b_local,full,0.2,,41ae544c40e0568bd627a992a23b8c8f8f5cc27d,1.0,0.5957393483709273,0.041511083463674,0.4042606516290726
qt,FP,llm_lime,qwen36_27b_local,full,0.2,,237c867a002c8035aac7ff8a870da717eb7b0878,0.7333333333333333,0.5685463659147869,0.1307595390481784,0.1647869674185463
qt,FP,llm_lime,qwen36_27b_local,full,0.2,,571b11d41c9dadd5ef11e4e954c16c5ca39d718e,0.5428571428571429,0.436750208855472,0.1753989161778213,0.1061069340016709
qt,FP,llm_lime,qwen36_27b_local,full,0.2,,02b7ec05d5713aec67577cebc18e5906b5a98598,0.5869047619047618,0.48531328320802,0.2534542456534638,0.1015914786967417
qt,FP,llm_lime,qwen36_27b_local,full,0.2,,1af927976ac953f922e35d71a16a32d328bb2efd,0.8666666666666666,0.4787218045112781,0.1906502660219206,0.3879448621553884
qt,FP,llm_lime,qwen36_27b_local,full,0.2,,eb93d7b51773b43e6a3e41961898a6033bcd9479,0.8666666666666666,0.4654970760233917,0.1974208385044177,0.4011695906432748
qt,FP,llm_lime,qwen36_27b_local,full,0.2,,e58fdbaeb033a801ac7b5dd1f63657b36d6e1305,0.8,0.5304928989139515,0.101575235469421,0.2695071010860486
qt,FP,llm_lime,qwen36_27b_local,full,0.2,,ddb4fb4c60987ce6e0b9e50de9a5f3a7ff0e8757,0.5547619047619048,0.4929156223893066,0.1602553205849166,0.0618462823725982
qt,FP,llm_lime,qwen36_27b_local,full,0.2,,36997810d9fec492635152be89efaa55208e224a,0.5952380952380951,0.3856641604010025,0.2055619472111613,0.2095739348370926
qt,FP,llm_lime,qwen36_27b_local,full,0.2,,6a91dcba2e4fa85dc345c2d403c757ab7676e28c,1.0,0.5630325814536341,0.0529840884744178,0.4369674185463659
qt,FP,llm_lime,qwen36_27b_local,full,0.2,,1c6d5b0696f324495e95a12f7718ae7593c9b58a,0.6952380952380952,0.5909189640768588,0.1063998558569788,0.1043191311612363
qt,FP,llm_lime,qwen36_27b_local,full,0.2,,cd542a82b0c2d5c9a4ea167a84e5ea8a25c5d969,0.6857142857142857,0.3768588137009189,0.1613675520271091,0.3088554720133667
qt,FP,llm_lime,qwen36_27b_local,full,0.2,,3981a1f440914e8108af3d854a1b01dd596a8a0e,0.8666666666666666,0.5670258980785297,0.1275059978208718,0.2996407685881369
qt,FP,llm_lime,qwen36_27b_local,full,0.2,,753c744b23abfecad6463890dfdf6e97c7eeaa5c,1.0,0.6375939849624059,0.0325963086820072,0.362406015037594
qt,TN,llm_lime,qwen36_27b_local,full,0.2,,eb5994df1307b2e17e729374e1f7ab1c8fe82750,0.5297619047619048,0.5814536340852131,0.1317666673756654,-0.0516917293233083
qt,TN,llm_lime,qwen36_27b_local,full,0.2,,5cb54cb5ebae99fab121061e25e26eec3056203a,0.6714285714285715,0.5957393483709273,0.1107124129588409,0.0756892230576441
qt,TN,llm_lime,qwen36_27b_local,full,0.2,,9a50333dd03969abb3f09c0f90dcb4afd048e47a,0.6857142857142857,0.6512280701754386,0.0407873645950118,0.0344862155388471
qt,TN,llm_lime,qwen36_27b_local,full,0.2,,bd79c331f14e6cfab9e0b5815404c8194526e8f1,0.5511904761904762,0.3915121136173767,0.1874897275181377,0.1596783625730994
qt,TN,llm_lime,qwen36_27b_local,full,0.2,,67ee72f3145fd14b36af408918ed3420504d3035,1.0,0.6708020050125313,0.02130849557958,0.3291979949874687
qt,TN,llm_lime,qwen36_27b_local,full,0.2,,121cdbdd30de1bee58e349859409dd08865c17f5,0.8,0.4689473684210526,0.1382275675387237,0.3310526315789474
qt,TN,llm_lime,qwen36_27b_local,full,0.2,,fc2f0fb39008f95133f6fd24662fe92195431808,0.7333333333333333,0.6491729323308271,0.0407873645950118,0.0841604010025062
qt,TN,llm_lime,qwen36_27b_local,full,0.2,,9b3d91237bf38492fd97457624d4cb5cd486bd56,0.6952380952380952,0.6099749373433584,0.0407873645950118,0.0852631578947368
qt,TN,llm_lime,qwen36_27b_local,full,0.2,,2831fa76655c614ed3df0816401514950e79b5e6,0.569047619047619,0.5557727652464495,0.2354519445833658,0.0132748538011695
qt,TN,llm_lime,qwen36_27b_local,full,0.2,,f3ca13f3d12f52c60f4cd41d0b336c24a8d3359d,0.5952380952380951,0.5983458646616542,0.1148482201028747,-0.003107769423559
qt,TN,llm_lime,qwen36_27b_local,full,0.2,,e3b7957d6552e88aa23bd0ecc474db5f14981707,0.6857142857142857,0.6461152882205513,0.0969937508192076,0.0395989974937344
qt,TN,llm_lime,qwen36_27b_local,full,0.2,,88a8deea86fe69448ca1586c2ee567a53dee1008,0.6952380952380952,0.6461904761904762,0.0969937508192076,0.049047619047619
qt,TN,llm_lime,qwen36_27b_local,full,0.2,,bcf1167ccb52341d72e6e2921077d2244803ee8d,0.6761904761904762,0.6359147869674185,0.0407873645950118,0.0402756892230576
qt,TN,llm_lime,qwen36_27b_local,full,0.2,,3e379bcc799edb6a78bc8cea093a278dbe32f33c,1.0,0.6684210526315789,0.0174925061238774,0.3315789473684211
qt,TN,llm_lime,qwen36_27b_local,full,0.2,,4ebc2cf74e557b65a8ce1dc518ca92f399ce89e8,0.7714285714285715,0.5163659147869674,0.1097864249158543,0.2550626566416041
qt,TN,llm_lime,qwen36_27b_local,full,0.2,,0234e5c96417f451f8de279b8ff92734836badd4,0.7428571428571428,0.6510275689223057,0.0407873645950118,0.091829573934837
qt,TN,llm_lime,qwen36_27b_local,full,0.2,,4f4ad7c262ce4723417efa14c4d3fdb875be53d0,0.6047619047619047,0.5534085213032581,0.164028808049046,0.0513533834586465
qt,TN,llm_lime,qwen36_27b_local,full,0.2,,e38a98ad4453974b2848eeed02d81e0c408ce0c6,1.0,0.4235588972431077,0.0466438451403533,0.5764411027568923
qt,TN,llm_lime,qwen36_27b_local,full,0.2,,9b54447e453e2cb7b7375e2c6104b2595ab1594e,0.6761904761904762,0.5890225563909774,0.0407873645950118,0.0871679197994987
qt,TN,llm_lime,qwen36_27b_local,full,0.2,,4331ccd4b735d9d721a384193a3d42ee2ce6c805,0.8,0.6777944862155388,0.0236187803423285,0.1222055137844612
qt,FN,llm_lime,qwen36_27b_local,full,0.2,,2ad213cc02094e003802530757fa4010720a22e6,0.7428571428571428,0.4751002506265664,0.0963015258787377,0.2677568922305763
qt,FN,llm_lime,qwen36_27b_local,full,0.2,,3786411f7f8770f28ba2a97cb646a0eb7a5eaa99,0.8666666666666666,0.5088721804511278,0.0821972969854522,0.3577944862155388
qt,FN,llm_lime,qwen36_27b_local,full,0.2,,9e99dba4a22bbf212b3e6d1e2607a16dbbd04d90,0.45,0.4067084377610693,0.2008333815958024,0.0432915622389307
qt,FN,llm_lime,qwen36_27b_local,full,0.2,,f506e01665c9bf689887ccf057a03588829efeea,0.6523809523809524,0.5894235588972431,0.1186098439394509,0.0629573934837093
qt,FN,llm_lime,qwen36_27b_local,full,0.2,,18f7e6dc9f59159b70cb7e6a8745738f42d4f46f,0.6357142857142857,0.5513408521303258,0.1186098439394509,0.0843734335839598
qt,FN,llm_lime,qwen36_27b_local,full,0.2,,67ced4791ddabebfa19a2f101aa292b5eba60b90,0.7428571428571428,0.570952380952381,0.0782048476210425,0.1719047619047617
qt,FN,llm_lime,qwen36_27b_local,full,0.2,,ac48071b185d17022d48c6379a2549ac2736cb8c,0.8666666666666666,0.6333583959899749,0.0328324498197068,0.2333082706766917
qt,FN,llm_lime,qwen36_27b_local,full,0.2,,895cb4681ee78caaf9b99c88390a74ff1d79ae61,0.6047619047619047,0.5005931495405179,0.1229878600575128,0.1041687552213868
qt,FN,llm_lime,qwen36_27b_local,full,0.2,,d8782b0cc680f09d605133bd37a44d290894c01e,0.6952380952380952,0.5957894736842105,0.0486847955756217,0.0994486215538846
qt,FN,llm_lime,qwen36_27b_local,full,0.2,,8cf186cc7c56144b02d5b40d8f4832ff3021e68a,0.8666666666666666,0.6296491228070175,0.0328324498197068,0.2370175438596491
qt,FN,llm_lime,qwen36_27b_local,full,0.2,,eaa54a8f9884652513c7c3ab489f31ff1e5d712c,0.6714285714285715,0.4108771929824561,0.1757005548580082,0.2605513784461153
qt,FN,llm_lime,qwen36_27b_local,full,0.2,,4e3917587b11432d2d892f5146b367de2a3e4864,0.7714285714285715,0.5829824561403508,0.0486847955756217,0.1884461152882206
qt,FN,llm_lime,qwen36_27b_local,full,0.2,,7e298e2f2ceeee1a2d1a81238ca019d9a0c9519f,0.5059523809523809,0.5319465329991645,0.1936321738363898,-0.0259941520467835
qt,FN,llm_lime,qwen36_27b_local,full,0.2,,93dabeba9dc5f6cbab60e65b3cc8df5fe48745a9,1.0,0.5208020050125314,0.0877867260956258,0.4791979949874686
qt,FN,llm_lime,qwen36_27b_local,full,0.2,,e6d17c8691bfafa033b82a4d81a9caf4a2fd1b85,0.7333333333333333,0.5933082706766917,0.0486847955756217,0.1400250626566416
qt,FN,llm_lime,qwen36_27b_local,full,0.2,,5303225aef739c534714c1ac1d4dd096f0cc38d0,0.6285714285714286,0.5603425229741018,0.0486847955756217,0.0682289055973267
qt,FN,llm_lime,qwen36_27b_local,full,0.2,,a69edf01cb0a2a06282dc7b89724ffa542f6546d,0.6285714285714286,0.5806766917293232,0.0486847955756217,0.0478947368421053
qt,FN,llm_lime,qwen36_27b_local,full,0.2,,6486a4bd196ca2bf0047ae80e78eee06e5e18e18,0.6714285714285715,0.5543107769423559,0.1217584722109084,0.1171177944862156
qt,FN,llm_lime,qwen36_27b_local,full,0.2,,5629823b05ca7d24924ac879b5a0469a3cb03e78,0.7714285714285715,0.3657268170426065,0.2427143044990076,0.4057017543859649
qt,FN,llm_lime,qwen36_27b_local,full,0.2,,cdbc4b83d59e08189d6ece9ccd88a646be155c08,0.6047619047619047,0.4465705931495405,0.1176838558964642,0.1581913116123642
qt,TP,llm_lime,qwen36_27b_local,full,0.2,,256bbc4f139036a780a63b80af8bb461a77d333a,0.6523809523809524,0.504578111946533,0.1364451704992323,0.1478028404344193
qt,TP,llm_lime,qwen36_27b_local,full,0.2,,ae292be8690109940fdd9862321b2389a0957404,0.8666666666666666,0.511704260651629,0.1192144480676802,0.3549624060150376
qt,TP,llm_lime,qwen36_27b_local,full,0.2,,fa7626713b3a943609453459190e16c49d61dfd3,1.0,0.6357142857142857,0.0356086229451199,0.3642857142857143
qt,TP,llm_lime,qwen36_27b_local,full,0.2,,da8ace713a19d2a8c9831ddf50d17607bc4856cc,1.0,0.6357142857142857,0.0356086229451199,0.3642857142857143
qt,TP,llm_lime,qwen36_27b_local,full,0.2,,d31304eab9e7424edc20fb83a8a19cd979458029,0.8666666666666666,0.4923558897243107,0.1177693096712705,0.3743107769423558
qt,TP,llm_lime,qwen36_27b_local,full,0.2,,9bd30943bae136d28d42b9a9188a8586c963d461,0.7666666666666666,0.5716708437761069,0.1733161884116673,0.1949958228905597
qt,TP,llm_lime,qwen36_27b_local,full,0.2,,dfda6f14b3e210a33b71ef1c6fa3c75a9c866cce,0.8,0.5851378446115288,0.088080391525776,0.2148621553884712
qt,TP,llm_lime,qwen36_27b_local,full,0.2,,5dd76ba31c3c7cb9c0d9d97cd62f0d2f535a23f7,0.7666666666666666,0.5310025062656641,0.2438022654325175,0.2356641604010024
qt,TP,llm_lime,qwen36_27b_local,full,0.2,,267edbec198a0cedbf7bed4c3c5fa93c1dbc86bd,0.8666666666666666,0.6094486215538847,0.088080391525776,0.2572180451127819
qt,TP,llm_lime,qwen36_27b_local,full,0.2,,9d23aebb271ea534a66cb3aceb2e63d9a1c870d6,0.6238095238095238,0.3949122807017543,0.2902302481045888,0.2288972431077695
qt,TP,llm_lime,qwen36_27b_local,full,0.2,,d3393ce25833c0afd7f0fa6b85fd6f3bd7ad520a,0.6523809523809524,0.4909022556390977,0.1329111920932589,0.1614786967418546
qt,TP,llm_lime,qwen36_27b_local,full,0.2,,03a1675eac4baf8c7a6e0602102bbafa3176771c,0.8,0.462406015037594,0.1192144480676802,0.337593984962406
qt,TP,llm_lime,qwen36_27b_local,full,0.2,,a50911bc0bfca1185e99ce6638fbf03cf592789d,0.6857142857142857,0.4944862155388471,0.1329111920932589,0.1912280701754385
qt,TP,llm_lime,qwen36_27b_local,full,0.2,,bb199cc8ad4111808260f6255312b08c7d81dcbc,1.0,0.5263157894736842,0.114297563658994,0.4736842105263158
qt,TP,llm_lime,qwen36_27b_local,full,0.2,,b254b03dc3b1cfcfc5f17158d2470e0a9a946a0e,0.5952380952380951,0.5560568086883876,0.1865449708968885,0.0391812865497075
qt,TP,llm_lime,qwen36_27b_local,full,0.2,,1a7bc520c5df4da80b7e65acbec1f546f9c87870,0.7333333333333333,0.5749122807017544,0.088080391525776,0.1584210526315789
qt,TP,llm_lime,qwen36_27b_local,full,0.2,,afbb57ae84ecbee5fab9eb6e58356b19d7995ea5,0.8666666666666666,0.5738345864661654,0.0536403308061185,0.2928320802005012
qt,TP,llm_lime,qwen36_27b_local,full,0.2,,17513266b81e88b84fda250734f07c94a198fabc,1.0,0.6357142857142857,0.0356086229451199,0.3642857142857143
qt,TP,llm_lime,qwen36_27b_local,full,0.2,,a4f8b9ae6dfacf9ad5c190cde6098ebf13102f41,0.5904761904761904,0.4968170426065163,0.1342721518454905,0.093659147869674
qt,TP,llm_lime,qwen36_27b_local,full,0.2,,fca89004d75412dd378cc44ad79ed3c1e05c765b,0.8,0.556265664160401,0.088080391525776,0.243734335839599
qt,FP,llm_lofo,qwen36_27b_local,full,0.2,,3d3ce2afe1937531f5fdc2af56697e93133e6d98,0.8666666666666666,0.3667919799498747,0.1114474039537488,0.4998746867167918
qt,FP,llm_lofo,qwen36_27b_local,full,0.2,,8835c0376befd009702b9a17c506639e31c842b9,0.7333333333333333,0.4851378446115288,0.1280534444209757,0.2481954887218044
qt,FP,llm_lofo,qwen36_27b_local,full,0.2,,093064fdeb6e777d2dc88dbb4f4adb8fddac3aa5,0.6714285714285715,0.4167084377610693,0.1474011356469611,0.2547201336675022
qt,FP,llm_lofo,qwen36_27b_local,full,0.2,,08cfd02312d21391c956b8bf50ab7d6caa0d8082,0.6761904761904762,0.4230618212197159,0.1740751469115115,0.2531286549707603
qt,FP,llm_lofo,qwen36_27b_local,full,0.2,,a02b371eb2f34bf198c95cf0caa1fbad639f96bb,0.8666666666666666,0.375125313283208,0.1055857032610702,0.4915413533834586
qt,FP,llm_lofo,qwen36_27b_local,full,0.2,,86d91d2bf8e7ac7a75f88f0e4886140abc06fd4c,0.5904761904761904,0.3973266499582289,0.1574851055498685,0.1931495405179614
qt,FP,llm_lofo,qwen36_27b_local,full,0.2,,41ae544c40e0568bd627a992a23b8c8f8f5cc27d,0.6047619047619047,0.4316624895572263,0.2370974907855255,0.1730994152046783
qt,FP,llm_lofo,qwen36_27b_local,full,0.2,,237c867a002c8035aac7ff8a870da717eb7b0878,0.8,0.4560609857978279,0.1386931325996378,0.3439390142021721
qt,FP,llm_lofo,qwen36_27b_local,full,0.2,,571b11d41c9dadd5ef11e4e954c16c5ca39d718e,0.7,0.2935213032581453,0.162744829047551,0.4064786967418546
qt,FP,llm_lofo,qwen36_27b_local,full,0.2,,02b7ec05d5713aec67577cebc18e5906b5a98598,0.7333333333333333,0.3775187969924811,0.2199885930881008,0.3558145363408521
qt,FP,llm_lofo,qwen36_27b_local,full,0.2,,1af927976ac953f922e35d71a16a32d328bb2efd,0.6535714285714286,0.3725104427736006,0.2085855529653116,0.2810609857978279
qt,FP,llm_lofo,qwen36_27b_local,full,0.2,,eb93d7b51773b43e6a3e41961898a6033bcd9479,0.6857142857142857,0.3897076023391813,0.1657327339853109,0.2960066833751044
qt,FP,llm_lofo,qwen36_27b_local,full,0.2,,e58fdbaeb033a801ac7b5dd1f63657b36d6e1305,0.3910714285714285,0.3549206349206348,0.1699609244005273,0.0361507936507937
qt,FP,llm_lofo,qwen36_27b_local,full,0.2,,ddb4fb4c60987ce6e0b9e50de9a5f3a7ff0e8757,0.8666666666666666,0.3404344193817877,0.1451695876148867,0.5262322472848788
qt,FP,llm_lofo,qwen36_27b_local,full,0.2,,36997810d9fec492635152be89efaa55208e224a,0.7714285714285715,0.3169507101086048,0.2259572335942221,0.4544778613199666
qt,FP,llm_lofo,qwen36_27b_local,full,0.2,,6a91dcba2e4fa85dc345c2d403c757ab7676e28c,0.8666666666666666,0.499594820384294,0.1021534000503792,0.3670718462823725
qt,FP,llm_lofo,qwen36_27b_local,full,0.2,,1c6d5b0696f324495e95a12f7718ae7593c9b58a,1.0,0.1592982456140351,0.3265881134500269,0.840701754385965
qt,FP,llm_lofo,qwen36_27b_local,full,0.2,,cd542a82b0c2d5c9a4ea167a84e5ea8a25c5d969,0.8666666666666666,0.3827485380116959,0.1574126645813814,0.4839181286549707
qt,FP,llm_lofo,qwen36_27b_local,full,0.2,,3981a1f440914e8108af3d854a1b01dd596a8a0e,0.6523809523809524,0.4141896407685881,0.1529400598886642,0.2381913116123642
qt,FP,llm_lofo,qwen36_27b_local,full,0.2,,753c744b23abfecad6463890dfdf6e97c7eeaa5c,1.0,0.4679824561403508,0.096343912233754,0.5320175438596492
qt,TN,llm_lofo,qwen36_27b_local,full,0.2,,eb5994df1307b2e17e729374e1f7ab1c8fe82750,1.0,0.5324979114452798,0.0771377852382673,0.4675020885547202
qt,TN,llm_lofo,qwen36_27b_local,full,0.2,,5cb54cb5ebae99fab121061e25e26eec3056203a,0.638095238095238,0.3351044277360067,0.2711554901576587,0.3029908103592313
qt,TN,llm_lofo,qwen36_27b_local,full,0.2,,9a50333dd03969abb3f09c0f90dcb4afd048e47a,0.5852380952380952,0.4268153717627401,0.0872081228520454,0.158422723475355
qt,TN,llm_lofo,qwen36_27b_local,full,0.2,,bd79c331f14e6cfab9e0b5815404c8194526e8f1,0.76,0.4116290726817042,0.0824815676837244,0.3483709273182958
qt,TN,llm_lofo,qwen36_27b_local,full,0.2,,67ee72f3145fd14b36af408918ed3420504d3035,1.0,0.3971177944862155,0.0973789971559171,0.6028822055137845
qt,TN,llm_lofo,qwen36_27b_local,full,0.2,,121cdbdd30de1bee58e349859409dd08865c17f5,0.7333333333333333,0.382172096908939,0.0937814374717733,0.3511612364243943
qt,TN,llm_lofo,qwen36_27b_local,full,0.2,,fc2f0fb39008f95133f6fd24662fe92195431808,1.0,0.5324979114452798,0.0771377852382673,0.4675020885547202
qt,TN,llm_lofo,qwen36_27b_local,full,0.2,,9b3d91237bf38492fd97457624d4cb5cd486bd56,0.7714285714285715,0.5028588137009189,0.0872081228520454,0.2685697577276525
qt,TN,llm_lofo,qwen36_27b_local,full,0.2,,2831fa76655c614ed3df0816401514950e79b5e6,0.6571428571428571,0.4804010025062656,0.1533161837548337,0.1767418546365915
qt,TN,llm_lofo,qwen36_27b_local,full,0.2,,f3ca13f3d12f52c60f4cd41d0b336c24a8d3359d,0.5273809523809524,0.3987101086048454,0.2085561419200165,0.128670843776107
qt,TN,llm_lofo,qwen36_27b_local,full,0.2,,e3b7957d6552e88aa23bd0ecc474db5f14981707,0.5297619047619048,0.4599707602339181,0.0976218302878393,0.0697911445279866
qt,TN,llm_lofo,qwen36_27b_local,full,0.2,,88a8deea86fe69448ca1586c2ee567a53dee1008,0.6047619047619047,0.5065513784461153,0.0976218302878393,0.0982105263157894
qt,TN,llm_lofo,qwen36_27b_local,full,0.2,,bcf1167ccb52341d72e6e2921077d2244803ee8d,0.8666666666666666,0.5206934001670843,0.0733231796043201,0.3459732664995822
qt,TN,llm_lofo,qwen36_27b_local,full,0.2,,3e379bcc799edb6a78bc8cea093a278dbe32f33c,0.7714285714285715,0.5056223893065999,0.0978491439036115,0.2658061821219716
qt,TN,llm_lofo,qwen36_27b_local,full,0.2,,4ebc2cf74e557b65a8ce1dc518ca92f399ce89e8,0.6714285714285715,0.2890434419381787,0.2286546302683088,0.3823851294903927
qt,TN,llm_lofo,qwen36_27b_local,full,0.2,,0234e5c96417f451f8de279b8ff92734836badd4,0.8666666666666666,0.4664327485380116,0.0901908562023616,0.4002339181286549
qt,TN,llm_lofo,qwen36_27b_local,full,0.2,,4f4ad7c262ce4723417efa14c4d3fdb875be53d0,0.8,0.2513959899749373,0.313160699689955,0.5486040100250626
qt,TN,llm_lofo,qwen36_27b_local,full,0.2,,e38a98ad4453974b2848eeed02d81e0c408ce0c6,0.7333333333333333,0.4487752715121136,0.0872081228520454,0.2845580618212197
qt,TN,llm_lofo,qwen36_27b_local,full,0.2,,9b54447e453e2cb7b7375e2c6104b2595ab1594e,0.6523809523809524,0.3501211361737677,0.1776758669460333,0.3022598162071847
qt,TN,llm_lofo,qwen36_27b_local,full,0.2,,4331ccd4b735d9d721a384193a3d42ee2ce6c805,1.0,0.4477025898078529,0.0824815676837244,0.5522974101921471
qt,FN,llm_lofo,qwen36_27b_local,full,0.2,,2ad213cc02094e003802530757fa4010720a22e6,0.5714285714285714,0.3810025062656642,0.1723605074126692,0.1904260651629072
qt,FN,llm_lofo,qwen36_27b_local,full,0.2,,3786411f7f8770f28ba2a97cb646a0eb7a5eaa99,0.6285714285714286,0.4697794486215538,0.1226450079537492,0.1587919799498747
qt,FN,llm_lofo,qwen36_27b_local,full,0.2,,9e99dba4a22bbf212b3e6d1e2607a16dbbd04d90,0.6933333333333334,0.4243901420217209,0.210818829939706,0.2689431913116124
qt,FN,llm_lofo,qwen36_27b_local,full,0.2,,f506e01665c9bf689887ccf057a03588829efeea,0.4833333333333333,0.4670309106098579,0.1222467872110323,0.0163024227234753
qt,FN,llm_lofo,qwen36_27b_local,full,0.2,,18f7e6dc9f59159b70cb7e6a8745738f42d4f46f,0.8,0.5041604010025063,0.0778244793735626,0.2958395989974938
qt,FN,llm_lofo,qwen36_27b_local,full,0.2,,67ced4791ddabebfa19a2f101aa292b5eba60b90,0.8666666666666666,0.510125313283208,0.0778244793735626,0.3565413533834586
qt,FN,llm_lofo,qwen36_27b_local,full,0.2,,ac48071b185d17022d48c6379a2549ac2736cb8c,0.6142857142857142,0.456593984962406,0.099294465547321,0.1576917293233082
qt,FN,llm_lofo,qwen36_27b_local,full,0.2,,895cb4681ee78caaf9b99c88390a74ff1d79ae61,0.7666666666666666,0.3930242272347535,0.0955415572051282,0.3736424394319131
qt,FN,llm_lofo,qwen36_27b_local,full,0.2,,d8782b0cc680f09d605133bd37a44d290894c01e,0.7428571428571428,0.4087468671679198,0.1190960953690657,0.3341102756892229
qt,FN,llm_lofo,qwen36_27b_local,full,0.2,,8cf186cc7c56144b02d5b40d8f4832ff3021e68a,0.7428571428571428,0.4065580618212197,0.1457824295478407,0.336299081035923
qt,FN,llm_lofo,qwen36_27b_local,full,0.2,,eaa54a8f9884652513c7c3ab489f31ff1e5d712c,0.7666666666666666,0.4282372598162072,0.12644706123608,0.3384294068504594
qt,FN,llm_lofo,qwen36_27b_local,full,0.2,,4e3917587b11432d2d892f5146b367de2a3e4864,0.7333333333333333,0.3776733500417711,0.1127969336307774,0.3556599832915622
qt,FN,llm_lofo,qwen36_27b_local,full,0.2,,7e298e2f2ceeee1a2d1a81238ca019d9a0c9519f,0.6714285714285715,0.4692882205513785,0.1116567385855235,0.202140350877193
qt,FN,llm_lofo,qwen36_27b_local,full,0.2,,93dabeba9dc5f6cbab60e65b3cc8df5fe48745a9,0.6395238095238095,0.4469081035923141,0.1116567385855235,0.1926157059314953
qt,FN,llm_lofo,qwen36_27b_local,full,0.2,,e6d17c8691bfafa033b82a4d81a9caf4a2fd1b85,0.6714285714285715,0.3729030910609858,0.1723605074126692,0.2985254803675857
qt,FN,llm_lofo,qwen36_27b_local,full,0.2,,5303225aef739c534714c1ac1d4dd096f0cc38d0,0.7714285714285715,0.4819615705931495,0.0849704044067485,0.2894670008354219
qt,FN,llm_lofo,qwen36_27b_local,full,0.2,,a69edf01cb0a2a06282dc7b89724ffa542f6546d,0.569047619047619,0.4457477025898078,0.1086053589674414,0.1232999164578111
qt,FN,llm_lofo,qwen36_27b_local,full,0.2,,6486a4bd196ca2bf0047ae80e78eee06e5e18e18,0.7,0.3736775271512113,0.14867517869768,0.3263224728487886
qt,FN,llm_lofo,qwen36_27b_local,full,0.2,,5629823b05ca7d24924ac879b5a0469a3cb03e78,0.6714285714285715,0.3562280701754385,0.1149467937700755,0.3152005012531329
qt,FN,llm_lofo,qwen36_27b_local,full,0.2,,cdbc4b83d59e08189d6ece9ccd88a646be155c08,0.6857142857142857,0.4196658312447786,0.1571744406998987,0.2660484544695071
qt,TP,llm_lofo,qwen36_27b_local,full,0.2,,256bbc4f139036a780a63b80af8bb461a77d333a,0.8,0.5213157894736842,0.0843963204007292,0.2786842105263158
qt,TP,llm_lofo,qwen36_27b_local,full,0.2,,ae292be8690109940fdd9862321b2389a0957404,1.0,0.460547201336675,0.0995853260951179,0.539452798663325
qt,TP,llm_lofo,qwen36_27b_local,full,0.2,,fa7626713b3a943609453459190e16c49d61dfd3,0.5194444444444445,0.4254060150375939,0.2610540951783978,0.0940384294068505
qt,TP,llm_lofo,qwen36_27b_local,full,0.2,,da8ace713a19d2a8c9831ddf50d17607bc4856cc,0.7428571428571428,0.4682832080200501,0.1053937336520192,0.2745739348370927
qt,TP,llm_lofo,qwen36_27b_local,full,0.2,,d31304eab9e7424edc20fb83a8a19cd979458029,0.8666666666666666,0.4312489557226399,0.1295121797948377,0.4354177109440267
qt,TP,llm_lofo,qwen36_27b_local,full,0.2,,9bd30943bae136d28d42b9a9188a8586c963d461,0.4839285714285714,0.4120517961570593,0.1976081337206673,0.0718767752715121
qt,TP,llm_lofo,qwen36_27b_local,full,0.2,,dfda6f14b3e210a33b71ef1c6fa3c75a9c866cce,0.5714285714285714,0.4325438596491228,0.1304526870106071,0.1388847117794486
qt,TP,llm_lofo,qwen36_27b_local,full,0.2,,5dd76ba31c3c7cb9c0d9d97cd62f0d2f535a23f7,0.7,0.4624644945697577,0.2265304103656372,0.2375355054302422
qt,TP,llm_lofo,qwen36_27b_local,full,0.2,,267edbec198a0cedbf7bed4c3c5fa93c1dbc86bd,0.6666666666666666,0.5003968253968254,0.2610540951783978,0.1662698412698412
qt,TP,llm_lofo,qwen36_27b_local,full,0.2,,9d23aebb271ea534a66cb3aceb2e63d9a1c870d6,0.5702380952380952,0.3711027568922305,0.2374778282467183,0.1991353383458646
qt,TP,llm_lofo,qwen36_27b_local,full,0.2,,d3393ce25833c0afd7f0fa6b85fd6f3bd7ad520a,0.8,0.4317460317460317,0.1339653318327187,0.3682539682539683
qt,TP,llm_lofo,qwen36_27b_local,full,0.2,,03a1675eac4baf8c7a6e0602102bbafa3176771c,0.5809523809523809,0.4097410192147034,0.1882972403005469,0.1712113617376774
qt,TP,llm_lofo,qwen36_27b_local,full,0.2,,a50911bc0bfca1185e99ce6638fbf03cf592789d,1.0,0.4230576441102756,0.126654841731583,0.5769423558897244
qt,TP,llm_lofo,qwen36_27b_local,full,0.2,,bb199cc8ad4111808260f6255312b08c7d81dcbc,1.0,0.4519005847953216,0.0820694574853884,0.5480994152046783
qt,TP,llm_lofo,qwen36_27b_local,full,0.2,,b254b03dc3b1cfcfc5f17158d2470e0a9a946a0e,0.5869047619047618,0.4762447786131996,0.2085555516017483,0.1106599832915621
qt,TP,llm_lofo,qwen36_27b_local,full,0.2,,1a7bc520c5df4da80b7e65acbec1f546f9c87870,0.8666666666666666,0.3461528822055137,0.119368774657944,0.5205137844611528
qt,TP,llm_lofo,qwen36_27b_local,full,0.2,,afbb57ae84ecbee5fab9eb6e58356b19d7995ea5,0.7333333333333333,0.4968671679197995,0.1053937336520192,0.2364661654135337
qt,TP,llm_lofo,qwen36_27b_local,full,0.2,,17513266b81e88b84fda250734f07c94a198fabc,0.8,0.463078529657477,0.1215508072725581,0.336921470342523
qt,TP,llm_lofo,qwen36_27b_local,full,0.2,,a4f8b9ae6dfacf9ad5c190cde6098ebf13102f41,0.638095238095238,0.4910401002506265,0.1285460894248208,0.1470551378446115
qt,TP,llm_lofo,qwen36_27b_local,full,0.2,,fca89004d75412dd378cc44ad79ed3c1e05c765b,0.7666666666666666,0.5036006683375104,0.0968108449608898,0.2630659983291562
