dataset,category,instance_id,method,llm_model,prompt_variant,temperature,top_p,run_id,direction_consistency_rate,meaningful_effect_rate,mean_delta_probability,mean_absolute_delta_probability,valid_interventions,invalid_interventions
openstack,FP,4b53e4edf9f7f8c794316d3a0920d727723d1bab,llm_counterfactual,qwen36_27b_local,full,0.2,,1,1.0,0.8,-0.23600000000000004,0.24000000000000002,5,0
openstack,FP,4b53e4edf9f7f8c794316d3a0920d727723d1bab,llm_counterfactual,qwen36_27b_local,full,0.2,,2,1.0,0.8,-0.23600000000000004,0.24000000000000002,5,0
openstack,FP,4b53e4edf9f7f8c794316d3a0920d727723d1bab,llm_counterfactual,qwen36_27b_local,full,0.2,,3,1.0,0.8,-0.22640000000000005,0.23040000000000002,5,0
openstack,FP,4b53e4edf9f7f8c794316d3a0920d727723d1bab,llm_counterfactual,qwen36_27b_local,full,0.2,,4,1.0,0.8,-0.23600000000000004,0.24000000000000002,5,0
openstack,FP,4b53e4edf9f7f8c794316d3a0920d727723d1bab,llm_counterfactual,qwen36_27b_local,full,0.2,,5,1.0,0.8,-0.22640000000000005,0.23040000000000002,5,0
openstack,TN,467b4e4d419f0ca5db8468516d64ffec5cedc67e,llm_counterfactual,qwen36_27b_local,full,0.2,,1,0.8,1.0,-0.09800000000000006,0.09800000000000006,5,0
openstack,TN,467b4e4d419f0ca5db8468516d64ffec5cedc67e,llm_counterfactual,qwen36_27b_local,full,0.2,,2,0.6,0.8,-0.09200000000000005,0.09200000000000005,5,0
openstack,TN,467b4e4d419f0ca5db8468516d64ffec5cedc67e,llm_counterfactual,qwen36_27b_local,full,0.2,,3,0.8,0.8,-0.09200000000000005,0.09200000000000005,5,0
openstack,TN,467b4e4d419f0ca5db8468516d64ffec5cedc67e,llm_counterfactual,qwen36_27b_local,full,0.2,,4,0.8,0.8,-0.09200000000000005,0.09200000000000005,5,0
openstack,TN,467b4e4d419f0ca5db8468516d64ffec5cedc67e,llm_counterfactual,qwen36_27b_local,full,0.2,,5,0.8,0.8,-0.09080000000000006,0.09080000000000006,5,0
openstack,TP,eaf6340847c35ace3b4b681a95b8a79a7a3f2491,llm_counterfactual,qwen36_27b_local,full,0.2,,1,1.0,0.8,-0.1744,0.1768,5,0
openstack,TP,eaf6340847c35ace3b4b681a95b8a79a7a3f2491,llm_counterfactual,qwen36_27b_local,full,0.2,,2,1.0,0.8,-0.1744,0.1768,5,0
openstack,TP,eaf6340847c35ace3b4b681a95b8a79a7a3f2491,llm_counterfactual,qwen36_27b_local,full,0.2,,3,1.0,0.8,-0.1744,0.1768,5,0
openstack,TP,eaf6340847c35ace3b4b681a95b8a79a7a3f2491,llm_counterfactual,qwen36_27b_local,full,0.2,,4,1.0,0.8,-0.1744,0.1768,5,0
openstack,TP,eaf6340847c35ace3b4b681a95b8a79a7a3f2491,llm_counterfactual,qwen36_27b_local,full,0.2,,5,1.0,0.8,-0.1744,0.1768,5,0
openstack,TP,fd351903a1759109f66d0c66d42cd3a1b7f23861,llm_counterfactual,qwen36_27b_local,full,0.2,,1,0.8,1.0,-0.21560000000000004,0.21560000000000004,5,0
openstack,TP,fd351903a1759109f66d0c66d42cd3a1b7f23861,llm_counterfactual,qwen36_27b_local,full,0.2,,2,0.8,1.0,-0.21560000000000004,0.21560000000000004,5,0
openstack,TP,fd351903a1759109f66d0c66d42cd3a1b7f23861,llm_counterfactual,qwen36_27b_local,full,0.2,,3,0.8,1.0,-0.21560000000000004,0.21560000000000004,5,0
openstack,TP,fd351903a1759109f66d0c66d42cd3a1b7f23861,llm_counterfactual,qwen36_27b_local,full,0.2,,4,0.8,1.0,-0.21560000000000004,0.21560000000000004,5,0
openstack,TP,fd351903a1759109f66d0c66d42cd3a1b7f23861,llm_counterfactual,qwen36_27b_local,full,0.2,,5,0.8,1.0,-0.21560000000000004,0.21560000000000004,5,0
openstack,FP,2530ccff8f0a0105d1626c65616080b27682e129,llm_counterfactual,qwen36_27b_local,full,0.2,,1,1.0,0.6,-0.14479999999999998,0.164,5,0
openstack,FP,2530ccff8f0a0105d1626c65616080b27682e129,llm_counterfactual,qwen36_27b_local,full,0.2,,2,1.0,0.8,-0.17679999999999998,0.18639999999999998,5,0
openstack,FP,2530ccff8f0a0105d1626c65616080b27682e129,llm_counterfactual,qwen36_27b_local,full,0.2,,3,1.0,0.6,-0.14479999999999998,0.164,5,0
openstack,FP,2530ccff8f0a0105d1626c65616080b27682e129,llm_counterfactual,qwen36_27b_local,full,0.2,,4,1.0,0.8,-0.17679999999999998,0.18639999999999998,5,0
openstack,FP,2530ccff8f0a0105d1626c65616080b27682e129,llm_counterfactual,qwen36_27b_local,full,0.2,,5,1.0,0.8,-0.13119999999999998,0.14079999999999998,5,0
openstack,FN,1476b030bd53deddd85468c0d8b545d8f8f30f19,llm_counterfactual,qwen36_27b_local,full,0.2,,1,1.0,1.0,-0.04399999999999993,0.04399999999999993,5,0
openstack,FN,1476b030bd53deddd85468c0d8b545d8f8f30f19,llm_counterfactual,qwen36_27b_local,full,0.2,,2,1.0,1.0,-0.04399999999999993,0.04399999999999993,5,0
openstack,FN,1476b030bd53deddd85468c0d8b545d8f8f30f19,llm_counterfactual,qwen36_27b_local,full,0.2,,3,1.0,1.0,-0.04399999999999993,0.04399999999999993,5,0
openstack,FN,1476b030bd53deddd85468c0d8b545d8f8f30f19,llm_counterfactual,qwen36_27b_local,full,0.2,,4,1.0,1.0,-0.043199999999999926,0.043199999999999926,5,0
openstack,FN,1476b030bd53deddd85468c0d8b545d8f8f30f19,llm_counterfactual,qwen36_27b_local,full,0.2,,5,1.0,0.8,-0.03599999999999994,0.03599999999999994,5,0
openstack,TP,83a5f90f82b40be4c74685f557d6af0f8a3b1a30,llm_counterfactual,qwen36_27b_local,full,0.2,,1,1.0,1.0,-0.21480000000000002,0.21480000000000002,5,0
openstack,TP,83a5f90f82b40be4c74685f557d6af0f8a3b1a30,llm_counterfactual,qwen36_27b_local,full,0.2,,2,1.0,1.0,-0.2532,0.2532,5,0
openstack,TP,83a5f90f82b40be4c74685f557d6af0f8a3b1a30,llm_counterfactual,qwen36_27b_local,full,0.2,,3,1.0,1.0,-0.24120000000000003,0.24120000000000003,5,0
openstack,TP,83a5f90f82b40be4c74685f557d6af0f8a3b1a30,llm_counterfactual,qwen36_27b_local,full,0.2,,4,1.0,1.0,-0.2372,0.2372,5,0
openstack,TP,83a5f90f82b40be4c74685f557d6af0f8a3b1a30,llm_counterfactual,qwen36_27b_local,full,0.2,,5,1.0,1.0,-0.2532,0.2532,5,0
openstack,TP,6f1a1f5e8ead9ceb145e13927cd9ae7fdca9add4,llm_counterfactual,qwen36_27b_local,full,0.2,,1,1.0,1.0,-0.1824,0.19680000000000003,5,0
openstack,TP,6f1a1f5e8ead9ceb145e13927cd9ae7fdca9add4,llm_counterfactual,qwen36_27b_local,full,0.2,,2,1.0,1.0,-0.19600000000000004,0.19600000000000004,5,0
openstack,TP,6f1a1f5e8ead9ceb145e13927cd9ae7fdca9add4,llm_counterfactual,qwen36_27b_local,full,0.2,,3,1.0,1.0,-0.15600000000000003,0.17040000000000002,5,0
openstack,TP,6f1a1f5e8ead9ceb145e13927cd9ae7fdca9add4,llm_counterfactual,qwen36_27b_local,full,0.2,,4,1.0,1.0,-0.1824,0.19680000000000003,5,0
openstack,TP,6f1a1f5e8ead9ceb145e13927cd9ae7fdca9add4,llm_counterfactual,qwen36_27b_local,full,0.2,,5,1.0,1.0,-0.1996,0.21400000000000002,5,0
openstack,FP,e847eed4a5600b6812338bb4903a0cffcde7f1f3,llm_counterfactual,qwen36_27b_local,full,0.2,,1,0.6,0.8,-0.17560000000000003,0.18040000000000003,5,0
openstack,FP,e847eed4a5600b6812338bb4903a0cffcde7f1f3,llm_counterfactual,qwen36_27b_local,full,0.2,,2,0.6,0.8,-0.17560000000000003,0.18040000000000003,5,0
openstack,FP,e847eed4a5600b6812338bb4903a0cffcde7f1f3,llm_counterfactual,qwen36_27b_local,full,0.2,,3,0.8,1.0,-0.22520000000000007,0.22520000000000007,5,0
openstack,FP,e847eed4a5600b6812338bb4903a0cffcde7f1f3,llm_counterfactual,qwen36_27b_local,full,0.2,,4,0.8,1.0,-0.22520000000000007,0.22520000000000007,5,0
openstack,FP,e847eed4a5600b6812338bb4903a0cffcde7f1f3,llm_counterfactual,qwen36_27b_local,full,0.2,,5,0.6,1.0,-0.19760000000000005,0.19760000000000005,5,0
openstack,TP,e7bdd19f0ed7d4c61d195735ee43a11da78f97d6,llm_counterfactual,qwen36_27b_local,full,0.2,,1,1.0,0.8,-0.3528,0.3544,5,0
openstack,TP,e7bdd19f0ed7d4c61d195735ee43a11da78f97d6,llm_counterfactual,qwen36_27b_local,full,0.2,,2,1.0,0.8,-0.3588,0.3604,5,0
openstack,TP,e7bdd19f0ed7d4c61d195735ee43a11da78f97d6,llm_counterfactual,qwen36_27b_local,full,0.2,,3,1.0,0.8,-0.3276,0.3292,5,0
openstack,TP,e7bdd19f0ed7d4c61d195735ee43a11da78f97d6,llm_counterfactual,qwen36_27b_local,full,0.2,,4,1.0,1.0,-0.38480000000000003,0.38480000000000003,5,0
openstack,TP,e7bdd19f0ed7d4c61d195735ee43a11da78f97d6,llm_counterfactual,qwen36_27b_local,full,0.2,,5,1.0,0.8,-0.3552,0.3568,5,0
openstack,TN,936f765b855d7af14ae557383f0dcc6fd9e8655c,llm_counterfactual,qwen36_27b_local,full,0.2,,1,1.0,0.8,-0.050799999999999956,0.050799999999999956,5,0
openstack,TN,936f765b855d7af14ae557383f0dcc6fd9e8655c,llm_counterfactual,qwen36_27b_local,full,0.2,,2,1.0,0.8,-0.060799999999999965,0.060799999999999965,5,0
openstack,TN,936f765b855d7af14ae557383f0dcc6fd9e8655c,llm_counterfactual,qwen36_27b_local,full,0.2,,3,1.0,0.8,-0.060799999999999965,0.060799999999999965,5,0
openstack,TN,936f765b855d7af14ae557383f0dcc6fd9e8655c,llm_counterfactual,qwen36_27b_local,full,0.2,,4,1.0,0.8,-0.060799999999999965,0.060799999999999965,5,0
openstack,TN,936f765b855d7af14ae557383f0dcc6fd9e8655c,llm_counterfactual,qwen36_27b_local,full,0.2,,5,1.0,1.0,-0.06239999999999994,0.06239999999999994,5,0
openstack,FP,034db863a02ce38a520e4b8aa3a65e1ccdb37f30,llm_counterfactual,qwen36_27b_local,full,0.2,,1,1.0,1.0,-0.24960000000000004,0.24960000000000004,5,0
openstack,FP,034db863a02ce38a520e4b8aa3a65e1ccdb37f30,llm_counterfactual,qwen36_27b_local,full,0.2,,2,0.8,1.0,-0.22240000000000004,0.22240000000000004,5,0
openstack,FP,034db863a02ce38a520e4b8aa3a65e1ccdb37f30,llm_counterfactual,qwen36_27b_local,full,0.2,,3,1.0,1.0,-0.24960000000000004,0.24960000000000004,5,0
openstack,FP,034db863a02ce38a520e4b8aa3a65e1ccdb37f30,llm_counterfactual,qwen36_27b_local,full,0.2,,4,0.8,1.0,-0.23320000000000005,0.23320000000000005,5,0
openstack,FP,034db863a02ce38a520e4b8aa3a65e1ccdb37f30,llm_counterfactual,qwen36_27b_local,full,0.2,,5,0.8,1.0,-0.24960000000000004,0.24960000000000004,5,0
openstack,FN,ab1cb6378f136ae8adcb0027385b43763e402cca,llm_counterfactual,qwen36_27b_local,full,0.2,,1,0.5,1.0,0.014499999999999985,0.07550000000000004,4,0
openstack,FN,ab1cb6378f136ae8adcb0027385b43763e402cca,llm_counterfactual,qwen36_27b_local,full,0.2,,2,0.75,1.0,-0.04000000000000001,0.05600000000000002,4,0
openstack,FN,ab1cb6378f136ae8adcb0027385b43763e402cca,llm_counterfactual,qwen36_27b_local,full,0.2,,3,0.75,1.0,-0.04000000000000001,0.05600000000000002,4,0
openstack,FN,ab1cb6378f136ae8adcb0027385b43763e402cca,llm_counterfactual,qwen36_27b_local,full,0.2,,4,0.5,1.0,0.014499999999999985,0.07550000000000004,4,0
openstack,FN,ab1cb6378f136ae8adcb0027385b43763e402cca,llm_counterfactual,qwen36_27b_local,full,0.2,,5,0.6,0.8,-0.027600000000000003,0.04920000000000002,5,0
openstack,TP,7cfdf4aa811fb708d9fed4e36aec79c26d19cfee,llm_counterfactual,qwen36_27b_local,full,0.2,,1,1.0,1.0,-0.28919999999999996,0.28919999999999996,5,0
openstack,TP,7cfdf4aa811fb708d9fed4e36aec79c26d19cfee,llm_counterfactual,qwen36_27b_local,full,0.2,,2,1.0,1.0,-0.26199999999999996,0.26199999999999996,5,0
openstack,TP,7cfdf4aa811fb708d9fed4e36aec79c26d19cfee,llm_counterfactual,qwen36_27b_local,full,0.2,,3,1.0,1.0,-0.26199999999999996,0.26199999999999996,5,0
openstack,TP,7cfdf4aa811fb708d9fed4e36aec79c26d19cfee,llm_counterfactual,qwen36_27b_local,full,0.2,,4,1.0,1.0,-0.26199999999999996,0.26199999999999996,5,0
openstack,TP,7cfdf4aa811fb708d9fed4e36aec79c26d19cfee,llm_counterfactual,qwen36_27b_local,full,0.2,,5,1.0,1.0,-0.26199999999999996,0.26199999999999996,5,0
openstack,TP,e55a5f412bf6bc343eb8bb11348afe57c2012066,llm_counterfactual,qwen36_27b_local,full,0.2,,1,1.0,1.0,-0.2484,0.2484,5,0
openstack,TP,e55a5f412bf6bc343eb8bb11348afe57c2012066,llm_counterfactual,qwen36_27b_local,full,0.2,,2,1.0,1.0,-0.24,0.24,5,0
openstack,TP,e55a5f412bf6bc343eb8bb11348afe57c2012066,llm_counterfactual,qwen36_27b_local,full,0.2,,3,1.0,1.0,-0.242,0.242,5,0
openstack,TP,e55a5f412bf6bc343eb8bb11348afe57c2012066,llm_counterfactual,qwen36_27b_local,full,0.2,,4,1.0,1.0,-0.194,0.194,5,0
openstack,TP,e55a5f412bf6bc343eb8bb11348afe57c2012066,llm_counterfactual,qwen36_27b_local,full,0.2,,5,1.0,1.0,-0.2112,0.2112,5,0
openstack,TN,8b44c9df29572efca928c1d36fa3e7a90e94caa0,llm_counterfactual,qwen36_27b_local,full,0.2,,1,0.25,0.25,-0.010000000000000009,0.013000000000000012,4,0
openstack,TN,8b44c9df29572efca928c1d36fa3e7a90e94caa0,llm_counterfactual,qwen36_27b_local,full,0.2,,2,0.8,0.4,-0.02080000000000002,0.02320000000000002,5,0
openstack,TN,8b44c9df29572efca928c1d36fa3e7a90e94caa0,llm_counterfactual,qwen36_27b_local,full,0.2,,3,0.25,0.25,-0.010000000000000009,0.013000000000000012,4,0
openstack,TN,8b44c9df29572efca928c1d36fa3e7a90e94caa0,llm_counterfactual,qwen36_27b_local,full,0.2,,4,0.25,0.25,-0.010000000000000009,0.013000000000000012,4,0
openstack,TN,8b44c9df29572efca928c1d36fa3e7a90e94caa0,llm_counterfactual,qwen36_27b_local,full,0.2,,5,0.25,0.25,-0.010000000000000009,0.013000000000000012,4,0
openstack,TN,4d75cbf3c35a8aa917d3970beac99d612f13eed3,llm_counterfactual,qwen36_27b_local,full,0.2,,1,0.8,0.4,-0.004399999999999982,0.042000000000000016,5,0
openstack,TN,4d75cbf3c35a8aa917d3970beac99d612f13eed3,llm_counterfactual,qwen36_27b_local,full,0.2,,2,0.8,0.4,0.004800000000000004,0.027200000000000023,5,0
openstack,TN,4d75cbf3c35a8aa917d3970beac99d612f13eed3,llm_counterfactual,qwen36_27b_local,full,0.2,,3,1.0,0.2,0.014800000000000013,0.024400000000000022,5,0
openstack,TN,4d75cbf3c35a8aa917d3970beac99d612f13eed3,llm_counterfactual,qwen36_27b_local,full,0.2,,4,0.8,0.4,0.004800000000000004,0.027200000000000023,5,0
openstack,TN,4d75cbf3c35a8aa917d3970beac99d612f13eed3,llm_counterfactual,qwen36_27b_local,full,0.2,,5,0.8,0.4,0.004800000000000004,0.027200000000000023,5,0
openstack,TN,2ecaad46a737c24965ae81fc19947db9264de684,llm_counterfactual,qwen36_27b_local,full,0.2,,1,0.8,0.4,-0.02080000000000004,0.03200000000000001,5,0
openstack,TN,2ecaad46a737c24965ae81fc19947db9264de684,llm_counterfactual,qwen36_27b_local,full,0.2,,2,0.8,0.4,-0.02080000000000004,0.03200000000000001,5,0
openstack,TN,2ecaad46a737c24965ae81fc19947db9264de684,llm_counterfactual,qwen36_27b_local,full,0.2,,3,1.0,0.6,-0.024000000000000042,0.04080000000000002,5,0
openstack,TN,2ecaad46a737c24965ae81fc19947db9264de684,llm_counterfactual,qwen36_27b_local,full,0.2,,4,0.8,0.4,-0.02080000000000004,0.03200000000000001,5,0
openstack,TN,2ecaad46a737c24965ae81fc19947db9264de684,llm_counterfactual,qwen36_27b_local,full,0.2,,5,0.8,0.2,-0.030000000000000027,0.030000000000000027,5,0
openstack,TN,bfb9d3f179607c25f91d77585f97df6d0704c253,llm_counterfactual,qwen36_27b_local,full,0.2,,1,1.0,0.6,-0.04720000000000002,0.04720000000000002,5,0
openstack,TN,bfb9d3f179607c25f91d77585f97df6d0704c253,llm_counterfactual,qwen36_27b_local,full,0.2,,2,1.0,0.6,-0.04720000000000002,0.04720000000000002,5,0
openstack,TN,bfb9d3f179607c25f91d77585f97df6d0704c253,llm_counterfactual,qwen36_27b_local,full,0.2,,3,1.0,0.6,-0.04720000000000002,0.04720000000000002,5,0
openstack,TN,bfb9d3f179607c25f91d77585f97df6d0704c253,llm_counterfactual,qwen36_27b_local,full,0.2,,4,1.0,0.6,-0.04720000000000002,0.04720000000000002,5,0
openstack,TN,bfb9d3f179607c25f91d77585f97df6d0704c253,llm_counterfactual,qwen36_27b_local,full,0.2,,5,1.0,0.6,-0.04720000000000002,0.04720000000000002,5,0
openstack,FP,bfcd4b2f1be3ab37ae0801dd523ce952577cda14,llm_counterfactual,qwen36_27b_local,full,0.2,,1,0.8,1.0,-0.18440000000000004,0.18440000000000004,5,0
openstack,FP,bfcd4b2f1be3ab37ae0801dd523ce952577cda14,llm_counterfactual,qwen36_27b_local,full,0.2,,2,0.8,1.0,-0.18440000000000004,0.18440000000000004,5,0
openstack,FP,bfcd4b2f1be3ab37ae0801dd523ce952577cda14,llm_counterfactual,qwen36_27b_local,full,0.2,,3,1.0,1.0,-0.18880000000000002,0.18880000000000002,5,0
openstack,FP,bfcd4b2f1be3ab37ae0801dd523ce952577cda14,llm_counterfactual,qwen36_27b_local,full,0.2,,4,1.0,1.0,-0.17550000000000002,0.17550000000000002,4,0
openstack,FP,bfcd4b2f1be3ab37ae0801dd523ce952577cda14,llm_counterfactual,qwen36_27b_local,full,0.2,,5,1.0,1.0,-0.1708,0.1708,5,0
openstack,TP,c08f99c7e072e349632684d565bcac357ce93b6d,llm_counterfactual,qwen36_27b_local,full,0.2,,1,1.0,1.0,-0.23280000000000003,0.23280000000000003,5,0
openstack,TP,c08f99c7e072e349632684d565bcac357ce93b6d,llm_counterfactual,qwen36_27b_local,full,0.2,,2,1.0,0.8,-0.20120000000000002,0.20280000000000004,5,0
openstack,TP,c08f99c7e072e349632684d565bcac357ce93b6d,llm_counterfactual,qwen36_27b_local,full,0.2,,3,1.0,0.8,-0.21320000000000003,0.21480000000000002,5,0
openstack,TP,c08f99c7e072e349632684d565bcac357ce93b6d,llm_counterfactual,qwen36_27b_local,full,0.2,,4,1.0,0.8,-0.20720000000000002,0.2088,5,0
openstack,TP,c08f99c7e072e349632684d565bcac357ce93b6d,llm_counterfactual,qwen36_27b_local,full,0.2,,5,1.0,0.8,-0.20720000000000002,0.2088,5,0
openstack,TN,1a3f2e8f44f0138d0328312e07b1341970c7903a,llm_counterfactual,qwen36_27b_local,full,0.2,,1,0.8,0.8,-0.06039999999999997,0.06039999999999997,5,0
openstack,TN,1a3f2e8f44f0138d0328312e07b1341970c7903a,llm_counterfactual,qwen36_27b_local,full,0.2,,2,0.8,0.8,-0.056399999999999985,0.056399999999999985,5,0
openstack,TN,1a3f2e8f44f0138d0328312e07b1341970c7903a,llm_counterfactual,qwen36_27b_local,full,0.2,,3,0.8,0.8,-0.05359999999999998,0.05359999999999998,5,0
openstack,TN,1a3f2e8f44f0138d0328312e07b1341970c7903a,llm_counterfactual,qwen36_27b_local,full,0.2,,4,0.8,0.6,-0.06439999999999999,0.06439999999999999,5,0
openstack,TN,1a3f2e8f44f0138d0328312e07b1341970c7903a,llm_counterfactual,qwen36_27b_local,full,0.2,,5,0.8,0.8,-0.086,0.086,5,0
openstack,TP,45662d77a2da77714f8e792e86ebd64a52270ef5,llm_counterfactual,qwen36_27b_local,full,0.2,,1,1.0,1.0,-0.20600000000000002,0.20600000000000002,5,0
openstack,TP,45662d77a2da77714f8e792e86ebd64a52270ef5,llm_counterfactual,qwen36_27b_local,full,0.2,,2,0.6,1.0,-0.15520000000000003,0.1816,5,0
openstack,TP,45662d77a2da77714f8e792e86ebd64a52270ef5,llm_counterfactual,qwen36_27b_local,full,0.2,,3,0.8,1.0,-0.2,0.2,5,0
openstack,TP,45662d77a2da77714f8e792e86ebd64a52270ef5,llm_counterfactual,qwen36_27b_local,full,0.2,,4,0.6,1.0,-0.19880000000000003,0.19880000000000003,5,0
openstack,TP,45662d77a2da77714f8e792e86ebd64a52270ef5,llm_counterfactual,qwen36_27b_local,full,0.2,,5,0.6,1.0,-0.1952,0.1952,5,0
openstack,TP,6f31523b314e7ac4ad83d13842cf2fa1014c39b2,llm_counterfactual,qwen36_27b_local,full,0.2,,1,0.8,1.0,-0.14919999999999994,0.14919999999999994,5,0
openstack,TP,6f31523b314e7ac4ad83d13842cf2fa1014c39b2,llm_counterfactual,qwen36_27b_local,full,0.2,,2,0.6,0.8,-0.13959999999999995,0.13959999999999995,5,0
openstack,TP,6f31523b314e7ac4ad83d13842cf2fa1014c39b2,llm_counterfactual,qwen36_27b_local,full,0.2,,3,0.6,0.8,-0.12879999999999997,0.12879999999999997,5,0
openstack,TP,6f31523b314e7ac4ad83d13842cf2fa1014c39b2,llm_counterfactual,qwen36_27b_local,full,0.2,,4,0.6,1.0,-0.14919999999999994,0.14919999999999994,5,0
openstack,TP,6f31523b314e7ac4ad83d13842cf2fa1014c39b2,llm_counterfactual,qwen36_27b_local,full,0.2,,5,0.4,0.8,-0.12999999999999998,0.12999999999999998,5,0
openstack,FP,410a83c89de9912207574999b3736a550ed253ba,llm_counterfactual,qwen36_27b_local,full,0.2,,1,0.8,0.8,-0.13440000000000005,0.13440000000000005,5,0
openstack,FP,410a83c89de9912207574999b3736a550ed253ba,llm_counterfactual,qwen36_27b_local,full,0.2,,2,0.8,0.8,-0.09120000000000004,0.10880000000000002,5,0
openstack,FP,410a83c89de9912207574999b3736a550ed253ba,llm_counterfactual,qwen36_27b_local,full,0.2,,3,0.8,0.8,-0.09120000000000004,0.10880000000000002,5,0
openstack,FP,410a83c89de9912207574999b3736a550ed253ba,llm_counterfactual,qwen36_27b_local,full,0.2,,4,0.8,0.8,-0.09120000000000004,0.10880000000000002,5,0
openstack,FP,410a83c89de9912207574999b3736a550ed253ba,llm_counterfactual,qwen36_27b_local,full,0.2,,5,0.8,0.8,-0.09120000000000004,0.10880000000000002,5,0
openstack,FP,4e2919e6b208a2e95d75782f9cad0a6f0892d983,llm_counterfactual,qwen36_27b_local,full,0.2,,1,1.0,0.6,-0.12280000000000006,0.12360000000000002,5,0
openstack,FP,4e2919e6b208a2e95d75782f9cad0a6f0892d983,llm_counterfactual,qwen36_27b_local,full,0.2,,2,0.8,0.6,-0.12280000000000006,0.12360000000000002,5,0
openstack,FP,4e2919e6b208a2e95d75782f9cad0a6f0892d983,llm_counterfactual,qwen36_27b_local,full,0.2,,3,0.8,0.6,-0.12280000000000006,0.12360000000000002,5,0
openstack,FP,4e2919e6b208a2e95d75782f9cad0a6f0892d983,llm_counterfactual,qwen36_27b_local,full,0.2,,4,1.0,0.5,-0.07400000000000005,0.12299999999999998,4,0
openstack,FP,4e2919e6b208a2e95d75782f9cad0a6f0892d983,llm_counterfactual,qwen36_27b_local,full,0.2,,5,0.8,0.8,-0.14160000000000006,0.14160000000000006,5,0
openstack,FP,558f7b00f56f37adaa68239c9ce95d25b2d65f56,llm_counterfactual,qwen36_27b_local,full,0.2,,1,1.0,0.8,-0.15880000000000002,0.16200000000000003,5,0
openstack,FP,558f7b00f56f37adaa68239c9ce95d25b2d65f56,llm_counterfactual,qwen36_27b_local,full,0.2,,2,1.0,0.8,-0.15880000000000002,0.16200000000000003,5,0
openstack,FP,558f7b00f56f37adaa68239c9ce95d25b2d65f56,llm_counterfactual,qwen36_27b_local,full,0.2,,3,1.0,1.0,-0.1884,0.1884,5,0
openstack,FP,558f7b00f56f37adaa68239c9ce95d25b2d65f56,llm_counterfactual,qwen36_27b_local,full,0.2,,4,1.0,0.8,-0.15880000000000002,0.16200000000000003,5,0
openstack,FP,558f7b00f56f37adaa68239c9ce95d25b2d65f56,llm_counterfactual,qwen36_27b_local,full,0.2,,5,1.0,0.8,-0.15880000000000002,0.16200000000000003,5,0
openstack,TN,70fad48add19cc565726f098e1e7a2165b24cc77,llm_counterfactual,qwen36_27b_local,full,0.2,,1,1.0,0.6,-0.041200000000000056,0.05399999999999998,5,0
openstack,TN,70fad48add19cc565726f098e1e7a2165b24cc77,llm_counterfactual,qwen36_27b_local,full,0.2,,2,1.0,0.8,-0.05480000000000005,0.06360000000000002,5,0
openstack,TN,70fad48add19cc565726f098e1e7a2165b24cc77,llm_counterfactual,qwen36_27b_local,full,0.2,,3,1.0,0.8,-0.06440000000000004,0.06440000000000004,5,0
openstack,TN,70fad48add19cc565726f098e1e7a2165b24cc77,llm_counterfactual,qwen36_27b_local,full,0.2,,4,1.0,0.8,-0.05480000000000005,0.06360000000000002,5,0
openstack,TN,70fad48add19cc565726f098e1e7a2165b24cc77,llm_counterfactual,qwen36_27b_local,full,0.2,,5,1.0,0.8,-0.05480000000000005,0.06360000000000002,5,0
openstack,TP,76d3c644f3f5866a5c07f80b66132d81b8b57e78,llm_counterfactual,qwen36_27b_local,full,0.2,,1,1.0,0.8,-0.30560000000000004,0.31279999999999997,5,0
openstack,TP,76d3c644f3f5866a5c07f80b66132d81b8b57e78,llm_counterfactual,qwen36_27b_local,full,0.2,,2,1.0,0.8,-0.32320000000000004,0.3304,5,0
openstack,TP,76d3c644f3f5866a5c07f80b66132d81b8b57e78,llm_counterfactual,qwen36_27b_local,full,0.2,,3,1.0,0.8,-0.30560000000000004,0.31279999999999997,5,0
openstack,TP,76d3c644f3f5866a5c07f80b66132d81b8b57e78,llm_counterfactual,qwen36_27b_local,full,0.2,,4,1.0,0.8,-0.30560000000000004,0.31279999999999997,5,0
openstack,TP,76d3c644f3f5866a5c07f80b66132d81b8b57e78,llm_counterfactual,qwen36_27b_local,full,0.2,,5,1.0,1.0,-0.374,0.374,5,0
openstack,FN,2b60912d5667350eae7ecbc67d4dba3658518d10,llm_counterfactual,qwen36_27b_local,full,0.2,,1,0.6,0.4,-0.008400000000000029,0.03320000000000001,5,0
openstack,FN,2b60912d5667350eae7ecbc67d4dba3658518d10,llm_counterfactual,qwen36_27b_local,full,0.2,,2,0.6,0.4,0.021599999999999973,0.04079999999999999,5,0
openstack,FN,2b60912d5667350eae7ecbc67d4dba3658518d10,llm_counterfactual,qwen36_27b_local,full,0.2,,3,0.6,0.4,-0.008400000000000029,0.03320000000000001,5,0
openstack,FN,2b60912d5667350eae7ecbc67d4dba3658518d10,llm_counterfactual,qwen36_27b_local,full,0.2,,4,0.6,0.4,-0.008400000000000029,0.03320000000000001,5,0
openstack,FN,2b60912d5667350eae7ecbc67d4dba3658518d10,llm_counterfactual,qwen36_27b_local,full,0.2,,5,0.6,0.4,-0.008400000000000029,0.03320000000000001,5,0
openstack,TP,88c62c1ca290c1d2a33ff192a302e492a4b11cb3,llm_counterfactual,qwen36_27b_local,full,0.2,,1,0.8,0.8,-0.10800000000000003,0.10960000000000003,5,0
openstack,TP,88c62c1ca290c1d2a33ff192a302e492a4b11cb3,llm_counterfactual,qwen36_27b_local,full,0.2,,2,0.8,0.8,-0.07880000000000002,0.11720000000000001,5,0
openstack,TP,88c62c1ca290c1d2a33ff192a302e492a4b11cb3,llm_counterfactual,qwen36_27b_local,full,0.2,,3,0.8,0.8,-0.10800000000000003,0.10960000000000003,5,0
openstack,TP,88c62c1ca290c1d2a33ff192a302e492a4b11cb3,llm_counterfactual,qwen36_27b_local,full,0.2,,4,0.6,0.6,-0.10000000000000002,0.10160000000000002,5,0
openstack,TP,88c62c1ca290c1d2a33ff192a302e492a4b11cb3,llm_counterfactual,qwen36_27b_local,full,0.2,,5,0.8,0.8,-0.12360000000000003,0.12520000000000003,5,0
openstack,FP,296da649452f66dd15a15ee4274ab0f8609250e2,llm_counterfactual,qwen36_27b_local,full,0.2,,1,1.0,0.8,-0.16680000000000003,0.16680000000000003,5,0
openstack,FP,296da649452f66dd15a15ee4274ab0f8609250e2,llm_counterfactual,qwen36_27b_local,full,0.2,,2,1.0,0.8,-0.1796,0.1796,5,0
openstack,FP,296da649452f66dd15a15ee4274ab0f8609250e2,llm_counterfactual,qwen36_27b_local,full,0.2,,3,1.0,0.8,-0.1796,0.1796,5,0
openstack,FP,296da649452f66dd15a15ee4274ab0f8609250e2,llm_counterfactual,qwen36_27b_local,full,0.2,,4,1.0,0.8,-0.1796,0.1796,5,0
openstack,FP,296da649452f66dd15a15ee4274ab0f8609250e2,llm_counterfactual,qwen36_27b_local,full,0.2,,5,1.0,1.0,-0.17880000000000001,0.17880000000000001,5,0
openstack,TP,379cf65d82b11f5e6f8732a585d5373beda85046,llm_counterfactual,qwen36_27b_local,full,0.2,,1,1.0,1.0,-0.17959999999999998,0.1956,5,0
openstack,TP,379cf65d82b11f5e6f8732a585d5373beda85046,llm_counterfactual,qwen36_27b_local,full,0.2,,2,0.8,1.0,-0.14999999999999997,0.16599999999999998,5,0
openstack,TP,379cf65d82b11f5e6f8732a585d5373beda85046,llm_counterfactual,qwen36_27b_local,full,0.2,,3,1.0,1.0,-0.17959999999999998,0.1956,5,0
openstack,TP,379cf65d82b11f5e6f8732a585d5373beda85046,llm_counterfactual,qwen36_27b_local,full,0.2,,4,0.8,1.0,-0.10199999999999997,0.11799999999999998,5,0
openstack,TP,379cf65d82b11f5e6f8732a585d5373beda85046,llm_counterfactual,qwen36_27b_local,full,0.2,,5,1.0,1.0,-0.15839999999999996,0.17439999999999997,5,0
openstack,TN,79a1a113775df87d420b242cea4bbf953df3779c,llm_counterfactual,qwen36_27b_local,full,0.2,,1,0.8,0.8,-0.0632,0.07920000000000002,5,0
openstack,TN,79a1a113775df87d420b242cea4bbf953df3779c,llm_counterfactual,qwen36_27b_local,full,0.2,,2,1.0,0.6,-0.06080000000000001,0.07680000000000002,5,0
openstack,TN,79a1a113775df87d420b242cea4bbf953df3779c,llm_counterfactual,qwen36_27b_local,full,0.2,,3,1.0,0.6,-0.06080000000000001,0.07680000000000002,5,0
openstack,TN,79a1a113775df87d420b242cea4bbf953df3779c,llm_counterfactual,qwen36_27b_local,full,0.2,,4,1.0,0.6,-0.06080000000000001,0.07680000000000002,5,0
openstack,TN,79a1a113775df87d420b242cea4bbf953df3779c,llm_counterfactual,qwen36_27b_local,full,0.2,,5,0.8,0.8,-0.0632,0.07920000000000002,5,0
openstack,TN,dd444d84759d7b3c17e7c3e97f9565546f9d3df2,llm_counterfactual,qwen36_27b_local,full,0.2,,1,1.0,0.6,-0.0284,0.03320000000000001,5,0
openstack,TN,dd444d84759d7b3c17e7c3e97f9565546f9d3df2,llm_counterfactual,qwen36_27b_local,full,0.2,,2,0.6,0.6,-0.022799999999999997,0.032400000000000005,5,0
openstack,TN,dd444d84759d7b3c17e7c3e97f9565546f9d3df2,llm_counterfactual,qwen36_27b_local,full,0.2,,3,0.6,0.6,-0.022799999999999997,0.032400000000000005,5,0
openstack,TN,dd444d84759d7b3c17e7c3e97f9565546f9d3df2,llm_counterfactual,qwen36_27b_local,full,0.2,,4,1.0,0.8,-0.03879999999999999,0.04359999999999999,5,0
openstack,TN,dd444d84759d7b3c17e7c3e97f9565546f9d3df2,llm_counterfactual,qwen36_27b_local,full,0.2,,5,0.8,0.8,-0.03879999999999999,0.04359999999999999,5,0
openstack,TN,747373f4bdfe4814000a88e4443b56545d5d55bd,llm_counterfactual,qwen36_27b_local,full,0.2,,1,1.0,0.6,-0.005599999999999983,0.03600000000000001,5,0
openstack,TN,747373f4bdfe4814000a88e4443b56545d5d55bd,llm_counterfactual,qwen36_27b_local,full,0.2,,2,1.0,0.6,-0.009599999999999964,0.03599999999999999,5,0
openstack,TN,747373f4bdfe4814000a88e4443b56545d5d55bd,llm_counterfactual,qwen36_27b_local,full,0.2,,3,1.0,0.8,-0.018799999999999973,0.041199999999999994,5,0
openstack,TN,747373f4bdfe4814000a88e4443b56545d5d55bd,llm_counterfactual,qwen36_27b_local,full,0.2,,4,1.0,0.8,-0.01759999999999997,0.039999999999999994,5,0
openstack,TN,747373f4bdfe4814000a88e4443b56545d5d55bd,llm_counterfactual,qwen36_27b_local,full,0.2,,5,1.0,0.8,-0.01399999999999999,0.03640000000000001,5,0
openstack,FN,763fd62464e9a0753e061171cc1fd826055bbc01,llm_counterfactual,qwen36_27b_local,full,0.2,,1,1.0,1.0,0.08279999999999994,0.08279999999999994,5,0
openstack,FN,763fd62464e9a0753e061171cc1fd826055bbc01,llm_counterfactual,qwen36_27b_local,full,0.2,,2,0.8,0.8,0.08079999999999994,0.08079999999999994,5,0
openstack,FN,763fd62464e9a0753e061171cc1fd826055bbc01,llm_counterfactual,qwen36_27b_local,full,0.2,,3,1.0,1.0,0.08399999999999994,0.08399999999999994,5,0
openstack,FN,763fd62464e9a0753e061171cc1fd826055bbc01,llm_counterfactual,qwen36_27b_local,full,0.2,,4,0.6,0.8,0.07919999999999994,0.07919999999999994,5,0
openstack,FN,763fd62464e9a0753e061171cc1fd826055bbc01,llm_counterfactual,qwen36_27b_local,full,0.2,,5,0.4,0.8,0.07879999999999995,0.07879999999999995,5,0
openstack,FN,267eea50fd9e9c74faa96d529a7ec2fd8aa8d51f,llm_counterfactual,qwen36_27b_local,full,0.2,,1,0.6,0.8,-0.043999999999999984,0.1056,5,0
openstack,FN,267eea50fd9e9c74faa96d529a7ec2fd8aa8d51f,llm_counterfactual,qwen36_27b_local,full,0.2,,2,0.4,0.6,-0.06839999999999999,0.0852,5,0
openstack,FN,267eea50fd9e9c74faa96d529a7ec2fd8aa8d51f,llm_counterfactual,qwen36_27b_local,full,0.2,,3,0.8,0.6,-0.06759999999999998,0.086,5,0
openstack,FN,267eea50fd9e9c74faa96d529a7ec2fd8aa8d51f,llm_counterfactual,qwen36_27b_local,full,0.2,,4,0.8,0.6,-0.06839999999999999,0.0852,5,0
openstack,FN,267eea50fd9e9c74faa96d529a7ec2fd8aa8d51f,llm_counterfactual,qwen36_27b_local,full,0.2,,5,0.8,0.6,-0.06759999999999998,0.086,5,0
openstack,TN,978066fe31a5331f143a05e1fd753c729b2dcf09,llm_counterfactual,qwen36_27b_local,full,0.2,,1,0.8,0.4,-0.011999999999999945,0.02959999999999996,5,0
openstack,TN,978066fe31a5331f143a05e1fd753c729b2dcf09,llm_counterfactual,qwen36_27b_local,full,0.2,,2,0.8,0.2,-0.01599999999999995,0.023199999999999953,5,0
openstack,TN,978066fe31a5331f143a05e1fd753c729b2dcf09,llm_counterfactual,qwen36_27b_local,full,0.2,,3,0.8,0.4,-0.007599999999999963,0.02999999999999998,5,0
openstack,TN,978066fe31a5331f143a05e1fd753c729b2dcf09,llm_counterfactual,qwen36_27b_local,full,0.2,,4,0.8,0.4,-0.00479999999999996,0.02719999999999998,5,0
openstack,TN,978066fe31a5331f143a05e1fd753c729b2dcf09,llm_counterfactual,qwen36_27b_local,full,0.2,,5,1.0,0.2,-0.01599999999999995,0.023199999999999953,5,0
openstack,TN,545925c66cb3ee005aa7e497ad4b3c97eb2f410b,llm_counterfactual,qwen36_27b_local,full,0.2,,1,1.0,0.6,-0.055600000000000024,0.055600000000000024,5,0
openstack,TN,545925c66cb3ee005aa7e497ad4b3c97eb2f410b,llm_counterfactual,qwen36_27b_local,full,0.2,,2,1.0,0.8,-0.06400000000000003,0.06400000000000003,5,0
openstack,TN,545925c66cb3ee005aa7e497ad4b3c97eb2f410b,llm_counterfactual,qwen36_27b_local,full,0.2,,3,1.0,0.6,-0.055600000000000024,0.055600000000000024,5,0
openstack,TN,545925c66cb3ee005aa7e497ad4b3c97eb2f410b,llm_counterfactual,qwen36_27b_local,full,0.2,,4,1.0,0.6,-0.055600000000000024,0.055600000000000024,5,0
openstack,TN,545925c66cb3ee005aa7e497ad4b3c97eb2f410b,llm_counterfactual,qwen36_27b_local,full,0.2,,5,1.0,0.6,-0.055600000000000024,0.055600000000000024,5,0
openstack,FN,bc6ca87a6a01ecbda926a78d07cadbd4e3ab97e0,llm_counterfactual,qwen36_27b_local,full,0.2,,1,0.4,0.6,0.05799999999999996,0.05879999999999996,5,0
openstack,FN,bc6ca87a6a01ecbda926a78d07cadbd4e3ab97e0,llm_counterfactual,qwen36_27b_local,full,0.2,,2,0.4,0.6,0.05799999999999996,0.05879999999999996,5,0
openstack,FN,bc6ca87a6a01ecbda926a78d07cadbd4e3ab97e0,llm_counterfactual,qwen36_27b_local,full,0.2,,3,0.2,0.6,0.05439999999999996,0.06239999999999997,5,0
openstack,FN,bc6ca87a6a01ecbda926a78d07cadbd4e3ab97e0,llm_counterfactual,qwen36_27b_local,full,0.2,,4,0.4,0.4,0.04519999999999995,0.053199999999999956,5,0
openstack,FN,bc6ca87a6a01ecbda926a78d07cadbd4e3ab97e0,llm_counterfactual,qwen36_27b_local,full,0.2,,5,0.4,0.8,0.08319999999999997,0.08319999999999997,5,0
openstack,FP,280cc7c5ae4b07a9a1e23b8f9cc925be9872c8e1,llm_counterfactual,qwen36_27b_local,full,0.2,,1,0.8,0.8,-0.10919999999999998,0.12519999999999998,5,0
openstack,FP,280cc7c5ae4b07a9a1e23b8f9cc925be9872c8e1,llm_counterfactual,qwen36_27b_local,full,0.2,,2,1.0,1.0,-0.13079999999999997,0.14679999999999999,5,0
openstack,FP,280cc7c5ae4b07a9a1e23b8f9cc925be9872c8e1,llm_counterfactual,qwen36_27b_local,full,0.2,,3,0.8,0.8,-0.14239999999999997,0.14239999999999997,5,0
openstack,FP,280cc7c5ae4b07a9a1e23b8f9cc925be9872c8e1,llm_counterfactual,qwen36_27b_local,full,0.2,,4,0.8,0.8,-0.09399999999999997,0.10999999999999999,5,0
openstack,FP,280cc7c5ae4b07a9a1e23b8f9cc925be9872c8e1,llm_counterfactual,qwen36_27b_local,full,0.2,,5,0.8,0.8,-0.10919999999999998,0.12519999999999998,5,0
openstack,FP,6aecf475dbff9c7d477378c021749b987d47deae,llm_counterfactual,qwen36_27b_local,full,0.2,,1,1.0,1.0,-0.2288,0.2288,5,0
openstack,FP,6aecf475dbff9c7d477378c021749b987d47deae,llm_counterfactual,qwen36_27b_local,full,0.2,,2,1.0,0.8,-0.1896,0.1952,5,0
openstack,FP,6aecf475dbff9c7d477378c021749b987d47deae,llm_counterfactual,qwen36_27b_local,full,0.2,,3,1.0,1.0,-0.2288,0.2288,5,0
openstack,FP,6aecf475dbff9c7d477378c021749b987d47deae,llm_counterfactual,qwen36_27b_local,full,0.2,,4,1.0,0.8,-0.1896,0.1952,5,0
openstack,FP,6aecf475dbff9c7d477378c021749b987d47deae,llm_counterfactual,qwen36_27b_local,full,0.2,,5,1.0,1.0,-0.2288,0.2288,5,0
openstack,FP,baa52224dc73e8ca3bdcbdaa5d62bc26fb38052f,llm_counterfactual,qwen36_27b_local,full,0.2,,1,0.8,0.8,-0.17959999999999998,0.17959999999999998,5,0
openstack,FP,baa52224dc73e8ca3bdcbdaa5d62bc26fb38052f,llm_counterfactual,qwen36_27b_local,full,0.2,,2,0.5,1.0,-0.2045,0.2045,4,0
openstack,FP,baa52224dc73e8ca3bdcbdaa5d62bc26fb38052f,llm_counterfactual,qwen36_27b_local,full,0.2,,3,0.8,0.8,-0.18919999999999998,0.18919999999999998,5,0
openstack,FP,baa52224dc73e8ca3bdcbdaa5d62bc26fb38052f,llm_counterfactual,qwen36_27b_local,full,0.2,,4,0.8,0.8,-0.16719999999999996,0.16719999999999996,5,0
openstack,FP,baa52224dc73e8ca3bdcbdaa5d62bc26fb38052f,llm_counterfactual,qwen36_27b_local,full,0.2,,5,0.8,0.8,-0.17959999999999998,0.17959999999999998,5,0
openstack,TN,d2e40a3e49819dace92975de3e3d7ba3a3fac79d,llm_counterfactual,qwen36_27b_local,full,0.2,,1,0.8,0.6,-0.08639999999999999,0.08639999999999999,5,0
openstack,TN,d2e40a3e49819dace92975de3e3d7ba3a3fac79d,llm_counterfactual,qwen36_27b_local,full,0.2,,2,1.0,0.4,-0.0756,0.0756,5,0
openstack,TN,d2e40a3e49819dace92975de3e3d7ba3a3fac79d,llm_counterfactual,qwen36_27b_local,full,0.2,,3,0.8,0.6,-0.08559999999999998,0.08559999999999998,5,0
openstack,TN,d2e40a3e49819dace92975de3e3d7ba3a3fac79d,llm_counterfactual,qwen36_27b_local,full,0.2,,4,1.0,0.4,-0.0756,0.0756,5,0
openstack,TN,d2e40a3e49819dace92975de3e3d7ba3a3fac79d,llm_counterfactual,qwen36_27b_local,full,0.2,,5,0.8,0.6,-0.08559999999999998,0.08559999999999998,5,0
openstack,TN,57566f4c8d2929c25e76564883369a7c6eda720a,llm_counterfactual,qwen36_27b_local,full,0.2,,1,0.8,0.4,-0.0035999999999999587,0.029199999999999983,5,0
openstack,TN,57566f4c8d2929c25e76564883369a7c6eda720a,llm_counterfactual,qwen36_27b_local,full,0.2,,2,0.8,0.6,-0.015599999999999947,0.037999999999999964,5,0
openstack,TN,57566f4c8d2929c25e76564883369a7c6eda720a,llm_counterfactual,qwen36_27b_local,full,0.2,,3,0.8,0.6,-0.01879999999999995,0.03479999999999996,5,0
openstack,TN,57566f4c8d2929c25e76564883369a7c6eda720a,llm_counterfactual,qwen36_27b_local,full,0.2,,4,0.6,0.6,-0.021599999999999953,0.034399999999999965,5,0
openstack,TN,57566f4c8d2929c25e76564883369a7c6eda720a,llm_counterfactual,qwen36_27b_local,full,0.2,,5,0.8,0.6,-0.016799999999999947,0.03919999999999997,5,0
openstack,TP,03db94ebaa3fc2c76694fd566e2c9eefbf851a7f,llm_counterfactual,qwen36_27b_local,full,0.2,,1,1.0,1.0,-0.22560000000000002,0.22560000000000002,5,0
openstack,TP,03db94ebaa3fc2c76694fd566e2c9eefbf851a7f,llm_counterfactual,qwen36_27b_local,full,0.2,,2,1.0,1.0,-0.20600000000000002,0.2212,5,0
openstack,TP,03db94ebaa3fc2c76694fd566e2c9eefbf851a7f,llm_counterfactual,qwen36_27b_local,full,0.2,,3,1.0,1.0,-0.256,0.256,5,0
openstack,TP,03db94ebaa3fc2c76694fd566e2c9eefbf851a7f,llm_counterfactual,qwen36_27b_local,full,0.2,,4,1.0,1.0,-0.18280000000000002,0.198,5,0
openstack,TP,03db94ebaa3fc2c76694fd566e2c9eefbf851a7f,llm_counterfactual,qwen36_27b_local,full,0.2,,5,1.0,1.0,-0.18280000000000002,0.198,5,0
openstack,FN,703ba3c4e3d0b442c3097b6c844a59e560c09fe8,llm_counterfactual,qwen36_27b_local,full,0.2,,1,1.0,0.2,0.01759999999999995,0.023199999999999953,5,0
openstack,FN,703ba3c4e3d0b442c3097b6c844a59e560c09fe8,llm_counterfactual,qwen36_27b_local,full,0.2,,2,1.0,0.2,0.01639999999999995,0.024399999999999956,5,0
openstack,FN,703ba3c4e3d0b442c3097b6c844a59e560c09fe8,llm_counterfactual,qwen36_27b_local,full,0.2,,3,1.0,0.2,0.01639999999999995,0.024399999999999956,5,0
openstack,FN,703ba3c4e3d0b442c3097b6c844a59e560c09fe8,llm_counterfactual,qwen36_27b_local,full,0.2,,4,1.0,0.2,0.01759999999999995,0.023199999999999953,5,0
openstack,FN,703ba3c4e3d0b442c3097b6c844a59e560c09fe8,llm_counterfactual,qwen36_27b_local,full,0.2,,5,1.0,0.2,0.01639999999999995,0.024399999999999956,5,0
openstack,FN,e3df049cad2b7a264acbad4d6baecbc813546e5d,llm_counterfactual,qwen36_27b_local,full,0.2,,1,0.6,0.4,-0.054799999999999974,0.0764,5,0
openstack,FN,e3df049cad2b7a264acbad4d6baecbc813546e5d,llm_counterfactual,qwen36_27b_local,full,0.2,,2,0.75,0.5,-0.07299999999999997,0.09099999999999998,4,0
openstack,FN,e3df049cad2b7a264acbad4d6baecbc813546e5d,llm_counterfactual,qwen36_27b_local,full,0.2,,3,0.4,0.4,-0.05879999999999998,0.07239999999999999,5,0
openstack,FN,e3df049cad2b7a264acbad4d6baecbc813546e5d,llm_counterfactual,qwen36_27b_local,full,0.2,,4,0.75,0.5,-0.07299999999999997,0.09099999999999998,4,0
openstack,FN,e3df049cad2b7a264acbad4d6baecbc813546e5d,llm_counterfactual,qwen36_27b_local,full,0.2,,5,0.6,0.4,-0.05759999999999997,0.07359999999999998,5,0
openstack,FN,d1b3adfbe471ad99ddf0dd2b483b77435c157aea,llm_counterfactual,qwen36_27b_local,full,0.2,,1,0.8,0.8,0.05800000000000003,0.09640000000000001,5,0
openstack,FN,d1b3adfbe471ad99ddf0dd2b483b77435c157aea,llm_counterfactual,qwen36_27b_local,full,0.2,,2,0.6,0.8,0.08680000000000003,0.09400000000000004,5,0
openstack,FN,d1b3adfbe471ad99ddf0dd2b483b77435c157aea,llm_counterfactual,qwen36_27b_local,full,0.2,,3,0.6,0.8,0.08680000000000003,0.09400000000000004,5,0
openstack,FN,d1b3adfbe471ad99ddf0dd2b483b77435c157aea,llm_counterfactual,qwen36_27b_local,full,0.2,,4,0.6,0.8,0.08680000000000003,0.09400000000000004,5,0
openstack,FN,d1b3adfbe471ad99ddf0dd2b483b77435c157aea,llm_counterfactual,qwen36_27b_local,full,0.2,,5,0.6,0.8,0.08680000000000003,0.09400000000000004,5,0
openstack,TN,87be408b126e81ded85b03896f9c85f8a8d4ac90,llm_counterfactual,qwen36_27b_local,full,0.2,,1,0.8,0.4,-0.03680000000000001,0.045600000000000016,5,0
openstack,TN,87be408b126e81ded85b03896f9c85f8a8d4ac90,llm_counterfactual,qwen36_27b_local,full,0.2,,2,0.8,0.4,-0.03680000000000001,0.045600000000000016,5,0
openstack,TN,87be408b126e81ded85b03896f9c85f8a8d4ac90,llm_counterfactual,qwen36_27b_local,full,0.2,,3,0.8,0.4,-0.03680000000000001,0.045600000000000016,5,0
openstack,TN,87be408b126e81ded85b03896f9c85f8a8d4ac90,llm_counterfactual,qwen36_27b_local,full,0.2,,4,0.8,0.6,-0.0284,0.05400000000000003,5,0
openstack,TN,87be408b126e81ded85b03896f9c85f8a8d4ac90,llm_counterfactual,qwen36_27b_local,full,0.2,,5,0.8,0.4,-0.03680000000000001,0.045600000000000016,5,0
openstack,TP,22c9cf3d95c3d14351045bac2920b4e0994ec42f,llm_counterfactual,qwen36_27b_local,full,0.2,,1,1.0,0.8,-0.29999999999999993,0.29999999999999993,5,0
openstack,TP,22c9cf3d95c3d14351045bac2920b4e0994ec42f,llm_counterfactual,qwen36_27b_local,full,0.2,,2,1.0,1.0,-0.3176,0.3176,5,0
openstack,TP,22c9cf3d95c3d14351045bac2920b4e0994ec42f,llm_counterfactual,qwen36_27b_local,full,0.2,,3,1.0,0.8,-0.27079999999999993,0.27079999999999993,5,0
openstack,TP,22c9cf3d95c3d14351045bac2920b4e0994ec42f,llm_counterfactual,qwen36_27b_local,full,0.2,,4,1.0,0.8,-0.28559999999999997,0.28559999999999997,5,0
openstack,TP,22c9cf3d95c3d14351045bac2920b4e0994ec42f,llm_counterfactual,qwen36_27b_local,full,0.2,,5,1.0,1.0,-0.3176,0.3176,5,0
openstack,TP,092820939d53268152893a15fdaf5129554fbcb3,llm_counterfactual,qwen36_27b_local,full,0.2,,1,1.0,0.8,-0.15320000000000003,0.2092,5,0
openstack,TP,092820939d53268152893a15fdaf5129554fbcb3,llm_counterfactual,qwen36_27b_local,full,0.2,,2,1.0,0.8,-0.15320000000000003,0.2092,5,0
openstack,TP,092820939d53268152893a15fdaf5129554fbcb3,llm_counterfactual,qwen36_27b_local,full,0.2,,3,1.0,0.8,-0.15320000000000003,0.2092,5,0
openstack,TP,092820939d53268152893a15fdaf5129554fbcb3,llm_counterfactual,qwen36_27b_local,full,0.2,,4,1.0,0.8,-0.15320000000000003,0.2092,5,0
openstack,TP,092820939d53268152893a15fdaf5129554fbcb3,llm_counterfactual,qwen36_27b_local,full,0.2,,5,1.0,0.8,-0.15320000000000003,0.2092,5,0
openstack,TN,dd13c2784b5aec539197d1b76fafc6a6b38a33e8,llm_counterfactual,qwen36_27b_local,full,0.2,,1,0.6,0.8,0.035599999999999965,0.0764,5,0
openstack,TN,dd13c2784b5aec539197d1b76fafc6a6b38a33e8,llm_counterfactual,qwen36_27b_local,full,0.2,,2,0.8,0.8,0.035599999999999965,0.0764,5,0
openstack,TN,dd13c2784b5aec539197d1b76fafc6a6b38a33e8,llm_counterfactual,qwen36_27b_local,full,0.2,,3,0.6,0.6,0.05239999999999998,0.0676,5,0
openstack,TN,dd13c2784b5aec539197d1b76fafc6a6b38a33e8,llm_counterfactual,qwen36_27b_local,full,0.2,,4,0.6,0.8,0.035599999999999965,0.0764,5,0
openstack,TN,dd13c2784b5aec539197d1b76fafc6a6b38a33e8,llm_counterfactual,qwen36_27b_local,full,0.2,,5,0.6,0.8,0.035599999999999965,0.0764,5,0
openstack,TP,40eaa89a9001edda3e1146831b26aaf7ded64c4a,llm_counterfactual,qwen36_27b_local,full,0.2,,1,1.0,0.8,-0.198,0.198,5,0
openstack,TP,40eaa89a9001edda3e1146831b26aaf7ded64c4a,llm_counterfactual,qwen36_27b_local,full,0.2,,2,1.0,0.8,-0.212,0.212,5,0
openstack,TP,40eaa89a9001edda3e1146831b26aaf7ded64c4a,llm_counterfactual,qwen36_27b_local,full,0.2,,3,1.0,0.8,-0.198,0.198,5,0
openstack,TP,40eaa89a9001edda3e1146831b26aaf7ded64c4a,llm_counterfactual,qwen36_27b_local,full,0.2,,4,1.0,0.8,-0.212,0.212,5,0
openstack,TP,40eaa89a9001edda3e1146831b26aaf7ded64c4a,llm_counterfactual,qwen36_27b_local,full,0.2,,5,1.0,0.8,-0.198,0.198,5,0
openstack,TN,1e6538d43e76b867776cf226e1d6d6c900412f99,llm_counterfactual,qwen36_27b_local,full,0.2,,1,1.0,0.8,-0.0844,0.0844,5,0
openstack,TN,1e6538d43e76b867776cf226e1d6d6c900412f99,llm_counterfactual,qwen36_27b_local,full,0.2,,2,1.0,0.8,-0.082,0.082,5,0
openstack,TN,1e6538d43e76b867776cf226e1d6d6c900412f99,llm_counterfactual,qwen36_27b_local,full,0.2,,3,1.0,0.8,-0.0772,0.0772,5,0
openstack,TN,1e6538d43e76b867776cf226e1d6d6c900412f99,llm_counterfactual,qwen36_27b_local,full,0.2,,4,1.0,0.8,-0.0844,0.0844,5,0
openstack,TN,1e6538d43e76b867776cf226e1d6d6c900412f99,llm_counterfactual,qwen36_27b_local,full,0.2,,5,1.0,0.8,-0.0804,0.08120000000000001,5,0
openstack,FP,70de423255fd01822188bb9082a0c0cc1c8ec2d0,llm_counterfactual,qwen36_27b_local,full,0.2,,1,1.0,1.0,-0.35880000000000006,0.35880000000000006,5,0
openstack,FP,70de423255fd01822188bb9082a0c0cc1c8ec2d0,llm_counterfactual,qwen36_27b_local,full,0.2,,2,1.0,0.8,-0.28720000000000007,0.28880000000000006,5,0
openstack,FP,70de423255fd01822188bb9082a0c0cc1c8ec2d0,llm_counterfactual,qwen36_27b_local,full,0.2,,3,1.0,0.8,-0.28720000000000007,0.28880000000000006,5,0
openstack,FP,70de423255fd01822188bb9082a0c0cc1c8ec2d0,llm_counterfactual,qwen36_27b_local,full,0.2,,4,1.0,0.8,-0.32080000000000003,0.3224,5,0
openstack,FP,70de423255fd01822188bb9082a0c0cc1c8ec2d0,llm_counterfactual,qwen36_27b_local,full,0.2,,5,1.0,1.0,-0.35880000000000006,0.35880000000000006,5,0
openstack,TP,56324c12aa58ff9cf46582611b071f3abb743ddf,llm_counterfactual,qwen36_27b_local,full,0.2,,1,0.8,0.8,-0.17120000000000005,0.17120000000000005,5,0
openstack,TP,56324c12aa58ff9cf46582611b071f3abb743ddf,llm_counterfactual,qwen36_27b_local,full,0.2,,2,0.8,0.8,-0.17360000000000003,0.17360000000000003,5,0
openstack,TP,56324c12aa58ff9cf46582611b071f3abb743ddf,llm_counterfactual,qwen36_27b_local,full,0.2,,3,1.0,0.8,-0.16240000000000004,0.16240000000000004,5,0
openstack,TP,56324c12aa58ff9cf46582611b071f3abb743ddf,llm_counterfactual,qwen36_27b_local,full,0.2,,4,0.75,0.75,-0.16950000000000004,0.16950000000000004,4,0
openstack,TP,56324c12aa58ff9cf46582611b071f3abb743ddf,llm_counterfactual,qwen36_27b_local,full,0.2,,5,1.0,0.6,-0.15440000000000004,0.15440000000000004,5,0
openstack,FN,848664f646bf087df59778434daa6feae1e71c74,llm_counterfactual,qwen36_27b_local,full,0.2,,1,1.0,1.0,-0.09679999999999996,0.09679999999999996,5,0
openstack,FN,848664f646bf087df59778434daa6feae1e71c74,llm_counterfactual,qwen36_27b_local,full,0.2,,2,1.0,1.0,-0.09679999999999996,0.09679999999999996,5,0
openstack,FN,848664f646bf087df59778434daa6feae1e71c74,llm_counterfactual,qwen36_27b_local,full,0.2,,3,1.0,1.0,-0.09679999999999996,0.09679999999999996,5,0
openstack,FN,848664f646bf087df59778434daa6feae1e71c74,llm_counterfactual,qwen36_27b_local,full,0.2,,4,1.0,1.0,-0.09439999999999997,0.09439999999999997,5,0
openstack,FN,848664f646bf087df59778434daa6feae1e71c74,llm_counterfactual,qwen36_27b_local,full,0.2,,5,1.0,1.0,-0.10639999999999997,0.10639999999999997,5,0
openstack,FN,91a8cd2952a25b340f5778cace95910e43cbcbb6,llm_counterfactual,qwen36_27b_local,full,0.2,,1,0.8,0.2,0.024399999999999977,0.02839999999999998,5,0
openstack,FN,91a8cd2952a25b340f5778cace95910e43cbcbb6,llm_counterfactual,qwen36_27b_local,full,0.2,,2,0.8,0.2,0.024399999999999977,0.02839999999999998,5,0
openstack,FN,91a8cd2952a25b340f5778cace95910e43cbcbb6,llm_counterfactual,qwen36_27b_local,full,0.2,,3,0.8,0.2,0.024399999999999977,0.02839999999999998,5,0
openstack,FN,91a8cd2952a25b340f5778cace95910e43cbcbb6,llm_counterfactual,qwen36_27b_local,full,0.2,,4,0.8,0.4,-0.005600000000000027,0.05839999999999999,5,0
openstack,FN,91a8cd2952a25b340f5778cace95910e43cbcbb6,llm_counterfactual,qwen36_27b_local,full,0.2,,5,0.8,0.2,0.023199999999999978,0.02959999999999998,5,0
openstack,FN,d402747547e1a356c6c2c20b57f52af39b63e831,llm_counterfactual,qwen36_27b_local,full,0.2,,1,0.8,0.8,-0.012399999999999967,0.046,5,0
openstack,FN,d402747547e1a356c6c2c20b57f52af39b63e831,llm_counterfactual,qwen36_27b_local,full,0.2,,2,0.8,1.0,-0.0067999999999999615,0.0516,5,0
openstack,FN,d402747547e1a356c6c2c20b57f52af39b63e831,llm_counterfactual,qwen36_27b_local,full,0.2,,3,0.8,0.8,-0.012799999999999968,0.045599999999999995,5,0
openstack,FN,d402747547e1a356c6c2c20b57f52af39b63e831,llm_counterfactual,qwen36_27b_local,full,0.2,,4,0.4,1.0,-0.058399999999999966,0.08719999999999999,5,0
openstack,FN,d402747547e1a356c6c2c20b57f52af39b63e831,llm_counterfactual,qwen36_27b_local,full,0.2,,5,0.8,0.8,-0.012399999999999967,0.046,5,0
openstack,TN,348b7a9f7d64094d60ece0460aed02b66c52f1b1,llm_counterfactual,qwen36_27b_local,full,0.2,,1,0.8,0.2,0.0064000000000000055,0.019200000000000016,5,0
openstack,TN,348b7a9f7d64094d60ece0460aed02b66c52f1b1,llm_counterfactual,qwen36_27b_local,full,0.2,,2,0.8,0.4,-0.0964,0.1092,5,0
openstack,TN,348b7a9f7d64094d60ece0460aed02b66c52f1b1,llm_counterfactual,qwen36_27b_local,full,0.2,,3,0.8,0.4,-0.0924,0.11240000000000001,5,0
openstack,TN,348b7a9f7d64094d60ece0460aed02b66c52f1b1,llm_counterfactual,qwen36_27b_local,full,0.2,,4,0.6,0.4,-0.0924,0.11240000000000001,5,0
openstack,TN,348b7a9f7d64094d60ece0460aed02b66c52f1b1,llm_counterfactual,qwen36_27b_local,full,0.2,,5,0.8,0.4,-0.0924,0.11240000000000001,5,0
openstack,FP,2bb9e5563c69f79d5da23668b08dd9c88f9d4348,llm_counterfactual,qwen36_27b_local,full,0.2,,1,0.8,1.0,-0.13599999999999995,0.13599999999999995,5,0
openstack,FP,2bb9e5563c69f79d5da23668b08dd9c88f9d4348,llm_counterfactual,qwen36_27b_local,full,0.2,,2,1.0,0.8,-0.11519999999999997,0.11519999999999997,5,0
openstack,FP,2bb9e5563c69f79d5da23668b08dd9c88f9d4348,llm_counterfactual,qwen36_27b_local,full,0.2,,3,1.0,1.0,-0.19199999999999998,0.19199999999999998,5,0
openstack,FP,2bb9e5563c69f79d5da23668b08dd9c88f9d4348,llm_counterfactual,qwen36_27b_local,full,0.2,,4,1.0,1.0,-0.13599999999999995,0.13599999999999995,5,0
openstack,FP,2bb9e5563c69f79d5da23668b08dd9c88f9d4348,llm_counterfactual,qwen36_27b_local,full,0.2,,5,0.8,1.0,-0.13599999999999995,0.13599999999999995,5,0
openstack,TP,5f2b88b1aafb9a35638e54f796685f633428b6a5,llm_counterfactual,qwen36_27b_local,full,0.2,,1,0.6,0.8,-0.1656,0.1656,5,0
openstack,TP,5f2b88b1aafb9a35638e54f796685f633428b6a5,llm_counterfactual,qwen36_27b_local,full,0.2,,2,0.8,1.0,-0.17159999999999997,0.17159999999999997,5,0
openstack,TP,5f2b88b1aafb9a35638e54f796685f633428b6a5,llm_counterfactual,qwen36_27b_local,full,0.2,,3,0.6,1.0,-0.178,0.178,5,0
openstack,TP,5f2b88b1aafb9a35638e54f796685f633428b6a5,llm_counterfactual,qwen36_27b_local,full,0.2,,4,0.8,0.8,-0.1436,0.1436,5,0
openstack,TP,5f2b88b1aafb9a35638e54f796685f633428b6a5,llm_counterfactual,qwen36_27b_local,full,0.2,,5,0.8,1.0,-0.15599999999999997,0.15599999999999997,5,0
openstack,FN,017dd6b4bcf92c14d49421268cb571c00879f3cc,llm_counterfactual,qwen36_27b_local,full,0.2,,1,0.8,0.6,0.07080000000000002,0.07800000000000003,5,0
openstack,FN,017dd6b4bcf92c14d49421268cb571c00879f3cc,llm_counterfactual,qwen36_27b_local,full,0.2,,2,0.4,0.8,0.08720000000000003,0.09040000000000004,5,0
openstack,FN,017dd6b4bcf92c14d49421268cb571c00879f3cc,llm_counterfactual,qwen36_27b_local,full,0.2,,3,0.8,0.4,0.05720000000000001,0.06520000000000001,5,0
openstack,FN,017dd6b4bcf92c14d49421268cb571c00879f3cc,llm_counterfactual,qwen36_27b_local,full,0.2,,4,1.0,0.6,0.06720000000000004,0.07120000000000004,5,0
openstack,FN,017dd6b4bcf92c14d49421268cb571c00879f3cc,llm_counterfactual,qwen36_27b_local,full,0.2,,5,0.75,0.5,0.06750000000000003,0.07250000000000004,4,0
openstack,FP,41d6b479fe8baf66578044b8773c3b892d64a2c4,llm_counterfactual,qwen36_27b_local,full,0.2,,1,1.0,0.8,-0.12759999999999994,0.13559999999999994,5,0
openstack,FP,41d6b479fe8baf66578044b8773c3b892d64a2c4,llm_counterfactual,qwen36_27b_local,full,0.2,,2,1.0,0.8,-0.11959999999999994,0.12759999999999994,5,0
openstack,FP,41d6b479fe8baf66578044b8773c3b892d64a2c4,llm_counterfactual,qwen36_27b_local,full,0.2,,3,1.0,1.0,-0.15319999999999995,0.15319999999999995,5,0
openstack,FP,41d6b479fe8baf66578044b8773c3b892d64a2c4,llm_counterfactual,qwen36_27b_local,full,0.2,,4,1.0,0.8,-0.11959999999999994,0.12759999999999994,5,0
openstack,FP,41d6b479fe8baf66578044b8773c3b892d64a2c4,llm_counterfactual,qwen36_27b_local,full,0.2,,5,1.0,1.0,-0.16519999999999993,0.16519999999999993,5,0
openstack,FN,913a99c79456abbfef1642e6dc70e6a4ff4e25db,llm_counterfactual,qwen36_27b_local,full,0.2,,1,0.2,0.6,0.10880000000000004,0.10960000000000003,5,0
openstack,FN,913a99c79456abbfef1642e6dc70e6a4ff4e25db,llm_counterfactual,qwen36_27b_local,full,0.2,,2,0.2,0.6,0.11120000000000003,0.11200000000000003,5,0
openstack,FN,913a99c79456abbfef1642e6dc70e6a4ff4e25db,llm_counterfactual,qwen36_27b_local,full,0.2,,3,0.8,0.6,0.10720000000000003,0.10800000000000003,5,0
openstack,FN,913a99c79456abbfef1642e6dc70e6a4ff4e25db,llm_counterfactual,qwen36_27b_local,full,0.2,,4,0.6,0.6,0.10720000000000003,0.10800000000000003,5,0
openstack,FN,913a99c79456abbfef1642e6dc70e6a4ff4e25db,llm_counterfactual,qwen36_27b_local,full,0.2,,5,0.2,0.8,0.08520000000000003,0.12840000000000001,5,0
openstack,FP,e4ea54104ec38f5fe4c792d4d3d1865de34bb4c3,llm_counterfactual,qwen36_27b_local,full,0.2,,1,0.8,1.0,-0.15879999999999997,0.15879999999999997,5,0
openstack,FP,e4ea54104ec38f5fe4c792d4d3d1865de34bb4c3,llm_counterfactual,qwen36_27b_local,full,0.2,,2,0.8,1.0,-0.15879999999999997,0.15879999999999997,5,0
openstack,FP,e4ea54104ec38f5fe4c792d4d3d1865de34bb4c3,llm_counterfactual,qwen36_27b_local,full,0.2,,3,0.8,1.0,-0.15879999999999997,0.15879999999999997,5,0
openstack,FP,e4ea54104ec38f5fe4c792d4d3d1865de34bb4c3,llm_counterfactual,qwen36_27b_local,full,0.2,,4,0.8,0.8,-0.13839999999999997,0.13919999999999996,5,0
openstack,FP,e4ea54104ec38f5fe4c792d4d3d1865de34bb4c3,llm_counterfactual,qwen36_27b_local,full,0.2,,5,0.8,1.0,-0.15879999999999997,0.15879999999999997,5,0
openstack,FN,1c6b2fce289b68af92afeddf8d30efcda1903f06,llm_counterfactual,qwen36_27b_local,full,0.2,,1,0.8,0.6,0.019600000000000062,0.041199999999999994,5,0
openstack,FN,1c6b2fce289b68af92afeddf8d30efcda1903f06,llm_counterfactual,qwen36_27b_local,full,0.2,,2,0.8,0.6,0.019600000000000062,0.041199999999999994,5,0
openstack,FN,1c6b2fce289b68af92afeddf8d30efcda1903f06,llm_counterfactual,qwen36_27b_local,full,0.2,,3,0.8,0.6,0.019600000000000062,0.041199999999999994,5,0
openstack,FN,1c6b2fce289b68af92afeddf8d30efcda1903f06,llm_counterfactual,qwen36_27b_local,full,0.2,,4,0.8,0.2,0.028400000000000047,0.032400000000000005,5,0
openstack,FN,1c6b2fce289b68af92afeddf8d30efcda1903f06,llm_counterfactual,qwen36_27b_local,full,0.2,,5,0.8,0.2,0.028400000000000047,0.032400000000000005,5,0
openstack,FN,8ccdc4ac5053c6e39660044a9f8c1f695370e9a7,llm_counterfactual,qwen36_27b_local,full,0.2,,1,0.4,0.8,0.04080000000000002,0.05520000000000003,5,0
openstack,FN,8ccdc4ac5053c6e39660044a9f8c1f695370e9a7,llm_counterfactual,qwen36_27b_local,full,0.2,,2,0.8,1.0,0.04960000000000002,0.06400000000000003,5,0
openstack,FN,8ccdc4ac5053c6e39660044a9f8c1f695370e9a7,llm_counterfactual,qwen36_27b_local,full,0.2,,3,0.6,0.8,0.04080000000000002,0.05520000000000003,5,0
openstack,FN,8ccdc4ac5053c6e39660044a9f8c1f695370e9a7,llm_counterfactual,qwen36_27b_local,full,0.2,,4,0.6,0.8,0.04080000000000002,0.05520000000000003,5,0
openstack,FN,8ccdc4ac5053c6e39660044a9f8c1f695370e9a7,llm_counterfactual,qwen36_27b_local,full,0.2,,5,0.6,1.0,0.04760000000000002,0.062000000000000034,5,0
openstack,FP,a985e34cdeef777fe7ff943e363a5f1be6d991b7,llm_counterfactual,qwen36_27b_local,full,0.2,,1,1.0,0.8,-0.10200000000000001,0.10440000000000002,5,0
openstack,FP,a985e34cdeef777fe7ff943e363a5f1be6d991b7,llm_counterfactual,qwen36_27b_local,full,0.2,,2,1.0,0.8,-0.10200000000000001,0.10440000000000002,5,0
openstack,FP,a985e34cdeef777fe7ff943e363a5f1be6d991b7,llm_counterfactual,qwen36_27b_local,full,0.2,,3,0.6,0.8,-0.09080000000000002,0.09320000000000002,5,0
openstack,FP,a985e34cdeef777fe7ff943e363a5f1be6d991b7,llm_counterfactual,qwen36_27b_local,full,0.2,,4,1.0,0.8,-0.08320000000000002,0.08560000000000002,5,0
openstack,FP,a985e34cdeef777fe7ff943e363a5f1be6d991b7,llm_counterfactual,qwen36_27b_local,full,0.2,,5,0.6,0.8,-0.10200000000000001,0.10440000000000002,5,0
openstack,TP,3b28cb2a10f7746a32cb7f7b62b6fc92ebcfb1e5,llm_counterfactual,qwen36_27b_local,full,0.2,,1,1.0,1.0,-0.2072,0.2072,5,0
openstack,TP,3b28cb2a10f7746a32cb7f7b62b6fc92ebcfb1e5,llm_counterfactual,qwen36_27b_local,full,0.2,,2,1.0,1.0,-0.2072,0.2072,5,0
openstack,TP,3b28cb2a10f7746a32cb7f7b62b6fc92ebcfb1e5,llm_counterfactual,qwen36_27b_local,full,0.2,,3,1.0,1.0,-0.2072,0.2072,5,0
openstack,TP,3b28cb2a10f7746a32cb7f7b62b6fc92ebcfb1e5,llm_counterfactual,qwen36_27b_local,full,0.2,,4,1.0,0.8,-0.2016,0.208,5,0
openstack,TP,3b28cb2a10f7746a32cb7f7b62b6fc92ebcfb1e5,llm_counterfactual,qwen36_27b_local,full,0.2,,5,1.0,0.8,-0.21,0.2164,5,0
openstack,FN,c2c37272bf788aac63399127cddd487dc0f15c38,llm_counterfactual,qwen36_27b_local,full,0.2,,1,0.4,0.4,-0.01080000000000001,0.02520000000000002,5,0
openstack,FN,c2c37272bf788aac63399127cddd487dc0f15c38,llm_counterfactual,qwen36_27b_local,full,0.2,,2,0.4,0.4,-0.01080000000000001,0.02520000000000002,5,0
openstack,FN,c2c37272bf788aac63399127cddd487dc0f15c38,llm_counterfactual,qwen36_27b_local,full,0.2,,3,0.4,0.4,-0.01080000000000001,0.02520000000000002,5,0
openstack,FN,c2c37272bf788aac63399127cddd487dc0f15c38,llm_counterfactual,qwen36_27b_local,full,0.2,,4,0.4,0.4,-0.01080000000000001,0.02520000000000002,5,0
openstack,FN,c2c37272bf788aac63399127cddd487dc0f15c38,llm_counterfactual,qwen36_27b_local,full,0.2,,5,0.8,0.6,-0.029600000000000026,0.042400000000000035,5,0
openstack,FN,37510ac03478704bafba89e8c4f4e0e9041d661d,llm_counterfactual,qwen36_27b_local,full,0.2,,1,0.8,0.8,0.1076,0.1076,5,0
openstack,FN,37510ac03478704bafba89e8c4f4e0e9041d661d,llm_counterfactual,qwen36_27b_local,full,0.2,,2,0.8,0.6,0.09120000000000002,0.09120000000000002,5,0
openstack,FN,37510ac03478704bafba89e8c4f4e0e9041d661d,llm_counterfactual,qwen36_27b_local,full,0.2,,3,0.8,0.8,0.10160000000000002,0.10160000000000002,5,0
openstack,FN,37510ac03478704bafba89e8c4f4e0e9041d661d,llm_counterfactual,qwen36_27b_local,full,0.2,,4,0.8,0.8,0.1076,0.1076,5,0
openstack,FN,37510ac03478704bafba89e8c4f4e0e9041d661d,llm_counterfactual,qwen36_27b_local,full,0.2,,5,1.0,0.8,0.1076,0.1076,5,0
openstack,TN,5cc9d999352c21d3f4b5c39d3ea9d4378ca86544,llm_counterfactual,qwen36_27b_local,full,0.2,,1,0.2,0.8,0.043600000000000014,0.06120000000000003,5,0
openstack,TN,5cc9d999352c21d3f4b5c39d3ea9d4378ca86544,llm_counterfactual,qwen36_27b_local,full,0.2,,2,0.2,0.8,0.043600000000000014,0.06120000000000003,5,0
openstack,TN,5cc9d999352c21d3f4b5c39d3ea9d4378ca86544,llm_counterfactual,qwen36_27b_local,full,0.2,,3,0.2,0.8,0.043600000000000014,0.06120000000000003,5,0
openstack,TN,5cc9d999352c21d3f4b5c39d3ea9d4378ca86544,llm_counterfactual,qwen36_27b_local,full,0.2,,4,0.2,0.8,0.043600000000000014,0.06120000000000003,5,0
openstack,TN,5cc9d999352c21d3f4b5c39d3ea9d4378ca86544,llm_counterfactual,qwen36_27b_local,full,0.2,,5,0.4,0.6,0.028000000000000004,0.05040000000000002,5,0
openstack,FP,ce12d7a1e53fffce57baab18de2ab885ba1df8ee,llm_counterfactual,qwen36_27b_local,full,0.2,,1,0.8,0.4,-0.0772,0.08600000000000001,5,0
openstack,FP,ce12d7a1e53fffce57baab18de2ab885ba1df8ee,llm_counterfactual,qwen36_27b_local,full,0.2,,2,0.8,0.4,-0.0772,0.08600000000000001,5,0
openstack,FP,ce12d7a1e53fffce57baab18de2ab885ba1df8ee,llm_counterfactual,qwen36_27b_local,full,0.2,,3,0.8,0.4,-0.0772,0.08600000000000001,5,0
openstack,FP,ce12d7a1e53fffce57baab18de2ab885ba1df8ee,llm_counterfactual,qwen36_27b_local,full,0.2,,4,0.8,0.4,-0.0772,0.08600000000000001,5,0
openstack,FP,ce12d7a1e53fffce57baab18de2ab885ba1df8ee,llm_counterfactual,qwen36_27b_local,full,0.2,,5,0.8,0.4,-0.0772,0.08600000000000001,5,0
openstack,FN,221f386029faf499c5a445374685cba5b67df31e,llm_counterfactual,qwen36_27b_local,full,0.2,,1,0.2,0.6,0.07680000000000002,0.07680000000000002,5,0
openstack,FN,221f386029faf499c5a445374685cba5b67df31e,llm_counterfactual,qwen36_27b_local,full,0.2,,2,0.2,0.6,0.07680000000000002,0.07680000000000002,5,0
openstack,FN,221f386029faf499c5a445374685cba5b67df31e,llm_counterfactual,qwen36_27b_local,full,0.2,,3,0.2,0.6,0.07680000000000002,0.07680000000000002,5,0
openstack,FN,221f386029faf499c5a445374685cba5b67df31e,llm_counterfactual,qwen36_27b_local,full,0.2,,4,0.2,0.6,0.03480000000000003,0.06360000000000002,5,0
openstack,FN,221f386029faf499c5a445374685cba5b67df31e,llm_counterfactual,qwen36_27b_local,full,0.2,,5,0.2,0.6,0.03480000000000003,0.06360000000000002,5,0
openstack,FP,3eea37b85b1abc72786a2b24baf01141b4d95f08,llm_counterfactual,qwen36_27b_local,full,0.2,,1,1.0,0.8,-0.12000000000000008,0.12160000000000003,5,0
openstack,FP,3eea37b85b1abc72786a2b24baf01141b4d95f08,llm_counterfactual,qwen36_27b_local,full,0.2,,2,1.0,0.8,-0.12280000000000006,0.12440000000000002,5,0
openstack,FP,3eea37b85b1abc72786a2b24baf01141b4d95f08,llm_counterfactual,qwen36_27b_local,full,0.2,,3,1.0,1.0,-0.14600000000000005,0.14600000000000005,5,0
openstack,FP,3eea37b85b1abc72786a2b24baf01141b4d95f08,llm_counterfactual,qwen36_27b_local,full,0.2,,4,1.0,1.0,-0.14600000000000005,0.14600000000000005,5,0
openstack,FP,3eea37b85b1abc72786a2b24baf01141b4d95f08,llm_counterfactual,qwen36_27b_local,full,0.2,,5,1.0,1.0,-0.14600000000000005,0.14600000000000005,5,0
openstack,FN,589c495c1ae62129e20ab5e2641e330541eee01f,llm_counterfactual,qwen36_27b_local,full,0.2,,1,0.4,0.8,0.08799999999999993,0.08799999999999993,5,0
openstack,FN,589c495c1ae62129e20ab5e2641e330541eee01f,llm_counterfactual,qwen36_27b_local,full,0.2,,2,0.4,0.8,0.08799999999999993,0.08799999999999993,5,0
openstack,FN,589c495c1ae62129e20ab5e2641e330541eee01f,llm_counterfactual,qwen36_27b_local,full,0.2,,3,0.4,0.8,0.08799999999999993,0.08799999999999993,5,0
openstack,FN,589c495c1ae62129e20ab5e2641e330541eee01f,llm_counterfactual,qwen36_27b_local,full,0.2,,4,0.4,0.8,0.08799999999999993,0.08799999999999993,5,0
openstack,FN,589c495c1ae62129e20ab5e2641e330541eee01f,llm_counterfactual,qwen36_27b_local,full,0.2,,5,0.4,0.8,0.08799999999999993,0.08799999999999993,5,0
openstack,FP,750e065d6d137715dd03d5c90623145177f64cbb,llm_counterfactual,qwen36_27b_local,full,0.2,,1,0.6,0.8,-0.15560000000000002,0.15560000000000002,5,0
openstack,FP,750e065d6d137715dd03d5c90623145177f64cbb,llm_counterfactual,qwen36_27b_local,full,0.2,,2,0.6,0.8,-0.15560000000000002,0.15560000000000002,5,0
openstack,FP,750e065d6d137715dd03d5c90623145177f64cbb,llm_counterfactual,qwen36_27b_local,full,0.2,,3,0.6,0.8,-0.15560000000000002,0.15560000000000002,5,0
openstack,FP,750e065d6d137715dd03d5c90623145177f64cbb,llm_counterfactual,qwen36_27b_local,full,0.2,,4,0.6,0.8,-0.15560000000000002,0.15560000000000002,5,0
openstack,FP,750e065d6d137715dd03d5c90623145177f64cbb,llm_counterfactual,qwen36_27b_local,full,0.2,,5,0.6,0.8,-0.15560000000000002,0.15560000000000002,5,0
openstack,FP,4b53e4edf9f7f8c794316d3a0920d727723d1bab,llm_kernelshap,qwen36_27b_local,full,0.2,,1,0.8,0.8,-0.23600000000000004,0.24000000000000002,5,0
openstack,FP,4b53e4edf9f7f8c794316d3a0920d727723d1bab,llm_kernelshap,qwen36_27b_local,full,0.2,,2,0.8,0.8,-0.22640000000000005,0.23040000000000002,5,0
openstack,FP,4b53e4edf9f7f8c794316d3a0920d727723d1bab,llm_kernelshap,qwen36_27b_local,full,0.2,,3,0.8,0.8,-0.23600000000000004,0.24000000000000002,5,0
openstack,FP,4b53e4edf9f7f8c794316d3a0920d727723d1bab,llm_kernelshap,qwen36_27b_local,full,0.2,,4,0.8,0.8,-0.23600000000000004,0.24000000000000002,5,0
openstack,FP,4b53e4edf9f7f8c794316d3a0920d727723d1bab,llm_kernelshap,qwen36_27b_local,full,0.2,,5,0.8,0.8,-0.23600000000000004,0.24000000000000002,5,0
openstack,TN,467b4e4d419f0ca5db8468516d64ffec5cedc67e,llm_kernelshap,qwen36_27b_local,full,0.2,,1,0.6,1.0,-0.10440000000000008,0.10440000000000008,5,0
openstack,TN,467b4e4d419f0ca5db8468516d64ffec5cedc67e,llm_kernelshap,qwen36_27b_local,full,0.2,,2,0.8,1.0,-0.11000000000000006,0.11000000000000006,5,0
openstack,TN,467b4e4d419f0ca5db8468516d64ffec5cedc67e,llm_kernelshap,qwen36_27b_local,full,0.2,,3,0.6,1.0,-0.10440000000000008,0.10440000000000008,5,0
openstack,TN,467b4e4d419f0ca5db8468516d64ffec5cedc67e,llm_kernelshap,qwen36_27b_local,full,0.2,,4,0.6,1.0,-0.10560000000000007,0.10560000000000007,5,0
openstack,TN,467b4e4d419f0ca5db8468516d64ffec5cedc67e,llm_kernelshap,qwen36_27b_local,full,0.2,,5,0.6,1.0,-0.10440000000000008,0.10440000000000008,5,0
openstack,TP,eaf6340847c35ace3b4b681a95b8a79a7a3f2491,llm_kernelshap,qwen36_27b_local,full,0.2,,1,0.8,0.8,-0.172,0.1744,5,0
openstack,TP,eaf6340847c35ace3b4b681a95b8a79a7a3f2491,llm_kernelshap,qwen36_27b_local,full,0.2,,2,0.8,0.8,-0.172,0.1744,5,0
openstack,TP,eaf6340847c35ace3b4b681a95b8a79a7a3f2491,llm_kernelshap,qwen36_27b_local,full,0.2,,3,0.8,0.8,-0.172,0.1744,5,0
openstack,TP,eaf6340847c35ace3b4b681a95b8a79a7a3f2491,llm_kernelshap,qwen36_27b_local,full,0.2,,4,0.8,0.8,-0.172,0.1744,5,0
openstack,TP,eaf6340847c35ace3b4b681a95b8a79a7a3f2491,llm_kernelshap,qwen36_27b_local,full,0.2,,5,0.8,0.8,-0.172,0.1744,5,0
openstack,TP,fd351903a1759109f66d0c66d42cd3a1b7f23861,llm_kernelshap,qwen36_27b_local,full,0.2,,1,0.8,1.0,-0.21280000000000004,0.21280000000000004,5,0
openstack,TP,fd351903a1759109f66d0c66d42cd3a1b7f23861,llm_kernelshap,qwen36_27b_local,full,0.2,,2,0.8,1.0,-0.21280000000000004,0.21280000000000004,5,0
openstack,TP,fd351903a1759109f66d0c66d42cd3a1b7f23861,llm_kernelshap,qwen36_27b_local,full,0.2,,3,0.8,1.0,-0.21280000000000004,0.21280000000000004,5,0
openstack,TP,fd351903a1759109f66d0c66d42cd3a1b7f23861,llm_kernelshap,qwen36_27b_local,full,0.2,,4,0.8,1.0,-0.21560000000000004,0.21560000000000004,5,0
openstack,TP,fd351903a1759109f66d0c66d42cd3a1b7f23861,llm_kernelshap,qwen36_27b_local,full,0.2,,5,0.8,1.0,-0.21560000000000004,0.21560000000000004,5,0
openstack,FP,2530ccff8f0a0105d1626c65616080b27682e129,llm_kernelshap,qwen36_27b_local,full,0.2,,1,0.8,0.8,-0.13319999999999999,0.14279999999999998,5,0
openstack,FP,2530ccff8f0a0105d1626c65616080b27682e129,llm_kernelshap,qwen36_27b_local,full,0.2,,2,1.0,1.0,-0.21159999999999998,0.21159999999999998,5,0
openstack,FP,2530ccff8f0a0105d1626c65616080b27682e129,llm_kernelshap,qwen36_27b_local,full,0.2,,3,0.8,0.8,-0.13119999999999998,0.14079999999999998,5,0
openstack,FP,2530ccff8f0a0105d1626c65616080b27682e129,llm_kernelshap,qwen36_27b_local,full,0.2,,4,0.8,0.8,-0.13119999999999998,0.14079999999999998,5,0
openstack,FP,2530ccff8f0a0105d1626c65616080b27682e129,llm_kernelshap,qwen36_27b_local,full,0.2,,5,0.6,0.6,-0.14479999999999998,0.164,5,0
openstack,FN,1476b030bd53deddd85468c0d8b545d8f8f30f19,llm_kernelshap,qwen36_27b_local,full,0.2,,1,0.8,1.0,-0.02959999999999994,0.04319999999999995,5,0
openstack,FN,1476b030bd53deddd85468c0d8b545d8f8f30f19,llm_kernelshap,qwen36_27b_local,full,0.2,,2,0.8,0.8,-0.01959999999999995,0.038799999999999966,5,0
openstack,FN,1476b030bd53deddd85468c0d8b545d8f8f30f19,llm_kernelshap,qwen36_27b_local,full,0.2,,3,0.8,1.0,-0.049599999999999936,0.049599999999999936,5,0
openstack,FN,1476b030bd53deddd85468c0d8b545d8f8f30f19,llm_kernelshap,qwen36_27b_local,full,0.2,,4,0.8,0.8,-0.02799999999999996,0.04159999999999997,5,0
openstack,FN,1476b030bd53deddd85468c0d8b545d8f8f30f19,llm_kernelshap,qwen36_27b_local,full,0.2,,5,0.8,0.6,-0.011999999999999966,0.031199999999999985,5,0
openstack,TP,83a5f90f82b40be4c74685f557d6af0f8a3b1a30,llm_kernelshap,qwen36_27b_local,full,0.2,,1,0.8,1.0,-0.2492,0.2492,5,0
openstack,TP,83a5f90f82b40be4c74685f557d6af0f8a3b1a30,llm_kernelshap,qwen36_27b_local,full,0.2,,2,0.8,1.0,-0.2492,0.2492,5,0
openstack,TP,83a5f90f82b40be4c74685f557d6af0f8a3b1a30,llm_kernelshap,qwen36_27b_local,full,0.2,,3,0.8,1.0,-0.2492,0.2492,5,0
openstack,TP,83a5f90f82b40be4c74685f557d6af0f8a3b1a30,llm_kernelshap,qwen36_27b_local,full,0.2,,4,0.6,1.0,-0.2492,0.2492,5,0
openstack,TP,83a5f90f82b40be4c74685f557d6af0f8a3b1a30,llm_kernelshap,qwen36_27b_local,full,0.2,,5,0.8,1.0,-0.2492,0.2492,5,0
openstack,TP,6f1a1f5e8ead9ceb145e13927cd9ae7fdca9add4,llm_kernelshap,qwen36_27b_local,full,0.2,,1,0.8,1.0,-0.20800000000000002,0.22240000000000001,5,0
openstack,TP,6f1a1f5e8ead9ceb145e13927cd9ae7fdca9add4,llm_kernelshap,qwen36_27b_local,full,0.2,,2,0.8,1.0,-0.1996,0.21400000000000002,5,0
openstack,TP,6f1a1f5e8ead9ceb145e13927cd9ae7fdca9add4,llm_kernelshap,qwen36_27b_local,full,0.2,,3,0.6,1.0,-0.1896,0.20400000000000001,5,0
openstack,TP,6f1a1f5e8ead9ceb145e13927cd9ae7fdca9add4,llm_kernelshap,qwen36_27b_local,full,0.2,,4,0.8,1.0,-0.22760000000000002,0.22760000000000002,5,0
openstack,TP,6f1a1f5e8ead9ceb145e13927cd9ae7fdca9add4,llm_kernelshap,qwen36_27b_local,full,0.2,,5,0.6,1.0,-0.1836,0.198,5,0
openstack,FP,e847eed4a5600b6812338bb4903a0cffcde7f1f3,llm_kernelshap,qwen36_27b_local,full,0.2,,1,1.0,1.0,-0.24400000000000005,0.24400000000000005,5,0
openstack,FP,e847eed4a5600b6812338bb4903a0cffcde7f1f3,llm_kernelshap,qwen36_27b_local,full,0.2,,2,0.8,1.0,-0.19400000000000006,0.19400000000000006,5,0
openstack,FP,e847eed4a5600b6812338bb4903a0cffcde7f1f3,llm_kernelshap,qwen36_27b_local,full,0.2,,3,1.0,1.0,-0.24400000000000005,0.24400000000000005,5,0
openstack,FP,e847eed4a5600b6812338bb4903a0cffcde7f1f3,llm_kernelshap,qwen36_27b_local,full,0.2,,4,0.8,1.0,-0.18880000000000005,0.18880000000000005,5,0
openstack,FP,e847eed4a5600b6812338bb4903a0cffcde7f1f3,llm_kernelshap,qwen36_27b_local,full,0.2,,5,0.8,1.0,-0.18880000000000005,0.18880000000000005,5,0
openstack,TP,e7bdd19f0ed7d4c61d195735ee43a11da78f97d6,llm_kernelshap,qwen36_27b_local,full,0.2,,1,1.0,1.0,-0.38320000000000004,0.38320000000000004,5,0
openstack,TP,e7bdd19f0ed7d4c61d195735ee43a11da78f97d6,llm_kernelshap,qwen36_27b_local,full,0.2,,2,1.0,1.0,-0.38480000000000003,0.38480000000000003,5,0
openstack,TP,e7bdd19f0ed7d4c61d195735ee43a11da78f97d6,llm_kernelshap,qwen36_27b_local,full,0.2,,3,1.0,1.0,-0.4176,0.4176,5,0
openstack,TP,e7bdd19f0ed7d4c61d195735ee43a11da78f97d6,llm_kernelshap,qwen36_27b_local,full,0.2,,4,1.0,1.0,-0.4136,0.4136,5,0
openstack,TP,e7bdd19f0ed7d4c61d195735ee43a11da78f97d6,llm_kernelshap,qwen36_27b_local,full,0.2,,5,1.0,1.0,-0.4136,0.4136,5,0
openstack,TN,936f765b855d7af14ae557383f0dcc6fd9e8655c,llm_kernelshap,qwen36_27b_local,full,0.2,,1,0.8,0.8,-0.05919999999999996,0.05919999999999996,5,0
openstack,TN,936f765b855d7af14ae557383f0dcc6fd9e8655c,llm_kernelshap,qwen36_27b_local,full,0.2,,2,0.8,0.8,-0.05599999999999996,0.05599999999999996,5,0
openstack,TN,936f765b855d7af14ae557383f0dcc6fd9e8655c,llm_kernelshap,qwen36_27b_local,full,0.2,,3,0.8,0.8,-0.06519999999999997,0.06519999999999997,5,0
openstack,TN,936f765b855d7af14ae557383f0dcc6fd9e8655c,llm_kernelshap,qwen36_27b_local,full,0.2,,4,0.8,0.8,-0.060799999999999965,0.060799999999999965,5,0
openstack,TN,936f765b855d7af14ae557383f0dcc6fd9e8655c,llm_kernelshap,qwen36_27b_local,full,0.2,,5,0.8,0.8,-0.06639999999999997,0.06639999999999997,5,0
openstack,FP,034db863a02ce38a520e4b8aa3a65e1ccdb37f30,llm_kernelshap,qwen36_27b_local,full,0.2,,1,0.8,1.0,-0.18520000000000006,0.20760000000000003,5,0
openstack,FP,034db863a02ce38a520e4b8aa3a65e1ccdb37f30,llm_kernelshap,qwen36_27b_local,full,0.2,,2,0.8,1.0,-0.18520000000000006,0.20760000000000003,5,0
openstack,FP,034db863a02ce38a520e4b8aa3a65e1ccdb37f30,llm_kernelshap,qwen36_27b_local,full,0.2,,3,1.0,1.0,-0.23320000000000005,0.23320000000000005,5,0
openstack,FP,034db863a02ce38a520e4b8aa3a65e1ccdb37f30,llm_kernelshap,qwen36_27b_local,full,0.2,,4,0.6,1.0,-0.18520000000000006,0.20760000000000003,5,0
openstack,FP,034db863a02ce38a520e4b8aa3a65e1ccdb37f30,llm_kernelshap,qwen36_27b_local,full,0.2,,5,1.0,1.0,-0.23320000000000005,0.23320000000000005,5,0
openstack,FN,ab1cb6378f136ae8adcb0027385b43763e402cca,llm_kernelshap,qwen36_27b_local,full,0.2,,1,0.6,1.0,-0.008000000000000007,0.06880000000000001,5,0
openstack,FN,ab1cb6378f136ae8adcb0027385b43763e402cca,llm_kernelshap,qwen36_27b_local,full,0.2,,2,0.6,0.8,-0.016800000000000016,0.06480000000000001,5,0
openstack,FN,ab1cb6378f136ae8adcb0027385b43763e402cca,llm_kernelshap,qwen36_27b_local,full,0.2,,3,0.6,1.0,-0.008000000000000007,0.06880000000000001,5,0
openstack,FN,ab1cb6378f136ae8adcb0027385b43763e402cca,llm_kernelshap,qwen36_27b_local,full,0.2,,4,0.8,1.0,0.01959999999999997,0.06840000000000002,5,0
openstack,FN,ab1cb6378f136ae8adcb0027385b43763e402cca,llm_kernelshap,qwen36_27b_local,full,0.2,,5,0.6,1.0,-0.008000000000000007,0.06880000000000001,5,0
openstack,TP,7cfdf4aa811fb708d9fed4e36aec79c26d19cfee,llm_kernelshap,qwen36_27b_local,full,0.2,,1,1.0,1.0,-0.26199999999999996,0.26199999999999996,5,0
openstack,TP,7cfdf4aa811fb708d9fed4e36aec79c26d19cfee,llm_kernelshap,qwen36_27b_local,full,0.2,,2,1.0,1.0,-0.26199999999999996,0.26199999999999996,5,0
openstack,TP,7cfdf4aa811fb708d9fed4e36aec79c26d19cfee,llm_kernelshap,qwen36_27b_local,full,0.2,,3,1.0,1.0,-0.25479999999999997,0.25479999999999997,5,0
openstack,TP,7cfdf4aa811fb708d9fed4e36aec79c26d19cfee,llm_kernelshap,qwen36_27b_local,full,0.2,,4,1.0,1.0,-0.26199999999999996,0.26199999999999996,5,0
openstack,TP,7cfdf4aa811fb708d9fed4e36aec79c26d19cfee,llm_kernelshap,qwen36_27b_local,full,0.2,,5,1.0,1.0,-0.26199999999999996,0.26199999999999996,5,0
openstack,TP,e55a5f412bf6bc343eb8bb11348afe57c2012066,llm_kernelshap,qwen36_27b_local,full,0.2,,1,1.0,1.0,-0.2484,0.2484,5,0
openstack,TP,e55a5f412bf6bc343eb8bb11348afe57c2012066,llm_kernelshap,qwen36_27b_local,full,0.2,,2,1.0,1.0,-0.2572,0.2572,5,0
openstack,TP,e55a5f412bf6bc343eb8bb11348afe57c2012066,llm_kernelshap,qwen36_27b_local,full,0.2,,3,1.0,1.0,-0.2484,0.2484,5,0
openstack,TP,e55a5f412bf6bc343eb8bb11348afe57c2012066,llm_kernelshap,qwen36_27b_local,full,0.2,,4,1.0,1.0,-0.2348,0.2348,5,0
openstack,TP,e55a5f412bf6bc343eb8bb11348afe57c2012066,llm_kernelshap,qwen36_27b_local,full,0.2,,5,1.0,1.0,-0.24,0.24,5,0
openstack,TN,8b44c9df29572efca928c1d36fa3e7a90e94caa0,llm_kernelshap,qwen36_27b_local,full,0.2,,1,0.4,0.2,-0.012800000000000011,0.015200000000000014,5,0
openstack,TN,8b44c9df29572efca928c1d36fa3e7a90e94caa0,llm_kernelshap,qwen36_27b_local,full,0.2,,2,0.4,0.2,-0.012800000000000011,0.015200000000000014,5,0
openstack,TN,8b44c9df29572efca928c1d36fa3e7a90e94caa0,llm_kernelshap,qwen36_27b_local,full,0.2,,3,0.6,0.4,-0.04400000000000002,0.04640000000000002,5,0
openstack,TN,8b44c9df29572efca928c1d36fa3e7a90e94caa0,llm_kernelshap,qwen36_27b_local,full,0.2,,4,0.6,0.4,-0.018000000000000016,0.02040000000000002,5,0
openstack,TN,8b44c9df29572efca928c1d36fa3e7a90e94caa0,llm_kernelshap,qwen36_27b_local,full,0.2,,5,0.6,0.4,-0.04680000000000002,0.04920000000000002,5,0
openstack,TN,4d75cbf3c35a8aa917d3970beac99d612f13eed3,llm_kernelshap,qwen36_27b_local,full,0.2,,1,0.6,0.4,0.03080000000000003,0.03160000000000003,5,0
openstack,TN,4d75cbf3c35a8aa917d3970beac99d612f13eed3,llm_kernelshap,qwen36_27b_local,full,0.2,,2,0.6,0.4,0.03080000000000003,0.03160000000000003,5,0
openstack,TN,4d75cbf3c35a8aa917d3970beac99d612f13eed3,llm_kernelshap,qwen36_27b_local,full,0.2,,3,0.6,0.4,0.03080000000000003,0.03160000000000003,5,0
openstack,TN,4d75cbf3c35a8aa917d3970beac99d612f13eed3,llm_kernelshap,qwen36_27b_local,full,0.2,,4,0.6,0.6,0.02080000000000002,0.03440000000000003,5,0
openstack,TN,4d75cbf3c35a8aa917d3970beac99d612f13eed3,llm_kernelshap,qwen36_27b_local,full,0.2,,5,0.6,0.4,0.03080000000000003,0.03160000000000003,5,0
openstack,TN,2ecaad46a737c24965ae81fc19947db9264de684,llm_kernelshap,qwen36_27b_local,full,0.2,,1,0.6,0.6,-0.024000000000000042,0.04080000000000002,5,0
openstack,TN,2ecaad46a737c24965ae81fc19947db9264de684,llm_kernelshap,qwen36_27b_local,full,0.2,,2,0.8,0.6,-0.024000000000000042,0.04080000000000002,5,0
openstack,TN,2ecaad46a737c24965ae81fc19947db9264de684,llm_kernelshap,qwen36_27b_local,full,0.2,,3,0.8,0.6,-0.024000000000000042,0.04080000000000002,5,0
openstack,TN,2ecaad46a737c24965ae81fc19947db9264de684,llm_kernelshap,qwen36_27b_local,full,0.2,,4,0.8,0.6,-0.024000000000000042,0.04080000000000002,5,0
openstack,TN,2ecaad46a737c24965ae81fc19947db9264de684,llm_kernelshap,qwen36_27b_local,full,0.2,,5,0.6,0.6,-0.024000000000000042,0.04080000000000002,5,0
openstack,TN,bfb9d3f179607c25f91d77585f97df6d0704c253,llm_kernelshap,qwen36_27b_local,full,0.2,,1,1.0,0.6,-0.052000000000000025,0.052000000000000025,5,0
openstack,TN,bfb9d3f179607c25f91d77585f97df6d0704c253,llm_kernelshap,qwen36_27b_local,full,0.2,,2,1.0,0.6,-0.052000000000000025,0.052000000000000025,5,0
openstack,TN,bfb9d3f179607c25f91d77585f97df6d0704c253,llm_kernelshap,qwen36_27b_local,full,0.2,,3,1.0,0.8,-0.06840000000000004,0.06840000000000004,5,0
openstack,TN,bfb9d3f179607c25f91d77585f97df6d0704c253,llm_kernelshap,qwen36_27b_local,full,0.2,,4,1.0,0.6,-0.052000000000000025,0.052000000000000025,5,0
openstack,TN,bfb9d3f179607c25f91d77585f97df6d0704c253,llm_kernelshap,qwen36_27b_local,full,0.2,,5,1.0,0.6,-0.04720000000000002,0.04720000000000002,5,0
openstack,FP,bfcd4b2f1be3ab37ae0801dd523ce952577cda14,llm_kernelshap,qwen36_27b_local,full,0.2,,1,0.8,1.0,-0.1768,0.1768,5,0
openstack,FP,bfcd4b2f1be3ab37ae0801dd523ce952577cda14,llm_kernelshap,qwen36_27b_local,full,0.2,,2,0.8,1.0,-0.1768,0.1768,5,0
openstack,FP,bfcd4b2f1be3ab37ae0801dd523ce952577cda14,llm_kernelshap,qwen36_27b_local,full,0.2,,3,1.0,1.0,-0.1768,0.1768,5,0
openstack,FP,bfcd4b2f1be3ab37ae0801dd523ce952577cda14,llm_kernelshap,qwen36_27b_local,full,0.2,,4,1.0,1.0,-0.20840000000000003,0.20840000000000003,5,0
openstack,FP,bfcd4b2f1be3ab37ae0801dd523ce952577cda14,llm_kernelshap,qwen36_27b_local,full,0.2,,5,0.8,1.0,-0.1768,0.1768,5,0
openstack,TP,c08f99c7e072e349632684d565bcac357ce93b6d,llm_kernelshap,qwen36_27b_local,full,0.2,,1,1.0,1.0,-0.24400000000000002,0.24400000000000002,5,0
openstack,TP,c08f99c7e072e349632684d565bcac357ce93b6d,llm_kernelshap,qwen36_27b_local,full,0.2,,2,0.8,0.8,-0.20120000000000002,0.20280000000000004,5,0
openstack,TP,c08f99c7e072e349632684d565bcac357ce93b6d,llm_kernelshap,qwen36_27b_local,full,0.2,,3,1.0,1.0,-0.2388,0.2388,5,0
openstack,TP,c08f99c7e072e349632684d565bcac357ce93b6d,llm_kernelshap,qwen36_27b_local,full,0.2,,4,0.8,0.8,-0.21320000000000003,0.21480000000000002,5,0
openstack,TP,c08f99c7e072e349632684d565bcac357ce93b6d,llm_kernelshap,qwen36_27b_local,full,0.2,,5,0.8,0.8,-0.21320000000000003,0.21480000000000002,5,0
openstack,TN,1a3f2e8f44f0138d0328312e07b1341970c7903a,llm_kernelshap,qwen36_27b_local,full,0.2,,1,0.8,0.8,-0.0628,0.0628,5,0
openstack,TN,1a3f2e8f44f0138d0328312e07b1341970c7903a,llm_kernelshap,qwen36_27b_local,full,0.2,,2,0.8,0.8,-0.056399999999999985,0.056399999999999985,5,0
openstack,TN,1a3f2e8f44f0138d0328312e07b1341970c7903a,llm_kernelshap,qwen36_27b_local,full,0.2,,3,0.8,0.8,-0.056399999999999985,0.056399999999999985,5,0
openstack,TN,1a3f2e8f44f0138d0328312e07b1341970c7903a,llm_kernelshap,qwen36_27b_local,full,0.2,,4,0.8,0.8,-0.056399999999999985,0.056399999999999985,5,0
openstack,TN,1a3f2e8f44f0138d0328312e07b1341970c7903a,llm_kernelshap,qwen36_27b_local,full,0.2,,5,0.6,0.6,-0.034799999999999984,0.034799999999999984,5,0
openstack,TP,45662d77a2da77714f8e792e86ebd64a52270ef5,llm_kernelshap,qwen36_27b_local,full,0.2,,1,0.8,1.0,-0.17880000000000001,0.2052,5,0
openstack,TP,45662d77a2da77714f8e792e86ebd64a52270ef5,llm_kernelshap,qwen36_27b_local,full,0.2,,2,1.0,1.0,-0.22400000000000003,0.22400000000000003,5,0
openstack,TP,45662d77a2da77714f8e792e86ebd64a52270ef5,llm_kernelshap,qwen36_27b_local,full,0.2,,3,0.8,1.0,-0.2084,0.2084,5,0
openstack,TP,45662d77a2da77714f8e792e86ebd64a52270ef5,llm_kernelshap,qwen36_27b_local,full,0.2,,4,0.8,1.0,-0.2204,0.2204,5,0
openstack,TP,45662d77a2da77714f8e792e86ebd64a52270ef5,llm_kernelshap,qwen36_27b_local,full,0.2,,5,1.0,1.0,-0.21080000000000004,0.21080000000000004,5,0
openstack,TP,6f31523b314e7ac4ad83d13842cf2fa1014c39b2,llm_kernelshap,qwen36_27b_local,full,0.2,,1,0.8,0.8,-0.12999999999999998,0.12999999999999998,5,0
openstack,TP,6f31523b314e7ac4ad83d13842cf2fa1014c39b2,llm_kernelshap,qwen36_27b_local,full,0.2,,2,0.8,1.0,-0.16479999999999995,0.16479999999999995,5,0
openstack,TP,6f31523b314e7ac4ad83d13842cf2fa1014c39b2,llm_kernelshap,qwen36_27b_local,full,0.2,,3,0.8,1.0,-0.16359999999999997,0.16359999999999997,5,0
openstack,TP,6f31523b314e7ac4ad83d13842cf2fa1014c39b2,llm_kernelshap,qwen36_27b_local,full,0.2,,4,0.8,1.0,-0.16359999999999997,0.16359999999999997,5,0
openstack,TP,6f31523b314e7ac4ad83d13842cf2fa1014c39b2,llm_kernelshap,qwen36_27b_local,full,0.2,,5,1.0,0.8,-0.12879999999999997,0.12879999999999997,5,0
openstack,FP,410a83c89de9912207574999b3736a550ed253ba,llm_kernelshap,qwen36_27b_local,full,0.2,,1,1.0,0.8,-0.15560000000000004,0.15560000000000004,5,0
openstack,FP,410a83c89de9912207574999b3736a550ed253ba,llm_kernelshap,qwen36_27b_local,full,0.2,,2,1.0,0.8,-0.15560000000000004,0.15560000000000004,5,0
openstack,FP,410a83c89de9912207574999b3736a550ed253ba,llm_kernelshap,qwen36_27b_local,full,0.2,,3,1.0,0.8,-0.15560000000000004,0.15560000000000004,5,0
openstack,FP,410a83c89de9912207574999b3736a550ed253ba,llm_kernelshap,qwen36_27b_local,full,0.2,,4,0.8,0.8,-0.15560000000000004,0.15560000000000004,5,0
openstack,FP,410a83c89de9912207574999b3736a550ed253ba,llm_kernelshap,qwen36_27b_local,full,0.2,,5,0.8,0.8,-0.15560000000000004,0.15560000000000004,5,0
openstack,FP,4e2919e6b208a2e95d75782f9cad0a6f0892d983,llm_kernelshap,qwen36_27b_local,full,0.2,,1,0.8,0.8,-0.14160000000000006,0.14160000000000006,5,0
openstack,FP,4e2919e6b208a2e95d75782f9cad0a6f0892d983,llm_kernelshap,qwen36_27b_local,full,0.2,,2,0.8,0.8,-0.14160000000000006,0.14160000000000006,5,0
openstack,FP,4e2919e6b208a2e95d75782f9cad0a6f0892d983,llm_kernelshap,qwen36_27b_local,full,0.2,,3,0.8,0.8,-0.14160000000000006,0.14160000000000006,5,0
openstack,FP,4e2919e6b208a2e95d75782f9cad0a6f0892d983,llm_kernelshap,qwen36_27b_local,full,0.2,,4,0.8,0.8,-0.14160000000000006,0.14160000000000006,5,0
openstack,FP,4e2919e6b208a2e95d75782f9cad0a6f0892d983,llm_kernelshap,qwen36_27b_local,full,0.2,,5,0.8,0.8,-0.14160000000000006,0.14160000000000006,5,0
openstack,FP,558f7b00f56f37adaa68239c9ce95d25b2d65f56,llm_kernelshap,qwen36_27b_local,full,0.2,,1,0.8,1.0,-0.12160000000000001,0.12160000000000001,5,0
openstack,FP,558f7b00f56f37adaa68239c9ce95d25b2d65f56,llm_kernelshap,qwen36_27b_local,full,0.2,,2,0.8,1.0,-0.12160000000000001,0.12160000000000001,5,0
openstack,FP,558f7b00f56f37adaa68239c9ce95d25b2d65f56,llm_kernelshap,qwen36_27b_local,full,0.2,,3,0.8,1.0,-0.18280000000000002,0.18280000000000002,5,0
openstack,FP,558f7b00f56f37adaa68239c9ce95d25b2d65f56,llm_kernelshap,qwen36_27b_local,full,0.2,,4,0.8,1.0,-0.12160000000000001,0.12160000000000001,5,0
openstack,FP,558f7b00f56f37adaa68239c9ce95d25b2d65f56,llm_kernelshap,qwen36_27b_local,full,0.2,,5,0.8,1.0,-0.12160000000000001,0.12160000000000001,5,0
openstack,TN,70fad48add19cc565726f098e1e7a2165b24cc77,llm_kernelshap,qwen36_27b_local,full,0.2,,1,0.6,0.6,-0.04840000000000004,0.05720000000000001,5,0
openstack,TN,70fad48add19cc565726f098e1e7a2165b24cc77,llm_kernelshap,qwen36_27b_local,full,0.2,,2,0.4,0.4,-0.040000000000000056,0.05279999999999998,5,0
openstack,TN,70fad48add19cc565726f098e1e7a2165b24cc77,llm_kernelshap,qwen36_27b_local,full,0.2,,3,0.6,0.6,-0.041200000000000056,0.05399999999999998,5,0
openstack,TN,70fad48add19cc565726f098e1e7a2165b24cc77,llm_kernelshap,qwen36_27b_local,full,0.2,,4,0.6,0.6,-0.05720000000000005,0.06600000000000002,5,0
openstack,TN,70fad48add19cc565726f098e1e7a2165b24cc77,llm_kernelshap,qwen36_27b_local,full,0.2,,5,0.6,0.4,-0.04280000000000004,0.0516,5,0
openstack,TP,76d3c644f3f5866a5c07f80b66132d81b8b57e78,llm_kernelshap,qwen36_27b_local,full,0.2,,1,1.0,1.0,-0.362,0.362,5,0
openstack,TP,76d3c644f3f5866a5c07f80b66132d81b8b57e78,llm_kernelshap,qwen36_27b_local,full,0.2,,2,1.0,1.0,-0.362,0.362,5,0
openstack,TP,76d3c644f3f5866a5c07f80b66132d81b8b57e78,llm_kernelshap,qwen36_27b_local,full,0.2,,3,1.0,1.0,-0.362,0.362,5,0
openstack,TP,76d3c644f3f5866a5c07f80b66132d81b8b57e78,llm_kernelshap,qwen36_27b_local,full,0.2,,4,1.0,1.0,-0.362,0.362,5,0
openstack,TP,76d3c644f3f5866a5c07f80b66132d81b8b57e78,llm_kernelshap,qwen36_27b_local,full,0.2,,5,1.0,1.0,-0.362,0.362,5,0
openstack,FN,2b60912d5667350eae7ecbc67d4dba3658518d10,llm_kernelshap,qwen36_27b_local,full,0.2,,1,0.4,0.6,-0.10160000000000002,0.1256,5,0
openstack,FN,2b60912d5667350eae7ecbc67d4dba3658518d10,llm_kernelshap,qwen36_27b_local,full,0.2,,2,0.4,0.6,-0.10160000000000002,0.1256,5,0
openstack,FN,2b60912d5667350eae7ecbc67d4dba3658518d10,llm_kernelshap,qwen36_27b_local,full,0.2,,3,0.4,0.6,-0.10160000000000002,0.1256,5,0
openstack,FN,2b60912d5667350eae7ecbc67d4dba3658518d10,llm_kernelshap,qwen36_27b_local,full,0.2,,4,0.2,0.4,-0.0048000000000000265,0.028800000000000003,5,0
openstack,FN,2b60912d5667350eae7ecbc67d4dba3658518d10,llm_kernelshap,qwen36_27b_local,full,0.2,,5,0.4,0.6,-0.10160000000000002,0.1256,5,0
openstack,TP,88c62c1ca290c1d2a33ff192a302e492a4b11cb3,llm_kernelshap,qwen36_27b_local,full,0.2,,1,1.0,1.0,-0.10480000000000003,0.14160000000000003,5,0
openstack,TP,88c62c1ca290c1d2a33ff192a302e492a4b11cb3,llm_kernelshap,qwen36_27b_local,full,0.2,,2,1.0,1.0,-0.10480000000000003,0.14160000000000003,5,0
openstack,TP,88c62c1ca290c1d2a33ff192a302e492a4b11cb3,llm_kernelshap,qwen36_27b_local,full,0.2,,3,1.0,1.0,-0.10480000000000003,0.14160000000000003,5,0
openstack,TP,88c62c1ca290c1d2a33ff192a302e492a4b11cb3,llm_kernelshap,qwen36_27b_local,full,0.2,,4,1.0,1.0,-0.10480000000000003,0.14160000000000003,5,0
openstack,TP,88c62c1ca290c1d2a33ff192a302e492a4b11cb3,llm_kernelshap,qwen36_27b_local,full,0.2,,5,0.8,0.8,-0.12200000000000003,0.12440000000000004,5,0
openstack,FP,296da649452f66dd15a15ee4274ab0f8609250e2,llm_kernelshap,qwen36_27b_local,full,0.2,,1,0.8,0.8,-0.1796,0.1796,5,0
openstack,FP,296da649452f66dd15a15ee4274ab0f8609250e2,llm_kernelshap,qwen36_27b_local,full,0.2,,2,0.8,0.8,-0.1884,0.1884,5,0
openstack,FP,296da649452f66dd15a15ee4274ab0f8609250e2,llm_kernelshap,qwen36_27b_local,full,0.2,,3,0.8,0.8,-0.1884,0.1884,5,0
openstack,FP,296da649452f66dd15a15ee4274ab0f8609250e2,llm_kernelshap,qwen36_27b_local,full,0.2,,4,0.8,0.8,-0.1884,0.1884,5,0
openstack,FP,296da649452f66dd15a15ee4274ab0f8609250e2,llm_kernelshap,qwen36_27b_local,full,0.2,,5,0.8,0.8,-0.1796,0.1796,5,0
openstack,TP,379cf65d82b11f5e6f8732a585d5373beda85046,llm_kernelshap,qwen36_27b_local,full,0.2,,1,0.8,1.0,-0.15239999999999998,0.15239999999999998,5,0
openstack,TP,379cf65d82b11f5e6f8732a585d5373beda85046,llm_kernelshap,qwen36_27b_local,full,0.2,,2,0.8,1.0,-0.18879999999999997,0.18879999999999997,5,0
openstack,TP,379cf65d82b11f5e6f8732a585d5373beda85046,llm_kernelshap,qwen36_27b_local,full,0.2,,3,1.0,1.0,-0.15239999999999998,0.15239999999999998,5,0
openstack,TP,379cf65d82b11f5e6f8732a585d5373beda85046,llm_kernelshap,qwen36_27b_local,full,0.2,,4,0.8,1.0,-0.15239999999999998,0.15239999999999998,5,0
openstack,TP,379cf65d82b11f5e6f8732a585d5373beda85046,llm_kernelshap,qwen36_27b_local,full,0.2,,5,1.0,1.0,-0.15239999999999998,0.15239999999999998,5,0
openstack,TN,79a1a113775df87d420b242cea4bbf953df3779c,llm_kernelshap,qwen36_27b_local,full,0.2,,1,0.8,0.8,-0.04520000000000002,0.08280000000000001,5,0
openstack,TN,79a1a113775df87d420b242cea4bbf953df3779c,llm_kernelshap,qwen36_27b_local,full,0.2,,2,0.8,0.6,-0.05800000000000003,0.0796,5,0
openstack,TN,79a1a113775df87d420b242cea4bbf953df3779c,llm_kernelshap,qwen36_27b_local,full,0.2,,3,0.8,1.0,-0.04720000000000002,0.08480000000000001,5,0
openstack,TN,79a1a113775df87d420b242cea4bbf953df3779c,llm_kernelshap,qwen36_27b_local,full,0.2,,4,0.6,1.0,-0.04680000000000002,0.0844,5,0
openstack,TN,79a1a113775df87d420b242cea4bbf953df3779c,llm_kernelshap,qwen36_27b_local,full,0.2,,5,0.8,0.8,-0.06920000000000004,0.09080000000000002,5,0
openstack,TN,dd444d84759d7b3c17e7c3e97f9565546f9d3df2,llm_kernelshap,qwen36_27b_local,full,0.2,,1,0.6,0.8,-0.058799999999999984,0.058799999999999984,5,0
openstack,TN,dd444d84759d7b3c17e7c3e97f9565546f9d3df2,llm_kernelshap,qwen36_27b_local,full,0.2,,2,0.6,0.8,-0.05319999999999998,0.05799999999999998,5,0
openstack,TN,dd444d84759d7b3c17e7c3e97f9565546f9d3df2,llm_kernelshap,qwen36_27b_local,full,0.2,,3,0.6,0.8,-0.058799999999999984,0.058799999999999984,5,0
openstack,TN,dd444d84759d7b3c17e7c3e97f9565546f9d3df2,llm_kernelshap,qwen36_27b_local,full,0.2,,4,0.6,0.8,-0.058799999999999984,0.058799999999999984,5,0
openstack,TN,dd444d84759d7b3c17e7c3e97f9565546f9d3df2,llm_kernelshap,qwen36_27b_local,full,0.2,,5,0.6,0.8,-0.058799999999999984,0.058799999999999984,5,0
openstack,TN,747373f4bdfe4814000a88e4443b56545d5d55bd,llm_kernelshap,qwen36_27b_local,full,0.2,,1,0.4,0.6,0.00040000000000000034,0.030000000000000027,5,0
openstack,TN,747373f4bdfe4814000a88e4443b56545d5d55bd,llm_kernelshap,qwen36_27b_local,full,0.2,,2,0.6,0.8,-0.01639999999999999,0.038800000000000015,5,0
openstack,TN,747373f4bdfe4814000a88e4443b56545d5d55bd,llm_kernelshap,qwen36_27b_local,full,0.2,,3,0.4,0.6,-0.007599999999999984,0.03400000000000001,5,0
openstack,TN,747373f4bdfe4814000a88e4443b56545d5d55bd,llm_kernelshap,qwen36_27b_local,full,0.2,,4,0.6,0.8,-0.013200000000000012,0.035600000000000034,5,0
openstack,TN,747373f4bdfe4814000a88e4443b56545d5d55bd,llm_kernelshap,qwen36_27b_local,full,0.2,,5,0.4,0.6,-0.004799999999999982,0.031200000000000006,5,0
openstack,FN,763fd62464e9a0753e061171cc1fd826055bbc01,llm_kernelshap,qwen36_27b_local,full,0.2,,1,0.6,0.8,0.07639999999999995,0.08439999999999996,5,0
openstack,FN,763fd62464e9a0753e061171cc1fd826055bbc01,llm_kernelshap,qwen36_27b_local,full,0.2,,2,0.8,1.0,0.08399999999999994,0.08399999999999994,5,0
openstack,FN,763fd62464e9a0753e061171cc1fd826055bbc01,llm_kernelshap,qwen36_27b_local,full,0.2,,3,0.4,0.6,0.06639999999999995,0.07439999999999995,5,0
openstack,FN,763fd62464e9a0753e061171cc1fd826055bbc01,llm_kernelshap,qwen36_27b_local,full,0.2,,4,0.8,0.8,0.07079999999999995,0.07879999999999995,5,0
openstack,FN,763fd62464e9a0753e061171cc1fd826055bbc01,llm_kernelshap,qwen36_27b_local,full,0.2,,5,0.6,0.8,0.07079999999999995,0.07879999999999995,5,0
openstack,FN,267eea50fd9e9c74faa96d529a7ec2fd8aa8d51f,llm_kernelshap,qwen36_27b_local,full,0.2,,1,0.8,0.6,-0.03559999999999998,0.0668,5,0
openstack,FN,267eea50fd9e9c74faa96d529a7ec2fd8aa8d51f,llm_kernelshap,qwen36_27b_local,full,0.2,,2,0.8,0.6,-0.03559999999999998,0.0668,5,0
openstack,FN,267eea50fd9e9c74faa96d529a7ec2fd8aa8d51f,llm_kernelshap,qwen36_27b_local,full,0.2,,3,0.8,0.6,-0.03559999999999998,0.0668,5,0
openstack,FN,267eea50fd9e9c74faa96d529a7ec2fd8aa8d51f,llm_kernelshap,qwen36_27b_local,full,0.2,,4,0.8,0.6,-0.03559999999999998,0.0668,5,0
openstack,FN,267eea50fd9e9c74faa96d529a7ec2fd8aa8d51f,llm_kernelshap,qwen36_27b_local,full,0.2,,5,0.8,0.6,-0.011999999999999988,0.043200000000000016,5,0
openstack,TN,978066fe31a5331f143a05e1fd753c729b2dcf09,llm_kernelshap,qwen36_27b_local,full,0.2,,1,0.6,0.2,-0.014399999999999923,0.01919999999999993,5,0
openstack,TN,978066fe31a5331f143a05e1fd753c729b2dcf09,llm_kernelshap,qwen36_27b_local,full,0.2,,2,0.8,0.0,-0.01039999999999992,0.015199999999999925,5,0
openstack,TN,978066fe31a5331f143a05e1fd753c729b2dcf09,llm_kernelshap,qwen36_27b_local,full,0.2,,3,0.6,0.2,-0.014399999999999923,0.01919999999999993,5,0
openstack,TN,978066fe31a5331f143a05e1fd753c729b2dcf09,llm_kernelshap,qwen36_27b_local,full,0.2,,4,0.8,0.2,-0.011999999999999922,0.016799999999999926,5,0
openstack,TN,978066fe31a5331f143a05e1fd753c729b2dcf09,llm_kernelshap,qwen36_27b_local,full,0.2,,5,0.8,0.2,-0.011999999999999922,0.016799999999999926,5,0
openstack,TN,545925c66cb3ee005aa7e497ad4b3c97eb2f410b,llm_kernelshap,qwen36_27b_local,full,0.2,,1,0.8,0.8,-0.04280000000000004,0.06520000000000001,5,0
openstack,TN,545925c66cb3ee005aa7e497ad4b3c97eb2f410b,llm_kernelshap,qwen36_27b_local,full,0.2,,2,0.8,0.8,-0.03840000000000003,0.06080000000000001,5,0
openstack,TN,545925c66cb3ee005aa7e497ad4b3c97eb2f410b,llm_kernelshap,qwen36_27b_local,full,0.2,,3,0.8,0.8,-0.03840000000000003,0.06080000000000001,5,0
openstack,TN,545925c66cb3ee005aa7e497ad4b3c97eb2f410b,llm_kernelshap,qwen36_27b_local,full,0.2,,4,0.8,0.8,-0.04280000000000004,0.06520000000000001,5,0
openstack,TN,545925c66cb3ee005aa7e497ad4b3c97eb2f410b,llm_kernelshap,qwen36_27b_local,full,0.2,,5,0.8,0.8,-0.04280000000000004,0.06520000000000001,5,0
openstack,FN,bc6ca87a6a01ecbda926a78d07cadbd4e3ab97e0,llm_kernelshap,qwen36_27b_local,full,0.2,,1,0.8,0.2,0.019999999999999952,0.03119999999999996,5,0
openstack,FN,bc6ca87a6a01ecbda926a78d07cadbd4e3ab97e0,llm_kernelshap,qwen36_27b_local,full,0.2,,2,0.8,0.2,0.019999999999999952,0.03119999999999996,5,0
openstack,FN,bc6ca87a6a01ecbda926a78d07cadbd4e3ab97e0,llm_kernelshap,qwen36_27b_local,full,0.2,,3,0.8,0.2,0.019999999999999952,0.03119999999999996,5,0
openstack,FN,bc6ca87a6a01ecbda926a78d07cadbd4e3ab97e0,llm_kernelshap,qwen36_27b_local,full,0.2,,4,0.8,0.2,0.019999999999999952,0.03119999999999996,5,0
openstack,FN,bc6ca87a6a01ecbda926a78d07cadbd4e3ab97e0,llm_kernelshap,qwen36_27b_local,full,0.2,,5,0.8,0.2,0.019999999999999952,0.03119999999999996,5,0
openstack,FP,280cc7c5ae4b07a9a1e23b8f9cc925be9872c8e1,llm_kernelshap,qwen36_27b_local,full,0.2,,1,0.8,0.8,-0.15879999999999997,0.15879999999999997,5,0
openstack,FP,280cc7c5ae4b07a9a1e23b8f9cc925be9872c8e1,llm_kernelshap,qwen36_27b_local,full,0.2,,2,0.6,0.8,-0.10919999999999998,0.12519999999999998,5,0
openstack,FP,280cc7c5ae4b07a9a1e23b8f9cc925be9872c8e1,llm_kernelshap,qwen36_27b_local,full,0.2,,3,0.8,0.8,-0.15879999999999997,0.15879999999999997,5,0
openstack,FP,280cc7c5ae4b07a9a1e23b8f9cc925be9872c8e1,llm_kernelshap,qwen36_27b_local,full,0.2,,4,0.8,0.8,-0.15879999999999997,0.15879999999999997,5,0
openstack,FP,280cc7c5ae4b07a9a1e23b8f9cc925be9872c8e1,llm_kernelshap,qwen36_27b_local,full,0.2,,5,0.8,0.8,-0.15879999999999997,0.15879999999999997,5,0
openstack,FP,6aecf475dbff9c7d477378c021749b987d47deae,llm_kernelshap,qwen36_27b_local,full,0.2,,1,0.8,0.8,-0.2012,0.2068,5,0
openstack,FP,6aecf475dbff9c7d477378c021749b987d47deae,llm_kernelshap,qwen36_27b_local,full,0.2,,2,0.8,0.8,-0.2012,0.2068,5,0
openstack,FP,6aecf475dbff9c7d477378c021749b987d47deae,llm_kernelshap,qwen36_27b_local,full,0.2,,3,0.8,0.8,-0.2012,0.2068,5,0
openstack,FP,6aecf475dbff9c7d477378c021749b987d47deae,llm_kernelshap,qwen36_27b_local,full,0.2,,4,0.8,0.8,-0.2012,0.2068,5,0
openstack,FP,6aecf475dbff9c7d477378c021749b987d47deae,llm_kernelshap,qwen36_27b_local,full,0.2,,5,0.8,0.8,-0.2012,0.2068,5,0
openstack,FP,baa52224dc73e8ca3bdcbdaa5d62bc26fb38052f,llm_kernelshap,qwen36_27b_local,full,0.2,,1,1.0,0.8,-0.18919999999999998,0.18919999999999998,5,0
openstack,FP,baa52224dc73e8ca3bdcbdaa5d62bc26fb38052f,llm_kernelshap,qwen36_27b_local,full,0.2,,2,1.0,1.0,-0.19959999999999997,0.19959999999999997,5,0
openstack,FP,baa52224dc73e8ca3bdcbdaa5d62bc26fb38052f,llm_kernelshap,qwen36_27b_local,full,0.2,,3,0.8,0.8,-0.18919999999999998,0.18919999999999998,5,0
openstack,FP,baa52224dc73e8ca3bdcbdaa5d62bc26fb38052f,llm_kernelshap,qwen36_27b_local,full,0.2,,4,0.8,1.0,-0.19959999999999997,0.19959999999999997,5,0
openstack,FP,baa52224dc73e8ca3bdcbdaa5d62bc26fb38052f,llm_kernelshap,qwen36_27b_local,full,0.2,,5,0.8,0.8,-0.18919999999999998,0.18919999999999998,5,0
openstack,TN,d2e40a3e49819dace92975de3e3d7ba3a3fac79d,llm_kernelshap,qwen36_27b_local,full,0.2,,1,0.8,0.4,-0.0756,0.0756,5,0
openstack,TN,d2e40a3e49819dace92975de3e3d7ba3a3fac79d,llm_kernelshap,qwen36_27b_local,full,0.2,,2,1.0,0.6,-0.06639999999999999,0.08,5,0
openstack,TN,d2e40a3e49819dace92975de3e3d7ba3a3fac79d,llm_kernelshap,qwen36_27b_local,full,0.2,,3,0.8,0.4,-0.0756,0.0756,5,0
openstack,TN,d2e40a3e49819dace92975de3e3d7ba3a3fac79d,llm_kernelshap,qwen36_27b_local,full,0.2,,4,0.8,0.4,-0.0756,0.0756,5,0
openstack,TN,d2e40a3e49819dace92975de3e3d7ba3a3fac79d,llm_kernelshap,qwen36_27b_local,full,0.2,,5,1.0,0.6,-0.08559999999999998,0.08559999999999998,5,0
openstack,TN,57566f4c8d2929c25e76564883369a7c6eda720a,llm_kernelshap,qwen36_27b_local,full,0.2,,1,0.6,0.2,0.004800000000000049,0.02639999999999998,5,0
openstack,TN,57566f4c8d2929c25e76564883369a7c6eda720a,llm_kernelshap,qwen36_27b_local,full,0.2,,2,0.6,0.2,-0.0035999999999999587,0.02519999999999998,5,0
openstack,TN,57566f4c8d2929c25e76564883369a7c6eda720a,llm_kernelshap,qwen36_27b_local,full,0.2,,3,0.6,0.2,-0.0035999999999999587,0.02519999999999998,5,0
openstack,TN,57566f4c8d2929c25e76564883369a7c6eda720a,llm_kernelshap,qwen36_27b_local,full,0.2,,4,0.6,0.2,0.006000000000000028,0.0252,5,0
openstack,TN,57566f4c8d2929c25e76564883369a7c6eda720a,llm_kernelshap,qwen36_27b_local,full,0.2,,5,0.6,0.4,-0.015599999999999947,0.03719999999999997,5,0
openstack,TP,03db94ebaa3fc2c76694fd566e2c9eefbf851a7f,llm_kernelshap,qwen36_27b_local,full,0.2,,1,1.0,1.0,-0.2076,0.2076,5,0
openstack,TP,03db94ebaa3fc2c76694fd566e2c9eefbf851a7f,llm_kernelshap,qwen36_27b_local,full,0.2,,2,1.0,1.0,-0.2076,0.2076,5,0
openstack,TP,03db94ebaa3fc2c76694fd566e2c9eefbf851a7f,llm_kernelshap,qwen36_27b_local,full,0.2,,3,1.0,1.0,-0.2076,0.2076,5,0
openstack,TP,03db94ebaa3fc2c76694fd566e2c9eefbf851a7f,llm_kernelshap,qwen36_27b_local,full,0.2,,4,1.0,1.0,-0.2076,0.2076,5,0
openstack,TP,03db94ebaa3fc2c76694fd566e2c9eefbf851a7f,llm_kernelshap,qwen36_27b_local,full,0.2,,5,1.0,1.0,-0.2076,0.2076,5,0
openstack,FN,703ba3c4e3d0b442c3097b6c844a59e560c09fe8,llm_kernelshap,qwen36_27b_local,full,0.2,,1,0.2,0.2,0.016799999999999947,0.023999999999999955,5,0
openstack,FN,703ba3c4e3d0b442c3097b6c844a59e560c09fe8,llm_kernelshap,qwen36_27b_local,full,0.2,,2,0.4,0.0,-0.00040000000000002257,0.01239999999999999,5,0
openstack,FN,703ba3c4e3d0b442c3097b6c844a59e560c09fe8,llm_kernelshap,qwen36_27b_local,full,0.2,,3,0.2,0.2,0.012399999999999967,0.020399999999999974,5,0
openstack,FN,703ba3c4e3d0b442c3097b6c844a59e560c09fe8,llm_kernelshap,qwen36_27b_local,full,0.2,,4,0.2,0.2,0.012399999999999967,0.020399999999999974,5,0
openstack,FN,703ba3c4e3d0b442c3097b6c844a59e560c09fe8,llm_kernelshap,qwen36_27b_local,full,0.2,,5,0.2,0.2,0.012399999999999967,0.020399999999999974,5,0
openstack,FN,e3df049cad2b7a264acbad4d6baecbc813546e5d,llm_kernelshap,qwen36_27b_local,full,0.2,,1,0.4,0.0,0.015200000000000014,0.015200000000000014,5,0
openstack,FN,e3df049cad2b7a264acbad4d6baecbc813546e5d,llm_kernelshap,qwen36_27b_local,full,0.2,,2,0.4,0.0,0.015200000000000014,0.015200000000000014,5,0
openstack,FN,e3df049cad2b7a264acbad4d6baecbc813546e5d,llm_kernelshap,qwen36_27b_local,full,0.2,,3,0.4,0.0,0.015200000000000014,0.015200000000000014,5,0
openstack,FN,e3df049cad2b7a264acbad4d6baecbc813546e5d,llm_kernelshap,qwen36_27b_local,full,0.2,,4,0.2,0.0,0.015200000000000014,0.015200000000000014,5,0
openstack,FN,e3df049cad2b7a264acbad4d6baecbc813546e5d,llm_kernelshap,qwen36_27b_local,full,0.2,,5,0.4,0.0,0.015200000000000014,0.015200000000000014,5,0
openstack,FN,d1b3adfbe471ad99ddf0dd2b483b77435c157aea,llm_kernelshap,qwen36_27b_local,full,0.2,,1,0.8,0.8,0.08280000000000003,0.09000000000000004,5,0
openstack,FN,d1b3adfbe471ad99ddf0dd2b483b77435c157aea,llm_kernelshap,qwen36_27b_local,full,0.2,,2,1.0,1.0,0.07680000000000005,0.10800000000000003,5,0
openstack,FN,d1b3adfbe471ad99ddf0dd2b483b77435c157aea,llm_kernelshap,qwen36_27b_local,full,0.2,,3,1.0,1.0,0.10720000000000005,0.10720000000000005,5,0
openstack,FN,d1b3adfbe471ad99ddf0dd2b483b77435c157aea,llm_kernelshap,qwen36_27b_local,full,0.2,,4,1.0,1.0,0.07080000000000004,0.10200000000000002,5,0
openstack,FN,d1b3adfbe471ad99ddf0dd2b483b77435c157aea,llm_kernelshap,qwen36_27b_local,full,0.2,,5,0.8,0.8,0.05800000000000003,0.09640000000000001,5,0
openstack,TN,87be408b126e81ded85b03896f9c85f8a8d4ac90,llm_kernelshap,qwen36_27b_local,full,0.2,,1,0.6,0.6,-0.041999999999999996,0.07240000000000002,5,0
openstack,TN,87be408b126e81ded85b03896f9c85f8a8d4ac90,llm_kernelshap,qwen36_27b_local,full,0.2,,2,0.4,0.4,-0.017999999999999995,0.050000000000000024,5,0
openstack,TN,87be408b126e81ded85b03896f9c85f8a8d4ac90,llm_kernelshap,qwen36_27b_local,full,0.2,,3,0.4,0.4,-0.017999999999999995,0.050000000000000024,5,0
openstack,TN,87be408b126e81ded85b03896f9c85f8a8d4ac90,llm_kernelshap,qwen36_27b_local,full,0.2,,4,0.6,0.6,-0.0268,0.05400000000000003,5,0
openstack,TN,87be408b126e81ded85b03896f9c85f8a8d4ac90,llm_kernelshap,qwen36_27b_local,full,0.2,,5,0.4,0.4,-0.017999999999999995,0.050000000000000024,5,0
openstack,TP,22c9cf3d95c3d14351045bac2920b4e0994ec42f,llm_kernelshap,qwen36_27b_local,full,0.2,,1,1.0,1.0,-0.3308,0.3308,5,0
openstack,TP,22c9cf3d95c3d14351045bac2920b4e0994ec42f,llm_kernelshap,qwen36_27b_local,full,0.2,,2,1.0,1.0,-0.3308,0.3308,5,0
openstack,TP,22c9cf3d95c3d14351045bac2920b4e0994ec42f,llm_kernelshap,qwen36_27b_local,full,0.2,,3,0.8,0.8,-0.28119999999999995,0.28119999999999995,5,0
openstack,TP,22c9cf3d95c3d14351045bac2920b4e0994ec42f,llm_kernelshap,qwen36_27b_local,full,0.2,,4,1.0,1.0,-0.3132,0.3132,5,0
openstack,TP,22c9cf3d95c3d14351045bac2920b4e0994ec42f,llm_kernelshap,qwen36_27b_local,full,0.2,,5,1.0,1.0,-0.3308,0.3308,5,0
openstack,TP,092820939d53268152893a15fdaf5129554fbcb3,llm_kernelshap,qwen36_27b_local,full,0.2,,1,0.6,1.0,-0.18680000000000002,0.23320000000000002,5,0
openstack,TP,092820939d53268152893a15fdaf5129554fbcb3,llm_kernelshap,qwen36_27b_local,full,0.2,,2,0.6,1.0,-0.18680000000000002,0.23320000000000002,5,0
openstack,TP,092820939d53268152893a15fdaf5129554fbcb3,llm_kernelshap,qwen36_27b_local,full,0.2,,3,1.0,1.0,-0.2836,0.2836,5,0
openstack,TP,092820939d53268152893a15fdaf5129554fbcb3,llm_kernelshap,qwen36_27b_local,full,0.2,,4,0.8,1.0,-0.22560000000000002,0.272,5,0
openstack,TP,092820939d53268152893a15fdaf5129554fbcb3,llm_kernelshap,qwen36_27b_local,full,0.2,,5,0.6,1.0,-0.18680000000000002,0.23320000000000002,5,0
openstack,TN,dd13c2784b5aec539197d1b76fafc6a6b38a33e8,llm_kernelshap,qwen36_27b_local,full,0.2,,1,0.8,0.8,0.035599999999999965,0.0764,5,0
openstack,TN,dd13c2784b5aec539197d1b76fafc6a6b38a33e8,llm_kernelshap,qwen36_27b_local,full,0.2,,2,0.8,0.6,0.05239999999999998,0.0676,5,0
openstack,TN,dd13c2784b5aec539197d1b76fafc6a6b38a33e8,llm_kernelshap,qwen36_27b_local,full,0.2,,3,0.8,0.8,0.035599999999999965,0.0764,5,0
openstack,TN,dd13c2784b5aec539197d1b76fafc6a6b38a33e8,llm_kernelshap,qwen36_27b_local,full,0.2,,4,0.8,0.6,0.05239999999999998,0.0676,5,0
openstack,TN,dd13c2784b5aec539197d1b76fafc6a6b38a33e8,llm_kernelshap,qwen36_27b_local,full,0.2,,5,0.8,0.6,0.05239999999999998,0.0676,5,0
openstack,TP,40eaa89a9001edda3e1146831b26aaf7ded64c4a,llm_kernelshap,qwen36_27b_local,full,0.2,,1,0.8,0.8,-0.198,0.198,5,0
openstack,TP,40eaa89a9001edda3e1146831b26aaf7ded64c4a,llm_kernelshap,qwen36_27b_local,full,0.2,,2,0.8,0.8,-0.198,0.198,5,0
openstack,TP,40eaa89a9001edda3e1146831b26aaf7ded64c4a,llm_kernelshap,qwen36_27b_local,full,0.2,,3,1.0,0.8,-0.21,0.21,5,0
openstack,TP,40eaa89a9001edda3e1146831b26aaf7ded64c4a,llm_kernelshap,qwen36_27b_local,full,0.2,,4,0.8,0.8,-0.21,0.21,5,0
openstack,TP,40eaa89a9001edda3e1146831b26aaf7ded64c4a,llm_kernelshap,qwen36_27b_local,full,0.2,,5,0.8,0.8,-0.212,0.212,5,0
openstack,TN,1e6538d43e76b867776cf226e1d6d6c900412f99,llm_kernelshap,qwen36_27b_local,full,0.2,,1,0.8,0.8,-0.0844,0.0844,5,0
openstack,TN,1e6538d43e76b867776cf226e1d6d6c900412f99,llm_kernelshap,qwen36_27b_local,full,0.2,,2,0.8,0.8,-0.08280000000000001,0.08280000000000001,5,0
openstack,TN,1e6538d43e76b867776cf226e1d6d6c900412f99,llm_kernelshap,qwen36_27b_local,full,0.2,,3,1.0,0.8,-0.0844,0.0844,5,0
openstack,TN,1e6538d43e76b867776cf226e1d6d6c900412f99,llm_kernelshap,qwen36_27b_local,full,0.2,,4,0.8,0.8,-0.0844,0.0844,5,0
openstack,TN,1e6538d43e76b867776cf226e1d6d6c900412f99,llm_kernelshap,qwen36_27b_local,full,0.2,,5,0.8,0.8,-0.0844,0.0844,5,0
openstack,FP,70de423255fd01822188bb9082a0c0cc1c8ec2d0,llm_kernelshap,qwen36_27b_local,full,0.2,,1,0.8,0.8,-0.32080000000000003,0.3224,5,0
openstack,FP,70de423255fd01822188bb9082a0c0cc1c8ec2d0,llm_kernelshap,qwen36_27b_local,full,0.2,,2,0.8,0.8,-0.32080000000000003,0.3224,5,0
openstack,FP,70de423255fd01822188bb9082a0c0cc1c8ec2d0,llm_kernelshap,qwen36_27b_local,full,0.2,,3,0.8,0.8,-0.32080000000000003,0.3224,5,0
openstack,FP,70de423255fd01822188bb9082a0c0cc1c8ec2d0,llm_kernelshap,qwen36_27b_local,full,0.2,,4,0.8,0.8,-0.32080000000000003,0.3224,5,0
openstack,FP,70de423255fd01822188bb9082a0c0cc1c8ec2d0,llm_kernelshap,qwen36_27b_local,full,0.2,,5,0.8,0.8,-0.32080000000000003,0.3224,5,0
openstack,TP,56324c12aa58ff9cf46582611b071f3abb743ddf,llm_kernelshap,qwen36_27b_local,full,0.2,,1,0.8,0.8,-0.16240000000000004,0.16240000000000004,5,0
openstack,TP,56324c12aa58ff9cf46582611b071f3abb743ddf,llm_kernelshap,qwen36_27b_local,full,0.2,,2,0.8,0.8,-0.18280000000000005,0.18280000000000005,5,0
openstack,TP,56324c12aa58ff9cf46582611b071f3abb743ddf,llm_kernelshap,qwen36_27b_local,full,0.2,,3,0.8,0.8,-0.16240000000000004,0.16240000000000004,5,0
openstack,TP,56324c12aa58ff9cf46582611b071f3abb743ddf,llm_kernelshap,qwen36_27b_local,full,0.2,,4,0.8,0.8,-0.17360000000000003,0.17360000000000003,5,0
openstack,TP,56324c12aa58ff9cf46582611b071f3abb743ddf,llm_kernelshap,qwen36_27b_local,full,0.2,,5,0.8,0.8,-0.18280000000000005,0.18280000000000005,5,0
openstack,FN,848664f646bf087df59778434daa6feae1e71c74,llm_kernelshap,qwen36_27b_local,full,0.2,,1,1.0,1.0,-0.10639999999999997,0.10639999999999997,5,0
openstack,FN,848664f646bf087df59778434daa6feae1e71c74,llm_kernelshap,qwen36_27b_local,full,0.2,,2,1.0,1.0,-0.10639999999999997,0.10639999999999997,5,0
openstack,FN,848664f646bf087df59778434daa6feae1e71c74,llm_kernelshap,qwen36_27b_local,full,0.2,,3,1.0,1.0,-0.10999999999999996,0.10999999999999996,5,0
openstack,FN,848664f646bf087df59778434daa6feae1e71c74,llm_kernelshap,qwen36_27b_local,full,0.2,,4,1.0,1.0,-0.10999999999999996,0.10999999999999996,5,0
openstack,FN,848664f646bf087df59778434daa6feae1e71c74,llm_kernelshap,qwen36_27b_local,full,0.2,,5,1.0,1.0,-0.10639999999999997,0.10639999999999997,5,0
openstack,FN,91a8cd2952a25b340f5778cace95910e43cbcbb6,llm_kernelshap,qwen36_27b_local,full,0.2,,1,0.4,0.2,0.021599999999999973,0.031199999999999985,5,0
openstack,FN,91a8cd2952a25b340f5778cace95910e43cbcbb6,llm_kernelshap,qwen36_27b_local,full,0.2,,2,0.4,0.2,0.021599999999999973,0.031199999999999985,5,0
openstack,FN,91a8cd2952a25b340f5778cace95910e43cbcbb6,llm_kernelshap,qwen36_27b_local,full,0.2,,3,0.4,0.2,0.021599999999999973,0.031199999999999985,5,0
openstack,FN,91a8cd2952a25b340f5778cace95910e43cbcbb6,llm_kernelshap,qwen36_27b_local,full,0.2,,4,0.4,0.2,0.021599999999999973,0.031199999999999985,5,0
openstack,FN,91a8cd2952a25b340f5778cace95910e43cbcbb6,llm_kernelshap,qwen36_27b_local,full,0.2,,5,0.4,0.2,0.021599999999999973,0.031199999999999985,5,0
openstack,FN,d402747547e1a356c6c2c20b57f52af39b63e831,llm_kernelshap,qwen36_27b_local,full,0.2,,1,0.2,0.6,0.021200000000000017,0.028400000000000026,5,0
openstack,FN,d402747547e1a356c6c2c20b57f52af39b63e831,llm_kernelshap,qwen36_27b_local,full,0.2,,2,0.4,0.8,-0.018799999999999973,0.046799999999999994,5,0
openstack,FN,d402747547e1a356c6c2c20b57f52af39b63e831,llm_kernelshap,qwen36_27b_local,full,0.2,,3,0.2,0.8,0.007600000000000029,0.03720000000000001,5,0
openstack,FN,d402747547e1a356c6c2c20b57f52af39b63e831,llm_kernelshap,qwen36_27b_local,full,0.2,,4,0.4,0.6,-0.030799999999999984,0.06360000000000002,5,0
openstack,FN,d402747547e1a356c6c2c20b57f52af39b63e831,llm_kernelshap,qwen36_27b_local,full,0.2,,5,0.4,0.6,0.0016000000000000237,0.031200000000000006,5,0
openstack,TN,348b7a9f7d64094d60ece0460aed02b66c52f1b1,llm_kernelshap,qwen36_27b_local,full,0.2,,1,0.8,0.4,-0.0964,0.1092,5,0
openstack,TN,348b7a9f7d64094d60ece0460aed02b66c52f1b1,llm_kernelshap,qwen36_27b_local,full,0.2,,2,0.8,0.4,-0.092,0.11280000000000001,5,0
openstack,TN,348b7a9f7d64094d60ece0460aed02b66c52f1b1,llm_kernelshap,qwen36_27b_local,full,0.2,,3,0.8,0.2,0.002400000000000002,0.016000000000000014,5,0
openstack,TN,348b7a9f7d64094d60ece0460aed02b66c52f1b1,llm_kernelshap,qwen36_27b_local,full,0.2,,4,0.6,0.2,0.0016000000000000014,0.015200000000000014,5,0
openstack,TN,348b7a9f7d64094d60ece0460aed02b66c52f1b1,llm_kernelshap,qwen36_27b_local,full,0.2,,5,0.6,0.2,0.0016000000000000014,0.015200000000000014,5,0
openstack,FP,2bb9e5563c69f79d5da23668b08dd9c88f9d4348,llm_kernelshap,qwen36_27b_local,full,0.2,,1,0.6,1.0,-0.13599999999999995,0.13599999999999995,5,0
openstack,FP,2bb9e5563c69f79d5da23668b08dd9c88f9d4348,llm_kernelshap,qwen36_27b_local,full,0.2,,2,0.8,1.0,-0.19199999999999998,0.19199999999999998,5,0
openstack,FP,2bb9e5563c69f79d5da23668b08dd9c88f9d4348,llm_kernelshap,qwen36_27b_local,full,0.2,,3,0.8,1.0,-0.19199999999999998,0.19199999999999998,5,0
openstack,FP,2bb9e5563c69f79d5da23668b08dd9c88f9d4348,llm_kernelshap,qwen36_27b_local,full,0.2,,4,0.8,1.0,-0.19199999999999998,0.19199999999999998,5,0
openstack,FP,2bb9e5563c69f79d5da23668b08dd9c88f9d4348,llm_kernelshap,qwen36_27b_local,full,0.2,,5,0.8,1.0,-0.18999999999999997,0.18999999999999997,5,0
openstack,TP,5f2b88b1aafb9a35638e54f796685f633428b6a5,llm_kernelshap,qwen36_27b_local,full,0.2,,1,0.8,1.0,-0.17159999999999997,0.17159999999999997,5,0
openstack,TP,5f2b88b1aafb9a35638e54f796685f633428b6a5,llm_kernelshap,qwen36_27b_local,full,0.2,,2,0.8,1.0,-0.17159999999999997,0.17159999999999997,5,0
openstack,TP,5f2b88b1aafb9a35638e54f796685f633428b6a5,llm_kernelshap,qwen36_27b_local,full,0.2,,3,0.8,1.0,-0.17159999999999997,0.17159999999999997,5,0
openstack,TP,5f2b88b1aafb9a35638e54f796685f633428b6a5,llm_kernelshap,qwen36_27b_local,full,0.2,,4,0.8,1.0,-0.17159999999999997,0.17159999999999997,5,0
openstack,TP,5f2b88b1aafb9a35638e54f796685f633428b6a5,llm_kernelshap,qwen36_27b_local,full,0.2,,5,0.8,1.0,-0.17159999999999997,0.17159999999999997,5,0
openstack,FN,017dd6b4bcf92c14d49421268cb571c00879f3cc,llm_kernelshap,qwen36_27b_local,full,0.2,,1,0.8,0.6,0.06280000000000004,0.06680000000000004,5,0
openstack,FN,017dd6b4bcf92c14d49421268cb571c00879f3cc,llm_kernelshap,qwen36_27b_local,full,0.2,,2,0.8,0.6,0.06720000000000004,0.07120000000000004,5,0
openstack,FN,017dd6b4bcf92c14d49421268cb571c00879f3cc,llm_kernelshap,qwen36_27b_local,full,0.2,,3,0.8,0.6,0.06280000000000004,0.06680000000000004,5,0
openstack,FN,017dd6b4bcf92c14d49421268cb571c00879f3cc,llm_kernelshap,qwen36_27b_local,full,0.2,,4,0.8,0.6,0.06280000000000004,0.06680000000000004,5,0
openstack,FN,017dd6b4bcf92c14d49421268cb571c00879f3cc,llm_kernelshap,qwen36_27b_local,full,0.2,,5,0.8,0.6,0.06280000000000004,0.06680000000000004,5,0
openstack,FP,41d6b479fe8baf66578044b8773c3b892d64a2c4,llm_kernelshap,qwen36_27b_local,full,0.2,,1,0.8,0.8,-0.11359999999999995,0.12159999999999996,5,0
openstack,FP,41d6b479fe8baf66578044b8773c3b892d64a2c4,llm_kernelshap,qwen36_27b_local,full,0.2,,2,1.0,1.0,-0.16999999999999993,0.16999999999999993,5,0
openstack,FP,41d6b479fe8baf66578044b8773c3b892d64a2c4,llm_kernelshap,qwen36_27b_local,full,0.2,,3,0.8,0.8,-0.13159999999999994,0.13959999999999995,5,0
openstack,FP,41d6b479fe8baf66578044b8773c3b892d64a2c4,llm_kernelshap,qwen36_27b_local,full,0.2,,4,0.8,0.8,-0.13159999999999994,0.13959999999999995,5,0
openstack,FP,41d6b479fe8baf66578044b8773c3b892d64a2c4,llm_kernelshap,qwen36_27b_local,full,0.2,,5,1.0,1.0,-0.15119999999999995,0.15119999999999995,5,0
openstack,FN,913a99c79456abbfef1642e6dc70e6a4ff4e25db,llm_kernelshap,qwen36_27b_local,full,0.2,,1,0.6,0.6,0.10880000000000004,0.10960000000000003,5,0
openstack,FN,913a99c79456abbfef1642e6dc70e6a4ff4e25db,llm_kernelshap,qwen36_27b_local,full,0.2,,2,0.6,0.6,0.11120000000000003,0.11200000000000003,5,0
openstack,FN,913a99c79456abbfef1642e6dc70e6a4ff4e25db,llm_kernelshap,qwen36_27b_local,full,0.2,,3,0.6,0.6,0.11120000000000003,0.11200000000000003,5,0
openstack,FN,913a99c79456abbfef1642e6dc70e6a4ff4e25db,llm_kernelshap,qwen36_27b_local,full,0.2,,4,0.6,0.6,0.11280000000000004,0.11360000000000003,5,0
openstack,FN,913a99c79456abbfef1642e6dc70e6a4ff4e25db,llm_kernelshap,qwen36_27b_local,full,0.2,,5,0.6,0.6,0.11120000000000003,0.11200000000000003,5,0
openstack,FP,e4ea54104ec38f5fe4c792d4d3d1865de34bb4c3,llm_kernelshap,qwen36_27b_local,full,0.2,,1,0.8,1.0,-0.15879999999999997,0.15879999999999997,5,0
openstack,FP,e4ea54104ec38f5fe4c792d4d3d1865de34bb4c3,llm_kernelshap,qwen36_27b_local,full,0.2,,2,0.8,1.0,-0.15879999999999997,0.15879999999999997,5,0
openstack,FP,e4ea54104ec38f5fe4c792d4d3d1865de34bb4c3,llm_kernelshap,qwen36_27b_local,full,0.2,,3,0.8,1.0,-0.15879999999999997,0.15879999999999997,5,0
openstack,FP,e4ea54104ec38f5fe4c792d4d3d1865de34bb4c3,llm_kernelshap,qwen36_27b_local,full,0.2,,4,0.8,1.0,-0.15879999999999997,0.15879999999999997,5,0
openstack,FP,e4ea54104ec38f5fe4c792d4d3d1865de34bb4c3,llm_kernelshap,qwen36_27b_local,full,0.2,,5,1.0,1.0,-0.18359999999999996,0.18359999999999996,5,0
openstack,FN,1c6b2fce289b68af92afeddf8d30efcda1903f06,llm_kernelshap,qwen36_27b_local,full,0.2,,1,0.4,0.6,0.019600000000000062,0.041199999999999994,5,0
openstack,FN,1c6b2fce289b68af92afeddf8d30efcda1903f06,llm_kernelshap,qwen36_27b_local,full,0.2,,2,0.4,0.6,0.019600000000000062,0.041199999999999994,5,0
openstack,FN,1c6b2fce289b68af92afeddf8d30efcda1903f06,llm_kernelshap,qwen36_27b_local,full,0.2,,3,0.4,0.6,0.019600000000000062,0.041199999999999994,5,0
openstack,FN,1c6b2fce289b68af92afeddf8d30efcda1903f06,llm_kernelshap,qwen36_27b_local,full,0.2,,4,0.4,0.6,0.019600000000000062,0.041199999999999994,5,0
openstack,FN,1c6b2fce289b68af92afeddf8d30efcda1903f06,llm_kernelshap,qwen36_27b_local,full,0.2,,5,0.4,0.6,0.019600000000000062,0.041199999999999994,5,0
openstack,FN,8ccdc4ac5053c6e39660044a9f8c1f695370e9a7,llm_kernelshap,qwen36_27b_local,full,0.2,,1,0.8,1.0,0.05960000000000001,0.07400000000000002,5,0
openstack,FN,8ccdc4ac5053c6e39660044a9f8c1f695370e9a7,llm_kernelshap,qwen36_27b_local,full,0.2,,2,0.8,1.0,0.05960000000000001,0.07400000000000002,5,0
openstack,FN,8ccdc4ac5053c6e39660044a9f8c1f695370e9a7,llm_kernelshap,qwen36_27b_local,full,0.2,,3,0.8,1.0,0.05960000000000001,0.07400000000000002,5,0
openstack,FN,8ccdc4ac5053c6e39660044a9f8c1f695370e9a7,llm_kernelshap,qwen36_27b_local,full,0.2,,4,0.8,1.0,0.05960000000000001,0.07400000000000002,5,0
openstack,FN,8ccdc4ac5053c6e39660044a9f8c1f695370e9a7,llm_kernelshap,qwen36_27b_local,full,0.2,,5,0.8,1.0,0.05960000000000001,0.07400000000000002,5,0
openstack,FP,a985e34cdeef777fe7ff943e363a5f1be6d991b7,llm_kernelshap,qwen36_27b_local,full,0.2,,1,0.8,1.0,-0.09280000000000002,0.09280000000000002,5,0
openstack,FP,a985e34cdeef777fe7ff943e363a5f1be6d991b7,llm_kernelshap,qwen36_27b_local,full,0.2,,2,0.8,1.0,-0.09280000000000002,0.09280000000000002,5,0
openstack,FP,a985e34cdeef777fe7ff943e363a5f1be6d991b7,llm_kernelshap,qwen36_27b_local,full,0.2,,3,0.8,1.0,-0.09280000000000002,0.09280000000000002,5,0
openstack,FP,a985e34cdeef777fe7ff943e363a5f1be6d991b7,llm_kernelshap,qwen36_27b_local,full,0.2,,4,0.8,1.0,-0.09280000000000002,0.09280000000000002,5,0
openstack,FP,a985e34cdeef777fe7ff943e363a5f1be6d991b7,llm_kernelshap,qwen36_27b_local,full,0.2,,5,0.8,1.0,-0.09280000000000002,0.09280000000000002,5,0
openstack,TP,3b28cb2a10f7746a32cb7f7b62b6fc92ebcfb1e5,llm_kernelshap,qwen36_27b_local,full,0.2,,1,1.0,1.0,-0.2072,0.2072,5,0
openstack,TP,3b28cb2a10f7746a32cb7f7b62b6fc92ebcfb1e5,llm_kernelshap,qwen36_27b_local,full,0.2,,2,1.0,1.0,-0.2072,0.2072,5,0
openstack,TP,3b28cb2a10f7746a32cb7f7b62b6fc92ebcfb1e5,llm_kernelshap,qwen36_27b_local,full,0.2,,3,1.0,1.0,-0.2072,0.2072,5,0
openstack,TP,3b28cb2a10f7746a32cb7f7b62b6fc92ebcfb1e5,llm_kernelshap,qwen36_27b_local,full,0.2,,4,1.0,1.0,-0.2072,0.2072,5,0
openstack,TP,3b28cb2a10f7746a32cb7f7b62b6fc92ebcfb1e5,llm_kernelshap,qwen36_27b_local,full,0.2,,5,1.0,1.0,-0.2072,0.2072,5,0
openstack,FN,c2c37272bf788aac63399127cddd487dc0f15c38,llm_kernelshap,qwen36_27b_local,full,0.2,,1,0.4,0.6,-0.019200000000000016,0.03200000000000003,5,0
openstack,FN,c2c37272bf788aac63399127cddd487dc0f15c38,llm_kernelshap,qwen36_27b_local,full,0.2,,2,0.2,0.6,-0.02360000000000002,0.03640000000000003,5,0
openstack,FN,c2c37272bf788aac63399127cddd487dc0f15c38,llm_kernelshap,qwen36_27b_local,full,0.2,,3,0.4,0.8,-0.04400000000000004,0.048800000000000045,5,0
openstack,FN,c2c37272bf788aac63399127cddd487dc0f15c38,llm_kernelshap,qwen36_27b_local,full,0.2,,4,0.2,0.6,-0.02360000000000002,0.03640000000000003,5,0
openstack,FN,c2c37272bf788aac63399127cddd487dc0f15c38,llm_kernelshap,qwen36_27b_local,full,0.2,,5,0.6,0.8,-0.03960000000000004,0.04440000000000004,5,0
openstack,FN,37510ac03478704bafba89e8c4f4e0e9041d661d,llm_kernelshap,qwen36_27b_local,full,0.2,,1,0.8,0.6,0.09559999999999999,0.09559999999999999,5,0
openstack,FN,37510ac03478704bafba89e8c4f4e0e9041d661d,llm_kernelshap,qwen36_27b_local,full,0.2,,2,0.4,0.8,0.11320000000000001,0.11320000000000001,5,0
openstack,FN,37510ac03478704bafba89e8c4f4e0e9041d661d,llm_kernelshap,qwen36_27b_local,full,0.2,,3,0.8,0.8,0.1052,0.1052,5,0
openstack,FN,37510ac03478704bafba89e8c4f4e0e9041d661d,llm_kernelshap,qwen36_27b_local,full,0.2,,4,0.4,0.4,0.08,0.08,5,0
openstack,FN,37510ac03478704bafba89e8c4f4e0e9041d661d,llm_kernelshap,qwen36_27b_local,full,0.2,,5,0.6,0.6,0.09559999999999999,0.09559999999999999,5,0
openstack,TN,5cc9d999352c21d3f4b5c39d3ea9d4378ca86544,llm_kernelshap,qwen36_27b_local,full,0.2,,1,0.6,0.8,0.02160000000000002,0.06640000000000001,5,0
openstack,TN,5cc9d999352c21d3f4b5c39d3ea9d4378ca86544,llm_kernelshap,qwen36_27b_local,full,0.2,,2,0.2,0.6,0.03200000000000001,0.04960000000000002,5,0
openstack,TN,5cc9d999352c21d3f4b5c39d3ea9d4378ca86544,llm_kernelshap,qwen36_27b_local,full,0.2,,3,0.2,0.6,0.03480000000000001,0.04840000000000002,5,0
openstack,TN,5cc9d999352c21d3f4b5c39d3ea9d4378ca86544,llm_kernelshap,qwen36_27b_local,full,0.2,,4,0.4,0.8,-0.04079999999999999,0.12240000000000002,5,0
openstack,TN,5cc9d999352c21d3f4b5c39d3ea9d4378ca86544,llm_kernelshap,qwen36_27b_local,full,0.2,,5,0.4,0.6,0.03600000000000001,0.05360000000000002,5,0
openstack,FP,ce12d7a1e53fffce57baab18de2ab885ba1df8ee,llm_kernelshap,qwen36_27b_local,full,0.2,,1,0.8,0.6,-0.06920000000000001,0.094,5,0
openstack,FP,ce12d7a1e53fffce57baab18de2ab885ba1df8ee,llm_kernelshap,qwen36_27b_local,full,0.2,,2,1.0,0.4,-0.0772,0.08600000000000001,5,0
openstack,FP,ce12d7a1e53fffce57baab18de2ab885ba1df8ee,llm_kernelshap,qwen36_27b_local,full,0.2,,3,1.0,0.4,-0.0772,0.08600000000000001,5,0
openstack,FP,ce12d7a1e53fffce57baab18de2ab885ba1df8ee,llm_kernelshap,qwen36_27b_local,full,0.2,,4,0.8,0.4,-0.0772,0.08600000000000001,5,0
openstack,FP,ce12d7a1e53fffce57baab18de2ab885ba1df8ee,llm_kernelshap,qwen36_27b_local,full,0.2,,5,1.0,0.4,-0.0772,0.08600000000000001,5,0
openstack,FN,221f386029faf499c5a445374685cba5b67df31e,llm_kernelshap,qwen36_27b_local,full,0.2,,1,0.8,0.8,0.027600000000000048,0.10679999999999998,5,0
openstack,FN,221f386029faf499c5a445374685cba5b67df31e,llm_kernelshap,qwen36_27b_local,full,0.2,,2,0.8,0.8,0.027600000000000048,0.10679999999999998,5,0
openstack,FN,221f386029faf499c5a445374685cba5b67df31e,llm_kernelshap,qwen36_27b_local,full,0.2,,3,0.6,0.8,0.006800000000000051,0.086,5,0
openstack,FN,221f386029faf499c5a445374685cba5b67df31e,llm_kernelshap,qwen36_27b_local,full,0.2,,4,0.6,0.8,0.048800000000000045,0.0992,5,0
openstack,FN,221f386029faf499c5a445374685cba5b67df31e,llm_kernelshap,qwen36_27b_local,full,0.2,,5,0.6,0.8,0.006800000000000051,0.086,5,0
openstack,FP,3eea37b85b1abc72786a2b24baf01141b4d95f08,llm_kernelshap,qwen36_27b_local,full,0.2,,1,0.8,1.0,-0.15800000000000006,0.15800000000000006,5,0
openstack,FP,3eea37b85b1abc72786a2b24baf01141b4d95f08,llm_kernelshap,qwen36_27b_local,full,0.2,,2,0.8,1.0,-0.15800000000000006,0.15800000000000006,5,0
openstack,FP,3eea37b85b1abc72786a2b24baf01141b4d95f08,llm_kernelshap,qwen36_27b_local,full,0.2,,3,0.8,1.0,-0.15800000000000006,0.15800000000000006,5,0
openstack,FP,3eea37b85b1abc72786a2b24baf01141b4d95f08,llm_kernelshap,qwen36_27b_local,full,0.2,,4,0.8,1.0,-0.15800000000000006,0.15800000000000006,5,0
openstack,FP,3eea37b85b1abc72786a2b24baf01141b4d95f08,llm_kernelshap,qwen36_27b_local,full,0.2,,5,0.8,1.0,-0.15800000000000006,0.15800000000000006,5,0
openstack,FN,589c495c1ae62129e20ab5e2641e330541eee01f,llm_kernelshap,qwen36_27b_local,full,0.2,,1,0.6,0.6,0.07799999999999993,0.08119999999999994,5,0
openstack,FN,589c495c1ae62129e20ab5e2641e330541eee01f,llm_kernelshap,qwen36_27b_local,full,0.2,,2,0.6,0.6,0.07799999999999993,0.08119999999999994,5,0
openstack,FN,589c495c1ae62129e20ab5e2641e330541eee01f,llm_kernelshap,qwen36_27b_local,full,0.2,,3,0.6,0.6,0.08039999999999994,0.08359999999999994,5,0
openstack,FN,589c495c1ae62129e20ab5e2641e330541eee01f,llm_kernelshap,qwen36_27b_local,full,0.2,,4,0.6,0.6,0.07799999999999993,0.08119999999999994,5,0
openstack,FN,589c495c1ae62129e20ab5e2641e330541eee01f,llm_kernelshap,qwen36_27b_local,full,0.2,,5,0.6,0.6,0.07799999999999993,0.08119999999999994,5,0
openstack,FP,750e065d6d137715dd03d5c90623145177f64cbb,llm_kernelshap,qwen36_27b_local,full,0.2,,1,0.8,1.0,-0.1716,0.1716,5,0
openstack,FP,750e065d6d137715dd03d5c90623145177f64cbb,llm_kernelshap,qwen36_27b_local,full,0.2,,2,0.8,0.8,-0.15,0.1532,5,0
openstack,FP,750e065d6d137715dd03d5c90623145177f64cbb,llm_kernelshap,qwen36_27b_local,full,0.2,,3,0.8,0.8,-0.15,0.1532,5,0
openstack,FP,750e065d6d137715dd03d5c90623145177f64cbb,llm_kernelshap,qwen36_27b_local,full,0.2,,4,0.6,0.8,-0.15560000000000002,0.15560000000000002,5,0
openstack,FP,750e065d6d137715dd03d5c90623145177f64cbb,llm_kernelshap,qwen36_27b_local,full,0.2,,5,0.8,0.8,-0.15,0.1532,5,0
openstack,FP,4b53e4edf9f7f8c794316d3a0920d727723d1bab,llm_lime,qwen36_27b_local,full,0.2,,1,1.0,0.8,-0.22640000000000005,0.23040000000000002,5,0
openstack,FP,4b53e4edf9f7f8c794316d3a0920d727723d1bab,llm_lime,qwen36_27b_local,full,0.2,,2,1.0,0.8,-0.22640000000000005,0.23040000000000002,5,0
openstack,FP,4b53e4edf9f7f8c794316d3a0920d727723d1bab,llm_lime,qwen36_27b_local,full,0.2,,3,1.0,0.8,-0.22640000000000005,0.23040000000000002,5,0
openstack,FP,4b53e4edf9f7f8c794316d3a0920d727723d1bab,llm_lime,qwen36_27b_local,full,0.2,,4,1.0,0.8,-0.22640000000000005,0.23040000000000002,5,0
openstack,FP,4b53e4edf9f7f8c794316d3a0920d727723d1bab,llm_lime,qwen36_27b_local,full,0.2,,5,1.0,0.8,-0.23600000000000004,0.24000000000000002,5,0
openstack,TN,467b4e4d419f0ca5db8468516d64ffec5cedc67e,llm_lime,qwen36_27b_local,full,0.2,,1,0.8,0.8,-0.09200000000000005,0.09200000000000005,5,0
openstack,TN,467b4e4d419f0ca5db8468516d64ffec5cedc67e,llm_lime,qwen36_27b_local,full,0.2,,2,0.8,1.0,-0.10560000000000007,0.10560000000000007,5,0
openstack,TN,467b4e4d419f0ca5db8468516d64ffec5cedc67e,llm_lime,qwen36_27b_local,full,0.2,,3,0.8,0.8,-0.09200000000000005,0.09200000000000005,5,0
openstack,TN,467b4e4d419f0ca5db8468516d64ffec5cedc67e,llm_lime,qwen36_27b_local,full,0.2,,4,0.8,0.8,-0.09200000000000005,0.09200000000000005,5,0
openstack,TN,467b4e4d419f0ca5db8468516d64ffec5cedc67e,llm_lime,qwen36_27b_local,full,0.2,,5,0.8,1.0,-0.10560000000000007,0.10560000000000007,5,0
openstack,TP,eaf6340847c35ace3b4b681a95b8a79a7a3f2491,llm_lime,qwen36_27b_local,full,0.2,,1,1.0,0.8,-0.1744,0.1768,5,0
openstack,TP,eaf6340847c35ace3b4b681a95b8a79a7a3f2491,llm_lime,qwen36_27b_local,full,0.2,,2,1.0,0.8,-0.1744,0.1768,5,0
openstack,TP,eaf6340847c35ace3b4b681a95b8a79a7a3f2491,llm_lime,qwen36_27b_local,full,0.2,,3,1.0,0.8,-0.1744,0.1768,5,0
openstack,TP,eaf6340847c35ace3b4b681a95b8a79a7a3f2491,llm_lime,qwen36_27b_local,full,0.2,,4,1.0,0.8,-0.1744,0.1768,5,0
openstack,TP,eaf6340847c35ace3b4b681a95b8a79a7a3f2491,llm_lime,qwen36_27b_local,full,0.2,,5,1.0,0.8,-0.1744,0.1768,5,0
openstack,TP,fd351903a1759109f66d0c66d42cd3a1b7f23861,llm_lime,qwen36_27b_local,full,0.2,,1,1.0,1.0,-0.21280000000000004,0.21280000000000004,5,0
openstack,TP,fd351903a1759109f66d0c66d42cd3a1b7f23861,llm_lime,qwen36_27b_local,full,0.2,,2,1.0,1.0,-0.21280000000000004,0.21280000000000004,5,0
openstack,TP,fd351903a1759109f66d0c66d42cd3a1b7f23861,llm_lime,qwen36_27b_local,full,0.2,,3,0.8,1.0,-0.21560000000000004,0.21560000000000004,5,0
openstack,TP,fd351903a1759109f66d0c66d42cd3a1b7f23861,llm_lime,qwen36_27b_local,full,0.2,,4,1.0,1.0,-0.21280000000000004,0.21280000000000004,5,0
openstack,TP,fd351903a1759109f66d0c66d42cd3a1b7f23861,llm_lime,qwen36_27b_local,full,0.2,,5,1.0,1.0,-0.21280000000000004,0.21280000000000004,5,0
openstack,FP,2530ccff8f0a0105d1626c65616080b27682e129,llm_lime,qwen36_27b_local,full,0.2,,1,1.0,0.8,-0.13119999999999998,0.14079999999999998,5,0
openstack,FP,2530ccff8f0a0105d1626c65616080b27682e129,llm_lime,qwen36_27b_local,full,0.2,,2,1.0,0.8,-0.13119999999999998,0.14079999999999998,5,0
openstack,FP,2530ccff8f0a0105d1626c65616080b27682e129,llm_lime,qwen36_27b_local,full,0.2,,3,1.0,0.8,-0.13119999999999998,0.14079999999999998,5,0
openstack,FP,2530ccff8f0a0105d1626c65616080b27682e129,llm_lime,qwen36_27b_local,full,0.2,,4,1.0,0.8,-0.13119999999999998,0.14079999999999998,5,0
openstack,FP,2530ccff8f0a0105d1626c65616080b27682e129,llm_lime,qwen36_27b_local,full,0.2,,5,1.0,0.8,-0.13119999999999998,0.14079999999999998,5,0
openstack,FN,1476b030bd53deddd85468c0d8b545d8f8f30f19,llm_lime,qwen36_27b_local,full,0.2,,1,1.0,1.0,-0.049599999999999936,0.049599999999999936,5,0
openstack,FN,1476b030bd53deddd85468c0d8b545d8f8f30f19,llm_lime,qwen36_27b_local,full,0.2,,2,1.0,1.0,-0.04399999999999993,0.04399999999999993,5,0
openstack,FN,1476b030bd53deddd85468c0d8b545d8f8f30f19,llm_lime,qwen36_27b_local,full,0.2,,3,1.0,1.0,-0.049599999999999936,0.049599999999999936,5,0
openstack,FN,1476b030bd53deddd85468c0d8b545d8f8f30f19,llm_lime,qwen36_27b_local,full,0.2,,4,1.0,1.0,-0.029199999999999938,0.04279999999999995,5,0
openstack,FN,1476b030bd53deddd85468c0d8b545d8f8f30f19,llm_lime,qwen36_27b_local,full,0.2,,5,1.0,1.0,-0.049599999999999936,0.049599999999999936,5,0
openstack,TP,83a5f90f82b40be4c74685f557d6af0f8a3b1a30,llm_lime,qwen36_27b_local,full,0.2,,1,1.0,1.0,-0.2324,0.2324,5,0
openstack,TP,83a5f90f82b40be4c74685f557d6af0f8a3b1a30,llm_lime,qwen36_27b_local,full,0.2,,2,1.0,1.0,-0.2492,0.2492,5,0
openstack,TP,83a5f90f82b40be4c74685f557d6af0f8a3b1a30,llm_lime,qwen36_27b_local,full,0.2,,3,1.0,1.0,-0.2492,0.2492,5,0
openstack,TP,83a5f90f82b40be4c74685f557d6af0f8a3b1a30,llm_lime,qwen36_27b_local,full,0.2,,4,1.0,1.0,-0.2324,0.2324,5,0
openstack,TP,83a5f90f82b40be4c74685f557d6af0f8a3b1a30,llm_lime,qwen36_27b_local,full,0.2,,5,1.0,1.0,-0.236,0.236,5,0
openstack,TP,6f1a1f5e8ead9ceb145e13927cd9ae7fdca9add4,llm_lime,qwen36_27b_local,full,0.2,,1,1.0,1.0,-0.1996,0.21400000000000002,5,0
openstack,TP,6f1a1f5e8ead9ceb145e13927cd9ae7fdca9add4,llm_lime,qwen36_27b_local,full,0.2,,2,1.0,1.0,-0.1824,0.19680000000000003,5,0
openstack,TP,6f1a1f5e8ead9ceb145e13927cd9ae7fdca9add4,llm_lime,qwen36_27b_local,full,0.2,,3,1.0,1.0,-0.20800000000000002,0.22240000000000001,5,0
openstack,TP,6f1a1f5e8ead9ceb145e13927cd9ae7fdca9add4,llm_lime,qwen36_27b_local,full,0.2,,4,1.0,1.0,-0.1836,0.198,5,0
openstack,TP,6f1a1f5e8ead9ceb145e13927cd9ae7fdca9add4,llm_lime,qwen36_27b_local,full,0.2,,5,1.0,1.0,-0.19360000000000002,0.20800000000000002,5,0
openstack,FP,e847eed4a5600b6812338bb4903a0cffcde7f1f3,llm_lime,qwen36_27b_local,full,0.2,,1,1.0,0.8,-0.1516,0.1564,5,0
openstack,FP,e847eed4a5600b6812338bb4903a0cffcde7f1f3,llm_lime,qwen36_27b_local,full,0.2,,2,1.0,0.8,-0.13880000000000003,0.14360000000000003,5,0
openstack,FP,e847eed4a5600b6812338bb4903a0cffcde7f1f3,llm_lime,qwen36_27b_local,full,0.2,,3,0.6,0.8,-0.17560000000000003,0.18040000000000003,5,0
openstack,FP,e847eed4a5600b6812338bb4903a0cffcde7f1f3,llm_lime,qwen36_27b_local,full,0.2,,4,0.6,0.8,-0.17560000000000003,0.18040000000000003,5,0
openstack,FP,e847eed4a5600b6812338bb4903a0cffcde7f1f3,llm_lime,qwen36_27b_local,full,0.2,,5,1.0,0.8,-0.18080000000000002,0.18560000000000001,5,0
openstack,TP,e7bdd19f0ed7d4c61d195735ee43a11da78f97d6,llm_lime,qwen36_27b_local,full,0.2,,1,1.0,1.0,-0.40640000000000004,0.40640000000000004,5,0
openstack,TP,e7bdd19f0ed7d4c61d195735ee43a11da78f97d6,llm_lime,qwen36_27b_local,full,0.2,,2,1.0,1.0,-0.38480000000000003,0.38480000000000003,5,0
openstack,TP,e7bdd19f0ed7d4c61d195735ee43a11da78f97d6,llm_lime,qwen36_27b_local,full,0.2,,3,1.0,1.0,-0.4136,0.4136,5,0
openstack,TP,e7bdd19f0ed7d4c61d195735ee43a11da78f97d6,llm_lime,qwen36_27b_local,full,0.2,,4,1.0,1.0,-0.4136,0.4136,5,0
openstack,TP,e7bdd19f0ed7d4c61d195735ee43a11da78f97d6,llm_lime,qwen36_27b_local,full,0.2,,5,1.0,1.0,-0.38480000000000003,0.38480000000000003,5,0
openstack,TN,936f765b855d7af14ae557383f0dcc6fd9e8655c,llm_lime,qwen36_27b_local,full,0.2,,1,1.0,0.8,-0.060799999999999965,0.060799999999999965,5,0
openstack,TN,936f765b855d7af14ae557383f0dcc6fd9e8655c,llm_lime,qwen36_27b_local,full,0.2,,2,0.8,0.8,-0.05599999999999996,0.05999999999999996,5,0
openstack,TN,936f765b855d7af14ae557383f0dcc6fd9e8655c,llm_lime,qwen36_27b_local,full,0.2,,3,1.0,0.8,-0.060799999999999965,0.060799999999999965,5,0
openstack,TN,936f765b855d7af14ae557383f0dcc6fd9e8655c,llm_lime,qwen36_27b_local,full,0.2,,4,1.0,0.75,-0.053999999999999965,0.053999999999999965,4,0
openstack,TN,936f765b855d7af14ae557383f0dcc6fd9e8655c,llm_lime,qwen36_27b_local,full,0.2,,5,1.0,0.8,-0.060799999999999965,0.060799999999999965,5,0
openstack,FP,034db863a02ce38a520e4b8aa3a65e1ccdb37f30,llm_lime,qwen36_27b_local,full,0.2,,1,1.0,1.0,-0.22240000000000004,0.22240000000000004,5,0
openstack,FP,034db863a02ce38a520e4b8aa3a65e1ccdb37f30,llm_lime,qwen36_27b_local,full,0.2,,2,1.0,1.0,-0.22240000000000004,0.22240000000000004,5,0
openstack,FP,034db863a02ce38a520e4b8aa3a65e1ccdb37f30,llm_lime,qwen36_27b_local,full,0.2,,3,1.0,1.0,-0.22240000000000004,0.22240000000000004,5,0
openstack,FP,034db863a02ce38a520e4b8aa3a65e1ccdb37f30,llm_lime,qwen36_27b_local,full,0.2,,4,1.0,1.0,-0.22240000000000004,0.22240000000000004,5,0
openstack,FP,034db863a02ce38a520e4b8aa3a65e1ccdb37f30,llm_lime,qwen36_27b_local,full,0.2,,5,1.0,1.0,-0.23120000000000004,0.23120000000000004,5,0
openstack,FN,ab1cb6378f136ae8adcb0027385b43763e402cca,llm_lime,qwen36_27b_local,full,0.2,,1,0.75,1.0,0.007499999999999979,0.06850000000000003,4,0
openstack,FN,ab1cb6378f136ae8adcb0027385b43763e402cca,llm_lime,qwen36_27b_local,full,0.2,,2,0.8,1.0,-0.008000000000000007,0.06880000000000001,5,0
openstack,FN,ab1cb6378f136ae8adcb0027385b43763e402cca,llm_lime,qwen36_27b_local,full,0.2,,3,0.8,1.0,-0.008000000000000007,0.06880000000000001,5,0
openstack,FN,ab1cb6378f136ae8adcb0027385b43763e402cca,llm_lime,qwen36_27b_local,full,0.2,,4,0.75,1.0,0.007499999999999979,0.06850000000000003,4,0
openstack,FN,ab1cb6378f136ae8adcb0027385b43763e402cca,llm_lime,qwen36_27b_local,full,0.2,,5,0.75,1.0,0.007499999999999979,0.06850000000000003,4,0
openstack,TP,7cfdf4aa811fb708d9fed4e36aec79c26d19cfee,llm_lime,qwen36_27b_local,full,0.2,,1,1.0,1.0,-0.28919999999999996,0.28919999999999996,5,0
openstack,TP,7cfdf4aa811fb708d9fed4e36aec79c26d19cfee,llm_lime,qwen36_27b_local,full,0.2,,2,1.0,1.0,-0.26199999999999996,0.26199999999999996,5,0
openstack,TP,7cfdf4aa811fb708d9fed4e36aec79c26d19cfee,llm_lime,qwen36_27b_local,full,0.2,,3,1.0,1.0,-0.26199999999999996,0.26199999999999996,5,0
openstack,TP,7cfdf4aa811fb708d9fed4e36aec79c26d19cfee,llm_lime,qwen36_27b_local,full,0.2,,4,1.0,1.0,-0.26199999999999996,0.26199999999999996,5,0
openstack,TP,7cfdf4aa811fb708d9fed4e36aec79c26d19cfee,llm_lime,qwen36_27b_local,full,0.2,,5,1.0,1.0,-0.26199999999999996,0.26199999999999996,5,0
openstack,TP,e55a5f412bf6bc343eb8bb11348afe57c2012066,llm_lime,qwen36_27b_local,full,0.2,,1,1.0,1.0,-0.2672,0.2672,5,0
openstack,TP,e55a5f412bf6bc343eb8bb11348afe57c2012066,llm_lime,qwen36_27b_local,full,0.2,,2,1.0,1.0,-0.2508,0.2508,5,0
openstack,TP,e55a5f412bf6bc343eb8bb11348afe57c2012066,llm_lime,qwen36_27b_local,full,0.2,,3,1.0,1.0,-0.24,0.24,5,0
openstack,TP,e55a5f412bf6bc343eb8bb11348afe57c2012066,llm_lime,qwen36_27b_local,full,0.2,,4,1.0,1.0,-0.24,0.24,5,0
openstack,TP,e55a5f412bf6bc343eb8bb11348afe57c2012066,llm_lime,qwen36_27b_local,full,0.2,,5,1.0,1.0,-0.24,0.24,5,0
openstack,TN,8b44c9df29572efca928c1d36fa3e7a90e94caa0,llm_lime,qwen36_27b_local,full,0.2,,1,0.4,0.2,-0.012800000000000011,0.015200000000000014,5,0
openstack,TN,8b44c9df29572efca928c1d36fa3e7a90e94caa0,llm_lime,qwen36_27b_local,full,0.2,,2,0.25,0.25,-0.010000000000000009,0.013000000000000012,4,0
openstack,TN,8b44c9df29572efca928c1d36fa3e7a90e94caa0,llm_lime,qwen36_27b_local,full,0.2,,3,0.6,0.4,-0.04680000000000002,0.04920000000000002,5,0
openstack,TN,8b44c9df29572efca928c1d36fa3e7a90e94caa0,llm_lime,qwen36_27b_local,full,0.2,,4,0.8,0.6,-0.06400000000000002,0.06640000000000001,5,0
openstack,TN,8b44c9df29572efca928c1d36fa3e7a90e94caa0,llm_lime,qwen36_27b_local,full,0.2,,5,0.4,0.2,-0.012800000000000011,0.015200000000000014,5,0
openstack,TN,4d75cbf3c35a8aa917d3970beac99d612f13eed3,llm_lime,qwen36_27b_local,full,0.2,,1,1.0,0.2,0.01120000000000001,0.02080000000000002,5,0
openstack,TN,4d75cbf3c35a8aa917d3970beac99d612f13eed3,llm_lime,qwen36_27b_local,full,0.2,,2,0.8,0.4,0.001200000000000001,0.02360000000000002,5,0
openstack,TN,4d75cbf3c35a8aa917d3970beac99d612f13eed3,llm_lime,qwen36_27b_local,full,0.2,,3,0.8,0.6,0.02080000000000002,0.03440000000000003,5,0
openstack,TN,4d75cbf3c35a8aa917d3970beac99d612f13eed3,llm_lime,qwen36_27b_local,full,0.2,,4,0.8,0.6,0.02080000000000002,0.03440000000000003,5,0
openstack,TN,4d75cbf3c35a8aa917d3970beac99d612f13eed3,llm_lime,qwen36_27b_local,full,0.2,,5,0.8,0.6,0.02080000000000002,0.03440000000000003,5,0
openstack,TN,2ecaad46a737c24965ae81fc19947db9264de684,llm_lime,qwen36_27b_local,full,0.2,,1,0.8,0.4,-0.02080000000000004,0.03200000000000001,5,0
openstack,TN,2ecaad46a737c24965ae81fc19947db9264de684,llm_lime,qwen36_27b_local,full,0.2,,2,0.8,0.2,-0.01960000000000004,0.030800000000000004,5,0
openstack,TN,2ecaad46a737c24965ae81fc19947db9264de684,llm_lime,qwen36_27b_local,full,0.2,,3,0.6,0.4,-0.022800000000000042,0.03400000000000001,5,0
openstack,TN,2ecaad46a737c24965ae81fc19947db9264de684,llm_lime,qwen36_27b_local,full,0.2,,4,0.8,0.4,-0.02080000000000004,0.03200000000000001,5,0
openstack,TN,2ecaad46a737c24965ae81fc19947db9264de684,llm_lime,qwen36_27b_local,full,0.2,,5,0.8,0.4,-0.02080000000000004,0.03200000000000001,5,0
openstack,TN,bfb9d3f179607c25f91d77585f97df6d0704c253,llm_lime,qwen36_27b_local,full,0.2,,1,1.0,0.6,-0.04720000000000002,0.04720000000000002,5,0
openstack,TN,bfb9d3f179607c25f91d77585f97df6d0704c253,llm_lime,qwen36_27b_local,full,0.2,,2,0.8,0.8,-0.057600000000000026,0.057600000000000026,5,0
openstack,TN,bfb9d3f179607c25f91d77585f97df6d0704c253,llm_lime,qwen36_27b_local,full,0.2,,3,1.0,0.8,-0.054400000000000025,0.054400000000000025,5,0
openstack,TN,bfb9d3f179607c25f91d77585f97df6d0704c253,llm_lime,qwen36_27b_local,full,0.2,,4,1.0,0.6,-0.04720000000000002,0.04720000000000002,5,0
openstack,TN,bfb9d3f179607c25f91d77585f97df6d0704c253,llm_lime,qwen36_27b_local,full,0.2,,5,1.0,0.6,-0.04720000000000002,0.04720000000000002,5,0
openstack,FP,bfcd4b2f1be3ab37ae0801dd523ce952577cda14,llm_lime,qwen36_27b_local,full,0.2,,1,1.0,1.0,-0.1768,0.1768,5,0
openstack,FP,bfcd4b2f1be3ab37ae0801dd523ce952577cda14,llm_lime,qwen36_27b_local,full,0.2,,2,1.0,1.0,-0.1768,0.1768,5,0
openstack,FP,bfcd4b2f1be3ab37ae0801dd523ce952577cda14,llm_lime,qwen36_27b_local,full,0.2,,3,1.0,1.0,-0.1768,0.1768,5,0
openstack,FP,bfcd4b2f1be3ab37ae0801dd523ce952577cda14,llm_lime,qwen36_27b_local,full,0.2,,4,1.0,1.0,-0.1768,0.1768,5,0
openstack,FP,bfcd4b2f1be3ab37ae0801dd523ce952577cda14,llm_lime,qwen36_27b_local,full,0.2,,5,1.0,1.0,-0.1768,0.1768,5,0
openstack,TP,c08f99c7e072e349632684d565bcac357ce93b6d,llm_lime,qwen36_27b_local,full,0.2,,1,1.0,0.8,-0.20720000000000002,0.2088,5,0
openstack,TP,c08f99c7e072e349632684d565bcac357ce93b6d,llm_lime,qwen36_27b_local,full,0.2,,2,1.0,0.8,-0.21320000000000003,0.21480000000000002,5,0
openstack,TP,c08f99c7e072e349632684d565bcac357ce93b6d,llm_lime,qwen36_27b_local,full,0.2,,3,1.0,0.8,-0.20720000000000002,0.2088,5,0
openstack,TP,c08f99c7e072e349632684d565bcac357ce93b6d,llm_lime,qwen36_27b_local,full,0.2,,4,1.0,0.8,-0.20720000000000002,0.2088,5,0
openstack,TP,c08f99c7e072e349632684d565bcac357ce93b6d,llm_lime,qwen36_27b_local,full,0.2,,5,1.0,0.8,-0.20720000000000002,0.2088,5,0
openstack,TN,1a3f2e8f44f0138d0328312e07b1341970c7903a,llm_lime,qwen36_27b_local,full,0.2,,1,0.6,0.6,-0.06439999999999999,0.06439999999999999,5,0
openstack,TN,1a3f2e8f44f0138d0328312e07b1341970c7903a,llm_lime,qwen36_27b_local,full,0.2,,2,0.8,0.8,-0.056399999999999985,0.056399999999999985,5,0
openstack,TN,1a3f2e8f44f0138d0328312e07b1341970c7903a,llm_lime,qwen36_27b_local,full,0.2,,3,0.8,0.8,-0.056399999999999985,0.056399999999999985,5,0
openstack,TN,1a3f2e8f44f0138d0328312e07b1341970c7903a,llm_lime,qwen36_27b_local,full,0.2,,4,0.8,1.0,-0.08839999999999999,0.08839999999999999,5,0
openstack,TN,1a3f2e8f44f0138d0328312e07b1341970c7903a,llm_lime,qwen36_27b_local,full,0.2,,5,0.8,1.0,-0.08839999999999999,0.08839999999999999,5,0
openstack,TP,45662d77a2da77714f8e792e86ebd64a52270ef5,llm_lime,qwen36_27b_local,full,0.2,,1,0.8,1.0,-0.2,0.2,5,0
openstack,TP,45662d77a2da77714f8e792e86ebd64a52270ef5,llm_lime,qwen36_27b_local,full,0.2,,2,0.8,1.0,-0.2,0.2,5,0
openstack,TP,45662d77a2da77714f8e792e86ebd64a52270ef5,llm_lime,qwen36_27b_local,full,0.2,,3,0.8,1.0,-0.17880000000000001,0.2052,5,0
openstack,TP,45662d77a2da77714f8e792e86ebd64a52270ef5,llm_lime,qwen36_27b_local,full,0.2,,4,0.8,1.0,-0.17880000000000001,0.2052,5,0
openstack,TP,45662d77a2da77714f8e792e86ebd64a52270ef5,llm_lime,qwen36_27b_local,full,0.2,,5,0.8,1.0,-0.17880000000000001,0.2052,5,0
openstack,TP,6f31523b314e7ac4ad83d13842cf2fa1014c39b2,llm_lime,qwen36_27b_local,full,0.2,,1,0.6,1.0,-0.18279999999999996,0.18279999999999996,5,0
openstack,TP,6f31523b314e7ac4ad83d13842cf2fa1014c39b2,llm_lime,qwen36_27b_local,full,0.2,,2,0.6,1.0,-0.16359999999999997,0.16359999999999997,5,0
openstack,TP,6f31523b314e7ac4ad83d13842cf2fa1014c39b2,llm_lime,qwen36_27b_local,full,0.2,,3,0.4,1.0,-0.13959999999999995,0.13959999999999995,5,0
openstack,TP,6f31523b314e7ac4ad83d13842cf2fa1014c39b2,llm_lime,qwen36_27b_local,full,0.2,,4,0.6,1.0,-0.13839999999999997,0.13839999999999997,5,0
openstack,TP,6f31523b314e7ac4ad83d13842cf2fa1014c39b2,llm_lime,qwen36_27b_local,full,0.2,,5,1.0,1.0,-0.14159999999999995,0.14159999999999995,5,0
openstack,FP,410a83c89de9912207574999b3736a550ed253ba,llm_lime,qwen36_27b_local,full,0.2,,1,0.8,0.8,-0.15560000000000004,0.15560000000000004,5,0
openstack,FP,410a83c89de9912207574999b3736a550ed253ba,llm_lime,qwen36_27b_local,full,0.2,,2,0.8,0.8,-0.13440000000000005,0.13440000000000005,5,0
openstack,FP,410a83c89de9912207574999b3736a550ed253ba,llm_lime,qwen36_27b_local,full,0.2,,3,0.8,0.8,-0.13440000000000005,0.13440000000000005,5,0
openstack,FP,410a83c89de9912207574999b3736a550ed253ba,llm_lime,qwen36_27b_local,full,0.2,,4,0.8,0.8,-0.13440000000000005,0.13440000000000005,5,0
openstack,FP,410a83c89de9912207574999b3736a550ed253ba,llm_lime,qwen36_27b_local,full,0.2,,5,0.8,0.8,-0.13440000000000005,0.13440000000000005,5,0
openstack,FP,4e2919e6b208a2e95d75782f9cad0a6f0892d983,llm_lime,qwen36_27b_local,full,0.2,,1,1.0,0.6,-0.12280000000000006,0.12360000000000002,5,0
openstack,FP,4e2919e6b208a2e95d75782f9cad0a6f0892d983,llm_lime,qwen36_27b_local,full,0.2,,2,1.0,0.6,-0.12520000000000006,0.12600000000000003,5,0
openstack,FP,4e2919e6b208a2e95d75782f9cad0a6f0892d983,llm_lime,qwen36_27b_local,full,0.2,,3,0.8,0.8,-0.14160000000000006,0.14160000000000006,5,0
openstack,FP,4e2919e6b208a2e95d75782f9cad0a6f0892d983,llm_lime,qwen36_27b_local,full,0.2,,4,1.0,0.6,-0.12280000000000006,0.12360000000000002,5,0
openstack,FP,4e2919e6b208a2e95d75782f9cad0a6f0892d983,llm_lime,qwen36_27b_local,full,0.2,,5,1.0,0.6,-0.12280000000000006,0.12360000000000002,5,0
openstack,FP,558f7b00f56f37adaa68239c9ce95d25b2d65f56,llm_lime,qwen36_27b_local,full,0.2,,1,1.0,0.8,-0.16200000000000003,0.1652,5,0
openstack,FP,558f7b00f56f37adaa68239c9ce95d25b2d65f56,llm_lime,qwen36_27b_local,full,0.2,,2,1.0,0.8,-0.16200000000000003,0.1652,5,0
openstack,FP,558f7b00f56f37adaa68239c9ce95d25b2d65f56,llm_lime,qwen36_27b_local,full,0.2,,3,1.0,0.8,-0.16200000000000003,0.1652,5,0
openstack,FP,558f7b00f56f37adaa68239c9ce95d25b2d65f56,llm_lime,qwen36_27b_local,full,0.2,,4,1.0,0.8,-0.16200000000000003,0.1652,5,0
openstack,FP,558f7b00f56f37adaa68239c9ce95d25b2d65f56,llm_lime,qwen36_27b_local,full,0.2,,5,1.0,0.8,-0.16200000000000003,0.1652,5,0
openstack,TN,70fad48add19cc565726f098e1e7a2165b24cc77,llm_lime,qwen36_27b_local,full,0.2,,1,1.0,0.4,-0.04440000000000004,0.053200000000000004,5,0
openstack,TN,70fad48add19cc565726f098e1e7a2165b24cc77,llm_lime,qwen36_27b_local,full,0.2,,2,1.0,0.6,-0.05720000000000005,0.06600000000000002,5,0
openstack,TN,70fad48add19cc565726f098e1e7a2165b24cc77,llm_lime,qwen36_27b_local,full,0.2,,3,0.8,0.4,-0.04440000000000004,0.053200000000000004,5,0
openstack,TN,70fad48add19cc565726f098e1e7a2165b24cc77,llm_lime,qwen36_27b_local,full,0.2,,4,1.0,0.8,-0.05480000000000005,0.06360000000000002,5,0
openstack,TN,70fad48add19cc565726f098e1e7a2165b24cc77,llm_lime,qwen36_27b_local,full,0.2,,5,1.0,0.6,-0.04520000000000004,0.054000000000000006,5,0
openstack,TP,76d3c644f3f5866a5c07f80b66132d81b8b57e78,llm_lime,qwen36_27b_local,full,0.2,,1,1.0,0.8,-0.30560000000000004,0.31279999999999997,5,0
openstack,TP,76d3c644f3f5866a5c07f80b66132d81b8b57e78,llm_lime,qwen36_27b_local,full,0.2,,2,1.0,0.8,-0.30560000000000004,0.31279999999999997,5,0
openstack,TP,76d3c644f3f5866a5c07f80b66132d81b8b57e78,llm_lime,qwen36_27b_local,full,0.2,,3,1.0,0.8,-0.30560000000000004,0.31279999999999997,5,0
openstack,TP,76d3c644f3f5866a5c07f80b66132d81b8b57e78,llm_lime,qwen36_27b_local,full,0.2,,4,1.0,0.8,-0.32320000000000004,0.3304,5,0
openstack,TP,76d3c644f3f5866a5c07f80b66132d81b8b57e78,llm_lime,qwen36_27b_local,full,0.2,,5,1.0,0.8,-0.32320000000000004,0.3304,5,0
openstack,FN,2b60912d5667350eae7ecbc67d4dba3658518d10,llm_lime,qwen36_27b_local,full,0.2,,1,0.6,0.6,-0.026800000000000025,0.0516,5,0
openstack,FN,2b60912d5667350eae7ecbc67d4dba3658518d10,llm_lime,qwen36_27b_local,full,0.2,,2,0.6,0.4,-0.004000000000000026,0.028800000000000003,5,0
openstack,FN,2b60912d5667350eae7ecbc67d4dba3658518d10,llm_lime,qwen36_27b_local,full,0.2,,3,0.6,0.6,-0.026800000000000025,0.0516,5,0
openstack,FN,2b60912d5667350eae7ecbc67d4dba3658518d10,llm_lime,qwen36_27b_local,full,0.2,,4,0.6,0.6,-0.026800000000000025,0.0516,5,0
openstack,FN,2b60912d5667350eae7ecbc67d4dba3658518d10,llm_lime,qwen36_27b_local,full,0.2,,5,0.6,0.6,-0.026800000000000025,0.0516,5,0
openstack,TP,88c62c1ca290c1d2a33ff192a302e492a4b11cb3,llm_lime,qwen36_27b_local,full,0.2,,1,0.6,0.6,-0.09600000000000002,0.10000000000000002,5,0
openstack,TP,88c62c1ca290c1d2a33ff192a302e492a4b11cb3,llm_lime,qwen36_27b_local,full,0.2,,2,0.6,0.8,-0.12200000000000003,0.12440000000000004,5,0
openstack,TP,88c62c1ca290c1d2a33ff192a302e492a4b11cb3,llm_lime,qwen36_27b_local,full,0.2,,3,0.6,0.8,-0.07840000000000003,0.11760000000000001,5,0
openstack,TP,88c62c1ca290c1d2a33ff192a302e492a4b11cb3,llm_lime,qwen36_27b_local,full,0.2,,4,1.0,0.6,-0.10000000000000002,0.10160000000000002,5,0
openstack,TP,88c62c1ca290c1d2a33ff192a302e492a4b11cb3,llm_lime,qwen36_27b_local,full,0.2,,5,1.0,0.6,-0.10000000000000002,0.10160000000000002,5,0
openstack,FP,296da649452f66dd15a15ee4274ab0f8609250e2,llm_lime,qwen36_27b_local,full,0.2,,1,1.0,1.0,-0.17880000000000001,0.17880000000000001,5,0
openstack,FP,296da649452f66dd15a15ee4274ab0f8609250e2,llm_lime,qwen36_27b_local,full,0.2,,2,1.0,0.8,-0.1796,0.1796,5,0
openstack,FP,296da649452f66dd15a15ee4274ab0f8609250e2,llm_lime,qwen36_27b_local,full,0.2,,3,1.0,1.0,-0.17880000000000001,0.17880000000000001,5,0
openstack,FP,296da649452f66dd15a15ee4274ab0f8609250e2,llm_lime,qwen36_27b_local,full,0.2,,4,1.0,0.8,-0.1796,0.1796,5,0
openstack,FP,296da649452f66dd15a15ee4274ab0f8609250e2,llm_lime,qwen36_27b_local,full,0.2,,5,1.0,0.8,-0.1724,0.1724,5,0
openstack,TP,379cf65d82b11f5e6f8732a585d5373beda85046,llm_lime,qwen36_27b_local,full,0.2,,1,1.0,1.0,-0.12879999999999997,0.14479999999999998,5,0
openstack,TP,379cf65d82b11f5e6f8732a585d5373beda85046,llm_lime,qwen36_27b_local,full,0.2,,2,1.0,1.0,-0.17959999999999998,0.1956,5,0
openstack,TP,379cf65d82b11f5e6f8732a585d5373beda85046,llm_lime,qwen36_27b_local,full,0.2,,3,1.0,1.0,-0.12879999999999997,0.14479999999999998,5,0
openstack,TP,379cf65d82b11f5e6f8732a585d5373beda85046,llm_lime,qwen36_27b_local,full,0.2,,4,1.0,1.0,-0.16879999999999998,0.1848,5,0
openstack,TP,379cf65d82b11f5e6f8732a585d5373beda85046,llm_lime,qwen36_27b_local,full,0.2,,5,1.0,1.0,-0.17959999999999998,0.1956,5,0
openstack,TN,79a1a113775df87d420b242cea4bbf953df3779c,llm_lime,qwen36_27b_local,full,0.2,,1,0.6,0.6,-0.07600000000000003,0.07600000000000003,5,0
openstack,TN,79a1a113775df87d420b242cea4bbf953df3779c,llm_lime,qwen36_27b_local,full,0.2,,2,0.8,0.6,-0.05800000000000003,0.0796,5,0
openstack,TN,79a1a113775df87d420b242cea4bbf953df3779c,llm_lime,qwen36_27b_local,full,0.2,,3,0.6,0.6,-0.07600000000000003,0.07600000000000003,5,0
openstack,TN,79a1a113775df87d420b242cea4bbf953df3779c,llm_lime,qwen36_27b_local,full,0.2,,4,0.8,0.6,-0.07600000000000003,0.07600000000000003,5,0
openstack,TN,79a1a113775df87d420b242cea4bbf953df3779c,llm_lime,qwen36_27b_local,full,0.2,,5,0.8,0.6,-0.06080000000000001,0.07680000000000002,5,0
openstack,TN,dd444d84759d7b3c17e7c3e97f9565546f9d3df2,llm_lime,qwen36_27b_local,full,0.2,,1,0.8,0.8,-0.056399999999999985,0.056399999999999985,5,0
openstack,TN,dd444d84759d7b3c17e7c3e97f9565546f9d3df2,llm_lime,qwen36_27b_local,full,0.2,,2,0.6,1.0,-0.08279999999999998,0.08279999999999998,5,0
openstack,TN,dd444d84759d7b3c17e7c3e97f9565546f9d3df2,llm_lime,qwen36_27b_local,full,0.2,,3,0.6,0.8,-0.058799999999999984,0.058799999999999984,5,0
openstack,TN,dd444d84759d7b3c17e7c3e97f9565546f9d3df2,llm_lime,qwen36_27b_local,full,0.2,,4,0.8,1.0,-0.08319999999999998,0.08319999999999998,5,0
openstack,TN,dd444d84759d7b3c17e7c3e97f9565546f9d3df2,llm_lime,qwen36_27b_local,full,0.2,,5,0.6,0.8,-0.058799999999999984,0.058799999999999984,5,0
openstack,TN,747373f4bdfe4814000a88e4443b56545d5d55bd,llm_lime,qwen36_27b_local,full,0.2,,1,1.0,0.8,-0.01759999999999997,0.039999999999999994,5,0
openstack,TN,747373f4bdfe4814000a88e4443b56545d5d55bd,llm_lime,qwen36_27b_local,full,0.2,,2,1.0,0.8,-0.015599999999999992,0.03800000000000001,5,0
openstack,TN,747373f4bdfe4814000a88e4443b56545d5d55bd,llm_lime,qwen36_27b_local,full,0.2,,3,1.0,0.8,-0.01639999999999999,0.038800000000000015,5,0
openstack,TN,747373f4bdfe4814000a88e4443b56545d5d55bd,llm_lime,qwen36_27b_local,full,0.2,,4,1.0,0.8,-0.015599999999999992,0.03800000000000001,5,0
openstack,TN,747373f4bdfe4814000a88e4443b56545d5d55bd,llm_lime,qwen36_27b_local,full,0.2,,5,1.0,0.8,-0.015599999999999992,0.03800000000000001,5,0
openstack,FN,763fd62464e9a0753e061171cc1fd826055bbc01,llm_lime,qwen36_27b_local,full,0.2,,1,0.6,0.6,0.06599999999999995,0.07399999999999995,5,0
openstack,FN,763fd62464e9a0753e061171cc1fd826055bbc01,llm_lime,qwen36_27b_local,full,0.2,,2,1.0,0.8,0.07639999999999995,0.08439999999999996,5,0
openstack,FN,763fd62464e9a0753e061171cc1fd826055bbc01,llm_lime,qwen36_27b_local,full,0.2,,3,1.0,0.8,0.07639999999999995,0.08439999999999996,5,0
openstack,FN,763fd62464e9a0753e061171cc1fd826055bbc01,llm_lime,qwen36_27b_local,full,0.2,,4,1.0,0.8,0.07079999999999995,0.07879999999999995,5,0
openstack,FN,763fd62464e9a0753e061171cc1fd826055bbc01,llm_lime,qwen36_27b_local,full,0.2,,5,1.0,1.0,0.08399999999999994,0.08399999999999994,5,0
openstack,FN,267eea50fd9e9c74faa96d529a7ec2fd8aa8d51f,llm_lime,qwen36_27b_local,full,0.2,,1,0.8,0.4,-0.04079999999999998,0.0616,5,0
openstack,FN,267eea50fd9e9c74faa96d529a7ec2fd8aa8d51f,llm_lime,qwen36_27b_local,full,0.2,,2,0.8,0.4,-0.04079999999999998,0.0616,5,0
openstack,FN,267eea50fd9e9c74faa96d529a7ec2fd8aa8d51f,llm_lime,qwen36_27b_local,full,0.2,,3,0.8,0.6,-0.06759999999999998,0.086,5,0
openstack,FN,267eea50fd9e9c74faa96d529a7ec2fd8aa8d51f,llm_lime,qwen36_27b_local,full,0.2,,4,0.8,0.4,-0.003599999999999981,0.024399999999999998,5,0
openstack,FN,267eea50fd9e9c74faa96d529a7ec2fd8aa8d51f,llm_lime,qwen36_27b_local,full,0.2,,5,0.8,0.4,-0.04079999999999998,0.0616,5,0
openstack,TN,978066fe31a5331f143a05e1fd753c729b2dcf09,llm_lime,qwen36_27b_local,full,0.2,,1,0.6,0.4,-0.008799999999999964,0.031199999999999985,5,0
openstack,TN,978066fe31a5331f143a05e1fd753c729b2dcf09,llm_lime,qwen36_27b_local,full,0.2,,2,0.6,0.4,-0.017999999999999926,0.02279999999999993,5,0
openstack,TN,978066fe31a5331f143a05e1fd753c729b2dcf09,llm_lime,qwen36_27b_local,full,0.2,,3,0.6,0.4,-0.008799999999999964,0.031199999999999985,5,0
openstack,TN,978066fe31a5331f143a05e1fd753c729b2dcf09,llm_lime,qwen36_27b_local,full,0.2,,4,0.6,0.6,-0.015199999999999946,0.03519999999999997,5,0
openstack,TN,978066fe31a5331f143a05e1fd753c729b2dcf09,llm_lime,qwen36_27b_local,full,0.2,,5,0.6,0.6,-0.02119999999999993,0.036399999999999946,5,0
openstack,TN,545925c66cb3ee005aa7e497ad4b3c97eb2f410b,llm_lime,qwen36_27b_local,full,0.2,,1,1.0,0.8,-0.03920000000000003,0.06160000000000001,5,0
openstack,TN,545925c66cb3ee005aa7e497ad4b3c97eb2f410b,llm_lime,qwen36_27b_local,full,0.2,,2,1.0,0.8,-0.03840000000000003,0.06080000000000001,5,0
openstack,TN,545925c66cb3ee005aa7e497ad4b3c97eb2f410b,llm_lime,qwen36_27b_local,full,0.2,,3,1.0,0.6,-0.030000000000000027,0.0524,5,0
openstack,TN,545925c66cb3ee005aa7e497ad4b3c97eb2f410b,llm_lime,qwen36_27b_local,full,0.2,,4,1.0,0.6,-0.028400000000000026,0.0508,5,0
openstack,TN,545925c66cb3ee005aa7e497ad4b3c97eb2f410b,llm_lime,qwen36_27b_local,full,0.2,,5,1.0,0.6,-0.030000000000000027,0.0524,5,0
openstack,FN,bc6ca87a6a01ecbda926a78d07cadbd4e3ab97e0,llm_lime,qwen36_27b_local,full,0.2,,1,0.6,0.4,0.034399999999999965,0.05279999999999998,5,0
openstack,FN,bc6ca87a6a01ecbda926a78d07cadbd4e3ab97e0,llm_lime,qwen36_27b_local,full,0.2,,2,0.8,0.6,0.06279999999999994,0.06279999999999994,5,0
openstack,FN,bc6ca87a6a01ecbda926a78d07cadbd4e3ab97e0,llm_lime,qwen36_27b_local,full,0.2,,3,0.5,0.5,0.04949999999999996,0.05949999999999997,4,0
openstack,FN,bc6ca87a6a01ecbda926a78d07cadbd4e3ab97e0,llm_lime,qwen36_27b_local,full,0.2,,4,0.5,0.5,0.04949999999999996,0.05949999999999997,4,0
openstack,FN,bc6ca87a6a01ecbda926a78d07cadbd4e3ab97e0,llm_lime,qwen36_27b_local,full,0.2,,5,0.5,0.5,0.04949999999999996,0.05949999999999997,4,0
openstack,FP,280cc7c5ae4b07a9a1e23b8f9cc925be9872c8e1,llm_lime,qwen36_27b_local,full,0.2,,1,0.8,1.0,-0.12599999999999997,0.142,5,0
openstack,FP,280cc7c5ae4b07a9a1e23b8f9cc925be9872c8e1,llm_lime,qwen36_27b_local,full,0.2,,2,0.8,0.8,-0.13759999999999997,0.13759999999999997,5,0
openstack,FP,280cc7c5ae4b07a9a1e23b8f9cc925be9872c8e1,llm_lime,qwen36_27b_local,full,0.2,,3,1.0,1.0,-0.12599999999999997,0.142,5,0
openstack,FP,280cc7c5ae4b07a9a1e23b8f9cc925be9872c8e1,llm_lime,qwen36_27b_local,full,0.2,,4,0.8,0.8,-0.10919999999999998,0.12519999999999998,5,0
openstack,FP,280cc7c5ae4b07a9a1e23b8f9cc925be9872c8e1,llm_lime,qwen36_27b_local,full,0.2,,5,0.8,0.8,-0.10919999999999998,0.12519999999999998,5,0
openstack,FP,6aecf475dbff9c7d477378c021749b987d47deae,llm_lime,qwen36_27b_local,full,0.2,,1,1.0,0.8,-0.1896,0.1952,5,0
openstack,FP,6aecf475dbff9c7d477378c021749b987d47deae,llm_lime,qwen36_27b_local,full,0.2,,2,1.0,0.8,-0.1896,0.1952,5,0
openstack,FP,6aecf475dbff9c7d477378c021749b987d47deae,llm_lime,qwen36_27b_local,full,0.2,,3,1.0,0.8,-0.1896,0.1952,5,0
openstack,FP,6aecf475dbff9c7d477378c021749b987d47deae,llm_lime,qwen36_27b_local,full,0.2,,4,1.0,0.8,-0.1896,0.1952,5,0
openstack,FP,6aecf475dbff9c7d477378c021749b987d47deae,llm_lime,qwen36_27b_local,full,0.2,,5,1.0,0.8,-0.1896,0.1952,5,0
openstack,FP,baa52224dc73e8ca3bdcbdaa5d62bc26fb38052f,llm_lime,qwen36_27b_local,full,0.2,,1,1.0,0.8,-0.17959999999999998,0.17959999999999998,5,0
openstack,FP,baa52224dc73e8ca3bdcbdaa5d62bc26fb38052f,llm_lime,qwen36_27b_local,full,0.2,,2,1.0,0.8,-0.17959999999999998,0.17959999999999998,5,0
openstack,FP,baa52224dc73e8ca3bdcbdaa5d62bc26fb38052f,llm_lime,qwen36_27b_local,full,0.2,,3,0.6,0.8,-0.16719999999999996,0.16719999999999996,5,0
openstack,FP,baa52224dc73e8ca3bdcbdaa5d62bc26fb38052f,llm_lime,qwen36_27b_local,full,0.2,,4,0.8,0.8,-0.18919999999999998,0.18919999999999998,5,0
openstack,FP,baa52224dc73e8ca3bdcbdaa5d62bc26fb38052f,llm_lime,qwen36_27b_local,full,0.2,,5,0.8,0.8,-0.17679999999999996,0.17679999999999996,5,0
openstack,TN,d2e40a3e49819dace92975de3e3d7ba3a3fac79d,llm_lime,qwen36_27b_local,full,0.2,,1,0.8,0.6,-0.08639999999999999,0.08639999999999999,5,0
openstack,TN,d2e40a3e49819dace92975de3e3d7ba3a3fac79d,llm_lime,qwen36_27b_local,full,0.2,,2,1.0,0.4,-0.07039999999999999,0.0776,5,0
openstack,TN,d2e40a3e49819dace92975de3e3d7ba3a3fac79d,llm_lime,qwen36_27b_local,full,0.2,,3,1.0,0.6,-0.0676,0.08120000000000001,5,0
openstack,TN,d2e40a3e49819dace92975de3e3d7ba3a3fac79d,llm_lime,qwen36_27b_local,full,0.2,,4,0.8,0.6,-0.08559999999999998,0.08559999999999998,5,0
openstack,TN,d2e40a3e49819dace92975de3e3d7ba3a3fac79d,llm_lime,qwen36_27b_local,full,0.2,,5,1.0,0.4,-0.0764,0.0764,5,0
openstack,TN,57566f4c8d2929c25e76564883369a7c6eda720a,llm_lime,qwen36_27b_local,full,0.2,,1,0.8,0.6,-0.01479999999999997,0.03639999999999999,5,0
openstack,TN,57566f4c8d2929c25e76564883369a7c6eda720a,llm_lime,qwen36_27b_local,full,0.2,,2,0.8,0.4,0.00040000000000002257,0.030800000000000004,5,0
openstack,TN,57566f4c8d2929c25e76564883369a7c6eda720a,llm_lime,qwen36_27b_local,full,0.2,,3,0.8,0.6,-0.01479999999999997,0.03639999999999999,5,0
openstack,TN,57566f4c8d2929c25e76564883369a7c6eda720a,llm_lime,qwen36_27b_local,full,0.2,,4,0.8,0.6,-0.017199999999999948,0.038799999999999966,5,0
openstack,TN,57566f4c8d2929c25e76564883369a7c6eda720a,llm_lime,qwen36_27b_local,full,0.2,,5,0.8,0.4,-0.0019999999999999575,0.033199999999999986,5,0
openstack,TP,03db94ebaa3fc2c76694fd566e2c9eefbf851a7f,llm_lime,qwen36_27b_local,full,0.2,,1,1.0,1.0,-0.22560000000000002,0.22560000000000002,5,0
openstack,TP,03db94ebaa3fc2c76694fd566e2c9eefbf851a7f,llm_lime,qwen36_27b_local,full,0.2,,2,1.0,1.0,-0.2076,0.2076,5,0
openstack,TP,03db94ebaa3fc2c76694fd566e2c9eefbf851a7f,llm_lime,qwen36_27b_local,full,0.2,,3,1.0,1.0,-0.15360000000000001,0.1688,5,0
openstack,TP,03db94ebaa3fc2c76694fd566e2c9eefbf851a7f,llm_lime,qwen36_27b_local,full,0.2,,4,1.0,1.0,-0.2132,0.22840000000000002,5,0
openstack,TP,03db94ebaa3fc2c76694fd566e2c9eefbf851a7f,llm_lime,qwen36_27b_local,full,0.2,,5,1.0,1.0,-0.2132,0.22840000000000002,5,0
openstack,FN,703ba3c4e3d0b442c3097b6c844a59e560c09fe8,llm_lime,qwen36_27b_local,full,0.2,,1,1.0,0.2,0.01639999999999995,0.024399999999999956,5,0
openstack,FN,703ba3c4e3d0b442c3097b6c844a59e560c09fe8,llm_lime,qwen36_27b_local,full,0.2,,2,1.0,0.2,0.01959999999999995,0.02119999999999995,5,0
openstack,FN,703ba3c4e3d0b442c3097b6c844a59e560c09fe8,llm_lime,qwen36_27b_local,full,0.2,,3,1.0,0.4,0.0015999999999999348,0.03919999999999997,5,0
openstack,FN,703ba3c4e3d0b442c3097b6c844a59e560c09fe8,llm_lime,qwen36_27b_local,full,0.2,,4,1.0,0.4,0.0015999999999999348,0.03919999999999997,5,0
openstack,FN,703ba3c4e3d0b442c3097b6c844a59e560c09fe8,llm_lime,qwen36_27b_local,full,0.2,,5,1.0,0.4,-0.0008000000000000451,0.033599999999999984,5,0
openstack,FN,e3df049cad2b7a264acbad4d6baecbc813546e5d,llm_lime,qwen36_27b_local,full,0.2,,1,0.6,0.4,-0.05839999999999997,0.07279999999999999,5,0
openstack,FN,e3df049cad2b7a264acbad4d6baecbc813546e5d,llm_lime,qwen36_27b_local,full,0.2,,2,0.75,0.5,-0.07749999999999997,0.08649999999999998,4,0
openstack,FN,e3df049cad2b7a264acbad4d6baecbc813546e5d,llm_lime,qwen36_27b_local,full,0.2,,3,0.6,0.4,-0.05839999999999997,0.07279999999999999,5,0
openstack,FN,e3df049cad2b7a264acbad4d6baecbc813546e5d,llm_lime,qwen36_27b_local,full,0.2,,4,0.6,0.4,-0.05759999999999997,0.07359999999999998,5,0
openstack,FN,e3df049cad2b7a264acbad4d6baecbc813546e5d,llm_lime,qwen36_27b_local,full,0.2,,5,0.75,0.5,-0.07749999999999997,0.08649999999999998,4,0
openstack,FN,d1b3adfbe471ad99ddf0dd2b483b77435c157aea,llm_lime,qwen36_27b_local,full,0.2,,1,0.8,0.8,0.05800000000000003,0.09640000000000001,5,0
openstack,FN,d1b3adfbe471ad99ddf0dd2b483b77435c157aea,llm_lime,qwen36_27b_local,full,0.2,,2,0.8,0.8,0.05800000000000003,0.09640000000000001,5,0
openstack,FN,d1b3adfbe471ad99ddf0dd2b483b77435c157aea,llm_lime,qwen36_27b_local,full,0.2,,3,0.8,0.8,0.05800000000000003,0.09640000000000001,5,0
openstack,FN,d1b3adfbe471ad99ddf0dd2b483b77435c157aea,llm_lime,qwen36_27b_local,full,0.2,,4,1.0,0.8,0.09240000000000004,0.09960000000000005,5,0
openstack,FN,d1b3adfbe471ad99ddf0dd2b483b77435c157aea,llm_lime,qwen36_27b_local,full,0.2,,5,0.8,0.8,0.05800000000000003,0.09640000000000001,5,0
openstack,TN,87be408b126e81ded85b03896f9c85f8a8d4ac90,llm_lime,qwen36_27b_local,full,0.2,,1,0.8,0.6,-0.0284,0.05400000000000003,5,0
openstack,TN,87be408b126e81ded85b03896f9c85f8a8d4ac90,llm_lime,qwen36_27b_local,full,0.2,,2,0.8,0.6,-0.0284,0.05400000000000003,5,0
openstack,TN,87be408b126e81ded85b03896f9c85f8a8d4ac90,llm_lime,qwen36_27b_local,full,0.2,,3,0.8,0.6,-0.0284,0.05400000000000003,5,0
openstack,TN,87be408b126e81ded85b03896f9c85f8a8d4ac90,llm_lime,qwen36_27b_local,full,0.2,,4,0.8,0.6,-0.0284,0.05400000000000003,5,0
openstack,TN,87be408b126e81ded85b03896f9c85f8a8d4ac90,llm_lime,qwen36_27b_local,full,0.2,,5,0.8,0.4,-0.019599999999999996,0.050000000000000024,5,0
openstack,TP,22c9cf3d95c3d14351045bac2920b4e0994ec42f,llm_lime,qwen36_27b_local,full,0.2,,1,1.0,1.0,-0.3176,0.3176,5,0
openstack,TP,22c9cf3d95c3d14351045bac2920b4e0994ec42f,llm_lime,qwen36_27b_local,full,0.2,,2,1.0,1.0,-0.3176,0.3176,5,0
openstack,TP,22c9cf3d95c3d14351045bac2920b4e0994ec42f,llm_lime,qwen36_27b_local,full,0.2,,3,1.0,0.8,-0.27079999999999993,0.27079999999999993,5,0
openstack,TP,22c9cf3d95c3d14351045bac2920b4e0994ec42f,llm_lime,qwen36_27b_local,full,0.2,,4,1.0,1.0,-0.3176,0.3176,5,0
openstack,TP,22c9cf3d95c3d14351045bac2920b4e0994ec42f,llm_lime,qwen36_27b_local,full,0.2,,5,1.0,0.8,-0.28839999999999993,0.28839999999999993,5,0
openstack,TP,092820939d53268152893a15fdaf5129554fbcb3,llm_lime,qwen36_27b_local,full,0.2,,1,1.0,0.8,-0.15320000000000003,0.2092,5,0
openstack,TP,092820939d53268152893a15fdaf5129554fbcb3,llm_lime,qwen36_27b_local,full,0.2,,2,1.0,0.8,-0.15320000000000003,0.2092,5,0
openstack,TP,092820939d53268152893a15fdaf5129554fbcb3,llm_lime,qwen36_27b_local,full,0.2,,3,1.0,0.8,-0.15320000000000003,0.2092,5,0
openstack,TP,092820939d53268152893a15fdaf5129554fbcb3,llm_lime,qwen36_27b_local,full,0.2,,4,1.0,1.0,-0.22560000000000002,0.272,5,0
openstack,TP,092820939d53268152893a15fdaf5129554fbcb3,llm_lime,qwen36_27b_local,full,0.2,,5,1.0,0.8,-0.15320000000000003,0.2092,5,0
openstack,TN,dd13c2784b5aec539197d1b76fafc6a6b38a33e8,llm_lime,qwen36_27b_local,full,0.2,,1,0.6,0.8,0.035599999999999965,0.0764,5,0
openstack,TN,dd13c2784b5aec539197d1b76fafc6a6b38a33e8,llm_lime,qwen36_27b_local,full,0.2,,2,0.6,0.8,0.035599999999999965,0.0764,5,0
openstack,TN,dd13c2784b5aec539197d1b76fafc6a6b38a33e8,llm_lime,qwen36_27b_local,full,0.2,,3,1.0,0.8,0.035599999999999965,0.0764,5,0
openstack,TN,dd13c2784b5aec539197d1b76fafc6a6b38a33e8,llm_lime,qwen36_27b_local,full,0.2,,4,0.8,0.8,0.035599999999999965,0.0764,5,0
openstack,TN,dd13c2784b5aec539197d1b76fafc6a6b38a33e8,llm_lime,qwen36_27b_local,full,0.2,,5,0.6,0.8,0.035599999999999965,0.0764,5,0
openstack,TP,40eaa89a9001edda3e1146831b26aaf7ded64c4a,llm_lime,qwen36_27b_local,full,0.2,,1,1.0,0.8,-0.21,0.21,5,0
openstack,TP,40eaa89a9001edda3e1146831b26aaf7ded64c4a,llm_lime,qwen36_27b_local,full,0.2,,2,1.0,0.8,-0.212,0.212,5,0
openstack,TP,40eaa89a9001edda3e1146831b26aaf7ded64c4a,llm_lime,qwen36_27b_local,full,0.2,,3,1.0,0.8,-0.21,0.21,5,0
openstack,TP,40eaa89a9001edda3e1146831b26aaf7ded64c4a,llm_lime,qwen36_27b_local,full,0.2,,4,1.0,0.8,-0.198,0.198,5,0
openstack,TP,40eaa89a9001edda3e1146831b26aaf7ded64c4a,llm_lime,qwen36_27b_local,full,0.2,,5,1.0,0.8,-0.198,0.198,5,0
openstack,TN,1e6538d43e76b867776cf226e1d6d6c900412f99,llm_lime,qwen36_27b_local,full,0.2,,1,1.0,0.8,-0.0844,0.0844,5,0
openstack,TN,1e6538d43e76b867776cf226e1d6d6c900412f99,llm_lime,qwen36_27b_local,full,0.2,,2,1.0,0.8,-0.0844,0.0844,5,0
openstack,TN,1e6538d43e76b867776cf226e1d6d6c900412f99,llm_lime,qwen36_27b_local,full,0.2,,3,1.0,0.8,-0.0844,0.0844,5,0
openstack,TN,1e6538d43e76b867776cf226e1d6d6c900412f99,llm_lime,qwen36_27b_local,full,0.2,,4,1.0,0.8,-0.0844,0.0844,5,0
openstack,TN,1e6538d43e76b867776cf226e1d6d6c900412f99,llm_lime,qwen36_27b_local,full,0.2,,5,1.0,0.8,-0.0844,0.0844,5,0
openstack,FP,70de423255fd01822188bb9082a0c0cc1c8ec2d0,llm_lime,qwen36_27b_local,full,0.2,,1,1.0,0.8,-0.29480000000000006,0.29640000000000005,5,0
openstack,FP,70de423255fd01822188bb9082a0c0cc1c8ec2d0,llm_lime,qwen36_27b_local,full,0.2,,2,1.0,0.8,-0.32080000000000003,0.3224,5,0
openstack,FP,70de423255fd01822188bb9082a0c0cc1c8ec2d0,llm_lime,qwen36_27b_local,full,0.2,,3,1.0,0.8,-0.32080000000000003,0.3224,5,0
openstack,FP,70de423255fd01822188bb9082a0c0cc1c8ec2d0,llm_lime,qwen36_27b_local,full,0.2,,4,1.0,0.8,-0.32080000000000003,0.3224,5,0
openstack,FP,70de423255fd01822188bb9082a0c0cc1c8ec2d0,llm_lime,qwen36_27b_local,full,0.2,,5,1.0,0.8,-0.30960000000000004,0.31120000000000003,5,0
openstack,TP,56324c12aa58ff9cf46582611b071f3abb743ddf,llm_lime,qwen36_27b_local,full,0.2,,1,1.0,0.8,-0.17360000000000003,0.17360000000000003,5,0
openstack,TP,56324c12aa58ff9cf46582611b071f3abb743ddf,llm_lime,qwen36_27b_local,full,0.2,,2,1.0,0.8,-0.17360000000000003,0.17360000000000003,5,0
openstack,TP,56324c12aa58ff9cf46582611b071f3abb743ddf,llm_lime,qwen36_27b_local,full,0.2,,3,0.6,0.8,-0.14680000000000004,0.14680000000000004,5,0
openstack,TP,56324c12aa58ff9cf46582611b071f3abb743ddf,llm_lime,qwen36_27b_local,full,0.2,,4,1.0,1.0,-0.19400000000000006,0.19400000000000006,5,0
openstack,TP,56324c12aa58ff9cf46582611b071f3abb743ddf,llm_lime,qwen36_27b_local,full,0.2,,5,0.8,0.8,-0.17360000000000003,0.17360000000000003,5,0
openstack,FN,848664f646bf087df59778434daa6feae1e71c74,llm_lime,qwen36_27b_local,full,0.2,,1,1.0,1.0,-0.09439999999999997,0.09439999999999997,5,0
openstack,FN,848664f646bf087df59778434daa6feae1e71c74,llm_lime,qwen36_27b_local,full,0.2,,2,1.0,1.0,-0.10639999999999997,0.10639999999999997,5,0
openstack,FN,848664f646bf087df59778434daa6feae1e71c74,llm_lime,qwen36_27b_local,full,0.2,,3,1.0,1.0,-0.09679999999999996,0.09679999999999996,5,0
openstack,FN,848664f646bf087df59778434daa6feae1e71c74,llm_lime,qwen36_27b_local,full,0.2,,4,1.0,1.0,-0.10639999999999997,0.10639999999999997,5,0
openstack,FN,848664f646bf087df59778434daa6feae1e71c74,llm_lime,qwen36_27b_local,full,0.2,,5,1.0,1.0,-0.09839999999999996,0.09839999999999996,5,0
openstack,FN,91a8cd2952a25b340f5778cace95910e43cbcbb6,llm_lime,qwen36_27b_local,full,0.2,,1,0.8,0.2,0.024399999999999977,0.02839999999999998,5,0
openstack,FN,91a8cd2952a25b340f5778cace95910e43cbcbb6,llm_lime,qwen36_27b_local,full,0.2,,2,0.8,0.2,0.024399999999999977,0.02839999999999998,5,0
openstack,FN,91a8cd2952a25b340f5778cace95910e43cbcbb6,llm_lime,qwen36_27b_local,full,0.2,,3,0.8,0.2,0.024399999999999977,0.02839999999999998,5,0
openstack,FN,91a8cd2952a25b340f5778cace95910e43cbcbb6,llm_lime,qwen36_27b_local,full,0.2,,4,0.8,0.2,0.024399999999999977,0.02839999999999998,5,0
openstack,FN,91a8cd2952a25b340f5778cace95910e43cbcbb6,llm_lime,qwen36_27b_local,full,0.2,,5,0.8,0.2,0.024399999999999977,0.02839999999999998,5,0
openstack,FN,d402747547e1a356c6c2c20b57f52af39b63e831,llm_lime,qwen36_27b_local,full,0.2,,1,0.8,0.8,0.007600000000000029,0.03720000000000001,5,0
openstack,FN,d402747547e1a356c6c2c20b57f52af39b63e831,llm_lime,qwen36_27b_local,full,0.2,,2,0.8,0.6,0.0016000000000000237,0.031200000000000006,5,0
openstack,FN,d402747547e1a356c6c2c20b57f52af39b63e831,llm_lime,qwen36_27b_local,full,0.2,,3,0.8,0.8,-0.03839999999999997,0.0712,5,0
openstack,FN,d402747547e1a356c6c2c20b57f52af39b63e831,llm_lime,qwen36_27b_local,full,0.2,,4,0.8,0.8,-0.018399999999999972,0.0472,5,0
openstack,FN,d402747547e1a356c6c2c20b57f52af39b63e831,llm_lime,qwen36_27b_local,full,0.2,,5,0.8,0.8,0.007600000000000029,0.03720000000000001,5,0
openstack,TN,348b7a9f7d64094d60ece0460aed02b66c52f1b1,llm_lime,qwen36_27b_local,full,0.2,,1,0.8,0.4,-0.0944,0.11120000000000001,5,0
openstack,TN,348b7a9f7d64094d60ece0460aed02b66c52f1b1,llm_lime,qwen36_27b_local,full,0.2,,2,0.8,0.4,-0.0904,0.11440000000000002,5,0
openstack,TN,348b7a9f7d64094d60ece0460aed02b66c52f1b1,llm_lime,qwen36_27b_local,full,0.2,,3,0.8,0.2,0.002400000000000002,0.016000000000000014,5,0
openstack,TN,348b7a9f7d64094d60ece0460aed02b66c52f1b1,llm_lime,qwen36_27b_local,full,0.2,,4,0.8,0.4,-0.0944,0.11120000000000001,5,0
openstack,TN,348b7a9f7d64094d60ece0460aed02b66c52f1b1,llm_lime,qwen36_27b_local,full,0.2,,5,0.6,0.0,0.012400000000000012,0.013200000000000012,5,0
openstack,FP,2bb9e5563c69f79d5da23668b08dd9c88f9d4348,llm_lime,qwen36_27b_local,full,0.2,,1,1.0,1.0,-0.19199999999999998,0.19199999999999998,5,0
openstack,FP,2bb9e5563c69f79d5da23668b08dd9c88f9d4348,llm_lime,qwen36_27b_local,full,0.2,,2,1.0,1.0,-0.17319999999999997,0.17319999999999997,5,0
openstack,FP,2bb9e5563c69f79d5da23668b08dd9c88f9d4348,llm_lime,qwen36_27b_local,full,0.2,,3,1.0,1.0,-0.19199999999999998,0.19199999999999998,5,0
openstack,FP,2bb9e5563c69f79d5da23668b08dd9c88f9d4348,llm_lime,qwen36_27b_local,full,0.2,,4,1.0,1.0,-0.19199999999999998,0.19199999999999998,5,0
openstack,FP,2bb9e5563c69f79d5da23668b08dd9c88f9d4348,llm_lime,qwen36_27b_local,full,0.2,,5,1.0,1.0,-0.19199999999999998,0.19199999999999998,5,0
openstack,TP,5f2b88b1aafb9a35638e54f796685f633428b6a5,llm_lime,qwen36_27b_local,full,0.2,,1,0.8,1.0,-0.16599999999999998,0.16599999999999998,5,0
openstack,TP,5f2b88b1aafb9a35638e54f796685f633428b6a5,llm_lime,qwen36_27b_local,full,0.2,,2,0.8,1.0,-0.15399999999999997,0.15399999999999997,5,0
openstack,TP,5f2b88b1aafb9a35638e54f796685f633428b6a5,llm_lime,qwen36_27b_local,full,0.2,,3,0.8,0.8,-0.1436,0.1436,5,0
openstack,TP,5f2b88b1aafb9a35638e54f796685f633428b6a5,llm_lime,qwen36_27b_local,full,0.2,,4,0.8,1.0,-0.17159999999999997,0.17159999999999997,5,0
openstack,TP,5f2b88b1aafb9a35638e54f796685f633428b6a5,llm_lime,qwen36_27b_local,full,0.2,,5,0.8,0.8,-0.1436,0.1436,5,0
openstack,FN,017dd6b4bcf92c14d49421268cb571c00879f3cc,llm_lime,qwen36_27b_local,full,0.2,,1,0.8,0.6,0.07360000000000003,0.07760000000000003,5,0
openstack,FN,017dd6b4bcf92c14d49421268cb571c00879f3cc,llm_lime,qwen36_27b_local,full,0.2,,2,1.0,0.25,0.047000000000000014,0.05700000000000002,4,0
openstack,FN,017dd6b4bcf92c14d49421268cb571c00879f3cc,llm_lime,qwen36_27b_local,full,0.2,,3,1.0,0.5,0.060500000000000026,0.06550000000000003,4,0
openstack,FN,017dd6b4bcf92c14d49421268cb571c00879f3cc,llm_lime,qwen36_27b_local,full,0.2,,4,0.6,0.6,0.06720000000000004,0.07120000000000004,5,0
openstack,FN,017dd6b4bcf92c14d49421268cb571c00879f3cc,llm_lime,qwen36_27b_local,full,0.2,,5,0.8,0.6,0.06720000000000004,0.07120000000000004,5,0
openstack,FP,41d6b479fe8baf66578044b8773c3b892d64a2c4,llm_lime,qwen36_27b_local,full,0.2,,1,0.8,0.8,-0.12759999999999994,0.13559999999999994,5,0
openstack,FP,41d6b479fe8baf66578044b8773c3b892d64a2c4,llm_lime,qwen36_27b_local,full,0.2,,2,1.0,0.8,-0.13159999999999994,0.13959999999999995,5,0
openstack,FP,41d6b479fe8baf66578044b8773c3b892d64a2c4,llm_lime,qwen36_27b_local,full,0.2,,3,1.0,0.8,-0.13159999999999994,0.13959999999999995,5,0
openstack,FP,41d6b479fe8baf66578044b8773c3b892d64a2c4,llm_lime,qwen36_27b_local,full,0.2,,4,1.0,0.8,-0.11959999999999994,0.12759999999999994,5,0
openstack,FP,41d6b479fe8baf66578044b8773c3b892d64a2c4,llm_lime,qwen36_27b_local,full,0.2,,5,1.0,1.0,-0.16439999999999994,0.16439999999999994,5,0
openstack,FN,913a99c79456abbfef1642e6dc70e6a4ff4e25db,llm_lime,qwen36_27b_local,full,0.2,,1,1.0,0.6,0.11120000000000003,0.11200000000000003,5,0
openstack,FN,913a99c79456abbfef1642e6dc70e6a4ff4e25db,llm_lime,qwen36_27b_local,full,0.2,,2,1.0,0.6,0.11120000000000003,0.11200000000000003,5,0
openstack,FN,913a99c79456abbfef1642e6dc70e6a4ff4e25db,llm_lime,qwen36_27b_local,full,0.2,,3,1.0,0.6,0.11120000000000003,0.11200000000000003,5,0
openstack,FN,913a99c79456abbfef1642e6dc70e6a4ff4e25db,llm_lime,qwen36_27b_local,full,0.2,,4,1.0,0.6,0.11120000000000003,0.11200000000000003,5,0
openstack,FN,913a99c79456abbfef1642e6dc70e6a4ff4e25db,llm_lime,qwen36_27b_local,full,0.2,,5,1.0,0.6,0.11120000000000003,0.11200000000000003,5,0
openstack,FP,e4ea54104ec38f5fe4c792d4d3d1865de34bb4c3,llm_lime,qwen36_27b_local,full,0.2,,1,0.8,0.8,-0.13839999999999997,0.13919999999999996,5,0
openstack,FP,e4ea54104ec38f5fe4c792d4d3d1865de34bb4c3,llm_lime,qwen36_27b_local,full,0.2,,2,0.8,1.0,-0.18359999999999996,0.18359999999999996,5,0
openstack,FP,e4ea54104ec38f5fe4c792d4d3d1865de34bb4c3,llm_lime,qwen36_27b_local,full,0.2,,3,0.8,0.8,-0.13839999999999997,0.13919999999999996,5,0
openstack,FP,e4ea54104ec38f5fe4c792d4d3d1865de34bb4c3,llm_lime,qwen36_27b_local,full,0.2,,4,1.0,0.8,-0.13839999999999997,0.13919999999999996,5,0
openstack,FP,e4ea54104ec38f5fe4c792d4d3d1865de34bb4c3,llm_lime,qwen36_27b_local,full,0.2,,5,0.8,0.8,-0.13839999999999997,0.13919999999999996,5,0
openstack,FN,1c6b2fce289b68af92afeddf8d30efcda1903f06,llm_lime,qwen36_27b_local,full,0.2,,1,0.8,0.6,0.019600000000000062,0.041199999999999994,5,0
openstack,FN,1c6b2fce289b68af92afeddf8d30efcda1903f06,llm_lime,qwen36_27b_local,full,0.2,,2,0.8,0.6,0.019600000000000062,0.041199999999999994,5,0
openstack,FN,1c6b2fce289b68af92afeddf8d30efcda1903f06,llm_lime,qwen36_27b_local,full,0.2,,3,0.8,0.6,0.019600000000000062,0.041199999999999994,5,0
openstack,FN,1c6b2fce289b68af92afeddf8d30efcda1903f06,llm_lime,qwen36_27b_local,full,0.2,,4,0.8,0.6,0.019600000000000062,0.041199999999999994,5,0
openstack,FN,1c6b2fce289b68af92afeddf8d30efcda1903f06,llm_lime,qwen36_27b_local,full,0.2,,5,1.0,0.6,0.019600000000000062,0.041199999999999994,5,0
openstack,FN,8ccdc4ac5053c6e39660044a9f8c1f695370e9a7,llm_lime,qwen36_27b_local,full,0.2,,1,0.8,1.0,0.01200000000000001,0.08240000000000003,5,0
openstack,FN,8ccdc4ac5053c6e39660044a9f8c1f695370e9a7,llm_lime,qwen36_27b_local,full,0.2,,2,0.8,0.8,0.043600000000000014,0.05800000000000003,5,0
openstack,FN,8ccdc4ac5053c6e39660044a9f8c1f695370e9a7,llm_lime,qwen36_27b_local,full,0.2,,3,1.0,1.0,0.028800000000000027,0.08480000000000003,5,0
openstack,FN,8ccdc4ac5053c6e39660044a9f8c1f695370e9a7,llm_lime,qwen36_27b_local,full,0.2,,4,0.8,1.0,0.04960000000000002,0.06400000000000003,5,0
openstack,FN,8ccdc4ac5053c6e39660044a9f8c1f695370e9a7,llm_lime,qwen36_27b_local,full,0.2,,5,1.0,1.0,0.01200000000000001,0.08240000000000003,5,0
openstack,FP,a985e34cdeef777fe7ff943e363a5f1be6d991b7,llm_lime,qwen36_27b_local,full,0.2,,1,1.0,0.8,-0.08320000000000002,0.08560000000000002,5,0
openstack,FP,a985e34cdeef777fe7ff943e363a5f1be6d991b7,llm_lime,qwen36_27b_local,full,0.2,,2,1.0,0.8,-0.08320000000000002,0.08560000000000002,5,0
openstack,FP,a985e34cdeef777fe7ff943e363a5f1be6d991b7,llm_lime,qwen36_27b_local,full,0.2,,3,1.0,0.8,-0.08320000000000002,0.08560000000000002,5,0
openstack,FP,a985e34cdeef777fe7ff943e363a5f1be6d991b7,llm_lime,qwen36_27b_local,full,0.2,,4,1.0,1.0,-0.13440000000000002,0.13440000000000002,5,0
openstack,FP,a985e34cdeef777fe7ff943e363a5f1be6d991b7,llm_lime,qwen36_27b_local,full,0.2,,5,1.0,0.8,-0.08320000000000002,0.08560000000000002,5,0
openstack,TP,3b28cb2a10f7746a32cb7f7b62b6fc92ebcfb1e5,llm_lime,qwen36_27b_local,full,0.2,,1,1.0,0.8,-0.21,0.2164,5,0
openstack,TP,3b28cb2a10f7746a32cb7f7b62b6fc92ebcfb1e5,llm_lime,qwen36_27b_local,full,0.2,,2,1.0,0.8,-0.17919999999999997,0.1856,5,0
openstack,TP,3b28cb2a10f7746a32cb7f7b62b6fc92ebcfb1e5,llm_lime,qwen36_27b_local,full,0.2,,3,1.0,0.8,-0.21,0.2164,5,0
openstack,TP,3b28cb2a10f7746a32cb7f7b62b6fc92ebcfb1e5,llm_lime,qwen36_27b_local,full,0.2,,4,1.0,1.0,-0.2072,0.2072,5,0
openstack,TP,3b28cb2a10f7746a32cb7f7b62b6fc92ebcfb1e5,llm_lime,qwen36_27b_local,full,0.2,,5,1.0,0.8,-0.17919999999999997,0.1856,5,0
openstack,FN,c2c37272bf788aac63399127cddd487dc0f15c38,llm_lime,qwen36_27b_local,full,0.2,,1,0.6,0.6,-0.02200000000000002,0.03480000000000003,5,0
openstack,FN,c2c37272bf788aac63399127cddd487dc0f15c38,llm_lime,qwen36_27b_local,full,0.2,,2,0.6,0.6,-0.029600000000000026,0.042400000000000035,5,0
openstack,FN,c2c37272bf788aac63399127cddd487dc0f15c38,llm_lime,qwen36_27b_local,full,0.2,,3,0.6,0.6,-0.02200000000000002,0.03480000000000003,5,0
openstack,FN,c2c37272bf788aac63399127cddd487dc0f15c38,llm_lime,qwen36_27b_local,full,0.2,,4,0.4,0.4,-0.010000000000000009,0.024400000000000022,5,0
openstack,FN,c2c37272bf788aac63399127cddd487dc0f15c38,llm_lime,qwen36_27b_local,full,0.2,,5,0.6,0.6,-0.019200000000000016,0.03200000000000003,5,0
openstack,FN,37510ac03478704bafba89e8c4f4e0e9041d661d,llm_lime,qwen36_27b_local,full,0.2,,1,0.6,0.6,0.08680000000000003,0.08680000000000003,5,0
openstack,FN,37510ac03478704bafba89e8c4f4e0e9041d661d,llm_lime,qwen36_27b_local,full,0.2,,2,0.6,0.6,0.09280000000000002,0.09280000000000002,5,0
openstack,FN,37510ac03478704bafba89e8c4f4e0e9041d661d,llm_lime,qwen36_27b_local,full,0.2,,3,0.6,0.6,0.08680000000000003,0.08680000000000003,5,0
openstack,FN,37510ac03478704bafba89e8c4f4e0e9041d661d,llm_lime,qwen36_27b_local,full,0.2,,4,0.6,0.6,0.09559999999999999,0.09559999999999999,5,0
openstack,FN,37510ac03478704bafba89e8c4f4e0e9041d661d,llm_lime,qwen36_27b_local,full,0.2,,5,0.8,0.8,0.1076,0.1076,5,0
openstack,TN,5cc9d999352c21d3f4b5c39d3ea9d4378ca86544,llm_lime,qwen36_27b_local,full,0.2,,1,0.25,1.0,0.05700000000000002,0.07400000000000004,4,0
openstack,TN,5cc9d999352c21d3f4b5c39d3ea9d4378ca86544,llm_lime,qwen36_27b_local,full,0.2,,2,0.8,0.6,-0.03199999999999999,0.12160000000000001,5,0
openstack,TN,5cc9d999352c21d3f4b5c39d3ea9d4378ca86544,llm_lime,qwen36_27b_local,full,0.2,,3,0.6,0.6,0.038800000000000015,0.05240000000000002,5,0
openstack,TN,5cc9d999352c21d3f4b5c39d3ea9d4378ca86544,llm_lime,qwen36_27b_local,full,0.2,,4,0.6,0.6,0.038800000000000015,0.05240000000000002,5,0
openstack,TN,5cc9d999352c21d3f4b5c39d3ea9d4378ca86544,llm_lime,qwen36_27b_local,full,0.2,,5,0.25,1.0,-0.05299999999999999,0.15100000000000002,4,0
openstack,FP,ce12d7a1e53fffce57baab18de2ab885ba1df8ee,llm_lime,qwen36_27b_local,full,0.2,,1,0.8,0.4,-0.0772,0.08600000000000001,5,0
openstack,FP,ce12d7a1e53fffce57baab18de2ab885ba1df8ee,llm_lime,qwen36_27b_local,full,0.2,,2,0.8,0.4,-0.0772,0.08600000000000001,5,0
openstack,FP,ce12d7a1e53fffce57baab18de2ab885ba1df8ee,llm_lime,qwen36_27b_local,full,0.2,,3,1.0,0.4,-0.0772,0.08600000000000001,5,0
openstack,FP,ce12d7a1e53fffce57baab18de2ab885ba1df8ee,llm_lime,qwen36_27b_local,full,0.2,,4,1.0,0.4,-0.0772,0.08600000000000001,5,0
openstack,FP,ce12d7a1e53fffce57baab18de2ab885ba1df8ee,llm_lime,qwen36_27b_local,full,0.2,,5,1.0,0.4,-0.0772,0.08600000000000001,5,0
openstack,FN,221f386029faf499c5a445374685cba5b67df31e,llm_lime,qwen36_27b_local,full,0.2,,1,0.8,1.0,-0.05519999999999996,0.148,5,0
openstack,FN,221f386029faf499c5a445374685cba5b67df31e,llm_lime,qwen36_27b_local,full,0.2,,2,0.8,1.0,-0.05519999999999996,0.148,5,0
openstack,FN,221f386029faf499c5a445374685cba5b67df31e,llm_lime,qwen36_27b_local,full,0.2,,3,0.8,0.8,0.048800000000000045,0.0992,5,0
openstack,FN,221f386029faf499c5a445374685cba5b67df31e,llm_lime,qwen36_27b_local,full,0.2,,4,0.8,1.0,0.03920000000000003,0.10880000000000001,5,0
openstack,FN,221f386029faf499c5a445374685cba5b67df31e,llm_lime,qwen36_27b_local,full,0.2,,5,0.8,1.0,-0.05519999999999996,0.148,5,0
openstack,FP,3eea37b85b1abc72786a2b24baf01141b4d95f08,llm_lime,qwen36_27b_local,full,0.2,,1,1.0,1.0,-0.14600000000000005,0.14600000000000005,5,0
openstack,FP,3eea37b85b1abc72786a2b24baf01141b4d95f08,llm_lime,qwen36_27b_local,full,0.2,,2,1.0,1.0,-0.14600000000000005,0.14600000000000005,5,0
openstack,FP,3eea37b85b1abc72786a2b24baf01141b4d95f08,llm_lime,qwen36_27b_local,full,0.2,,3,1.0,1.0,-0.14600000000000005,0.14600000000000005,5,0
openstack,FP,3eea37b85b1abc72786a2b24baf01141b4d95f08,llm_lime,qwen36_27b_local,full,0.2,,4,1.0,1.0,-0.14600000000000005,0.14600000000000005,5,0
openstack,FP,3eea37b85b1abc72786a2b24baf01141b4d95f08,llm_lime,qwen36_27b_local,full,0.2,,5,1.0,1.0,-0.14600000000000005,0.14600000000000005,5,0
openstack,FN,589c495c1ae62129e20ab5e2641e330541eee01f,llm_lime,qwen36_27b_local,full,0.2,,1,0.6,0.6,0.08759999999999994,0.09079999999999995,5,0
openstack,FN,589c495c1ae62129e20ab5e2641e330541eee01f,llm_lime,qwen36_27b_local,full,0.2,,2,0.6,0.6,0.08759999999999994,0.09079999999999995,5,0
openstack,FN,589c495c1ae62129e20ab5e2641e330541eee01f,llm_lime,qwen36_27b_local,full,0.2,,3,0.6,0.6,0.08759999999999994,0.09079999999999995,5,0
openstack,FN,589c495c1ae62129e20ab5e2641e330541eee01f,llm_lime,qwen36_27b_local,full,0.2,,4,0.8,0.6,0.07799999999999993,0.08119999999999994,5,0
openstack,FN,589c495c1ae62129e20ab5e2641e330541eee01f,llm_lime,qwen36_27b_local,full,0.2,,5,0.6,0.6,0.08759999999999994,0.09079999999999995,5,0
openstack,FP,750e065d6d137715dd03d5c90623145177f64cbb,llm_lime,qwen36_27b_local,full,0.2,,1,0.8,1.0,-0.1736,0.1736,5,0
openstack,FP,750e065d6d137715dd03d5c90623145177f64cbb,llm_lime,qwen36_27b_local,full,0.2,,2,0.8,1.0,-0.1736,0.1736,5,0
openstack,FP,750e065d6d137715dd03d5c90623145177f64cbb,llm_lime,qwen36_27b_local,full,0.2,,3,0.8,1.0,-0.1736,0.1736,5,0
openstack,FP,750e065d6d137715dd03d5c90623145177f64cbb,llm_lime,qwen36_27b_local,full,0.2,,4,0.8,1.0,-0.1736,0.1736,5,0
openstack,FP,750e065d6d137715dd03d5c90623145177f64cbb,llm_lime,qwen36_27b_local,full,0.2,,5,0.8,1.0,-0.1736,0.1736,5,0
openstack,FP,4b53e4edf9f7f8c794316d3a0920d727723d1bab,llm_lofo,qwen36_27b_local,full,0.2,,1,1.0,0.8,-0.23600000000000004,0.24000000000000002,5,0
openstack,FP,4b53e4edf9f7f8c794316d3a0920d727723d1bab,llm_lofo,qwen36_27b_local,full,0.2,,2,1.0,0.8,-0.23600000000000004,0.24000000000000002,5,0
openstack,FP,4b53e4edf9f7f8c794316d3a0920d727723d1bab,llm_lofo,qwen36_27b_local,full,0.2,,3,1.0,0.8,-0.23600000000000004,0.24000000000000002,5,0
openstack,FP,4b53e4edf9f7f8c794316d3a0920d727723d1bab,llm_lofo,qwen36_27b_local,full,0.2,,4,1.0,0.8,-0.23600000000000004,0.24000000000000002,5,0
openstack,FP,4b53e4edf9f7f8c794316d3a0920d727723d1bab,llm_lofo,qwen36_27b_local,full,0.2,,5,1.0,0.8,-0.23600000000000004,0.24000000000000002,5,0
openstack,TN,467b4e4d419f0ca5db8468516d64ffec5cedc67e,llm_lofo,qwen36_27b_local,full,0.2,,1,1.0,1.0,-0.11000000000000006,0.11000000000000006,5,0
openstack,TN,467b4e4d419f0ca5db8468516d64ffec5cedc67e,llm_lofo,qwen36_27b_local,full,0.2,,2,1.0,1.0,-0.10080000000000007,0.10080000000000007,5,0
openstack,TN,467b4e4d419f0ca5db8468516d64ffec5cedc67e,llm_lofo,qwen36_27b_local,full,0.2,,3,1.0,1.0,-0.11000000000000006,0.11000000000000006,5,0
openstack,TN,467b4e4d419f0ca5db8468516d64ffec5cedc67e,llm_lofo,qwen36_27b_local,full,0.2,,4,1.0,1.0,-0.11000000000000006,0.11000000000000006,5,0
openstack,TN,467b4e4d419f0ca5db8468516d64ffec5cedc67e,llm_lofo,qwen36_27b_local,full,0.2,,5,1.0,1.0,-0.11000000000000006,0.11000000000000006,5,0
openstack,TP,eaf6340847c35ace3b4b681a95b8a79a7a3f2491,llm_lofo,qwen36_27b_local,full,0.2,,1,1.0,0.8,-0.172,0.1744,5,0
openstack,TP,eaf6340847c35ace3b4b681a95b8a79a7a3f2491,llm_lofo,qwen36_27b_local,full,0.2,,2,1.0,0.8,-0.1744,0.1768,5,0
openstack,TP,eaf6340847c35ace3b4b681a95b8a79a7a3f2491,llm_lofo,qwen36_27b_local,full,0.2,,3,1.0,0.8,-0.172,0.1744,5,0
openstack,TP,eaf6340847c35ace3b4b681a95b8a79a7a3f2491,llm_lofo,qwen36_27b_local,full,0.2,,4,1.0,0.8,-0.172,0.1744,5,0
openstack,TP,eaf6340847c35ace3b4b681a95b8a79a7a3f2491,llm_lofo,qwen36_27b_local,full,0.2,,5,1.0,0.8,-0.172,0.1744,5,0
openstack,TP,fd351903a1759109f66d0c66d42cd3a1b7f23861,llm_lofo,qwen36_27b_local,full,0.2,,1,1.0,1.0,-0.21280000000000004,0.21280000000000004,5,0
openstack,TP,fd351903a1759109f66d0c66d42cd3a1b7f23861,llm_lofo,qwen36_27b_local,full,0.2,,2,1.0,1.0,-0.21280000000000004,0.21280000000000004,5,0
openstack,TP,fd351903a1759109f66d0c66d42cd3a1b7f23861,llm_lofo,qwen36_27b_local,full,0.2,,3,1.0,1.0,-0.21280000000000004,0.21280000000000004,5,0
openstack,TP,fd351903a1759109f66d0c66d42cd3a1b7f23861,llm_lofo,qwen36_27b_local,full,0.2,,4,0.8,1.0,-0.20920000000000002,0.20920000000000002,5,0
openstack,TP,fd351903a1759109f66d0c66d42cd3a1b7f23861,llm_lofo,qwen36_27b_local,full,0.2,,5,1.0,1.0,-0.21280000000000004,0.21280000000000004,5,0
openstack,FP,2530ccff8f0a0105d1626c65616080b27682e129,llm_lofo,qwen36_27b_local,full,0.2,,1,1.0,0.8,-0.11239999999999997,0.12199999999999997,5,0
openstack,FP,2530ccff8f0a0105d1626c65616080b27682e129,llm_lofo,qwen36_27b_local,full,0.2,,2,1.0,1.0,-0.21159999999999998,0.21159999999999998,5,0
openstack,FP,2530ccff8f0a0105d1626c65616080b27682e129,llm_lofo,qwen36_27b_local,full,0.2,,3,1.0,0.8,-0.11239999999999997,0.12199999999999997,5,0
openstack,FP,2530ccff8f0a0105d1626c65616080b27682e129,llm_lofo,qwen36_27b_local,full,0.2,,4,1.0,0.8,-0.11239999999999997,0.12199999999999997,5,0
openstack,FP,2530ccff8f0a0105d1626c65616080b27682e129,llm_lofo,qwen36_27b_local,full,0.2,,5,1.0,1.0,-0.21159999999999998,0.21159999999999998,5,0
openstack,FN,1476b030bd53deddd85468c0d8b545d8f8f30f19,llm_lofo,qwen36_27b_local,full,0.2,,1,0.75,0.75,-0.024999999999999967,0.04199999999999998,4,0
openstack,FN,1476b030bd53deddd85468c0d8b545d8f8f30f19,llm_lofo,qwen36_27b_local,full,0.2,,2,1.0,1.0,-0.03499999999999995,0.05199999999999996,4,0
openstack,FN,1476b030bd53deddd85468c0d8b545d8f8f30f19,llm_lofo,qwen36_27b_local,full,0.2,,3,0.75,0.75,-0.024999999999999967,0.04199999999999998,4,0
openstack,FN,1476b030bd53deddd85468c0d8b545d8f8f30f19,llm_lofo,qwen36_27b_local,full,0.2,,4,1.0,1.0,-0.033499999999999946,0.05049999999999996,4,0
openstack,FN,1476b030bd53deddd85468c0d8b545d8f8f30f19,llm_lofo,qwen36_27b_local,full,0.2,,5,1.0,1.0,-0.033499999999999946,0.05049999999999996,4,0
openstack,TP,83a5f90f82b40be4c74685f557d6af0f8a3b1a30,llm_lofo,qwen36_27b_local,full,0.2,,1,0.8,1.0,-0.2328,0.2328,5,0
openstack,TP,83a5f90f82b40be4c74685f557d6af0f8a3b1a30,llm_lofo,qwen36_27b_local,full,0.2,,2,1.0,1.0,-0.2492,0.2492,5,0
openstack,TP,83a5f90f82b40be4c74685f557d6af0f8a3b1a30,llm_lofo,qwen36_27b_local,full,0.2,,3,0.8,1.0,-0.2328,0.2328,5,0
openstack,TP,83a5f90f82b40be4c74685f557d6af0f8a3b1a30,llm_lofo,qwen36_27b_local,full,0.2,,4,1.0,1.0,-0.2492,0.2492,5,0
openstack,TP,83a5f90f82b40be4c74685f557d6af0f8a3b1a30,llm_lofo,qwen36_27b_local,full,0.2,,5,1.0,1.0,-0.2532,0.2532,5,0
openstack,TP,6f1a1f5e8ead9ceb145e13927cd9ae7fdca9add4,llm_lofo,qwen36_27b_local,full,0.2,,1,1.0,1.0,-0.23800000000000002,0.23800000000000002,5,0
openstack,TP,6f1a1f5e8ead9ceb145e13927cd9ae7fdca9add4,llm_lofo,qwen36_27b_local,full,0.2,,2,1.0,1.0,-0.23800000000000002,0.23800000000000002,5,0
openstack,TP,6f1a1f5e8ead9ceb145e13927cd9ae7fdca9add4,llm_lofo,qwen36_27b_local,full,0.2,,3,1.0,1.0,-0.23080000000000003,0.23080000000000003,5,0
openstack,TP,6f1a1f5e8ead9ceb145e13927cd9ae7fdca9add4,llm_lofo,qwen36_27b_local,full,0.2,,4,1.0,1.0,-0.22160000000000002,0.22160000000000002,5,0
openstack,TP,6f1a1f5e8ead9ceb145e13927cd9ae7fdca9add4,llm_lofo,qwen36_27b_local,full,0.2,,5,1.0,1.0,-0.19600000000000004,0.19600000000000004,5,0
openstack,FP,e847eed4a5600b6812338bb4903a0cffcde7f1f3,llm_lofo,qwen36_27b_local,full,0.2,,1,0.6,1.0,-0.18880000000000005,0.18880000000000005,5,0
openstack,FP,e847eed4a5600b6812338bb4903a0cffcde7f1f3,llm_lofo,qwen36_27b_local,full,0.2,,2,0.8,1.0,-0.19400000000000006,0.19400000000000006,5,0
openstack,FP,e847eed4a5600b6812338bb4903a0cffcde7f1f3,llm_lofo,qwen36_27b_local,full,0.2,,3,0.6,1.0,-0.18880000000000005,0.18880000000000005,5,0
openstack,FP,e847eed4a5600b6812338bb4903a0cffcde7f1f3,llm_lofo,qwen36_27b_local,full,0.2,,4,0.6,1.0,-0.18880000000000005,0.18880000000000005,5,0
openstack,FP,e847eed4a5600b6812338bb4903a0cffcde7f1f3,llm_lofo,qwen36_27b_local,full,0.2,,5,0.6,1.0,-0.18880000000000005,0.18880000000000005,5,0
openstack,TP,e7bdd19f0ed7d4c61d195735ee43a11da78f97d6,llm_lofo,qwen36_27b_local,full,0.2,,1,1.0,1.0,-0.40840000000000004,0.40840000000000004,5,0
openstack,TP,e7bdd19f0ed7d4c61d195735ee43a11da78f97d6,llm_lofo,qwen36_27b_local,full,0.2,,2,1.0,1.0,-0.41240000000000004,0.41240000000000004,5,0
openstack,TP,e7bdd19f0ed7d4c61d195735ee43a11da78f97d6,llm_lofo,qwen36_27b_local,full,0.2,,3,1.0,1.0,-0.41240000000000004,0.41240000000000004,5,0
openstack,TP,e7bdd19f0ed7d4c61d195735ee43a11da78f97d6,llm_lofo,qwen36_27b_local,full,0.2,,4,1.0,1.0,-0.38320000000000004,0.38320000000000004,5,0
openstack,TP,e7bdd19f0ed7d4c61d195735ee43a11da78f97d6,llm_lofo,qwen36_27b_local,full,0.2,,5,1.0,1.0,-0.38320000000000004,0.38320000000000004,5,0
openstack,TN,936f765b855d7af14ae557383f0dcc6fd9e8655c,llm_lofo,qwen36_27b_local,full,0.2,,1,1.0,0.8,-0.06399999999999997,0.06399999999999997,5,0
openstack,TN,936f765b855d7af14ae557383f0dcc6fd9e8655c,llm_lofo,qwen36_27b_local,full,0.2,,2,1.0,1.0,-0.07559999999999996,0.07559999999999996,5,0
openstack,TN,936f765b855d7af14ae557383f0dcc6fd9e8655c,llm_lofo,qwen36_27b_local,full,0.2,,3,1.0,0.8,-0.06399999999999997,0.06399999999999997,5,0
openstack,TN,936f765b855d7af14ae557383f0dcc6fd9e8655c,llm_lofo,qwen36_27b_local,full,0.2,,4,1.0,1.0,-0.07559999999999996,0.07559999999999996,5,0
openstack,TN,936f765b855d7af14ae557383f0dcc6fd9e8655c,llm_lofo,qwen36_27b_local,full,0.2,,5,1.0,1.0,-0.07559999999999996,0.07559999999999996,5,0
openstack,FP,034db863a02ce38a520e4b8aa3a65e1ccdb37f30,llm_lofo,qwen36_27b_local,full,0.2,,1,0.8,1.0,-0.23320000000000005,0.23320000000000005,5,0
openstack,FP,034db863a02ce38a520e4b8aa3a65e1ccdb37f30,llm_lofo,qwen36_27b_local,full,0.2,,2,0.8,1.0,-0.22240000000000004,0.22240000000000004,5,0
openstack,FP,034db863a02ce38a520e4b8aa3a65e1ccdb37f30,llm_lofo,qwen36_27b_local,full,0.2,,3,0.8,1.0,-0.23320000000000005,0.23320000000000005,5,0
openstack,FP,034db863a02ce38a520e4b8aa3a65e1ccdb37f30,llm_lofo,qwen36_27b_local,full,0.2,,4,0.8,1.0,-0.23320000000000005,0.23320000000000005,5,0
openstack,FP,034db863a02ce38a520e4b8aa3a65e1ccdb37f30,llm_lofo,qwen36_27b_local,full,0.2,,5,0.8,1.0,-0.22240000000000004,0.22240000000000004,5,0
openstack,FN,ab1cb6378f136ae8adcb0027385b43763e402cca,llm_lofo,qwen36_27b_local,full,0.2,,1,0.8,0.8,0.006799999999999984,0.06040000000000003,5,0
openstack,FN,ab1cb6378f136ae8adcb0027385b43763e402cca,llm_lofo,qwen36_27b_local,full,0.2,,2,0.8,0.8,0.006799999999999984,0.06040000000000003,5,0
openstack,FN,ab1cb6378f136ae8adcb0027385b43763e402cca,llm_lofo,qwen36_27b_local,full,0.2,,3,0.8,0.8,0.006799999999999984,0.06040000000000003,5,0
openstack,FN,ab1cb6378f136ae8adcb0027385b43763e402cca,llm_lofo,qwen36_27b_local,full,0.2,,4,0.8,0.8,0.006799999999999984,0.06040000000000003,5,0
openstack,FN,ab1cb6378f136ae8adcb0027385b43763e402cca,llm_lofo,qwen36_27b_local,full,0.2,,5,0.6,0.8,0.003599999999999981,0.05720000000000003,5,0
openstack,TP,7cfdf4aa811fb708d9fed4e36aec79c26d19cfee,llm_lofo,qwen36_27b_local,full,0.2,,1,1.0,1.0,-0.27399999999999997,0.27399999999999997,5,0
openstack,TP,7cfdf4aa811fb708d9fed4e36aec79c26d19cfee,llm_lofo,qwen36_27b_local,full,0.2,,2,1.0,1.0,-0.27399999999999997,0.27399999999999997,5,0
openstack,TP,7cfdf4aa811fb708d9fed4e36aec79c26d19cfee,llm_lofo,qwen36_27b_local,full,0.2,,3,1.0,1.0,-0.26199999999999996,0.26199999999999996,5,0
openstack,TP,7cfdf4aa811fb708d9fed4e36aec79c26d19cfee,llm_lofo,qwen36_27b_local,full,0.2,,4,1.0,1.0,-0.27399999999999997,0.27399999999999997,5,0
openstack,TP,7cfdf4aa811fb708d9fed4e36aec79c26d19cfee,llm_lofo,qwen36_27b_local,full,0.2,,5,1.0,1.0,-0.26199999999999996,0.26199999999999996,5,0
openstack,TP,e55a5f412bf6bc343eb8bb11348afe57c2012066,llm_lofo,qwen36_27b_local,full,0.2,,1,1.0,1.0,-0.2564,0.2564,5,0
openstack,TP,e55a5f412bf6bc343eb8bb11348afe57c2012066,llm_lofo,qwen36_27b_local,full,0.2,,2,1.0,1.0,-0.2564,0.2564,5,0
openstack,TP,e55a5f412bf6bc343eb8bb11348afe57c2012066,llm_lofo,qwen36_27b_local,full,0.2,,3,1.0,1.0,-0.2564,0.2564,5,0
openstack,TP,e55a5f412bf6bc343eb8bb11348afe57c2012066,llm_lofo,qwen36_27b_local,full,0.2,,4,1.0,1.0,-0.2672,0.2672,5,0
openstack,TP,e55a5f412bf6bc343eb8bb11348afe57c2012066,llm_lofo,qwen36_27b_local,full,0.2,,5,1.0,1.0,-0.2564,0.2564,5,0
openstack,TN,8b44c9df29572efca928c1d36fa3e7a90e94caa0,llm_lofo,qwen36_27b_local,full,0.2,,1,0.4,0.4,-0.014800000000000013,0.017200000000000014,5,0
openstack,TN,8b44c9df29572efca928c1d36fa3e7a90e94caa0,llm_lofo,qwen36_27b_local,full,0.2,,2,0.4,0.6,-0.02040000000000002,0.02280000000000002,5,0
openstack,TN,8b44c9df29572efca928c1d36fa3e7a90e94caa0,llm_lofo,qwen36_27b_local,full,0.2,,3,0.6,0.4,-0.029600000000000005,0.03200000000000001,5,0
openstack,TN,8b44c9df29572efca928c1d36fa3e7a90e94caa0,llm_lofo,qwen36_27b_local,full,0.2,,4,0.4,0.2,-0.012400000000000012,0.014800000000000013,5,0
openstack,TN,8b44c9df29572efca928c1d36fa3e7a90e94caa0,llm_lofo,qwen36_27b_local,full,0.2,,5,0.6,0.4,-0.04400000000000002,0.04640000000000002,5,0
openstack,TN,4d75cbf3c35a8aa917d3970beac99d612f13eed3,llm_lofo,qwen36_27b_local,full,0.2,,1,0.5,0.75,0.011500000000000038,0.05750000000000002,4,0
openstack,TN,4d75cbf3c35a8aa917d3970beac99d612f13eed3,llm_lofo,qwen36_27b_local,full,0.2,,2,0.5,0.75,0.011500000000000038,0.05750000000000002,4,0
openstack,TN,4d75cbf3c35a8aa917d3970beac99d612f13eed3,llm_lofo,qwen36_27b_local,full,0.2,,3,1.0,1.0,0.05800000000000005,0.05800000000000005,1,0
openstack,TN,4d75cbf3c35a8aa917d3970beac99d612f13eed3,llm_lofo,qwen36_27b_local,full,0.2,,4,0.5,0.75,0.011500000000000038,0.05750000000000002,4,0
openstack,TN,4d75cbf3c35a8aa917d3970beac99d612f13eed3,llm_lofo,qwen36_27b_local,full,0.2,,5,0.5,0.75,0.011500000000000038,0.05750000000000002,4,0
openstack,TN,2ecaad46a737c24965ae81fc19947db9264de684,llm_lofo,qwen36_27b_local,full,0.2,,1,0.8,0.6,-0.00040000000000004474,0.035599999999999986,5,0
openstack,TN,2ecaad46a737c24965ae81fc19947db9264de684,llm_lofo,qwen36_27b_local,full,0.2,,2,0.8,0.6,-0.024000000000000042,0.04080000000000002,5,0
openstack,TN,2ecaad46a737c24965ae81fc19947db9264de684,llm_lofo,qwen36_27b_local,full,0.2,,3,0.8,0.6,-0.024000000000000042,0.04080000000000002,5,0
openstack,TN,2ecaad46a737c24965ae81fc19947db9264de684,llm_lofo,qwen36_27b_local,full,0.2,,4,0.8,0.6,-0.024000000000000042,0.04080000000000002,5,0
openstack,TN,2ecaad46a737c24965ae81fc19947db9264de684,llm_lofo,qwen36_27b_local,full,0.2,,5,0.8,0.6,-0.024000000000000042,0.04080000000000002,5,0
openstack,TN,bfb9d3f179607c25f91d77585f97df6d0704c253,llm_lofo,qwen36_27b_local,full,0.2,,1,1.0,0.6,-0.06520000000000001,0.06520000000000001,5,0
openstack,TN,bfb9d3f179607c25f91d77585f97df6d0704c253,llm_lofo,qwen36_27b_local,full,0.2,,2,1.0,0.6,-0.06520000000000001,0.06520000000000001,5,0
openstack,TN,bfb9d3f179607c25f91d77585f97df6d0704c253,llm_lofo,qwen36_27b_local,full,0.2,,3,1.0,0.6,-0.06520000000000001,0.06520000000000001,5,0
openstack,TN,bfb9d3f179607c25f91d77585f97df6d0704c253,llm_lofo,qwen36_27b_local,full,0.2,,4,1.0,0.6,-0.06360000000000002,0.06360000000000002,5,0
openstack,TN,bfb9d3f179607c25f91d77585f97df6d0704c253,llm_lofo,qwen36_27b_local,full,0.2,,5,1.0,0.8,-0.07520000000000002,0.07520000000000002,5,0
openstack,FP,bfcd4b2f1be3ab37ae0801dd523ce952577cda14,llm_lofo,qwen36_27b_local,full,0.2,,1,1.0,1.0,-0.19000000000000003,0.19000000000000003,5,0
openstack,FP,bfcd4b2f1be3ab37ae0801dd523ce952577cda14,llm_lofo,qwen36_27b_local,full,0.2,,2,1.0,1.0,-0.1768,0.1768,5,0
openstack,FP,bfcd4b2f1be3ab37ae0801dd523ce952577cda14,llm_lofo,qwen36_27b_local,full,0.2,,3,1.0,1.0,-0.17440000000000003,0.17440000000000003,5,0
openstack,FP,bfcd4b2f1be3ab37ae0801dd523ce952577cda14,llm_lofo,qwen36_27b_local,full,0.2,,4,1.0,1.0,-0.20840000000000003,0.20840000000000003,5,0
openstack,FP,bfcd4b2f1be3ab37ae0801dd523ce952577cda14,llm_lofo,qwen36_27b_local,full,0.2,,5,1.0,1.0,-0.17440000000000003,0.17440000000000003,5,0
openstack,TP,c08f99c7e072e349632684d565bcac357ce93b6d,llm_lofo,qwen36_27b_local,full,0.2,,1,1.0,0.8,-0.20720000000000002,0.2088,5,0
openstack,TP,c08f99c7e072e349632684d565bcac357ce93b6d,llm_lofo,qwen36_27b_local,full,0.2,,2,1.0,0.8,-0.20120000000000002,0.20280000000000004,5,0
openstack,TP,c08f99c7e072e349632684d565bcac357ce93b6d,llm_lofo,qwen36_27b_local,full,0.2,,3,1.0,0.8,-0.20720000000000002,0.2088,5,0
openstack,TP,c08f99c7e072e349632684d565bcac357ce93b6d,llm_lofo,qwen36_27b_local,full,0.2,,4,1.0,1.0,-0.2388,0.2388,5,0
openstack,TP,c08f99c7e072e349632684d565bcac357ce93b6d,llm_lofo,qwen36_27b_local,full,0.2,,5,1.0,0.8,-0.21320000000000003,0.21480000000000002,5,0
openstack,TN,1a3f2e8f44f0138d0328312e07b1341970c7903a,llm_lofo,qwen36_27b_local,full,0.2,,1,1.0,1.0,-0.07199999999999998,0.07199999999999998,5,0
openstack,TN,1a3f2e8f44f0138d0328312e07b1341970c7903a,llm_lofo,qwen36_27b_local,full,0.2,,2,1.0,1.0,-0.1028,0.1028,5,0
openstack,TN,1a3f2e8f44f0138d0328312e07b1341970c7903a,llm_lofo,qwen36_27b_local,full,0.2,,3,1.0,1.0,-0.0948,0.0948,5,0
openstack,TN,1a3f2e8f44f0138d0328312e07b1341970c7903a,llm_lofo,qwen36_27b_local,full,0.2,,4,1.0,1.0,-0.07199999999999998,0.07199999999999998,5,0
openstack,TN,1a3f2e8f44f0138d0328312e07b1341970c7903a,llm_lofo,qwen36_27b_local,full,0.2,,5,1.0,1.0,-0.07199999999999998,0.07199999999999998,5,0
openstack,TP,45662d77a2da77714f8e792e86ebd64a52270ef5,llm_lofo,qwen36_27b_local,full,0.2,,1,0.8,1.0,-0.22400000000000003,0.22400000000000003,5,0
openstack,TP,45662d77a2da77714f8e792e86ebd64a52270ef5,llm_lofo,qwen36_27b_local,full,0.2,,2,0.8,1.0,-0.2084,0.2084,5,0
openstack,TP,45662d77a2da77714f8e792e86ebd64a52270ef5,llm_lofo,qwen36_27b_local,full,0.2,,3,0.8,1.0,-0.22400000000000003,0.22400000000000003,5,0
openstack,TP,45662d77a2da77714f8e792e86ebd64a52270ef5,llm_lofo,qwen36_27b_local,full,0.2,,4,0.8,1.0,-0.22400000000000003,0.22400000000000003,5,0
openstack,TP,45662d77a2da77714f8e792e86ebd64a52270ef5,llm_lofo,qwen36_27b_local,full,0.2,,5,0.8,1.0,-0.22400000000000003,0.22400000000000003,5,0
openstack,TP,6f31523b314e7ac4ad83d13842cf2fa1014c39b2,llm_lofo,qwen36_27b_local,full,0.2,,1,0.6,1.0,-0.16359999999999997,0.16359999999999997,5,0
openstack,TP,6f31523b314e7ac4ad83d13842cf2fa1014c39b2,llm_lofo,qwen36_27b_local,full,0.2,,2,0.6,1.0,-0.16359999999999997,0.16359999999999997,5,0
openstack,TP,6f31523b314e7ac4ad83d13842cf2fa1014c39b2,llm_lofo,qwen36_27b_local,full,0.2,,3,0.6,1.0,-0.16359999999999997,0.16359999999999997,5,0
openstack,TP,6f31523b314e7ac4ad83d13842cf2fa1014c39b2,llm_lofo,qwen36_27b_local,full,0.2,,4,0.6,1.0,-0.16359999999999997,0.16359999999999997,5,0
openstack,TP,6f31523b314e7ac4ad83d13842cf2fa1014c39b2,llm_lofo,qwen36_27b_local,full,0.2,,5,0.6,1.0,-0.16359999999999997,0.16359999999999997,5,0
openstack,FP,410a83c89de9912207574999b3736a550ed253ba,llm_lofo,qwen36_27b_local,full,0.2,,1,0.8,0.8,-0.16120000000000004,0.16120000000000004,5,0
openstack,FP,410a83c89de9912207574999b3736a550ed253ba,llm_lofo,qwen36_27b_local,full,0.2,,2,0.6,0.6,-0.11840000000000003,0.11840000000000003,5,0
openstack,FP,410a83c89de9912207574999b3736a550ed253ba,llm_lofo,qwen36_27b_local,full,0.2,,3,0.8,0.8,-0.16120000000000004,0.16120000000000004,5,0
openstack,FP,410a83c89de9912207574999b3736a550ed253ba,llm_lofo,qwen36_27b_local,full,0.2,,4,0.8,0.8,-0.16840000000000005,0.16840000000000005,5,0
openstack,FP,410a83c89de9912207574999b3736a550ed253ba,llm_lofo,qwen36_27b_local,full,0.2,,5,0.8,0.8,-0.16840000000000005,0.16840000000000005,5,0
openstack,FP,4e2919e6b208a2e95d75782f9cad0a6f0892d983,llm_lofo,qwen36_27b_local,full,0.2,,1,0.8,0.8,-0.14160000000000006,0.14160000000000006,5,0
openstack,FP,4e2919e6b208a2e95d75782f9cad0a6f0892d983,llm_lofo,qwen36_27b_local,full,0.2,,2,0.8,0.6,-0.12280000000000006,0.12360000000000002,5,0
openstack,FP,4e2919e6b208a2e95d75782f9cad0a6f0892d983,llm_lofo,qwen36_27b_local,full,0.2,,3,0.8,0.8,-0.14160000000000006,0.14160000000000006,5,0
openstack,FP,4e2919e6b208a2e95d75782f9cad0a6f0892d983,llm_lofo,qwen36_27b_local,full,0.2,,4,0.8,0.8,-0.14160000000000006,0.14160000000000006,5,0
openstack,FP,4e2919e6b208a2e95d75782f9cad0a6f0892d983,llm_lofo,qwen36_27b_local,full,0.2,,5,0.8,0.8,-0.14160000000000006,0.14160000000000006,5,0
openstack,FP,558f7b00f56f37adaa68239c9ce95d25b2d65f56,llm_lofo,qwen36_27b_local,full,0.2,,1,1.0,1.0,-0.18080000000000002,0.18080000000000002,5,0
openstack,FP,558f7b00f56f37adaa68239c9ce95d25b2d65f56,llm_lofo,qwen36_27b_local,full,0.2,,2,1.0,1.0,-0.18080000000000002,0.18080000000000002,5,0
openstack,FP,558f7b00f56f37adaa68239c9ce95d25b2d65f56,llm_lofo,qwen36_27b_local,full,0.2,,3,1.0,1.0,-0.18080000000000002,0.18080000000000002,5,0
openstack,FP,558f7b00f56f37adaa68239c9ce95d25b2d65f56,llm_lofo,qwen36_27b_local,full,0.2,,4,1.0,1.0,-0.18520000000000003,0.18520000000000003,5,0
openstack,FP,558f7b00f56f37adaa68239c9ce95d25b2d65f56,llm_lofo,qwen36_27b_local,full,0.2,,5,1.0,1.0,-0.18280000000000002,0.18280000000000002,5,0
openstack,TN,70fad48add19cc565726f098e1e7a2165b24cc77,llm_lofo,qwen36_27b_local,full,0.2,,1,0.8,0.6,-0.05400000000000005,0.06280000000000001,5,0
openstack,TN,70fad48add19cc565726f098e1e7a2165b24cc77,llm_lofo,qwen36_27b_local,full,0.2,,2,0.8,0.6,-0.06360000000000003,0.06360000000000003,5,0
openstack,TN,70fad48add19cc565726f098e1e7a2165b24cc77,llm_lofo,qwen36_27b_local,full,0.2,,3,0.8,0.6,-0.05400000000000005,0.06280000000000001,5,0
openstack,TN,70fad48add19cc565726f098e1e7a2165b24cc77,llm_lofo,qwen36_27b_local,full,0.2,,4,0.8,0.6,-0.05560000000000005,0.06440000000000001,5,0
openstack,TN,70fad48add19cc565726f098e1e7a2165b24cc77,llm_lofo,qwen36_27b_local,full,0.2,,5,0.8,0.6,-0.06360000000000003,0.06360000000000003,5,0
openstack,TP,76d3c644f3f5866a5c07f80b66132d81b8b57e78,llm_lofo,qwen36_27b_local,full,0.2,,1,1.0,0.8,-0.32320000000000004,0.3304,5,0
openstack,TP,76d3c644f3f5866a5c07f80b66132d81b8b57e78,llm_lofo,qwen36_27b_local,full,0.2,,2,1.0,0.8,-0.32320000000000004,0.3304,5,0
openstack,TP,76d3c644f3f5866a5c07f80b66132d81b8b57e78,llm_lofo,qwen36_27b_local,full,0.2,,3,1.0,0.8,-0.32320000000000004,0.3304,5,0
openstack,TP,76d3c644f3f5866a5c07f80b66132d81b8b57e78,llm_lofo,qwen36_27b_local,full,0.2,,4,1.0,0.8,-0.32320000000000004,0.3304,5,0
openstack,TP,76d3c644f3f5866a5c07f80b66132d81b8b57e78,llm_lofo,qwen36_27b_local,full,0.2,,5,1.0,0.8,-0.32320000000000004,0.3304,5,0
openstack,FN,2b60912d5667350eae7ecbc67d4dba3658518d10,llm_lofo,qwen36_27b_local,full,0.2,,1,0.6,0.4,-0.004000000000000026,0.028800000000000003,5,0
openstack,FN,2b60912d5667350eae7ecbc67d4dba3658518d10,llm_lofo,qwen36_27b_local,full,0.2,,2,1.0,0.6,0.0027999999999999805,0.058799999999999984,5,0
openstack,FN,2b60912d5667350eae7ecbc67d4dba3658518d10,llm_lofo,qwen36_27b_local,full,0.2,,3,0.6,0.4,-0.004000000000000026,0.028800000000000003,5,0
openstack,FN,2b60912d5667350eae7ecbc67d4dba3658518d10,llm_lofo,qwen36_27b_local,full,0.2,,4,0.8,0.6,-0.10160000000000002,0.1256,5,0
openstack,FN,2b60912d5667350eae7ecbc67d4dba3658518d10,llm_lofo,qwen36_27b_local,full,0.2,,5,0.6,0.4,-0.004000000000000026,0.028800000000000003,5,0
openstack,TP,88c62c1ca290c1d2a33ff192a302e492a4b11cb3,llm_lofo,qwen36_27b_local,full,0.2,,1,0.6,0.8,-0.08240000000000003,0.11920000000000001,5,0
openstack,TP,88c62c1ca290c1d2a33ff192a302e492a4b11cb3,llm_lofo,qwen36_27b_local,full,0.2,,2,0.6,0.8,-0.12600000000000003,0.12600000000000003,5,0
openstack,TP,88c62c1ca290c1d2a33ff192a302e492a4b11cb3,llm_lofo,qwen36_27b_local,full,0.2,,3,0.6,0.8,-0.12200000000000003,0.12440000000000004,5,0
openstack,TP,88c62c1ca290c1d2a33ff192a302e492a4b11cb3,llm_lofo,qwen36_27b_local,full,0.2,,4,0.4,0.6,-0.09960000000000002,0.10200000000000002,5,0
openstack,TP,88c62c1ca290c1d2a33ff192a302e492a4b11cb3,llm_lofo,qwen36_27b_local,full,0.2,,5,0.6,0.8,-0.12200000000000003,0.12440000000000004,5,0
openstack,FP,296da649452f66dd15a15ee4274ab0f8609250e2,llm_lofo,qwen36_27b_local,full,0.2,,1,1.0,1.0,-0.17880000000000001,0.17880000000000001,5,0
openstack,FP,296da649452f66dd15a15ee4274ab0f8609250e2,llm_lofo,qwen36_27b_local,full,0.2,,2,1.0,1.0,-0.17880000000000001,0.17880000000000001,5,0
openstack,FP,296da649452f66dd15a15ee4274ab0f8609250e2,llm_lofo,qwen36_27b_local,full,0.2,,3,1.0,1.0,-0.17880000000000001,0.17880000000000001,5,0
openstack,FP,296da649452f66dd15a15ee4274ab0f8609250e2,llm_lofo,qwen36_27b_local,full,0.2,,4,1.0,1.0,-0.17880000000000001,0.17880000000000001,5,0
openstack,FP,296da649452f66dd15a15ee4274ab0f8609250e2,llm_lofo,qwen36_27b_local,full,0.2,,5,1.0,1.0,-0.17880000000000001,0.17880000000000001,5,0
openstack,TP,379cf65d82b11f5e6f8732a585d5373beda85046,llm_lofo,qwen36_27b_local,full,0.2,,1,0.8,1.0,-0.18879999999999997,0.18879999999999997,5,0
openstack,TP,379cf65d82b11f5e6f8732a585d5373beda85046,llm_lofo,qwen36_27b_local,full,0.2,,2,0.8,1.0,-0.18879999999999997,0.18879999999999997,5,0
openstack,TP,379cf65d82b11f5e6f8732a585d5373beda85046,llm_lofo,qwen36_27b_local,full,0.2,,3,0.8,1.0,-0.18879999999999997,0.18879999999999997,5,0
openstack,TP,379cf65d82b11f5e6f8732a585d5373beda85046,llm_lofo,qwen36_27b_local,full,0.2,,4,0.8,1.0,-0.18879999999999997,0.18879999999999997,5,0
openstack,TP,379cf65d82b11f5e6f8732a585d5373beda85046,llm_lofo,qwen36_27b_local,full,0.2,,5,0.8,1.0,-0.18879999999999997,0.18879999999999997,5,0
openstack,TN,79a1a113775df87d420b242cea4bbf953df3779c,llm_lofo,qwen36_27b_local,full,0.2,,1,0.8,1.0,-0.053200000000000025,0.09080000000000002,5,0
openstack,TN,79a1a113775df87d420b242cea4bbf953df3779c,llm_lofo,qwen36_27b_local,full,0.2,,2,0.8,1.0,-0.053200000000000025,0.09080000000000002,5,0
openstack,TN,79a1a113775df87d420b242cea4bbf953df3779c,llm_lofo,qwen36_27b_local,full,0.2,,3,0.6,0.8,-0.03560000000000001,0.0764,5,0
openstack,TN,79a1a113775df87d420b242cea4bbf953df3779c,llm_lofo,qwen36_27b_local,full,0.2,,4,0.8,0.8,-0.03320000000000001,0.07880000000000001,5,0
openstack,TN,79a1a113775df87d420b242cea4bbf953df3779c,llm_lofo,qwen36_27b_local,full,0.2,,5,0.6,0.8,-0.03560000000000001,0.0764,5,0
openstack,TN,dd444d84759d7b3c17e7c3e97f9565546f9d3df2,llm_lofo,qwen36_27b_local,full,0.2,,1,1.0,1.0,-0.08279999999999998,0.08279999999999998,5,0
openstack,TN,dd444d84759d7b3c17e7c3e97f9565546f9d3df2,llm_lofo,qwen36_27b_local,full,0.2,,2,1.0,1.0,-0.08279999999999998,0.08279999999999998,5,0
openstack,TN,dd444d84759d7b3c17e7c3e97f9565546f9d3df2,llm_lofo,qwen36_27b_local,full,0.2,,3,1.0,1.0,-0.08279999999999998,0.08279999999999998,5,0
openstack,TN,dd444d84759d7b3c17e7c3e97f9565546f9d3df2,llm_lofo,qwen36_27b_local,full,0.2,,4,1.0,0.8,-0.07239999999999999,0.07239999999999999,5,0
openstack,TN,dd444d84759d7b3c17e7c3e97f9565546f9d3df2,llm_lofo,qwen36_27b_local,full,0.2,,5,1.0,0.8,-0.07239999999999999,0.07239999999999999,5,0
openstack,TN,747373f4bdfe4814000a88e4443b56545d5d55bd,llm_lofo,qwen36_27b_local,full,0.2,,1,0.6,0.4,0.0020000000000000018,0.024400000000000022,5,0
openstack,TN,747373f4bdfe4814000a88e4443b56545d5d55bd,llm_lofo,qwen36_27b_local,full,0.2,,2,0.6,0.4,0.00040000000000000034,0.026000000000000023,5,0
openstack,TN,747373f4bdfe4814000a88e4443b56545d5d55bd,llm_lofo,qwen36_27b_local,full,0.2,,3,0.8,0.6,-0.024400000000000022,0.03160000000000003,5,0
openstack,TN,747373f4bdfe4814000a88e4443b56545d5d55bd,llm_lofo,qwen36_27b_local,full,0.2,,4,0.8,0.4,-0.009600000000000008,0.024800000000000023,5,0
openstack,TN,747373f4bdfe4814000a88e4443b56545d5d55bd,llm_lofo,qwen36_27b_local,full,0.2,,5,0.8,0.6,-0.019999999999999997,0.031200000000000006,5,0
openstack,FN,763fd62464e9a0753e061171cc1fd826055bbc01,llm_lofo,qwen36_27b_local,full,0.2,,1,0.8,0.6,0.06599999999999995,0.07399999999999995,5,0
openstack,FN,763fd62464e9a0753e061171cc1fd826055bbc01,llm_lofo,qwen36_27b_local,full,0.2,,2,0.8,0.6,0.06599999999999995,0.07399999999999995,5,0
openstack,FN,763fd62464e9a0753e061171cc1fd826055bbc01,llm_lofo,qwen36_27b_local,full,0.2,,3,0.8,0.6,0.06599999999999995,0.07399999999999995,5,0
openstack,FN,763fd62464e9a0753e061171cc1fd826055bbc01,llm_lofo,qwen36_27b_local,full,0.2,,4,1.0,0.8,0.07639999999999995,0.08439999999999996,5,0
openstack,FN,763fd62464e9a0753e061171cc1fd826055bbc01,llm_lofo,qwen36_27b_local,full,0.2,,5,0.8,0.6,0.06599999999999995,0.07399999999999995,5,0
openstack,FN,267eea50fd9e9c74faa96d529a7ec2fd8aa8d51f,llm_lofo,qwen36_27b_local,full,0.2,,1,0.8,0.4,-0.003599999999999981,0.024399999999999998,5,0
openstack,FN,267eea50fd9e9c74faa96d529a7ec2fd8aa8d51f,llm_lofo,qwen36_27b_local,full,0.2,,2,0.8,0.6,0.0016000000000000237,0.029600000000000005,5,0
openstack,FN,267eea50fd9e9c74faa96d529a7ec2fd8aa8d51f,llm_lofo,qwen36_27b_local,full,0.2,,3,0.8,0.6,0.0016000000000000237,0.029600000000000005,5,0
openstack,FN,267eea50fd9e9c74faa96d529a7ec2fd8aa8d51f,llm_lofo,qwen36_27b_local,full,0.2,,4,0.8,0.6,0.0016000000000000237,0.029600000000000005,5,0
openstack,FN,267eea50fd9e9c74faa96d529a7ec2fd8aa8d51f,llm_lofo,qwen36_27b_local,full,0.2,,5,0.8,0.6,0.0016000000000000237,0.029600000000000005,5,0
openstack,TN,978066fe31a5331f143a05e1fd753c729b2dcf09,llm_lofo,qwen36_27b_local,full,0.2,,1,0.6,0.4,-0.00919999999999994,0.02919999999999996,5,0
openstack,TN,978066fe31a5331f143a05e1fd753c729b2dcf09,llm_lofo,qwen36_27b_local,full,0.2,,2,0.6,0.4,-0.00919999999999994,0.02919999999999996,5,0
openstack,TN,978066fe31a5331f143a05e1fd753c729b2dcf09,llm_lofo,qwen36_27b_local,full,0.2,,3,0.6,0.4,-0.00919999999999994,0.02919999999999996,5,0
openstack,TN,978066fe31a5331f143a05e1fd753c729b2dcf09,llm_lofo,qwen36_27b_local,full,0.2,,4,0.6,0.4,-0.00919999999999994,0.02919999999999996,5,0
openstack,TN,978066fe31a5331f143a05e1fd753c729b2dcf09,llm_lofo,qwen36_27b_local,full,0.2,,5,0.6,0.4,-0.011999999999999945,0.03199999999999996,5,0
openstack,TN,545925c66cb3ee005aa7e497ad4b3c97eb2f410b,llm_lofo,qwen36_27b_local,full,0.2,,1,0.8,0.8,-0.04080000000000004,0.0632,5,0
openstack,TN,545925c66cb3ee005aa7e497ad4b3c97eb2f410b,llm_lofo,qwen36_27b_local,full,0.2,,2,0.8,0.8,-0.04080000000000004,0.0632,5,0
openstack,TN,545925c66cb3ee005aa7e497ad4b3c97eb2f410b,llm_lofo,qwen36_27b_local,full,0.2,,3,1.0,1.0,-0.04680000000000004,0.06920000000000001,5,0
openstack,TN,545925c66cb3ee005aa7e497ad4b3c97eb2f410b,llm_lofo,qwen36_27b_local,full,0.2,,4,0.8,0.8,-0.04080000000000004,0.0632,5,0
openstack,TN,545925c66cb3ee005aa7e497ad4b3c97eb2f410b,llm_lofo,qwen36_27b_local,full,0.2,,5,0.8,0.8,-0.04080000000000004,0.0632,5,0
openstack,FN,bc6ca87a6a01ecbda926a78d07cadbd4e3ab97e0,llm_lofo,qwen36_27b_local,full,0.2,,1,1.0,0.8,0.05759999999999994,0.05759999999999994,5,0
openstack,FN,bc6ca87a6a01ecbda926a78d07cadbd4e3ab97e0,llm_lofo,qwen36_27b_local,full,0.2,,2,0.8,0.2,0.021999999999999954,0.033199999999999966,5,0
openstack,FN,bc6ca87a6a01ecbda926a78d07cadbd4e3ab97e0,llm_lofo,qwen36_27b_local,full,0.2,,3,0.8,0.2,0.021999999999999954,0.033199999999999966,5,0
openstack,FN,bc6ca87a6a01ecbda926a78d07cadbd4e3ab97e0,llm_lofo,qwen36_27b_local,full,0.2,,4,0.8,0.2,-0.007600000000000051,0.02759999999999998,5,0
openstack,FN,bc6ca87a6a01ecbda926a78d07cadbd4e3ab97e0,llm_lofo,qwen36_27b_local,full,0.2,,5,0.8,0.2,0.021999999999999954,0.033199999999999966,5,0
openstack,FP,280cc7c5ae4b07a9a1e23b8f9cc925be9872c8e1,llm_lofo,qwen36_27b_local,full,0.2,,1,0.8,0.8,-0.13759999999999997,0.13759999999999997,5,0
openstack,FP,280cc7c5ae4b07a9a1e23b8f9cc925be9872c8e1,llm_lofo,qwen36_27b_local,full,0.2,,2,1.0,1.0,-0.17559999999999998,0.17559999999999998,5,0
openstack,FP,280cc7c5ae4b07a9a1e23b8f9cc925be9872c8e1,llm_lofo,qwen36_27b_local,full,0.2,,3,0.8,0.8,-0.13759999999999997,0.13759999999999997,5,0
openstack,FP,280cc7c5ae4b07a9a1e23b8f9cc925be9872c8e1,llm_lofo,qwen36_27b_local,full,0.2,,4,1.0,1.0,-0.17559999999999998,0.17559999999999998,5,0
openstack,FP,280cc7c5ae4b07a9a1e23b8f9cc925be9872c8e1,llm_lofo,qwen36_27b_local,full,0.2,,5,0.8,0.8,-0.13759999999999997,0.13759999999999997,5,0
openstack,FP,6aecf475dbff9c7d477378c021749b987d47deae,llm_lofo,qwen36_27b_local,full,0.2,,1,1.0,0.8,-0.1896,0.1952,5,0
openstack,FP,6aecf475dbff9c7d477378c021749b987d47deae,llm_lofo,qwen36_27b_local,full,0.2,,2,1.0,0.8,-0.2012,0.2068,5,0
openstack,FP,6aecf475dbff9c7d477378c021749b987d47deae,llm_lofo,qwen36_27b_local,full,0.2,,3,1.0,0.8,-0.1896,0.1952,5,0
openstack,FP,6aecf475dbff9c7d477378c021749b987d47deae,llm_lofo,qwen36_27b_local,full,0.2,,4,1.0,0.8,-0.1896,0.1952,5,0
openstack,FP,6aecf475dbff9c7d477378c021749b987d47deae,llm_lofo,qwen36_27b_local,full,0.2,,5,1.0,0.8,-0.2012,0.2068,5,0
openstack,FP,baa52224dc73e8ca3bdcbdaa5d62bc26fb38052f,llm_lofo,qwen36_27b_local,full,0.2,,1,0.8,0.8,-0.18919999999999998,0.18919999999999998,5,0
openstack,FP,baa52224dc73e8ca3bdcbdaa5d62bc26fb38052f,llm_lofo,qwen36_27b_local,full,0.2,,2,0.8,0.8,-0.18919999999999998,0.18919999999999998,5,0
openstack,FP,baa52224dc73e8ca3bdcbdaa5d62bc26fb38052f,llm_lofo,qwen36_27b_local,full,0.2,,3,0.8,0.8,-0.18919999999999998,0.18919999999999998,5,0
openstack,FP,baa52224dc73e8ca3bdcbdaa5d62bc26fb38052f,llm_lofo,qwen36_27b_local,full,0.2,,4,0.8,0.8,-0.18919999999999998,0.18919999999999998,5,0
openstack,FP,baa52224dc73e8ca3bdcbdaa5d62bc26fb38052f,llm_lofo,qwen36_27b_local,full,0.2,,5,0.8,0.8,-0.18919999999999998,0.18919999999999998,5,0
openstack,TN,d2e40a3e49819dace92975de3e3d7ba3a3fac79d,llm_lofo,qwen36_27b_local,full,0.2,,1,0.6,0.2,-0.07080000000000002,0.07080000000000002,5,0
openstack,TN,d2e40a3e49819dace92975de3e3d7ba3a3fac79d,llm_lofo,qwen36_27b_local,full,0.2,,2,0.4,0.2,-0.06480000000000001,0.07200000000000002,5,0
openstack,TN,d2e40a3e49819dace92975de3e3d7ba3a3fac79d,llm_lofo,qwen36_27b_local,full,0.2,,3,0.6,0.2,-0.06400000000000002,0.07120000000000001,5,0
openstack,TN,d2e40a3e49819dace92975de3e3d7ba3a3fac79d,llm_lofo,qwen36_27b_local,full,0.2,,4,0.4,0.2,-0.06480000000000001,0.07200000000000002,5,0
openstack,TN,d2e40a3e49819dace92975de3e3d7ba3a3fac79d,llm_lofo,qwen36_27b_local,full,0.2,,5,0.6,0.2,-0.07080000000000002,0.07080000000000002,5,0
openstack,TN,57566f4c8d2929c25e76564883369a7c6eda720a,llm_lofo,qwen36_27b_local,full,0.2,,1,0.6,0.2,-0.020799999999999975,0.02959999999999998,5,0
openstack,TN,57566f4c8d2929c25e76564883369a7c6eda720a,llm_lofo,qwen36_27b_local,full,0.2,,2,0.6,0.2,-0.020799999999999975,0.02959999999999998,5,0
openstack,TN,57566f4c8d2929c25e76564883369a7c6eda720a,llm_lofo,qwen36_27b_local,full,0.2,,3,0.6,0.2,0.009200000000000031,0.022,5,0
openstack,TN,57566f4c8d2929c25e76564883369a7c6eda720a,llm_lofo,qwen36_27b_local,full,0.2,,4,0.6,0.2,-0.020799999999999975,0.02959999999999998,5,0
openstack,TN,57566f4c8d2929c25e76564883369a7c6eda720a,llm_lofo,qwen36_27b_local,full,0.2,,5,0.6,0.2,-0.020799999999999975,0.02959999999999998,5,0
openstack,TP,03db94ebaa3fc2c76694fd566e2c9eefbf851a7f,llm_lofo,qwen36_27b_local,full,0.2,,1,1.0,1.0,-0.22160000000000002,0.22160000000000002,5,0
openstack,TP,03db94ebaa3fc2c76694fd566e2c9eefbf851a7f,llm_lofo,qwen36_27b_local,full,0.2,,2,1.0,1.0,-0.22560000000000002,0.22560000000000002,5,0
openstack,TP,03db94ebaa3fc2c76694fd566e2c9eefbf851a7f,llm_lofo,qwen36_27b_local,full,0.2,,3,1.0,1.0,-0.2076,0.2076,5,0
openstack,TP,03db94ebaa3fc2c76694fd566e2c9eefbf851a7f,llm_lofo,qwen36_27b_local,full,0.2,,4,1.0,1.0,-0.2076,0.2076,5,0
openstack,TP,03db94ebaa3fc2c76694fd566e2c9eefbf851a7f,llm_lofo,qwen36_27b_local,full,0.2,,5,1.0,1.0,-0.2076,0.2076,5,0
openstack,FN,703ba3c4e3d0b442c3097b6c844a59e560c09fe8,llm_lofo,qwen36_27b_local,full,0.2,,1,1.0,0.2,0.011199999999999965,0.021599999999999973,5,0
openstack,FN,703ba3c4e3d0b442c3097b6c844a59e560c09fe8,llm_lofo,qwen36_27b_local,full,0.2,,2,1.0,0.2,0.011199999999999965,0.021599999999999973,5,0
openstack,FN,703ba3c4e3d0b442c3097b6c844a59e560c09fe8,llm_lofo,qwen36_27b_local,full,0.2,,3,1.0,0.2,0.016799999999999947,0.023999999999999955,5,0
openstack,FN,703ba3c4e3d0b442c3097b6c844a59e560c09fe8,llm_lofo,qwen36_27b_local,full,0.2,,4,1.0,0.4,-0.0036000000000000476,0.03639999999999999,5,0
openstack,FN,703ba3c4e3d0b442c3097b6c844a59e560c09fe8,llm_lofo,qwen36_27b_local,full,0.2,,5,1.0,0.4,-0.0036000000000000476,0.03639999999999999,5,0
openstack,FN,e3df049cad2b7a264acbad4d6baecbc813546e5d,llm_lofo,qwen36_27b_local,full,0.2,,1,0.8,0.4,-0.05759999999999997,0.07359999999999998,5,0
openstack,FN,e3df049cad2b7a264acbad4d6baecbc813546e5d,llm_lofo,qwen36_27b_local,full,0.2,,2,0.8,0.4,-0.05759999999999997,0.07359999999999998,5,0
openstack,FN,e3df049cad2b7a264acbad4d6baecbc813546e5d,llm_lofo,qwen36_27b_local,full,0.2,,3,0.6,0.2,-0.03919999999999998,0.0648,5,0
openstack,FN,e3df049cad2b7a264acbad4d6baecbc813546e5d,llm_lofo,qwen36_27b_local,full,0.2,,4,0.6,0.2,-0.03919999999999998,0.0648,5,0
openstack,FN,e3df049cad2b7a264acbad4d6baecbc813546e5d,llm_lofo,qwen36_27b_local,full,0.2,,5,0.8,0.4,-0.05759999999999997,0.07359999999999998,5,0
openstack,FN,d1b3adfbe471ad99ddf0dd2b483b77435c157aea,llm_lofo,qwen36_27b_local,full,0.2,,1,1.0,1.0,0.07080000000000004,0.10200000000000002,5,0
openstack,FN,d1b3adfbe471ad99ddf0dd2b483b77435c157aea,llm_lofo,qwen36_27b_local,full,0.2,,2,1.0,1.0,0.07080000000000004,0.10200000000000002,5,0
openstack,FN,d1b3adfbe471ad99ddf0dd2b483b77435c157aea,llm_lofo,qwen36_27b_local,full,0.2,,3,1.0,1.0,0.10160000000000005,0.10160000000000005,5,0
openstack,FN,d1b3adfbe471ad99ddf0dd2b483b77435c157aea,llm_lofo,qwen36_27b_local,full,0.2,,4,1.0,1.0,0.10160000000000005,0.10160000000000005,5,0
openstack,FN,d1b3adfbe471ad99ddf0dd2b483b77435c157aea,llm_lofo,qwen36_27b_local,full,0.2,,5,1.0,1.0,0.07080000000000004,0.10200000000000002,5,0
openstack,TN,87be408b126e81ded85b03896f9c85f8a8d4ac90,llm_lofo,qwen36_27b_local,full,0.2,,1,0.8,0.4,-0.024,0.05120000000000002,5,0
openstack,TN,87be408b126e81ded85b03896f9c85f8a8d4ac90,llm_lofo,qwen36_27b_local,full,0.2,,2,0.6,0.4,-0.022399999999999996,0.04960000000000002,5,0
openstack,TN,87be408b126e81ded85b03896f9c85f8a8d4ac90,llm_lofo,qwen36_27b_local,full,0.2,,3,0.8,0.4,-0.017999999999999995,0.050000000000000024,5,0
openstack,TN,87be408b126e81ded85b03896f9c85f8a8d4ac90,llm_lofo,qwen36_27b_local,full,0.2,,4,0.8,0.4,-0.024,0.05120000000000002,5,0
openstack,TN,87be408b126e81ded85b03896f9c85f8a8d4ac90,llm_lofo,qwen36_27b_local,full,0.2,,5,0.6,0.4,-0.021199999999999997,0.04840000000000002,5,0
openstack,TP,22c9cf3d95c3d14351045bac2920b4e0994ec42f,llm_lofo,qwen36_27b_local,full,0.2,,1,1.0,1.0,-0.3176,0.3176,5,0
openstack,TP,22c9cf3d95c3d14351045bac2920b4e0994ec42f,llm_lofo,qwen36_27b_local,full,0.2,,2,1.0,1.0,-0.3176,0.3176,5,0
openstack,TP,22c9cf3d95c3d14351045bac2920b4e0994ec42f,llm_lofo,qwen36_27b_local,full,0.2,,3,1.0,1.0,-0.2956,0.2956,5,0
openstack,TP,22c9cf3d95c3d14351045bac2920b4e0994ec42f,llm_lofo,qwen36_27b_local,full,0.2,,4,1.0,1.0,-0.3176,0.3176,5,0
openstack,TP,22c9cf3d95c3d14351045bac2920b4e0994ec42f,llm_lofo,qwen36_27b_local,full,0.2,,5,1.0,1.0,-0.3176,0.3176,5,0
openstack,TP,092820939d53268152893a15fdaf5129554fbcb3,llm_lofo,qwen36_27b_local,full,0.2,,1,1.0,1.0,-0.2776,0.2776,5,0
openstack,TP,092820939d53268152893a15fdaf5129554fbcb3,llm_lofo,qwen36_27b_local,full,0.2,,2,1.0,1.0,-0.2776,0.2776,5,0
openstack,TP,092820939d53268152893a15fdaf5129554fbcb3,llm_lofo,qwen36_27b_local,full,0.2,,3,1.0,1.0,-0.2776,0.2776,5,0
openstack,TP,092820939d53268152893a15fdaf5129554fbcb3,llm_lofo,qwen36_27b_local,full,0.2,,4,1.0,1.0,-0.2776,0.2776,5,0
openstack,TP,092820939d53268152893a15fdaf5129554fbcb3,llm_lofo,qwen36_27b_local,full,0.2,,5,1.0,1.0,-0.18680000000000002,0.23320000000000002,5,0
openstack,TN,dd13c2784b5aec539197d1b76fafc6a6b38a33e8,llm_lofo,qwen36_27b_local,full,0.2,,1,1.0,0.6,0.05159999999999998,0.0668,5,0
openstack,TN,dd13c2784b5aec539197d1b76fafc6a6b38a33e8,llm_lofo,qwen36_27b_local,full,0.2,,2,1.0,0.6,0.05239999999999998,0.0676,5,0
openstack,TN,dd13c2784b5aec539197d1b76fafc6a6b38a33e8,llm_lofo,qwen36_27b_local,full,0.2,,3,1.0,0.6,0.05239999999999998,0.0676,5,0
openstack,TN,dd13c2784b5aec539197d1b76fafc6a6b38a33e8,llm_lofo,qwen36_27b_local,full,0.2,,4,1.0,0.6,0.05159999999999998,0.0668,5,0
openstack,TN,dd13c2784b5aec539197d1b76fafc6a6b38a33e8,llm_lofo,qwen36_27b_local,full,0.2,,5,1.0,0.6,0.05159999999999998,0.0668,5,0
openstack,TP,40eaa89a9001edda3e1146831b26aaf7ded64c4a,llm_lofo,qwen36_27b_local,full,0.2,,1,1.0,0.8,-0.2032,0.2032,5,0
openstack,TP,40eaa89a9001edda3e1146831b26aaf7ded64c4a,llm_lofo,qwen36_27b_local,full,0.2,,2,1.0,0.8,-0.21,0.21,5,0
openstack,TP,40eaa89a9001edda3e1146831b26aaf7ded64c4a,llm_lofo,qwen36_27b_local,full,0.2,,3,1.0,0.8,-0.212,0.212,5,0
openstack,TP,40eaa89a9001edda3e1146831b26aaf7ded64c4a,llm_lofo,qwen36_27b_local,full,0.2,,4,1.0,0.8,-0.21,0.21,5,0
openstack,TP,40eaa89a9001edda3e1146831b26aaf7ded64c4a,llm_lofo,qwen36_27b_local,full,0.2,,5,1.0,0.8,-0.1948,0.1948,5,0
openstack,TN,1e6538d43e76b867776cf226e1d6d6c900412f99,llm_lofo,qwen36_27b_local,full,0.2,,1,1.0,0.6,-0.03520000000000001,0.043200000000000016,5,0
openstack,TN,1e6538d43e76b867776cf226e1d6d6c900412f99,llm_lofo,qwen36_27b_local,full,0.2,,2,0.8,0.6,-0.06240000000000001,0.06240000000000001,5,0
openstack,TN,1e6538d43e76b867776cf226e1d6d6c900412f99,llm_lofo,qwen36_27b_local,full,0.2,,3,1.0,0.8,-0.0772,0.0772,5,0
openstack,TN,1e6538d43e76b867776cf226e1d6d6c900412f99,llm_lofo,qwen36_27b_local,full,0.2,,4,1.0,0.8,-0.0772,0.0772,5,0
openstack,TN,1e6538d43e76b867776cf226e1d6d6c900412f99,llm_lofo,qwen36_27b_local,full,0.2,,5,0.8,0.6,-0.06240000000000001,0.06240000000000001,5,0
openstack,FP,70de423255fd01822188bb9082a0c0cc1c8ec2d0,llm_lofo,qwen36_27b_local,full,0.2,,1,1.0,0.8,-0.29400000000000004,0.29560000000000003,5,0
openstack,FP,70de423255fd01822188bb9082a0c0cc1c8ec2d0,llm_lofo,qwen36_27b_local,full,0.2,,2,1.0,0.8,-0.32080000000000003,0.3224,5,0
openstack,FP,70de423255fd01822188bb9082a0c0cc1c8ec2d0,llm_lofo,qwen36_27b_local,full,0.2,,3,1.0,0.8,-0.29400000000000004,0.29560000000000003,5,0
openstack,FP,70de423255fd01822188bb9082a0c0cc1c8ec2d0,llm_lofo,qwen36_27b_local,full,0.2,,4,1.0,0.8,-0.30960000000000004,0.31120000000000003,5,0
openstack,FP,70de423255fd01822188bb9082a0c0cc1c8ec2d0,llm_lofo,qwen36_27b_local,full,0.2,,5,1.0,0.8,-0.30960000000000004,0.31120000000000003,5,0
openstack,TP,56324c12aa58ff9cf46582611b071f3abb743ddf,llm_lofo,qwen36_27b_local,full,0.2,,1,1.0,0.6,-0.15440000000000004,0.15440000000000004,5,0
openstack,TP,56324c12aa58ff9cf46582611b071f3abb743ddf,llm_lofo,qwen36_27b_local,full,0.2,,2,1.0,0.6,-0.15440000000000004,0.15440000000000004,5,0
openstack,TP,56324c12aa58ff9cf46582611b071f3abb743ddf,llm_lofo,qwen36_27b_local,full,0.2,,3,1.0,0.6,-0.15440000000000004,0.15440000000000004,5,0
openstack,TP,56324c12aa58ff9cf46582611b071f3abb743ddf,llm_lofo,qwen36_27b_local,full,0.2,,4,1.0,0.6,-0.15440000000000004,0.15440000000000004,5,0
openstack,TP,56324c12aa58ff9cf46582611b071f3abb743ddf,llm_lofo,qwen36_27b_local,full,0.2,,5,1.0,0.75,-0.18600000000000005,0.18600000000000005,4,0
openstack,FN,848664f646bf087df59778434daa6feae1e71c74,llm_lofo,qwen36_27b_local,full,0.2,,1,1.0,1.0,-0.09679999999999997,0.09679999999999997,5,0
openstack,FN,848664f646bf087df59778434daa6feae1e71c74,llm_lofo,qwen36_27b_local,full,0.2,,2,1.0,0.8,-0.07799999999999996,0.07799999999999996,5,0
openstack,FN,848664f646bf087df59778434daa6feae1e71c74,llm_lofo,qwen36_27b_local,full,0.2,,3,1.0,1.0,-0.09679999999999997,0.09679999999999997,5,0
openstack,FN,848664f646bf087df59778434daa6feae1e71c74,llm_lofo,qwen36_27b_local,full,0.2,,4,1.0,1.0,-0.09679999999999997,0.09679999999999997,5,0
openstack,FN,848664f646bf087df59778434daa6feae1e71c74,llm_lofo,qwen36_27b_local,full,0.2,,5,1.0,0.8,-0.07079999999999997,0.07719999999999998,5,0
openstack,FN,91a8cd2952a25b340f5778cace95910e43cbcbb6,llm_lofo,qwen36_27b_local,full,0.2,,1,0.8,0.4,-0.0048000000000000265,0.057599999999999985,5,0
openstack,FN,91a8cd2952a25b340f5778cace95910e43cbcbb6,llm_lofo,qwen36_27b_local,full,0.2,,2,0.6,0.4,0.032399999999999964,0.03399999999999996,5,0
openstack,FN,91a8cd2952a25b340f5778cace95910e43cbcbb6,llm_lofo,qwen36_27b_local,full,0.2,,3,0.8,0.4,0.002799999999999958,0.05,5,0
openstack,FN,91a8cd2952a25b340f5778cace95910e43cbcbb6,llm_lofo,qwen36_27b_local,full,0.2,,4,0.6,0.4,0.032399999999999964,0.03399999999999996,5,0
openstack,FN,91a8cd2952a25b340f5778cace95910e43cbcbb6,llm_lofo,qwen36_27b_local,full,0.2,,5,0.6,0.4,0.032399999999999964,0.03399999999999996,5,0
openstack,FN,d402747547e1a356c6c2c20b57f52af39b63e831,llm_lofo,qwen36_27b_local,full,0.2,,1,0.8,0.6,0.024400000000000022,0.03160000000000003,5,0
openstack,FN,d402747547e1a356c6c2c20b57f52af39b63e831,llm_lofo,qwen36_27b_local,full,0.2,,2,0.8,0.6,0.024400000000000022,0.03160000000000003,5,0
openstack,FN,d402747547e1a356c6c2c20b57f52af39b63e831,llm_lofo,qwen36_27b_local,full,0.2,,3,0.8,0.6,-0.030799999999999984,0.06360000000000002,5,0
openstack,FN,d402747547e1a356c6c2c20b57f52af39b63e831,llm_lofo,qwen36_27b_local,full,0.2,,4,0.6,0.8,-0.044399999999999974,0.07239999999999999,5,0
openstack,FN,d402747547e1a356c6c2c20b57f52af39b63e831,llm_lofo,qwen36_27b_local,full,0.2,,5,0.6,0.8,-0.044399999999999974,0.07239999999999999,5,0
openstack,TN,348b7a9f7d64094d60ece0460aed02b66c52f1b1,llm_lofo,qwen36_27b_local,full,0.2,,1,0.6,0.0,0.01080000000000001,0.01160000000000001,5,0
openstack,TN,348b7a9f7d64094d60ece0460aed02b66c52f1b1,llm_lofo,qwen36_27b_local,full,0.2,,2,0.4,0.0,0.009200000000000009,0.014800000000000013,5,0
openstack,TN,348b7a9f7d64094d60ece0460aed02b66c52f1b1,llm_lofo,qwen36_27b_local,full,0.2,,3,0.5,0.25,-0.007500000000000007,0.014500000000000013,4,0
openstack,TN,348b7a9f7d64094d60ece0460aed02b66c52f1b1,llm_lofo,qwen36_27b_local,full,0.2,,4,0.4,0.4,-0.1032,0.1072,5,0
openstack,TN,348b7a9f7d64094d60ece0460aed02b66c52f1b1,llm_lofo,qwen36_27b_local,full,0.2,,5,0.6,0.0,0.01080000000000001,0.01160000000000001,5,0
openstack,FP,2bb9e5563c69f79d5da23668b08dd9c88f9d4348,llm_lofo,qwen36_27b_local,full,0.2,,1,0.8,1.0,-0.17439999999999997,0.17439999999999997,5,0
openstack,FP,2bb9e5563c69f79d5da23668b08dd9c88f9d4348,llm_lofo,qwen36_27b_local,full,0.2,,2,0.8,1.0,-0.17439999999999997,0.17439999999999997,5,0
openstack,FP,2bb9e5563c69f79d5da23668b08dd9c88f9d4348,llm_lofo,qwen36_27b_local,full,0.2,,3,0.8,1.0,-0.20559999999999998,0.20559999999999998,5,0
openstack,FP,2bb9e5563c69f79d5da23668b08dd9c88f9d4348,llm_lofo,qwen36_27b_local,full,0.2,,4,0.8,1.0,-0.17439999999999997,0.17439999999999997,5,0
openstack,FP,2bb9e5563c69f79d5da23668b08dd9c88f9d4348,llm_lofo,qwen36_27b_local,full,0.2,,5,0.8,1.0,-0.20959999999999998,0.20959999999999998,5,0
openstack,TP,5f2b88b1aafb9a35638e54f796685f633428b6a5,llm_lofo,qwen36_27b_local,full,0.2,,1,0.8,1.0,-0.17159999999999997,0.17159999999999997,5,0
openstack,TP,5f2b88b1aafb9a35638e54f796685f633428b6a5,llm_lofo,qwen36_27b_local,full,0.2,,2,0.8,1.0,-0.17159999999999997,0.17159999999999997,5,0
openstack,TP,5f2b88b1aafb9a35638e54f796685f633428b6a5,llm_lofo,qwen36_27b_local,full,0.2,,3,0.8,1.0,-0.17159999999999997,0.17159999999999997,5,0
openstack,TP,5f2b88b1aafb9a35638e54f796685f633428b6a5,llm_lofo,qwen36_27b_local,full,0.2,,4,0.8,1.0,-0.17159999999999997,0.17159999999999997,5,0
openstack,TP,5f2b88b1aafb9a35638e54f796685f633428b6a5,llm_lofo,qwen36_27b_local,full,0.2,,5,0.8,1.0,-0.17159999999999997,0.17159999999999997,5,0
openstack,FN,017dd6b4bcf92c14d49421268cb571c00879f3cc,llm_lofo,qwen36_27b_local,full,0.2,,1,1.0,0.5,0.060500000000000026,0.06550000000000003,4,0
openstack,FN,017dd6b4bcf92c14d49421268cb571c00879f3cc,llm_lofo,qwen36_27b_local,full,0.2,,2,1.0,0.5,0.060500000000000026,0.06550000000000003,4,0
openstack,FN,017dd6b4bcf92c14d49421268cb571c00879f3cc,llm_lofo,qwen36_27b_local,full,0.2,,3,1.0,0.5,0.060500000000000026,0.06550000000000003,4,0
openstack,FN,017dd6b4bcf92c14d49421268cb571c00879f3cc,llm_lofo,qwen36_27b_local,full,0.2,,4,1.0,0.6,0.010800000000000032,0.09000000000000001,5,0
openstack,FN,017dd6b4bcf92c14d49421268cb571c00879f3cc,llm_lofo,qwen36_27b_local,full,0.2,,5,1.0,0.6,0.010800000000000032,0.09000000000000001,5,0
openstack,FP,41d6b479fe8baf66578044b8773c3b892d64a2c4,llm_lofo,qwen36_27b_local,full,0.2,,1,0.6,1.0,-0.16999999999999993,0.16999999999999993,5,0
openstack,FP,41d6b479fe8baf66578044b8773c3b892d64a2c4,llm_lofo,qwen36_27b_local,full,0.2,,2,0.6,1.0,-0.16999999999999993,0.16999999999999993,5,0
openstack,FP,41d6b479fe8baf66578044b8773c3b892d64a2c4,llm_lofo,qwen36_27b_local,full,0.2,,3,0.8,1.0,-0.15639999999999993,0.15639999999999993,5,0
openstack,FP,41d6b479fe8baf66578044b8773c3b892d64a2c4,llm_lofo,qwen36_27b_local,full,0.2,,4,0.6,0.8,-0.13239999999999996,0.14039999999999997,5,0
openstack,FP,41d6b479fe8baf66578044b8773c3b892d64a2c4,llm_lofo,qwen36_27b_local,full,0.2,,5,0.6,1.0,-0.16999999999999993,0.16999999999999993,5,0
openstack,FN,913a99c79456abbfef1642e6dc70e6a4ff4e25db,llm_lofo,qwen36_27b_local,full,0.2,,1,1.0,0.8,0.12840000000000004,0.12840000000000004,5,0
openstack,FN,913a99c79456abbfef1642e6dc70e6a4ff4e25db,llm_lofo,qwen36_27b_local,full,0.2,,2,1.0,0.8,0.12680000000000005,0.12760000000000005,5,0
openstack,FN,913a99c79456abbfef1642e6dc70e6a4ff4e25db,llm_lofo,qwen36_27b_local,full,0.2,,3,1.0,0.4,0.09640000000000001,0.09720000000000002,5,0
openstack,FN,913a99c79456abbfef1642e6dc70e6a4ff4e25db,llm_lofo,qwen36_27b_local,full,0.2,,4,1.0,0.6,0.10720000000000003,0.10800000000000003,5,0
openstack,FN,913a99c79456abbfef1642e6dc70e6a4ff4e25db,llm_lofo,qwen36_27b_local,full,0.2,,5,1.0,0.8,0.08640000000000006,0.11520000000000004,5,0
openstack,FP,e4ea54104ec38f5fe4c792d4d3d1865de34bb4c3,llm_lofo,qwen36_27b_local,full,0.2,,1,0.8,1.0,-0.15879999999999997,0.15879999999999997,5,0
openstack,FP,e4ea54104ec38f5fe4c792d4d3d1865de34bb4c3,llm_lofo,qwen36_27b_local,full,0.2,,2,0.8,1.0,-0.15879999999999997,0.15879999999999997,5,0
openstack,FP,e4ea54104ec38f5fe4c792d4d3d1865de34bb4c3,llm_lofo,qwen36_27b_local,full,0.2,,3,0.8,1.0,-0.15879999999999997,0.15879999999999997,5,0
openstack,FP,e4ea54104ec38f5fe4c792d4d3d1865de34bb4c3,llm_lofo,qwen36_27b_local,full,0.2,,4,0.8,1.0,-0.15879999999999997,0.15879999999999997,5,0
openstack,FP,e4ea54104ec38f5fe4c792d4d3d1865de34bb4c3,llm_lofo,qwen36_27b_local,full,0.2,,5,0.8,1.0,-0.15879999999999997,0.15879999999999997,5,0
openstack,FN,1c6b2fce289b68af92afeddf8d30efcda1903f06,llm_lofo,qwen36_27b_local,full,0.2,,1,1.0,0.6,0.019600000000000062,0.041199999999999994,5,0
openstack,FN,1c6b2fce289b68af92afeddf8d30efcda1903f06,llm_lofo,qwen36_27b_local,full,0.2,,2,1.0,0.6,0.019600000000000062,0.041199999999999994,5,0
openstack,FN,1c6b2fce289b68af92afeddf8d30efcda1903f06,llm_lofo,qwen36_27b_local,full,0.2,,3,1.0,0.6,0.019600000000000062,0.041199999999999994,5,0
openstack,FN,1c6b2fce289b68af92afeddf8d30efcda1903f06,llm_lofo,qwen36_27b_local,full,0.2,,4,1.0,0.6,0.019600000000000062,0.041199999999999994,5,0
openstack,FN,1c6b2fce289b68af92afeddf8d30efcda1903f06,llm_lofo,qwen36_27b_local,full,0.2,,5,1.0,0.6,0.019600000000000062,0.041199999999999994,5,0
openstack,FN,8ccdc4ac5053c6e39660044a9f8c1f695370e9a7,llm_lofo,qwen36_27b_local,full,0.2,,1,0.8,1.0,0.05960000000000001,0.07400000000000002,5,0
openstack,FN,8ccdc4ac5053c6e39660044a9f8c1f695370e9a7,llm_lofo,qwen36_27b_local,full,0.2,,2,0.8,1.0,0.05960000000000001,0.07400000000000002,5,0
openstack,FN,8ccdc4ac5053c6e39660044a9f8c1f695370e9a7,llm_lofo,qwen36_27b_local,full,0.2,,3,0.8,1.0,0.05960000000000001,0.07400000000000002,5,0
openstack,FN,8ccdc4ac5053c6e39660044a9f8c1f695370e9a7,llm_lofo,qwen36_27b_local,full,0.2,,4,0.8,1.0,0.05960000000000001,0.07400000000000002,5,0
openstack,FN,8ccdc4ac5053c6e39660044a9f8c1f695370e9a7,llm_lofo,qwen36_27b_local,full,0.2,,5,0.8,1.0,0.05960000000000001,0.07400000000000002,5,0
openstack,FP,a985e34cdeef777fe7ff943e363a5f1be6d991b7,llm_lofo,qwen36_27b_local,full,0.2,,1,0.8,1.0,-0.09280000000000002,0.09280000000000002,5,0
openstack,FP,a985e34cdeef777fe7ff943e363a5f1be6d991b7,llm_lofo,qwen36_27b_local,full,0.2,,2,1.0,1.0,-0.13440000000000002,0.13440000000000002,5,0
openstack,FP,a985e34cdeef777fe7ff943e363a5f1be6d991b7,llm_lofo,qwen36_27b_local,full,0.2,,3,1.0,1.0,-0.13440000000000002,0.13440000000000002,5,0
openstack,FP,a985e34cdeef777fe7ff943e363a5f1be6d991b7,llm_lofo,qwen36_27b_local,full,0.2,,4,1.0,1.0,-0.13440000000000002,0.13440000000000002,5,0
openstack,FP,a985e34cdeef777fe7ff943e363a5f1be6d991b7,llm_lofo,qwen36_27b_local,full,0.2,,5,1.0,1.0,-0.13440000000000002,0.13440000000000002,5,0
openstack,TP,3b28cb2a10f7746a32cb7f7b62b6fc92ebcfb1e5,llm_lofo,qwen36_27b_local,full,0.2,,1,1.0,1.0,-0.2292,0.2292,5,0
openstack,TP,3b28cb2a10f7746a32cb7f7b62b6fc92ebcfb1e5,llm_lofo,qwen36_27b_local,full,0.2,,2,1.0,1.0,-0.2292,0.2292,5,0
openstack,TP,3b28cb2a10f7746a32cb7f7b62b6fc92ebcfb1e5,llm_lofo,qwen36_27b_local,full,0.2,,3,1.0,1.0,-0.2292,0.2292,5,0
openstack,TP,3b28cb2a10f7746a32cb7f7b62b6fc92ebcfb1e5,llm_lofo,qwen36_27b_local,full,0.2,,4,1.0,1.0,-0.2292,0.2292,5,0
openstack,TP,3b28cb2a10f7746a32cb7f7b62b6fc92ebcfb1e5,llm_lofo,qwen36_27b_local,full,0.2,,5,1.0,1.0,-0.2292,0.2292,5,0
openstack,FN,c2c37272bf788aac63399127cddd487dc0f15c38,llm_lofo,qwen36_27b_local,full,0.2,,1,1.0,0.6,-0.02360000000000002,0.03640000000000003,5,0
openstack,FN,c2c37272bf788aac63399127cddd487dc0f15c38,llm_lofo,qwen36_27b_local,full,0.2,,2,0.8,0.6,-0.024800000000000023,0.03520000000000003,5,0
openstack,FN,c2c37272bf788aac63399127cddd487dc0f15c38,llm_lofo,qwen36_27b_local,full,0.2,,3,0.8,0.6,-0.024800000000000023,0.03520000000000003,5,0
openstack,FN,c2c37272bf788aac63399127cddd487dc0f15c38,llm_lofo,qwen36_27b_local,full,0.2,,4,1.0,0.8,-0.04400000000000004,0.048800000000000045,5,0
openstack,FN,c2c37272bf788aac63399127cddd487dc0f15c38,llm_lofo,qwen36_27b_local,full,0.2,,5,1.0,0.8,-0.04400000000000004,0.048800000000000045,5,0
openstack,FN,37510ac03478704bafba89e8c4f4e0e9041d661d,llm_lofo,qwen36_27b_local,full,0.2,,1,1.0,0.6,0.1012,0.1012,5,0
openstack,FN,37510ac03478704bafba89e8c4f4e0e9041d661d,llm_lofo,qwen36_27b_local,full,0.2,,2,1.0,0.6,0.1012,0.1012,5,0
openstack,FN,37510ac03478704bafba89e8c4f4e0e9041d661d,llm_lofo,qwen36_27b_local,full,0.2,,3,1.0,0.6,0.09559999999999999,0.09559999999999999,5,0
openstack,FN,37510ac03478704bafba89e8c4f4e0e9041d661d,llm_lofo,qwen36_27b_local,full,0.2,,4,1.0,0.6,0.1012,0.1012,5,0
openstack,FN,37510ac03478704bafba89e8c4f4e0e9041d661d,llm_lofo,qwen36_27b_local,full,0.2,,5,1.0,0.5,0.09250000000000003,0.09250000000000003,4,0
openstack,TN,5cc9d999352c21d3f4b5c39d3ea9d4378ca86544,llm_lofo,qwen36_27b_local,full,0.2,,1,1.0,0.8,0.04200000000000004,0.07320000000000002,5,0
openstack,TN,5cc9d999352c21d3f4b5c39d3ea9d4378ca86544,llm_lofo,qwen36_27b_local,full,0.2,,2,1.0,0.8,0.04200000000000004,0.07320000000000002,5,0
openstack,TN,5cc9d999352c21d3f4b5c39d3ea9d4378ca86544,llm_lofo,qwen36_27b_local,full,0.2,,3,1.0,0.8,0.04200000000000004,0.07320000000000002,5,0
openstack,TN,5cc9d999352c21d3f4b5c39d3ea9d4378ca86544,llm_lofo,qwen36_27b_local,full,0.2,,4,1.0,0.8,0.04200000000000004,0.07320000000000002,5,0
openstack,TN,5cc9d999352c21d3f4b5c39d3ea9d4378ca86544,llm_lofo,qwen36_27b_local,full,0.2,,5,1.0,0.6,0.02320000000000002,0.05840000000000001,5,0
openstack,FP,ce12d7a1e53fffce57baab18de2ab885ba1df8ee,llm_lofo,qwen36_27b_local,full,0.2,,1,0.8,0.4,-0.0772,0.08600000000000001,5,0
openstack,FP,ce12d7a1e53fffce57baab18de2ab885ba1df8ee,llm_lofo,qwen36_27b_local,full,0.2,,2,0.8,0.4,-0.0772,0.08600000000000001,5,0
openstack,FP,ce12d7a1e53fffce57baab18de2ab885ba1df8ee,llm_lofo,qwen36_27b_local,full,0.2,,3,0.8,0.4,-0.0772,0.08600000000000001,5,0
openstack,FP,ce12d7a1e53fffce57baab18de2ab885ba1df8ee,llm_lofo,qwen36_27b_local,full,0.2,,4,0.8,0.4,-0.0772,0.08600000000000001,5,0
openstack,FP,ce12d7a1e53fffce57baab18de2ab885ba1df8ee,llm_lofo,qwen36_27b_local,full,0.2,,5,0.8,0.4,-0.0772,0.08600000000000001,5,0
openstack,FN,221f386029faf499c5a445374685cba5b67df31e,llm_lofo,qwen36_27b_local,full,0.2,,1,0.8,0.8,0.006800000000000051,0.086,5,0
openstack,FN,221f386029faf499c5a445374685cba5b67df31e,llm_lofo,qwen36_27b_local,full,0.2,,2,0.8,0.8,0.006800000000000051,0.086,5,0
openstack,FN,221f386029faf499c5a445374685cba5b67df31e,llm_lofo,qwen36_27b_local,full,0.2,,3,0.8,0.8,0.006800000000000051,0.086,5,0
openstack,FN,221f386029faf499c5a445374685cba5b67df31e,llm_lofo,qwen36_27b_local,full,0.2,,4,0.8,0.8,0.006800000000000051,0.086,5,0
openstack,FN,221f386029faf499c5a445374685cba5b67df31e,llm_lofo,qwen36_27b_local,full,0.2,,5,0.8,0.8,0.006800000000000051,0.086,5,0
openstack,FP,3eea37b85b1abc72786a2b24baf01141b4d95f08,llm_lofo,qwen36_27b_local,full,0.2,,1,1.0,0.8,-0.12280000000000006,0.12440000000000002,5,0
openstack,FP,3eea37b85b1abc72786a2b24baf01141b4d95f08,llm_lofo,qwen36_27b_local,full,0.2,,2,1.0,0.8,-0.12000000000000006,0.12160000000000001,5,0
openstack,FP,3eea37b85b1abc72786a2b24baf01141b4d95f08,llm_lofo,qwen36_27b_local,full,0.2,,3,1.0,0.8,-0.12280000000000006,0.12440000000000002,5,0
openstack,FP,3eea37b85b1abc72786a2b24baf01141b4d95f08,llm_lofo,qwen36_27b_local,full,0.2,,4,1.0,0.8,-0.12280000000000006,0.12440000000000002,5,0
openstack,FP,3eea37b85b1abc72786a2b24baf01141b4d95f08,llm_lofo,qwen36_27b_local,full,0.2,,5,1.0,0.8,-0.12280000000000006,0.12440000000000002,5,0
openstack,FN,589c495c1ae62129e20ab5e2641e330541eee01f,llm_lofo,qwen36_27b_local,full,0.2,,1,0.8,0.6,0.07519999999999993,0.07839999999999994,5,0
openstack,FN,589c495c1ae62129e20ab5e2641e330541eee01f,llm_lofo,qwen36_27b_local,full,0.2,,2,0.8,0.6,0.07519999999999993,0.07839999999999994,5,0
openstack,FN,589c495c1ae62129e20ab5e2641e330541eee01f,llm_lofo,qwen36_27b_local,full,0.2,,3,0.8,0.8,0.09319999999999995,0.09639999999999996,5,0
openstack,FN,589c495c1ae62129e20ab5e2641e330541eee01f,llm_lofo,qwen36_27b_local,full,0.2,,4,0.8,0.6,0.07799999999999993,0.08119999999999994,5,0
openstack,FN,589c495c1ae62129e20ab5e2641e330541eee01f,llm_lofo,qwen36_27b_local,full,0.2,,5,0.6,0.6,0.08999999999999994,0.09319999999999995,5,0
openstack,FP,750e065d6d137715dd03d5c90623145177f64cbb,llm_lofo,qwen36_27b_local,full,0.2,,1,0.8,1.0,-0.14,0.16319999999999998,5,0
openstack,FP,750e065d6d137715dd03d5c90623145177f64cbb,llm_lofo,qwen36_27b_local,full,0.2,,2,0.8,1.0,-0.1736,0.1736,5,0
openstack,FP,750e065d6d137715dd03d5c90623145177f64cbb,llm_lofo,qwen36_27b_local,full,0.2,,3,0.8,1.0,-0.1736,0.1736,5,0
openstack,FP,750e065d6d137715dd03d5c90623145177f64cbb,llm_lofo,qwen36_27b_local,full,0.2,,4,0.8,0.8,-0.15,0.1532,5,0
openstack,FP,750e065d6d137715dd03d5c90623145177f64cbb,llm_lofo,qwen36_27b_local,full,0.2,,5,0.8,1.0,-0.1736,0.1736,5,0
qt,FP,3d3ce2afe1937531f5fdc2af56697e93133e6d98,llm_counterfactual,qwen36_27b_local,full,0.2,,1,0.8,0.8,-0.05270426959656214,0.07255867310720313,5,0
qt,FP,3d3ce2afe1937531f5fdc2af56697e93133e6d98,llm_counterfactual,qwen36_27b_local,full,0.2,,2,0.8,0.8,-0.047505203572043395,0.0777577391317219,5,0
qt,FP,3d3ce2afe1937531f5fdc2af56697e93133e6d98,llm_counterfactual,qwen36_27b_local,full,0.2,,3,0.8,0.8,-0.047505203572043395,0.07775773913172186,5,0
qt,FP,3d3ce2afe1937531f5fdc2af56697e93133e6d98,llm_counterfactual,qwen36_27b_local,full,0.2,,4,0.8,0.8,-0.0475052035720434,0.07775773913172186,5,0
qt,FP,3d3ce2afe1937531f5fdc2af56697e93133e6d98,llm_counterfactual,qwen36_27b_local,full,0.2,,5,1.0,1.0,-0.03295374393175072,0.0830606830020702,5,0
qt,TN,eb5994df1307b2e17e729374e1f7ab1c8fe82750,llm_counterfactual,qwen36_27b_local,full,0.2,,1,0.8,0.6,-0.049305382343331663,0.049305382343331663,5,0
qt,TN,eb5994df1307b2e17e729374e1f7ab1c8fe82750,llm_counterfactual,qwen36_27b_local,full,0.2,,2,0.8,0.6,-0.049305382343331636,0.049305382343331636,5,0
qt,TN,eb5994df1307b2e17e729374e1f7ab1c8fe82750,llm_counterfactual,qwen36_27b_local,full,0.2,,3,0.8,0.6,-0.052266091378174354,0.052266091378174354,5,0
qt,TN,eb5994df1307b2e17e729374e1f7ab1c8fe82750,llm_counterfactual,qwen36_27b_local,full,0.2,,4,0.8,0.6,-0.049305382343331663,0.049305382343331663,5,0
qt,TN,eb5994df1307b2e17e729374e1f7ab1c8fe82750,llm_counterfactual,qwen36_27b_local,full,0.2,,5,0.8,0.6,-0.049305382343331684,0.049305382343331684,5,0
qt,FN,2ad213cc02094e003802530757fa4010720a22e6,llm_counterfactual,qwen36_27b_local,full,0.2,,1,0.8,0.6,-0.03873413209229206,0.042969801185104003,5,0
qt,FN,2ad213cc02094e003802530757fa4010720a22e6,llm_counterfactual,qwen36_27b_local,full,0.2,,2,0.6,0.2,-0.011974763499930008,0.019854192975069428,5,0
qt,FN,2ad213cc02094e003802530757fa4010720a22e6,llm_counterfactual,qwen36_27b_local,full,0.2,,3,0.6,0.4,-0.01570768622870562,0.02358711570384504,5,0
qt,FN,2ad213cc02094e003802530757fa4010720a22e6,llm_counterfactual,qwen36_27b_local,full,0.2,,4,0.8,0.4,-0.02113361386377819,0.02536928295659018,5,0
qt,FN,2ad213cc02094e003802530757fa4010720a22e6,llm_counterfactual,qwen36_27b_local,full,0.2,,5,0.8,0.4,-0.021429568219020444,0.025073328601347922,5,0
qt,TP,256bbc4f139036a780a63b80af8bb461a77d333a,llm_counterfactual,qwen36_27b_local,full,0.2,,1,1.0,1.0,-0.1226993830268912,0.15894454262919377,5,0
qt,TP,256bbc4f139036a780a63b80af8bb461a77d333a,llm_counterfactual,qwen36_27b_local,full,0.2,,2,1.0,1.0,-0.1226993830268912,0.15894454262919377,5,0
qt,TP,256bbc4f139036a780a63b80af8bb461a77d333a,llm_counterfactual,qwen36_27b_local,full,0.2,,3,1.0,1.0,-0.1226993830268912,0.15894454262919377,5,0
qt,TP,256bbc4f139036a780a63b80af8bb461a77d333a,llm_counterfactual,qwen36_27b_local,full,0.2,,4,1.0,1.0,-0.1226993830268912,0.15894454262919377,5,0
qt,TP,256bbc4f139036a780a63b80af8bb461a77d333a,llm_counterfactual,qwen36_27b_local,full,0.2,,5,1.0,1.0,-0.1226993830268912,0.15894454262919377,5,0
qt,TP,ae292be8690109940fdd9862321b2389a0957404,llm_counterfactual,qwen36_27b_local,full,0.2,,1,1.0,1.0,-0.19376582848450913,0.19376582848450913,5,0
qt,TP,ae292be8690109940fdd9862321b2389a0957404,llm_counterfactual,qwen36_27b_local,full,0.2,,2,1.0,0.8,-0.16452187678256044,0.1718344618165741,5,0
qt,TP,ae292be8690109940fdd9862321b2389a0957404,llm_counterfactual,qwen36_27b_local,full,0.2,,3,1.0,1.0,-0.18423446741321833,0.18423446741321833,5,0
qt,TP,ae292be8690109940fdd9862321b2389a0957404,llm_counterfactual,qwen36_27b_local,full,0.2,,4,1.0,1.0,-0.1842344674132183,0.1842344674132183,5,0
qt,TP,ae292be8690109940fdd9862321b2389a0957404,llm_counterfactual,qwen36_27b_local,full,0.2,,5,1.0,1.0,-0.1842344674132183,0.1842344674132183,5,0
qt,FN,3786411f7f8770f28ba2a97cb646a0eb7a5eaa99,llm_counterfactual,qwen36_27b_local,full,0.2,,1,1.0,0.4,0.006314142192496796,0.04122251494180877,5,0
qt,FN,3786411f7f8770f28ba2a97cb646a0eb7a5eaa99,llm_counterfactual,qwen36_27b_local,full,0.2,,2,1.0,0.4,0.006314142192496775,0.04122251494180884,5,0
qt,FN,3786411f7f8770f28ba2a97cb646a0eb7a5eaa99,llm_counterfactual,qwen36_27b_local,full,0.2,,3,1.0,0.4,0.00631414219249673,0.04122251494180884,5,0
qt,FN,3786411f7f8770f28ba2a97cb646a0eb7a5eaa99,llm_counterfactual,qwen36_27b_local,full,0.2,,4,1.0,0.4,0.006314142192496819,0.04122251494180884,5,0
qt,FN,3786411f7f8770f28ba2a97cb646a0eb7a5eaa99,llm_counterfactual,qwen36_27b_local,full,0.2,,5,1.0,0.4,0.00631414219249673,0.04122251494180893,5,0
qt,FP,8835c0376befd009702b9a17c506639e31c842b9,llm_counterfactual,qwen36_27b_local,full,0.2,,1,0.8,1.0,-0.09495064058180894,0.16008227323486998,5,0
qt,FP,8835c0376befd009702b9a17c506639e31c842b9,llm_counterfactual,qwen36_27b_local,full,0.2,,2,0.8,1.0,-0.09495064058180894,0.16008227323487,5,0
qt,FP,8835c0376befd009702b9a17c506639e31c842b9,llm_counterfactual,qwen36_27b_local,full,0.2,,3,0.8,1.0,-0.09495064058180891,0.16008227323487,5,0
qt,FP,8835c0376befd009702b9a17c506639e31c842b9,llm_counterfactual,qwen36_27b_local,full,0.2,,4,0.8,1.0,-0.09495064058180894,0.16008227323486998,5,0
qt,FP,8835c0376befd009702b9a17c506639e31c842b9,llm_counterfactual,qwen36_27b_local,full,0.2,,5,0.8,1.0,-0.09495064058180894,0.16008227323487,5,0
qt,FN,9e99dba4a22bbf212b3e6d1e2607a16dbbd04d90,llm_counterfactual,qwen36_27b_local,full,0.2,,1,0.4,0.6,0.06996628801580548,0.06996628801580548,5,0
qt,FN,9e99dba4a22bbf212b3e6d1e2607a16dbbd04d90,llm_counterfactual,qwen36_27b_local,full,0.2,,2,0.2,0.6,0.0699662880158056,0.0699662880158056,5,0
qt,FN,9e99dba4a22bbf212b3e6d1e2607a16dbbd04d90,llm_counterfactual,qwen36_27b_local,full,0.2,,3,0.0,0.6,0.06996628801580558,0.06996628801580558,5,0
qt,FN,9e99dba4a22bbf212b3e6d1e2607a16dbbd04d90,llm_counterfactual,qwen36_27b_local,full,0.2,,4,0.2,0.6,0.06996628801580555,0.06996628801580555,5,0
qt,FN,9e99dba4a22bbf212b3e6d1e2607a16dbbd04d90,llm_counterfactual,qwen36_27b_local,full,0.2,,5,0.0,0.6,0.0623058318053493,0.0623058318053493,5,0
qt,FN,f506e01665c9bf689887ccf057a03588829efeea,llm_counterfactual,qwen36_27b_local,full,0.2,,1,0.6,0.6,-0.03393809686749143,0.04217785822658064,5,0
qt,FN,f506e01665c9bf689887ccf057a03588829efeea,llm_counterfactual,qwen36_27b_local,full,0.2,,2,0.8,0.8,-0.04689110638342357,0.04689110638342357,5,0
qt,FN,f506e01665c9bf689887ccf057a03588829efeea,llm_counterfactual,qwen36_27b_local,full,0.2,,3,0.8,0.8,-0.0468911063834236,0.0468911063834236,5,0
qt,FN,f506e01665c9bf689887ccf057a03588829efeea,llm_counterfactual,qwen36_27b_local,full,0.2,,4,0.8,0.8,-0.04406569526030635,0.04406569526030635,5,0
qt,FN,f506e01665c9bf689887ccf057a03588829efeea,llm_counterfactual,qwen36_27b_local,full,0.2,,5,0.6,0.6,-0.03297853743976213,0.04121829879885135,5,0
qt,TP,fa7626713b3a943609453459190e16c49d61dfd3,llm_counterfactual,qwen36_27b_local,full,0.2,,1,0.8,0.6,-0.08482635628782229,0.08482635628782229,5,0
qt,TP,fa7626713b3a943609453459190e16c49d61dfd3,llm_counterfactual,qwen36_27b_local,full,0.2,,2,0.8,0.6,-0.0848263562878223,0.0848263562878223,5,0
qt,TP,fa7626713b3a943609453459190e16c49d61dfd3,llm_counterfactual,qwen36_27b_local,full,0.2,,3,0.8,0.6,-0.08482635628782229,0.08482635628782229,5,0
qt,TP,fa7626713b3a943609453459190e16c49d61dfd3,llm_counterfactual,qwen36_27b_local,full,0.2,,4,0.8,0.6,-0.0848263562878223,0.0848263562878223,5,0
qt,TP,fa7626713b3a943609453459190e16c49d61dfd3,llm_counterfactual,qwen36_27b_local,full,0.2,,5,0.8,0.6,-0.0848263562878223,0.0848263562878223,5,0
qt,FP,093064fdeb6e777d2dc88dbb4f4adb8fddac3aa5,llm_counterfactual,qwen36_27b_local,full,0.2,,1,1.0,1.0,-0.21813528710036184,0.21813528710036184,5,0
qt,FP,093064fdeb6e777d2dc88dbb4f4adb8fddac3aa5,llm_counterfactual,qwen36_27b_local,full,0.2,,2,1.0,1.0,-0.21813528710036184,0.21813528710036184,5,0
qt,FP,093064fdeb6e777d2dc88dbb4f4adb8fddac3aa5,llm_counterfactual,qwen36_27b_local,full,0.2,,3,1.0,1.0,-0.2181352871003618,0.2181352871003618,5,0
qt,FP,093064fdeb6e777d2dc88dbb4f4adb8fddac3aa5,llm_counterfactual,qwen36_27b_local,full,0.2,,4,1.0,1.0,-0.21813528710036184,0.21813528710036184,5,0
qt,FP,093064fdeb6e777d2dc88dbb4f4adb8fddac3aa5,llm_counterfactual,qwen36_27b_local,full,0.2,,5,1.0,1.0,-0.21813528710036184,0.21813528710036184,5,0
qt,TP,da8ace713a19d2a8c9831ddf50d17607bc4856cc,llm_counterfactual,qwen36_27b_local,full,0.2,,1,1.0,1.0,-0.11186752816583251,0.1424419167172397,5,0
qt,TP,da8ace713a19d2a8c9831ddf50d17607bc4856cc,llm_counterfactual,qwen36_27b_local,full,0.2,,2,1.0,1.0,-0.11186752816583248,0.1424419167172397,5,0
qt,TP,da8ace713a19d2a8c9831ddf50d17607bc4856cc,llm_counterfactual,qwen36_27b_local,full,0.2,,3,1.0,1.0,-0.1118675281658325,0.1424419167172397,5,0
qt,TP,da8ace713a19d2a8c9831ddf50d17607bc4856cc,llm_counterfactual,qwen36_27b_local,full,0.2,,4,1.0,1.0,-0.1118675281658325,0.1424419167172397,5,0
qt,TP,da8ace713a19d2a8c9831ddf50d17607bc4856cc,llm_counterfactual,qwen36_27b_local,full,0.2,,5,1.0,1.0,-0.1118675281658325,0.14244191671723969,5,0
qt,FP,08cfd02312d21391c956b8bf50ab7d6caa0d8082,llm_counterfactual,qwen36_27b_local,full,0.2,,1,0.6,0.8,-0.07972004555763804,0.11075905178950125,5,0
qt,FP,08cfd02312d21391c956b8bf50ab7d6caa0d8082,llm_counterfactual,qwen36_27b_local,full,0.2,,2,0.6,0.8,-0.07972004555763804,0.11075905178950125,5,0
qt,FP,08cfd02312d21391c956b8bf50ab7d6caa0d8082,llm_counterfactual,qwen36_27b_local,full,0.2,,3,0.8,0.8,-0.06821593014923691,0.12226316719790238,5,0
qt,FP,08cfd02312d21391c956b8bf50ab7d6caa0d8082,llm_counterfactual,qwen36_27b_local,full,0.2,,4,0.8,0.8,-0.04275690164272946,0.12784314492325816,5,0
qt,FP,08cfd02312d21391c956b8bf50ab7d6caa0d8082,llm_counterfactual,qwen36_27b_local,full,0.2,,5,0.8,0.8,-0.04275690164272946,0.12784314492325816,5,0
qt,FP,a02b371eb2f34bf198c95cf0caa1fbad639f96bb,llm_counterfactual,qwen36_27b_local,full,0.2,,1,1.0,0.8,-0.06115796014762183,0.07919674041497343,5,0
qt,FP,a02b371eb2f34bf198c95cf0caa1fbad639f96bb,llm_counterfactual,qwen36_27b_local,full,0.2,,2,0.8,0.6,-0.05220445594873947,0.07024323621609108,5,0
qt,FP,a02b371eb2f34bf198c95cf0caa1fbad639f96bb,llm_counterfactual,qwen36_27b_local,full,0.2,,3,1.0,0.6,-0.05215048191157217,0.07018926217892377,5,0
qt,FP,a02b371eb2f34bf198c95cf0caa1fbad639f96bb,llm_counterfactual,qwen36_27b_local,full,0.2,,4,1.0,0.8,-0.0611579601476218,0.07919674041497343,5,0
qt,FP,a02b371eb2f34bf198c95cf0caa1fbad639f96bb,llm_counterfactual,qwen36_27b_local,full,0.2,,5,1.0,0.8,-0.061157960147621794,0.07919674041497347,5,0
qt,TN,5cb54cb5ebae99fab121061e25e26eec3056203a,llm_counterfactual,qwen36_27b_local,full,0.2,,1,0.6,1.0,0.057500733925283765,0.07498470821430007,5,0
qt,TN,5cb54cb5ebae99fab121061e25e26eec3056203a,llm_counterfactual,qwen36_27b_local,full,0.2,,2,0.6,1.0,0.057500733925283806,0.07498470821430007,5,0
qt,TN,5cb54cb5ebae99fab121061e25e26eec3056203a,llm_counterfactual,qwen36_27b_local,full,0.2,,3,0.6,1.0,0.057500733925283806,0.07498470821430012,5,0
qt,TN,5cb54cb5ebae99fab121061e25e26eec3056203a,llm_counterfactual,qwen36_27b_local,full,0.2,,4,0.6,1.0,0.057500733925283834,0.0749847082143001,5,0
qt,TN,5cb54cb5ebae99fab121061e25e26eec3056203a,llm_counterfactual,qwen36_27b_local,full,0.2,,5,0.6,1.0,0.057500733925283876,0.0749847082143001,5,0
qt,TN,9a50333dd03969abb3f09c0f90dcb4afd048e47a,llm_counterfactual,qwen36_27b_local,full,0.2,,1,0.8,0.8,-0.04860881887644679,0.062158114619100965,5,0
qt,TN,9a50333dd03969abb3f09c0f90dcb4afd048e47a,llm_counterfactual,qwen36_27b_local,full,0.2,,2,0.8,0.6,-0.018567867402699022,0.03529253775657899,5,0
qt,TN,9a50333dd03969abb3f09c0f90dcb4afd048e47a,llm_counterfactual,qwen36_27b_local,full,0.2,,3,0.8,0.8,-0.048608818876446816,0.06215811461910099,5,0
qt,TN,9a50333dd03969abb3f09c0f90dcb4afd048e47a,llm_counterfactual,qwen36_27b_local,full,0.2,,4,0.8,0.8,-0.04860881887644679,0.062158114619100965,5,0
qt,TN,9a50333dd03969abb3f09c0f90dcb4afd048e47a,llm_counterfactual,qwen36_27b_local,full,0.2,,5,0.8,0.8,-0.04105435095966081,0.05702179967573669,5,0
qt,FN,18f7e6dc9f59159b70cb7e6a8745738f42d4f46f,llm_counterfactual,qwen36_27b_local,full,0.2,,1,0.6,1.0,0.06357915517464338,0.09997886736721255,5,0
qt,FN,18f7e6dc9f59159b70cb7e6a8745738f42d4f46f,llm_counterfactual,qwen36_27b_local,full,0.2,,2,0.6,1.0,0.06357915517464338,0.09997886736721255,5,0
qt,FN,18f7e6dc9f59159b70cb7e6a8745738f42d4f46f,llm_counterfactual,qwen36_27b_local,full,0.2,,3,0.6,1.0,0.06357915517464338,0.09997886736721255,5,0
qt,FN,18f7e6dc9f59159b70cb7e6a8745738f42d4f46f,llm_counterfactual,qwen36_27b_local,full,0.2,,4,0.6,1.0,0.06357915517464338,0.09997886736721255,5,0
qt,FN,18f7e6dc9f59159b70cb7e6a8745738f42d4f46f,llm_counterfactual,qwen36_27b_local,full,0.2,,5,0.6,0.8,0.05650972247335986,0.09290943466592902,5,0
qt,TP,d31304eab9e7424edc20fb83a8a19cd979458029,llm_counterfactual,qwen36_27b_local,full,0.2,,1,1.0,0.6,-0.032068410196246434,0.07657830506328406,5,0
qt,TP,d31304eab9e7424edc20fb83a8a19cd979458029,llm_counterfactual,qwen36_27b_local,full,0.2,,2,1.0,0.8,-0.01308980534917405,0.09024345907547701,5,0
qt,TP,d31304eab9e7424edc20fb83a8a19cd979458029,llm_counterfactual,qwen36_27b_local,full,0.2,,3,1.0,0.8,-0.01308980534917405,0.09024345907547701,5,0
qt,TP,d31304eab9e7424edc20fb83a8a19cd979458029,llm_counterfactual,qwen36_27b_local,full,0.2,,4,1.0,0.8,-0.01742640089648389,0.09122031436304662,5,0
qt,TP,d31304eab9e7424edc20fb83a8a19cd979458029,llm_counterfactual,qwen36_27b_local,full,0.2,,5,1.0,0.8,-0.01308980534917405,0.09024345907547701,5,0
qt,TN,bd79c331f14e6cfab9e0b5815404c8194526e8f1,llm_counterfactual,qwen36_27b_local,full,0.2,,1,1.0,0.4,-0.003871715797796815,0.032598892523217904,5,0
qt,TN,bd79c331f14e6cfab9e0b5815404c8194526e8f1,llm_counterfactual,qwen36_27b_local,full,0.2,,2,1.0,0.2,-0.012905185469840097,0.023565422851174623,5,0
qt,TN,bd79c331f14e6cfab9e0b5815404c8194526e8f1,llm_counterfactual,qwen36_27b_local,full,0.2,,3,1.0,0.6,-0.010709209633864814,0.03901974017339158,5,0
qt,TN,bd79c331f14e6cfab9e0b5815404c8194526e8f1,llm_counterfactual,qwen36_27b_local,full,0.2,,4,1.0,0.6,-0.010709209633864814,0.03901974017339158,5,0
qt,TN,bd79c331f14e6cfab9e0b5815404c8194526e8f1,llm_counterfactual,qwen36_27b_local,full,0.2,,5,1.0,0.2,-0.012905185469839986,0.023565422851174644,5,0
qt,TN,67ee72f3145fd14b36af408918ed3420504d3035,llm_counterfactual,qwen36_27b_local,full,0.2,,1,0.8,0.6,-0.03068546634468954,0.0651759832507526,5,0
qt,TN,67ee72f3145fd14b36af408918ed3420504d3035,llm_counterfactual,qwen36_27b_local,full,0.2,,2,0.8,0.4,-0.046116868770707156,0.05377520141550587,5,0
qt,TN,67ee72f3145fd14b36af408918ed3420504d3035,llm_counterfactual,qwen36_27b_local,full,0.2,,3,0.8,0.4,-0.04611686877070713,0.05377520141550585,5,0
qt,TN,67ee72f3145fd14b36af408918ed3420504d3035,llm_counterfactual,qwen36_27b_local,full,0.2,,4,1.0,0.4,-0.02206691095405151,0.05655742786011462,5,0
qt,TN,67ee72f3145fd14b36af408918ed3420504d3035,llm_counterfactual,qwen36_27b_local,full,0.2,,5,0.8,0.6,-0.030685466344689494,0.06517598325075265,5,0
qt,FN,67ced4791ddabebfa19a2f101aa292b5eba60b90,llm_counterfactual,qwen36_27b_local,full,0.2,,1,0.6,0.4,0.002843412380041976,0.03653565330438384,5,0
qt,FN,67ced4791ddabebfa19a2f101aa292b5eba60b90,llm_counterfactual,qwen36_27b_local,full,0.2,,2,0.6,0.4,0.0039513166900913225,0.037643557614433186,5,0
qt,FN,67ced4791ddabebfa19a2f101aa292b5eba60b90,llm_counterfactual,qwen36_27b_local,full,0.2,,3,0.5,0.25,-0.0156531699466686,0.026462131208758732,4,0
qt,FN,67ced4791ddabebfa19a2f101aa292b5eba60b90,llm_counterfactual,qwen36_27b_local,full,0.2,,4,0.8,0.6,0.01743232916501134,0.051124570089353207,5,0
qt,FN,67ced4791ddabebfa19a2f101aa292b5eba60b90,llm_counterfactual,qwen36_27b_local,full,0.2,,5,0.6,0.4,0.0028434123800419988,0.03653565330438387,5,0
qt,FP,86d91d2bf8e7ac7a75f88f0e4886140abc06fd4c,llm_counterfactual,qwen36_27b_local,full,0.2,,1,0.8,0.6,-0.1082642203865811,0.151459143858664,5,0
qt,FP,86d91d2bf8e7ac7a75f88f0e4886140abc06fd4c,llm_counterfactual,qwen36_27b_local,full,0.2,,2,0.8,0.4,-0.12160696636888184,0.13811639787636326,5,0
qt,FP,86d91d2bf8e7ac7a75f88f0e4886140abc06fd4c,llm_counterfactual,qwen36_27b_local,full,0.2,,3,1.0,0.6,-0.09204860598844791,0.16767475825679717,5,0
qt,FP,86d91d2bf8e7ac7a75f88f0e4886140abc06fd4c,llm_counterfactual,qwen36_27b_local,full,0.2,,4,0.8,0.6,-0.1082642203865811,0.151459143858664,5,0
qt,FP,86d91d2bf8e7ac7a75f88f0e4886140abc06fd4c,llm_counterfactual,qwen36_27b_local,full,0.2,,5,1.0,0.4,-0.12160696636888185,0.13811639787636323,5,0
qt,TN,121cdbdd30de1bee58e349859409dd08865c17f5,llm_counterfactual,qwen36_27b_local,full,0.2,,1,1.0,0.4,0.002421848017823125,0.025447644151514126,5,0
qt,TN,121cdbdd30de1bee58e349859409dd08865c17f5,llm_counterfactual,qwen36_27b_local,full,0.2,,2,1.0,0.2,0.00941785481028239,0.018451637359054862,5,0
qt,TN,121cdbdd30de1bee58e349859409dd08865c17f5,llm_counterfactual,qwen36_27b_local,full,0.2,,3,0.6,0.2,0.0008139178475694342,0.0167055058438798,5,0
qt,TN,121cdbdd30de1bee58e349859409dd08865c17f5,llm_counterfactual,qwen36_27b_local,full,0.2,,4,0.6,0.2,0.000813917847569523,0.016705505843879885,5,0
qt,TN,121cdbdd30de1bee58e349859409dd08865c17f5,llm_counterfactual,qwen36_27b_local,full,0.2,,5,0.8,0.4,0.0011431792352308845,0.022200477366165726,5,0
qt,TP,9bd30943bae136d28d42b9a9188a8586c963d461,llm_counterfactual,qwen36_27b_local,full,0.2,,1,0.8,0.6,-0.032724486888119506,0.07044729928875157,5,0
qt,TP,9bd30943bae136d28d42b9a9188a8586c963d461,llm_counterfactual,qwen36_27b_local,full,0.2,,2,0.6,0.4,-0.024117893854493942,0.06497518130388677,5,0
qt,TP,9bd30943bae136d28d42b9a9188a8586c963d461,llm_counterfactual,qwen36_27b_local,full,0.2,,3,0.6,0.4,-0.024117893854493942,0.06497518130388677,5,0
qt,TP,9bd30943bae136d28d42b9a9188a8586c963d461,llm_counterfactual,qwen36_27b_local,full,0.2,,4,0.8,0.6,-0.03272448688811952,0.07044729928875157,5,0
qt,TP,9bd30943bae136d28d42b9a9188a8586c963d461,llm_counterfactual,qwen36_27b_local,full,0.2,,5,0.8,0.6,-0.03272448688811952,0.07044729928875157,5,0
qt,FN,ac48071b185d17022d48c6379a2549ac2736cb8c,llm_counterfactual,qwen36_27b_local,full,0.2,,1,1.0,0.8,-0.07446263602629008,0.07446263602629008,5,0
qt,FN,ac48071b185d17022d48c6379a2549ac2736cb8c,llm_counterfactual,qwen36_27b_local,full,0.2,,2,1.0,0.8,-0.07446263602629018,0.07446263602629018,5,0
qt,FN,ac48071b185d17022d48c6379a2549ac2736cb8c,llm_counterfactual,qwen36_27b_local,full,0.2,,3,1.0,0.8,-0.060543474490696726,0.060543474490696726,5,0
qt,FN,ac48071b185d17022d48c6379a2549ac2736cb8c,llm_counterfactual,qwen36_27b_local,full,0.2,,4,1.0,0.8,-0.07446263602629014,0.07446263602629014,5,0
qt,FN,ac48071b185d17022d48c6379a2549ac2736cb8c,llm_counterfactual,qwen36_27b_local,full,0.2,,5,1.0,0.8,-0.07446263602629015,0.07446263602629015,5,0
qt,TN,fc2f0fb39008f95133f6fd24662fe92195431808,llm_counterfactual,qwen36_27b_local,full,0.2,,1,0.6,0.4,-0.03374312515691278,0.04463922905301669,5,0
qt,TN,fc2f0fb39008f95133f6fd24662fe92195431808,llm_counterfactual,qwen36_27b_local,full,0.2,,2,1.0,0.4,-0.04023917918746296,0.04023917918746296,5,0
qt,TN,fc2f0fb39008f95133f6fd24662fe92195431808,llm_counterfactual,qwen36_27b_local,full,0.2,,3,0.6,0.4,-0.03374312515691278,0.04463922905301669,5,0
qt,TN,fc2f0fb39008f95133f6fd24662fe92195431808,llm_counterfactual,qwen36_27b_local,full,0.2,,4,0.6,0.4,-0.03957051820384163,0.05046662209994555,5,0
qt,TN,fc2f0fb39008f95133f6fd24662fe92195431808,llm_counterfactual,qwen36_27b_local,full,0.2,,5,0.6,0.2,-0.027337455539174237,0.038233559435278154,5,0
qt,FP,41ae544c40e0568bd627a992a23b8c8f8f5cc27d,llm_counterfactual,qwen36_27b_local,full,0.2,,1,1.0,1.0,-0.14216299683055475,0.15699279084606305,5,0
qt,FP,41ae544c40e0568bd627a992a23b8c8f8f5cc27d,llm_counterfactual,qwen36_27b_local,full,0.2,,2,1.0,1.0,-0.14216299683055475,0.15699279084606305,5,0
qt,FP,41ae544c40e0568bd627a992a23b8c8f8f5cc27d,llm_counterfactual,qwen36_27b_local,full,0.2,,3,1.0,1.0,-0.14216299683055475,0.15699279084606305,5,0
qt,FP,41ae544c40e0568bd627a992a23b8c8f8f5cc27d,llm_counterfactual,qwen36_27b_local,full,0.2,,4,1.0,1.0,-0.14216299683055475,0.15699279084606305,5,0
qt,FP,41ae544c40e0568bd627a992a23b8c8f8f5cc27d,llm_counterfactual,qwen36_27b_local,full,0.2,,5,1.0,1.0,-0.14216299683055472,0.15699279084606305,5,0
qt,FN,895cb4681ee78caaf9b99c88390a74ff1d79ae61,llm_counterfactual,qwen36_27b_local,full,0.2,,1,0.8,0.6,0.03297654276465038,0.0737074679690419,5,0
qt,FN,895cb4681ee78caaf9b99c88390a74ff1d79ae61,llm_counterfactual,qwen36_27b_local,full,0.2,,2,0.6,0.6,0.04202135792295516,0.06466265281073713,5,0
qt,FN,895cb4681ee78caaf9b99c88390a74ff1d79ae61,llm_counterfactual,qwen36_27b_local,full,0.2,,3,0.6,0.6,0.04202135792295518,0.06466265281073716,5,0
qt,FN,895cb4681ee78caaf9b99c88390a74ff1d79ae61,llm_counterfactual,qwen36_27b_local,full,0.2,,4,0.8,0.6,0.010859542445461168,0.07309111350259938,5,0
qt,FN,895cb4681ee78caaf9b99c88390a74ff1d79ae61,llm_counterfactual,qwen36_27b_local,full,0.2,,5,0.6,0.6,0.04202135792295516,0.06466265281073713,5,0
qt,TP,dfda6f14b3e210a33b71ef1c6fa3c75a9c866cce,llm_counterfactual,qwen36_27b_local,full,0.2,,1,1.0,0.6,-0.05298362478262582,0.06246105454037339,5,0
qt,TP,dfda6f14b3e210a33b71ef1c6fa3c75a9c866cce,llm_counterfactual,qwen36_27b_local,full,0.2,,2,1.0,0.6,-0.05146263895882923,0.060940068716576826,5,0
qt,TP,dfda6f14b3e210a33b71ef1c6fa3c75a9c866cce,llm_counterfactual,qwen36_27b_local,full,0.2,,3,1.0,0.6,-0.052983624782625874,0.062461054540373394,5,0
qt,TP,dfda6f14b3e210a33b71ef1c6fa3c75a9c866cce,llm_counterfactual,qwen36_27b_local,full,0.2,,4,1.0,0.6,-0.05298362478262584,0.06246105454037341,5,0
qt,TP,dfda6f14b3e210a33b71ef1c6fa3c75a9c866cce,llm_counterfactual,qwen36_27b_local,full,0.2,,5,1.0,0.6,-0.05146263895882923,0.060940068716576826,5,0
qt,TN,9b3d91237bf38492fd97457624d4cb5cd486bd56,llm_counterfactual,qwen36_27b_local,full,0.2,,1,1.0,0.6,-0.05012015065630204,0.05012015065630204,5,0
qt,TN,9b3d91237bf38492fd97457624d4cb5cd486bd56,llm_counterfactual,qwen36_27b_local,full,0.2,,2,1.0,0.6,-0.048454388090067455,0.05037387047553157,5,0
qt,TN,9b3d91237bf38492fd97457624d4cb5cd486bd56,llm_counterfactual,qwen36_27b_local,full,0.2,,3,1.0,0.6,-0.048454388090067455,0.05037387047553157,5,0
qt,TN,9b3d91237bf38492fd97457624d4cb5cd486bd56,llm_counterfactual,qwen36_27b_local,full,0.2,,4,1.0,0.6,-0.048454388090067434,0.050373870475531546,5,0
qt,TN,9b3d91237bf38492fd97457624d4cb5cd486bd56,llm_counterfactual,qwen36_27b_local,full,0.2,,5,0.8,0.4,-0.028210356450276697,0.03012983883574081,5,0
qt,TN,2831fa76655c614ed3df0816401514950e79b5e6,llm_counterfactual,qwen36_27b_local,full,0.2,,1,0.5,0.0,0.001618353672488193,0.014512336896481182,4,0
qt,TN,2831fa76655c614ed3df0816401514950e79b5e6,llm_counterfactual,qwen36_27b_local,full,0.2,,2,0.8,0.2,-0.011213436044401193,0.024117988499576738,5,0
qt,TN,2831fa76655c614ed3df0816401514950e79b5e6,llm_counterfactual,qwen36_27b_local,full,0.2,,3,0.4,0.4,-0.02366246679502788,0.03559163147271478,5,0
qt,TN,2831fa76655c614ed3df0816401514950e79b5e6,llm_counterfactual,qwen36_27b_local,full,0.2,,4,0.6,0.2,-0.006638796535836655,0.02869262800814123,5,0
qt,TN,2831fa76655c614ed3df0816401514950e79b5e6,llm_counterfactual,qwen36_27b_local,full,0.2,,5,0.6,0.2,-0.012466552462622803,0.024395717140309657,5,0
qt,FN,d8782b0cc680f09d605133bd37a44d290894c01e,llm_counterfactual,qwen36_27b_local,full,0.2,,1,1.0,0.6,-0.041048966032180535,0.041048966032180535,5,0
qt,FN,d8782b0cc680f09d605133bd37a44d290894c01e,llm_counterfactual,qwen36_27b_local,full,0.2,,2,1.0,0.6,-0.041048966032180556,0.041048966032180556,5,0
qt,FN,d8782b0cc680f09d605133bd37a44d290894c01e,llm_counterfactual,qwen36_27b_local,full,0.2,,3,1.0,0.6,-0.04438026051255817,0.04438026051255817,5,0
qt,FN,d8782b0cc680f09d605133bd37a44d290894c01e,llm_counterfactual,qwen36_27b_local,full,0.2,,4,1.0,0.6,-0.04438026051255817,0.04438026051255817,5,0
qt,FN,d8782b0cc680f09d605133bd37a44d290894c01e,llm_counterfactual,qwen36_27b_local,full,0.2,,5,1.0,0.6,-0.044380260512558146,0.044380260512558146,5,0
qt,TP,5dd76ba31c3c7cb9c0d9d97cd62f0d2f535a23f7,llm_counterfactual,qwen36_27b_local,full,0.2,,1,1.0,1.0,-0.0818414900610034,0.11716791363742694,5,0
qt,TP,5dd76ba31c3c7cb9c0d9d97cd62f0d2f535a23f7,llm_counterfactual,qwen36_27b_local,full,0.2,,2,1.0,0.8,-0.10335991568300043,0.10335991568300043,5,0
qt,TP,5dd76ba31c3c7cb9c0d9d97cd62f0d2f535a23f7,llm_counterfactual,qwen36_27b_local,full,0.2,,3,1.0,0.8,-0.10335991568300044,0.10335991568300044,5,0
qt,TP,5dd76ba31c3c7cb9c0d9d97cd62f0d2f535a23f7,llm_counterfactual,qwen36_27b_local,full,0.2,,4,1.0,1.0,-0.1111696753848595,0.1111696753848595,5,0
qt,TP,5dd76ba31c3c7cb9c0d9d97cd62f0d2f535a23f7,llm_counterfactual,qwen36_27b_local,full,0.2,,5,1.0,0.8,-0.10335991568300043,0.10335991568300043,5,0
qt,FP,237c867a002c8035aac7ff8a870da717eb7b0878,llm_counterfactual,qwen36_27b_local,full,0.2,,1,0.8,1.0,-0.08730160589815608,0.10294125084704472,5,0
qt,FP,237c867a002c8035aac7ff8a870da717eb7b0878,llm_counterfactual,qwen36_27b_local,full,0.2,,2,0.6,0.8,-0.03738836541652193,0.053028010365410536,5,0
qt,FP,237c867a002c8035aac7ff8a870da717eb7b0878,llm_counterfactual,qwen36_27b_local,full,0.2,,3,1.0,1.0,-0.08730160589815607,0.1029412508470447,5,0
qt,FP,237c867a002c8035aac7ff8a870da717eb7b0878,llm_counterfactual,qwen36_27b_local,full,0.2,,4,0.8,1.0,-0.0873016058981561,0.10294125084704472,5,0
qt,FP,237c867a002c8035aac7ff8a870da717eb7b0878,llm_counterfactual,qwen36_27b_local,full,0.2,,5,1.0,1.0,-0.08730160589815611,0.10294125084704472,5,0
qt,TN,f3ca13f3d12f52c60f4cd41d0b336c24a8d3359d,llm_counterfactual,qwen36_27b_local,full,0.2,,1,1.0,0.6,-0.04012255602560362,0.05153554643511062,5,0
qt,TN,f3ca13f3d12f52c60f4cd41d0b336c24a8d3359d,llm_counterfactual,qwen36_27b_local,full,0.2,,2,1.0,0.4,-0.025385426137997304,0.036798416547504306,5,0
qt,TN,f3ca13f3d12f52c60f4cd41d0b336c24a8d3359d,llm_counterfactual,qwen36_27b_local,full,0.2,,3,1.0,0.6,-0.046870415765666903,0.046870415765666903,5,0
qt,TN,f3ca13f3d12f52c60f4cd41d0b336c24a8d3359d,llm_counterfactual,qwen36_27b_local,full,0.2,,4,1.0,0.6,-0.04687041576566695,0.04687041576566695,5,0
qt,TN,f3ca13f3d12f52c60f4cd41d0b336c24a8d3359d,llm_counterfactual,qwen36_27b_local,full,0.2,,5,1.0,0.6,-0.04687041576566688,0.04687041576566688,5,0
qt,TP,267edbec198a0cedbf7bed4c3c5fa93c1dbc86bd,llm_counterfactual,qwen36_27b_local,full,0.2,,1,1.0,0.6,-0.03160709732121182,0.07201635339878915,5,0
qt,TP,267edbec198a0cedbf7bed4c3c5fa93c1dbc86bd,llm_counterfactual,qwen36_27b_local,full,0.2,,2,1.0,0.8,-0.019602339688175662,0.08402111103182533,5,0
qt,TP,267edbec198a0cedbf7bed4c3c5fa93c1dbc86bd,llm_counterfactual,qwen36_27b_local,full,0.2,,3,1.0,0.6,-0.031607097321211815,0.07201635339878916,5,0
qt,TP,267edbec198a0cedbf7bed4c3c5fa93c1dbc86bd,llm_counterfactual,qwen36_27b_local,full,0.2,,4,1.0,0.8,-0.04600629619532765,0.07740908276450077,5,0
qt,TP,267edbec198a0cedbf7bed4c3c5fa93c1dbc86bd,llm_counterfactual,qwen36_27b_local,full,0.2,,5,1.0,0.8,-0.04600629619532763,0.07740908276450077,5,0
qt,TN,e3b7957d6552e88aa23bd0ecc474db5f14981707,llm_counterfactual,qwen36_27b_local,full,0.2,,1,1.0,0.6,-0.026886933895933506,0.03355751255593853,5,0
qt,TN,e3b7957d6552e88aa23bd0ecc474db5f14981707,llm_counterfactual,qwen36_27b_local,full,0.2,,2,1.0,0.6,-0.02688693389593355,0.03355751255593857,5,0
qt,TN,e3b7957d6552e88aa23bd0ecc474db5f14981707,llm_counterfactual,qwen36_27b_local,full,0.2,,3,1.0,0.6,-0.024298627726461297,0.02884932419478885,5,0
qt,TN,e3b7957d6552e88aa23bd0ecc474db5f14981707,llm_counterfactual,qwen36_27b_local,full,0.2,,4,1.0,0.6,-0.030101211171603314,0.03034323528026881,5,0
qt,TN,e3b7957d6552e88aa23bd0ecc474db5f14981707,llm_counterfactual,qwen36_27b_local,full,0.2,,5,1.0,0.6,-0.023238686630622517,0.02990926529062754,5,0
qt,FP,571b11d41c9dadd5ef11e4e954c16c5ca39d718e,llm_counterfactual,qwen36_27b_local,full,0.2,,1,1.0,0.8,-0.08370287301684745,0.08370287301684745,5,0
qt,FP,571b11d41c9dadd5ef11e4e954c16c5ca39d718e,llm_counterfactual,qwen36_27b_local,full,0.2,,2,0.8,0.8,-0.08370287301684742,0.08370287301684742,5,0
qt,FP,571b11d41c9dadd5ef11e4e954c16c5ca39d718e,llm_counterfactual,qwen36_27b_local,full,0.2,,3,0.8,0.8,-0.08370287301684744,0.08370287301684744,5,0
qt,FP,571b11d41c9dadd5ef11e4e954c16c5ca39d718e,llm_counterfactual,qwen36_27b_local,full,0.2,,4,0.8,0.8,-0.06702737299755337,0.06702737299755337,5,0
qt,FP,571b11d41c9dadd5ef11e4e954c16c5ca39d718e,llm_counterfactual,qwen36_27b_local,full,0.2,,5,1.0,0.8,-0.08370287301684745,0.08370287301684745,5,0
qt,FN,8cf186cc7c56144b02d5b40d8f4832ff3021e68a,llm_counterfactual,qwen36_27b_local,full,0.2,,1,0.8,0.8,-0.07590395821434932,0.07777858803004294,5,0
qt,FN,8cf186cc7c56144b02d5b40d8f4832ff3021e68a,llm_counterfactual,qwen36_27b_local,full,0.2,,2,1.0,1.0,-0.05724588652579199,0.05724588652579199,5,0
qt,FN,8cf186cc7c56144b02d5b40d8f4832ff3021e68a,llm_counterfactual,qwen36_27b_local,full,0.2,,3,1.0,1.0,-0.09094058664799846,0.09094058664799846,5,0
qt,FN,8cf186cc7c56144b02d5b40d8f4832ff3021e68a,llm_counterfactual,qwen36_27b_local,full,0.2,,4,1.0,1.0,-0.09094058664799845,0.09094058664799845,5,0
qt,FN,8cf186cc7c56144b02d5b40d8f4832ff3021e68a,llm_counterfactual,qwen36_27b_local,full,0.2,,5,0.8,0.8,-0.07590395821434932,0.07777858803004294,5,0
qt,FP,02b7ec05d5713aec67577cebc18e5906b5a98598,llm_counterfactual,qwen36_27b_local,full,0.2,,1,1.0,0.8,-0.047020463650293,0.0888862412794977,5,0
qt,FP,02b7ec05d5713aec67577cebc18e5906b5a98598,llm_counterfactual,qwen36_27b_local,full,0.2,,2,1.0,0.8,-0.047020463650293005,0.0888862412794977,5,0
qt,FP,02b7ec05d5713aec67577cebc18e5906b5a98598,llm_counterfactual,qwen36_27b_local,full,0.2,,3,1.0,0.8,-0.047020463650292985,0.08888624127949768,5,0
qt,FP,02b7ec05d5713aec67577cebc18e5906b5a98598,llm_counterfactual,qwen36_27b_local,full,0.2,,4,1.0,0.8,-0.08378707826290682,0.08378707826290682,5,0
qt,FP,02b7ec05d5713aec67577cebc18e5906b5a98598,llm_counterfactual,qwen36_27b_local,full,0.2,,5,1.0,0.8,-0.04702046365029299,0.08888624127949768,5,0
qt,TN,88a8deea86fe69448ca1586c2ee567a53dee1008,llm_counterfactual,qwen36_27b_local,full,0.2,,1,1.0,0.4,-0.04730657485390257,0.04730657485390257,5,0
qt,TN,88a8deea86fe69448ca1586c2ee567a53dee1008,llm_counterfactual,qwen36_27b_local,full,0.2,,2,0.8,0.4,-0.04760446282732169,0.04760446282732169,5,0
qt,TN,88a8deea86fe69448ca1586c2ee567a53dee1008,llm_counterfactual,qwen36_27b_local,full,0.2,,3,1.0,0.4,-0.04730657485390257,0.04730657485390257,5,0
qt,TN,88a8deea86fe69448ca1586c2ee567a53dee1008,llm_counterfactual,qwen36_27b_local,full,0.2,,4,1.0,0.4,-0.04730657485390257,0.04730657485390257,5,0
qt,TN,88a8deea86fe69448ca1586c2ee567a53dee1008,llm_counterfactual,qwen36_27b_local,full,0.2,,5,1.0,0.4,-0.04730657485390259,0.04730657485390259,5,0
qt,FP,1af927976ac953f922e35d71a16a32d328bb2efd,llm_counterfactual,qwen36_27b_local,full,0.2,,1,1.0,0.4,-0.03854369227951847,0.040369816155642335,5,0
qt,FP,1af927976ac953f922e35d71a16a32d328bb2efd,llm_counterfactual,qwen36_27b_local,full,0.2,,2,1.0,0.4,-0.03959472575731885,0.04142084963344274,5,0
qt,FP,1af927976ac953f922e35d71a16a32d328bb2efd,llm_counterfactual,qwen36_27b_local,full,0.2,,3,1.0,0.4,-0.03907604182220633,0.04090216569833022,5,0
qt,FP,1af927976ac953f922e35d71a16a32d328bb2efd,llm_counterfactual,qwen36_27b_local,full,0.2,,4,0.8,0.4,-0.03450644356332237,0.03633256743944626,5,0
qt,FP,1af927976ac953f922e35d71a16a32d328bb2efd,llm_counterfactual,qwen36_27b_local,full,0.2,,5,1.0,0.4,-0.03854369227951846,0.04036981615564235,5,0
qt,FN,eaa54a8f9884652513c7c3ab489f31ff1e5d712c,llm_counterfactual,qwen36_27b_local,full,0.2,,1,0.4,0.0,-0.008667568071463804,0.016677854153900728,5,0
qt,FN,eaa54a8f9884652513c7c3ab489f31ff1e5d712c,llm_counterfactual,qwen36_27b_local,full,0.2,,2,0.4,0.0,-0.00866756807146385,0.016677854153900728,5,0
qt,FN,eaa54a8f9884652513c7c3ab489f31ff1e5d712c,llm_counterfactual,qwen36_27b_local,full,0.2,,3,0.6,0.0,-0.0016121744617761946,0.018049094462176042,5,0
qt,FN,eaa54a8f9884652513c7c3ab489f31ff1e5d712c,llm_counterfactual,qwen36_27b_local,full,0.2,,4,0.4,0.0,-0.00866756807146385,0.016677854153900728,5,0
qt,FN,eaa54a8f9884652513c7c3ab489f31ff1e5d712c,llm_counterfactual,qwen36_27b_local,full,0.2,,5,0.6,0.2,-0.01199990544131795,0.020010191523754918,5,0
qt,TP,9d23aebb271ea534a66cb3aceb2e63d9a1c870d6,llm_counterfactual,qwen36_27b_local,full,0.2,,1,1.0,0.8,-0.2142383488005662,0.2181963883800343,5,0
qt,TP,9d23aebb271ea534a66cb3aceb2e63d9a1c870d6,llm_counterfactual,qwen36_27b_local,full,0.2,,2,1.0,0.8,-0.18082397626833657,0.18478201584780463,5,0
qt,TP,9d23aebb271ea534a66cb3aceb2e63d9a1c870d6,llm_counterfactual,qwen36_27b_local,full,0.2,,3,1.0,1.0,-0.2081029070631479,0.2081029070631479,5,0
qt,TP,9d23aebb271ea534a66cb3aceb2e63d9a1c870d6,llm_counterfactual,qwen36_27b_local,full,0.2,,4,1.0,0.8,-0.21423834880056622,0.21819638838003427,5,0
qt,TP,9d23aebb271ea534a66cb3aceb2e63d9a1c870d6,llm_counterfactual,qwen36_27b_local,full,0.2,,5,1.0,0.8,-0.22412201093674933,0.22808005051621746,5,0
qt,FN,4e3917587b11432d2d892f5146b367de2a3e4864,llm_counterfactual,qwen36_27b_local,full,0.2,,1,1.0,0.8,-0.08284685441927749,0.08665023779698053,5,0
qt,FN,4e3917587b11432d2d892f5146b367de2a3e4864,llm_counterfactual,qwen36_27b_local,full,0.2,,2,1.0,0.8,-0.08284685441927749,0.08665023779698044,5,0
qt,FN,4e3917587b11432d2d892f5146b367de2a3e4864,llm_counterfactual,qwen36_27b_local,full,0.2,,3,1.0,0.6,-0.05893424320222611,0.06273762657992907,5,0
qt,FN,4e3917587b11432d2d892f5146b367de2a3e4864,llm_counterfactual,qwen36_27b_local,full,0.2,,4,1.0,0.6,-0.0730229000318959,0.076826283409599,5,0
qt,FN,4e3917587b11432d2d892f5146b367de2a3e4864,llm_counterfactual,qwen36_27b_local,full,0.2,,5,1.0,0.6,-0.05893424320222611,0.06273762657992916,5,0
qt,TN,bcf1167ccb52341d72e6e2921077d2244803ee8d,llm_counterfactual,qwen36_27b_local,full,0.2,,1,1.0,0.4,-0.015088882767745315,0.02754657050357683,5,0
qt,TN,bcf1167ccb52341d72e6e2921077d2244803ee8d,llm_counterfactual,qwen36_27b_local,full,0.2,,2,1.0,0.4,-0.015088882767745448,0.02754657050357683,5,0
qt,TN,bcf1167ccb52341d72e6e2921077d2244803ee8d,llm_counterfactual,qwen36_27b_local,full,0.2,,3,1.0,0.4,0.028852104374258957,0.0481018491834021,5,0
qt,TN,bcf1167ccb52341d72e6e2921077d2244803ee8d,llm_counterfactual,qwen36_27b_local,full,0.2,,4,1.0,0.6,-0.0011726942355717584,0.040376814403941294,5,0
qt,TN,bcf1167ccb52341d72e6e2921077d2244803ee8d,llm_counterfactual,qwen36_27b_local,full,0.2,,5,1.0,0.4,0.02885210437425898,0.04810184918340212,5,0
qt,TN,3e379bcc799edb6a78bc8cea093a278dbe32f33c,llm_counterfactual,qwen36_27b_local,full,0.2,,1,0.6,0.6,-0.047544020893274586,0.05106717861790282,5,0
qt,TN,3e379bcc799edb6a78bc8cea093a278dbe32f33c,llm_counterfactual,qwen36_27b_local,full,0.2,,2,0.6,0.4,-0.04145417245439609,0.04497733017902432,5,0
qt,TN,3e379bcc799edb6a78bc8cea093a278dbe32f33c,llm_counterfactual,qwen36_27b_local,full,0.2,,3,0.8,0.6,-0.05163073737627608,0.05163073737627608,5,0
qt,TN,3e379bcc799edb6a78bc8cea093a278dbe32f33c,llm_counterfactual,qwen36_27b_local,full,0.2,,4,0.6,0.6,-0.047544020893274544,0.051067178617902775,5,0
qt,TN,3e379bcc799edb6a78bc8cea093a278dbe32f33c,llm_counterfactual,qwen36_27b_local,full,0.2,,5,0.8,0.6,-0.047544020893274495,0.051067178617902734,5,0
qt,TN,4ebc2cf74e557b65a8ce1dc518ca92f399ce89e8,llm_counterfactual,qwen36_27b_local,full,0.2,,1,0.8,0.8,0.02460684418419181,0.04416278421253257,5,0
qt,TN,4ebc2cf74e557b65a8ce1dc518ca92f399ce89e8,llm_counterfactual,qwen36_27b_local,full,0.2,,2,0.6,0.6,0.007715128005655969,0.0362501639791023,5,0
qt,TN,4ebc2cf74e557b65a8ce1dc518ca92f399ce89e8,llm_counterfactual,qwen36_27b_local,full,0.2,,3,0.4,0.8,0.025564558839272646,0.04512049886761327,5,0
qt,TN,4ebc2cf74e557b65a8ce1dc518ca92f399ce89e8,llm_counterfactual,qwen36_27b_local,full,0.2,,4,0.8,0.6,0.00974823604668309,0.03558599548713874,5,0
qt,TN,4ebc2cf74e557b65a8ce1dc518ca92f399ce89e8,llm_counterfactual,qwen36_27b_local,full,0.2,,5,0.4,0.8,0.021455059226775108,0.047292818667230715,5,0
qt,FN,7e298e2f2ceeee1a2d1a81238ca019d9a0c9519f,llm_counterfactual,qwen36_27b_local,full,0.2,,1,0.8,0.4,-0.037776775524192785,0.055303108378484976,5,0
qt,FN,7e298e2f2ceeee1a2d1a81238ca019d9a0c9519f,llm_counterfactual,qwen36_27b_local,full,0.2,,2,0.8,0.4,-0.037776775524192854,0.055303108378485046,5,0
qt,FN,7e298e2f2ceeee1a2d1a81238ca019d9a0c9519f,llm_counterfactual,qwen36_27b_local,full,0.2,,3,0.8,0.2,-0.014883026196037052,0.03675708463301715,5,0
qt,FN,7e298e2f2ceeee1a2d1a81238ca019d9a0c9519f,llm_counterfactual,qwen36_27b_local,full,0.2,,4,0.8,0.4,-0.03777677552419283,0.055303108378485025,5,0
qt,FN,7e298e2f2ceeee1a2d1a81238ca019d9a0c9519f,llm_counterfactual,qwen36_27b_local,full,0.2,,5,0.8,0.4,-0.03777677552419283,0.055303108378485025,5,0
qt,FN,93dabeba9dc5f6cbab60e65b3cc8df5fe48745a9,llm_counterfactual,qwen36_27b_local,full,0.2,,1,0.6,0.4,0.030343814785391433,0.03874908489638038,5,0
qt,FN,93dabeba9dc5f6cbab60e65b3cc8df5fe48745a9,llm_counterfactual,qwen36_27b_local,full,0.2,,2,0.2,0.6,0.038051600832153684,0.04645687094314264,5,0
qt,FN,93dabeba9dc5f6cbab60e65b3cc8df5fe48745a9,llm_counterfactual,qwen36_27b_local,full,0.2,,3,0.2,0.6,0.038051600832153774,0.04645687094314268,5,0
qt,FN,93dabeba9dc5f6cbab60e65b3cc8df5fe48745a9,llm_counterfactual,qwen36_27b_local,full,0.2,,4,0.4,0.4,0.03495537100566306,0.03640446902543779,5,0
qt,FN,93dabeba9dc5f6cbab60e65b3cc8df5fe48745a9,llm_counterfactual,qwen36_27b_local,full,0.2,,5,0.4,0.4,0.03495537100566306,0.03640446902543779,5,0
qt,TN,0234e5c96417f451f8de279b8ff92734836badd4,llm_counterfactual,qwen36_27b_local,full,0.2,,1,0.6,0.2,0.014110071391028888,0.019400271168774897,5,0
qt,TN,0234e5c96417f451f8de279b8ff92734836badd4,llm_counterfactual,qwen36_27b_local,full,0.2,,2,0.8,0.2,0.008954222280918023,0.020292520018955117,5,0
qt,TN,0234e5c96417f451f8de279b8ff92734836badd4,llm_counterfactual,qwen36_27b_local,full,0.2,,3,0.8,0.2,0.008502707903463812,0.01984100564150091,5,0
qt,TN,0234e5c96417f451f8de279b8ff92734836badd4,llm_counterfactual,qwen36_27b_local,full,0.2,,4,0.8,0.2,0.008954222280917957,0.02029252001895514,5,0
qt,TN,0234e5c96417f451f8de279b8ff92734836badd4,llm_counterfactual,qwen36_27b_local,full,0.2,,5,0.8,0.2,0.013862239144467891,0.01915243892221381,5,0
qt,FP,eb93d7b51773b43e6a3e41961898a6033bcd9479,llm_counterfactual,qwen36_27b_local,full,0.2,,1,1.0,0.6,-0.05755640487501231,0.07098677038890275,5,0
qt,FP,eb93d7b51773b43e6a3e41961898a6033bcd9479,llm_counterfactual,qwen36_27b_local,full,0.2,,2,1.0,0.6,-0.057556404875012276,0.07098677038890275,5,0
qt,FP,eb93d7b51773b43e6a3e41961898a6033bcd9479,llm_counterfactual,qwen36_27b_local,full,0.2,,3,1.0,0.8,-0.07837734702809729,0.08726474234691672,5,0
qt,FP,eb93d7b51773b43e6a3e41961898a6033bcd9479,llm_counterfactual,qwen36_27b_local,full,0.2,,4,1.0,0.6,-0.060179050219443184,0.06836412504447184,5,0
qt,FP,eb93d7b51773b43e6a3e41961898a6033bcd9479,llm_counterfactual,qwen36_27b_local,full,0.2,,5,1.0,0.6,-0.058006837657568956,0.07053633760634608,5,0
qt,FN,e6d17c8691bfafa033b82a4d81a9caf4a2fd1b85,llm_counterfactual,qwen36_27b_local,full,0.2,,1,0.8,0.6,-0.0004704317232040012,0.05853128634477254,5,0
qt,FN,e6d17c8691bfafa033b82a4d81a9caf4a2fd1b85,llm_counterfactual,qwen36_27b_local,full,0.2,,2,0.6,0.6,0.002748276457992005,0.050826554663267506,5,0
qt,FN,e6d17c8691bfafa033b82a4d81a9caf4a2fd1b85,llm_counterfactual,qwen36_27b_local,full,0.2,,3,0.6,0.6,0.00042827971941508116,0.05763257490215359,5,0
qt,FN,e6d17c8691bfafa033b82a4d81a9caf4a2fd1b85,llm_counterfactual,qwen36_27b_local,full,0.2,,4,0.4,0.6,0.006108903925762221,0.05195195069580631,5,0
qt,FN,e6d17c8691bfafa033b82a4d81a9caf4a2fd1b85,llm_counterfactual,qwen36_27b_local,full,0.2,,5,1.0,0.6,-0.0029323477483553352,0.05650717886961472,5,0
qt,FN,5303225aef739c534714c1ac1d4dd096f0cc38d0,llm_counterfactual,qwen36_27b_local,full,0.2,,1,0.8,0.6,0.008801302540311817,0.05130710556654694,5,0
qt,FN,5303225aef739c534714c1ac1d4dd096f0cc38d0,llm_counterfactual,qwen36_27b_local,full,0.2,,2,0.8,0.6,0.015190400303892048,0.05769620333012722,5,0
qt,FN,5303225aef739c534714c1ac1d4dd096f0cc38d0,llm_counterfactual,qwen36_27b_local,full,0.2,,3,0.6,0.4,0.03249580060952291,0.03249580060952291,5,0
qt,FN,5303225aef739c534714c1ac1d4dd096f0cc38d0,llm_counterfactual,qwen36_27b_local,full,0.2,,4,0.8,0.6,0.008801302540311796,0.05130710556654692,5,0
qt,FN,5303225aef739c534714c1ac1d4dd096f0cc38d0,llm_counterfactual,qwen36_27b_local,full,0.2,,5,0.6,0.6,0.008801302540311773,0.05130710556654694,5,0
qt,FN,a69edf01cb0a2a06282dc7b89724ffa542f6546d,llm_counterfactual,qwen36_27b_local,full,0.2,,1,0.8,0.4,-0.01883819207899846,0.04218241399064724,5,0
qt,FN,a69edf01cb0a2a06282dc7b89724ffa542f6546d,llm_counterfactual,qwen36_27b_local,full,0.2,,2,0.75,0.5,-0.016873118286333616,0.03792468243511224,4,0
qt,FN,a69edf01cb0a2a06282dc7b89724ffa542f6546d,llm_counterfactual,qwen36_27b_local,full,0.2,,3,0.8,0.4,-0.018838192078998506,0.04218241399064728,5,0
qt,FN,a69edf01cb0a2a06282dc7b89724ffa542f6546d,llm_counterfactual,qwen36_27b_local,full,0.2,,4,0.8,0.4,-0.018838192078998506,0.04218241399064728,5,0
qt,FN,a69edf01cb0a2a06282dc7b89724ffa542f6546d,llm_counterfactual,qwen36_27b_local,full,0.2,,5,0.6,0.6,-0.006581469832990461,0.054439136236655326,5,0
qt,FP,e58fdbaeb033a801ac7b5dd1f63657b36d6e1305,llm_counterfactual,qwen36_27b_local,full,0.2,,1,1.0,1.0,-0.12263746925404753,0.12263746925404753,5,0
qt,FP,e58fdbaeb033a801ac7b5dd1f63657b36d6e1305,llm_counterfactual,qwen36_27b_local,full,0.2,,2,1.0,1.0,-0.12263746925404756,0.12263746925404756,5,0
qt,FP,e58fdbaeb033a801ac7b5dd1f63657b36d6e1305,llm_counterfactual,qwen36_27b_local,full,0.2,,3,1.0,1.0,-0.12263746925404759,0.12263746925404759,5,0
qt,FP,e58fdbaeb033a801ac7b5dd1f63657b36d6e1305,llm_counterfactual,qwen36_27b_local,full,0.2,,4,1.0,1.0,-0.12479962489923871,0.12479962489923871,5,0
qt,FP,e58fdbaeb033a801ac7b5dd1f63657b36d6e1305,llm_counterfactual,qwen36_27b_local,full,0.2,,5,1.0,1.0,-0.12263746925404755,0.12263746925404755,5,0
qt,TP,d3393ce25833c0afd7f0fa6b85fd6f3bd7ad520a,llm_counterfactual,qwen36_27b_local,full,0.2,,1,1.0,0.8,-0.07270272622985977,0.08564694153836079,5,0
qt,TP,d3393ce25833c0afd7f0fa6b85fd6f3bd7ad520a,llm_counterfactual,qwen36_27b_local,full,0.2,,2,1.0,0.8,-0.07270272622985967,0.08564694153836075,5,0
qt,TP,d3393ce25833c0afd7f0fa6b85fd6f3bd7ad520a,llm_counterfactual,qwen36_27b_local,full,0.2,,3,1.0,1.0,-0.10293746047320748,0.10293746047320748,5,0
qt,TP,d3393ce25833c0afd7f0fa6b85fd6f3bd7ad520a,llm_counterfactual,qwen36_27b_local,full,0.2,,4,1.0,1.0,-0.08303631262524873,0.09598052793374975,5,0
qt,TP,d3393ce25833c0afd7f0fa6b85fd6f3bd7ad520a,llm_counterfactual,qwen36_27b_local,full,0.2,,5,1.0,0.8,-0.07270272622985975,0.08564694153836078,5,0
qt,FN,6486a4bd196ca2bf0047ae80e78eee06e5e18e18,llm_counterfactual,qwen36_27b_local,full,0.2,,1,0.6,0.6,0.02578651237201559,0.03942100169221898,5,0
qt,FN,6486a4bd196ca2bf0047ae80e78eee06e5e18e18,llm_counterfactual,qwen36_27b_local,full,0.2,,2,0.6,0.6,0.019932048400554313,0.0401746516906859,5,0
qt,FN,6486a4bd196ca2bf0047ae80e78eee06e5e18e18,llm_counterfactual,qwen36_27b_local,full,0.2,,3,0.8,0.8,0.0020546240222701017,0.058052076068969984,5,0
qt,FN,6486a4bd196ca2bf0047ae80e78eee06e5e18e18,llm_counterfactual,qwen36_27b_local,full,0.2,,4,0.8,0.6,0.02578651237201568,0.03942100169221907,5,0
qt,FN,6486a4bd196ca2bf0047ae80e78eee06e5e18e18,llm_counterfactual,qwen36_27b_local,full,0.2,,5,0.8,0.6,0.026369092886738988,0.040003582206942376,5,0
qt,FP,ddb4fb4c60987ce6e0b9e50de9a5f3a7ff0e8757,llm_counterfactual,qwen36_27b_local,full,0.2,,1,1.0,0.8,-0.016810307449354384,0.08107930706830568,5,0
qt,FP,ddb4fb4c60987ce6e0b9e50de9a5f3a7ff0e8757,llm_counterfactual,qwen36_27b_local,full,0.2,,2,1.0,0.8,-0.02515910195766414,0.07273051255999592,5,0
qt,FP,ddb4fb4c60987ce6e0b9e50de9a5f3a7ff0e8757,llm_counterfactual,qwen36_27b_local,full,0.2,,3,1.0,0.8,-0.016810307449354363,0.0810793070683057,5,0
qt,FP,ddb4fb4c60987ce6e0b9e50de9a5f3a7ff0e8757,llm_counterfactual,qwen36_27b_local,full,0.2,,4,1.0,0.8,-0.0058766361235203625,0.09201297839413972,5,0
qt,FP,ddb4fb4c60987ce6e0b9e50de9a5f3a7ff0e8757,llm_counterfactual,qwen36_27b_local,full,0.2,,5,1.0,0.8,-0.02515910195766416,0.07273051255999591,5,0
qt,TP,03a1675eac4baf8c7a6e0602102bbafa3176771c,llm_counterfactual,qwen36_27b_local,full,0.2,,1,1.0,0.6,-0.024218201364612457,0.06874492125242035,5,0
qt,TP,03a1675eac4baf8c7a6e0602102bbafa3176771c,llm_counterfactual,qwen36_27b_local,full,0.2,,2,1.0,0.6,-0.02421820136461243,0.06874492125242038,5,0
qt,TP,03a1675eac4baf8c7a6e0602102bbafa3176771c,llm_counterfactual,qwen36_27b_local,full,0.2,,3,1.0,0.6,-0.024218201364612453,0.06874492125242035,5,0
qt,TP,03a1675eac4baf8c7a6e0602102bbafa3176771c,llm_counterfactual,qwen36_27b_local,full,0.2,,4,1.0,0.6,-0.024218201364612463,0.06874492125242034,5,0
qt,TP,03a1675eac4baf8c7a6e0602102bbafa3176771c,llm_counterfactual,qwen36_27b_local,full,0.2,,5,1.0,0.6,-0.024218201364612453,0.06874492125242035,5,0
qt,FP,36997810d9fec492635152be89efaa55208e224a,llm_counterfactual,qwen36_27b_local,full,0.2,,1,0.6,0.6,-0.024131441293360183,0.05805418759467787,5,0
qt,FP,36997810d9fec492635152be89efaa55208e224a,llm_counterfactual,qwen36_27b_local,full,0.2,,2,0.6,0.6,-0.057380917697834405,0.07398209747044274,5,0
qt,FP,36997810d9fec492635152be89efaa55208e224a,llm_counterfactual,qwen36_27b_local,full,0.2,,3,0.8,0.6,-0.05738091769783439,0.07398209747044272,5,0
qt,FP,36997810d9fec492635152be89efaa55208e224a,llm_counterfactual,qwen36_27b_local,full,0.2,,4,0.6,0.4,-0.06478090496280531,0.0665821102054718,5,0
qt,FP,36997810d9fec492635152be89efaa55208e224a,llm_counterfactual,qwen36_27b_local,full,0.2,,5,0.8,0.2,0.0020775660185206267,0.016324818996754243,5,0
qt,TN,4f4ad7c262ce4723417efa14c4d3fdb875be53d0,llm_counterfactual,qwen36_27b_local,full,0.2,,1,0.6,0.6,-0.035626396547926785,0.03991872633813687,5,0
qt,TN,4f4ad7c262ce4723417efa14c4d3fdb875be53d0,llm_counterfactual,qwen36_27b_local,full,0.2,,2,0.8,0.6,-0.035603409426910294,0.03989573921712038,5,0
qt,TN,4f4ad7c262ce4723417efa14c4d3fdb875be53d0,llm_counterfactual,qwen36_27b_local,full,0.2,,3,0.6,0.8,-0.04695605971873977,0.04695605971873977,5,0
qt,TN,4f4ad7c262ce4723417efa14c4d3fdb875be53d0,llm_counterfactual,qwen36_27b_local,full,0.2,,4,0.8,0.8,-0.03902649232905422,0.04331882211926421,5,0
qt,TN,4f4ad7c262ce4723417efa14c4d3fdb875be53d0,llm_counterfactual,qwen36_27b_local,full,0.2,,5,0.8,0.8,-0.039026492329054176,0.04331882211926434,5,0
qt,TP,a50911bc0bfca1185e99ce6638fbf03cf592789d,llm_counterfactual,qwen36_27b_local,full,0.2,,1,1.0,1.0,-0.014232356560292415,0.08269298293403057,5,0
qt,TP,a50911bc0bfca1185e99ce6638fbf03cf592789d,llm_counterfactual,qwen36_27b_local,full,0.2,,2,1.0,1.0,-0.014232356560292442,0.08269298293403055,5,0
qt,TP,a50911bc0bfca1185e99ce6638fbf03cf592789d,llm_counterfactual,qwen36_27b_local,full,0.2,,3,1.0,1.0,-0.014232356560292442,0.08269298293403055,5,0
qt,TP,a50911bc0bfca1185e99ce6638fbf03cf592789d,llm_counterfactual,qwen36_27b_local,full,0.2,,4,1.0,1.0,-0.014232356560292415,0.08269298293403059,5,0
qt,TP,a50911bc0bfca1185e99ce6638fbf03cf592789d,llm_counterfactual,qwen36_27b_local,full,0.2,,5,1.0,0.8,-0.039849152277174636,0.061309567346408834,5,0
qt,TP,bb199cc8ad4111808260f6255312b08c7d81dcbc,llm_counterfactual,qwen36_27b_local,full,0.2,,1,0.8,0.6,-0.06863236414778576,0.08316000557314507,5,0
qt,TP,bb199cc8ad4111808260f6255312b08c7d81dcbc,llm_counterfactual,qwen36_27b_local,full,0.2,,2,0.8,0.6,-0.06863236414778573,0.0831600055731451,5,0
qt,TP,bb199cc8ad4111808260f6255312b08c7d81dcbc,llm_counterfactual,qwen36_27b_local,full,0.2,,3,1.0,0.6,-0.07486936501659112,0.08374897347241375,5,0
qt,TP,bb199cc8ad4111808260f6255312b08c7d81dcbc,llm_counterfactual,qwen36_27b_local,full,0.2,,4,0.8,0.6,-0.06863236414778576,0.08316000557314507,5,0
qt,TP,bb199cc8ad4111808260f6255312b08c7d81dcbc,llm_counterfactual,qwen36_27b_local,full,0.2,,5,0.8,0.6,-0.06863236414778577,0.08316000557314508,5,0
qt,FP,6a91dcba2e4fa85dc345c2d403c757ab7676e28c,llm_counterfactual,qwen36_27b_local,full,0.2,,1,1.0,0.6,-0.04098954320545372,0.052913642684286825,5,0
qt,FP,6a91dcba2e4fa85dc345c2d403c757ab7676e28c,llm_counterfactual,qwen36_27b_local,full,0.2,,2,1.0,0.6,-0.04098954320545371,0.05291364268428684,5,0
qt,FP,6a91dcba2e4fa85dc345c2d403c757ab7676e28c,llm_counterfactual,qwen36_27b_local,full,0.2,,3,1.0,0.6,-0.04834249407663767,0.060266593555470795,5,0
qt,FP,6a91dcba2e4fa85dc345c2d403c757ab7676e28c,llm_counterfactual,qwen36_27b_local,full,0.2,,4,1.0,0.6,-0.04098954320545372,0.052913642684286825,5,0
qt,FP,6a91dcba2e4fa85dc345c2d403c757ab7676e28c,llm_counterfactual,qwen36_27b_local,full,0.2,,5,1.0,0.6,-0.04098954320545372,0.052913642684286825,5,0
qt,TN,e38a98ad4453974b2848eeed02d81e0c408ce0c6,llm_counterfactual,qwen36_27b_local,full,0.2,,1,1.0,0.6,-0.05521767452611415,0.06055521644893216,5,0
qt,TN,e38a98ad4453974b2848eeed02d81e0c408ce0c6,llm_counterfactual,qwen36_27b_local,full,0.2,,2,1.0,0.4,0.0020609352201352406,0.03266372326947318,5,0
qt,TN,e38a98ad4453974b2848eeed02d81e0c408ce0c6,llm_counterfactual,qwen36_27b_local,full,0.2,,3,1.0,0.4,0.0020609352201352406,0.03266372326947318,5,0
qt,TN,e38a98ad4453974b2848eeed02d81e0c408ce0c6,llm_counterfactual,qwen36_27b_local,full,0.2,,4,1.0,0.4,-0.046546268419509616,0.05904313323783668,5,0
qt,TN,e38a98ad4453974b2848eeed02d81e0c408ce0c6,llm_counterfactual,qwen36_27b_local,full,0.2,,5,1.0,0.4,0.002060935220135285,0.03266372326947313,5,0
qt,FP,1c6d5b0696f324495e95a12f7718ae7593c9b58a,llm_counterfactual,qwen36_27b_local,full,0.2,,1,1.0,0.6,-0.08076717429837668,0.08247605701230135,5,0
qt,FP,1c6d5b0696f324495e95a12f7718ae7593c9b58a,llm_counterfactual,qwen36_27b_local,full,0.2,,2,1.0,0.8,-0.1266427544200094,0.12835163713393408,5,0
qt,FP,1c6d5b0696f324495e95a12f7718ae7593c9b58a,llm_counterfactual,qwen36_27b_local,full,0.2,,3,1.0,0.8,-0.09711240050074571,0.0988212832146704,5,0
qt,FP,1c6d5b0696f324495e95a12f7718ae7593c9b58a,llm_counterfactual,qwen36_27b_local,full,0.2,,4,1.0,0.8,-0.1266427544200094,0.12835163713393408,5,0
qt,FP,1c6d5b0696f324495e95a12f7718ae7593c9b58a,llm_counterfactual,qwen36_27b_local,full,0.2,,5,1.0,0.8,-0.12664275442000944,0.1283516371339341,5,0
qt,FP,cd542a82b0c2d5c9a4ea167a84e5ea8a25c5d969,llm_counterfactual,qwen36_27b_local,full,0.2,,1,1.0,0.6,-0.05945918759615067,0.06074751831305282,5,0
qt,FP,cd542a82b0c2d5c9a4ea167a84e5ea8a25c5d969,llm_counterfactual,qwen36_27b_local,full,0.2,,2,1.0,0.6,-0.05945918759615065,0.060747518313052806,5,0
qt,FP,cd542a82b0c2d5c9a4ea167a84e5ea8a25c5d969,llm_counterfactual,qwen36_27b_local,full,0.2,,3,1.0,0.6,-0.05945918759615065,0.060747518313052806,5,0
qt,FP,cd542a82b0c2d5c9a4ea167a84e5ea8a25c5d969,llm_counterfactual,qwen36_27b_local,full,0.2,,4,1.0,0.4,-0.03297553409426408,0.03831946635248211,5,0
qt,FP,cd542a82b0c2d5c9a4ea167a84e5ea8a25c5d969,llm_counterfactual,qwen36_27b_local,full,0.2,,5,1.0,0.6,-0.055790686798702506,0.05707901751560466,5,0
qt,TP,b254b03dc3b1cfcfc5f17158d2470e0a9a946a0e,llm_counterfactual,qwen36_27b_local,full,0.2,,1,1.0,0.8,-0.09984572661993685,0.10172319914740938,5,0
qt,TP,b254b03dc3b1cfcfc5f17158d2470e0a9a946a0e,llm_counterfactual,qwen36_27b_local,full,0.2,,2,1.0,0.8,-0.10595953686983729,0.11250058391802718,5,0
qt,TP,b254b03dc3b1cfcfc5f17158d2470e0a9a946a0e,llm_counterfactual,qwen36_27b_local,full,0.2,,3,0.8,0.8,-0.09984572661993686,0.10172319914740936,5,0
qt,TP,b254b03dc3b1cfcfc5f17158d2470e0a9a946a0e,llm_counterfactual,qwen36_27b_local,full,0.2,,4,1.0,0.8,-0.11147011014698921,0.11334758267446171,5,0
qt,TP,b254b03dc3b1cfcfc5f17158d2470e0a9a946a0e,llm_counterfactual,qwen36_27b_local,full,0.2,,5,1.0,0.8,-0.11147011014698924,0.11334758267446174,5,0
qt,TP,1a7bc520c5df4da80b7e65acbec1f546f9c87870,llm_counterfactual,qwen36_27b_local,full,0.2,,1,0.8,0.6,-0.09794543640354915,0.09794543640354915,5,0
qt,TP,1a7bc520c5df4da80b7e65acbec1f546f9c87870,llm_counterfactual,qwen36_27b_local,full,0.2,,2,0.8,0.6,-0.09794543640354915,0.09794543640354915,5,0
qt,TP,1a7bc520c5df4da80b7e65acbec1f546f9c87870,llm_counterfactual,qwen36_27b_local,full,0.2,,3,1.0,0.6,-0.09926737516962719,0.09926737516962719,5,0
qt,TP,1a7bc520c5df4da80b7e65acbec1f546f9c87870,llm_counterfactual,qwen36_27b_local,full,0.2,,4,0.8,0.6,-0.09926737516962722,0.09926737516962722,5,0
qt,TP,1a7bc520c5df4da80b7e65acbec1f546f9c87870,llm_counterfactual,qwen36_27b_local,full,0.2,,5,0.8,0.6,-0.09794543640354915,0.09794543640354915,5,0
qt,FN,5629823b05ca7d24924ac879b5a0469a3cb03e78,llm_counterfactual,qwen36_27b_local,full,0.2,,1,1.0,0.75,-0.07832788866318866,0.07832788866318866,4,0
qt,FN,5629823b05ca7d24924ac879b5a0469a3cb03e78,llm_counterfactual,qwen36_27b_local,full,0.2,,2,1.0,0.6,-0.051682774425777046,0.06726554758732439,5,0
qt,FN,5629823b05ca7d24924ac879b5a0469a3cb03e78,llm_counterfactual,qwen36_27b_local,full,0.2,,3,1.0,0.6,-0.051682774425777026,0.06726554758732436,5,0
qt,FN,5629823b05ca7d24924ac879b5a0469a3cb03e78,llm_counterfactual,qwen36_27b_local,full,0.2,,4,1.0,0.6,-0.05454432254284112,0.06440399947026024,5,0
qt,FN,5629823b05ca7d24924ac879b5a0469a3cb03e78,llm_counterfactual,qwen36_27b_local,full,0.2,,5,1.0,0.6,-0.05997035287385377,0.0704531084834624,5,0
qt,TN,9b54447e453e2cb7b7375e2c6104b2595ab1594e,llm_counterfactual,qwen36_27b_local,full,0.2,,1,0.8,0.6,-0.051605800039612994,0.051605800039612994,5,0
qt,TN,9b54447e453e2cb7b7375e2c6104b2595ab1594e,llm_counterfactual,qwen36_27b_local,full,0.2,,2,0.8,0.6,-0.04940010828516579,0.04940010828516579,5,0
qt,TN,9b54447e453e2cb7b7375e2c6104b2595ab1594e,llm_counterfactual,qwen36_27b_local,full,0.2,,3,0.6,0.6,-0.04940010828516581,0.04940010828516581,5,0
qt,TN,9b54447e453e2cb7b7375e2c6104b2595ab1594e,llm_counterfactual,qwen36_27b_local,full,0.2,,4,0.6,0.6,-0.04940010828516581,0.04940010828516581,5,0
qt,TN,9b54447e453e2cb7b7375e2c6104b2595ab1594e,llm_counterfactual,qwen36_27b_local,full,0.2,,5,0.8,0.6,-0.04940010828516579,0.04940010828516579,5,0
qt,FP,3981a1f440914e8108af3d854a1b01dd596a8a0e,llm_counterfactual,qwen36_27b_local,full,0.2,,1,0.8,0.6,-0.07142951324915675,0.10638953009223422,5,0
qt,FP,3981a1f440914e8108af3d854a1b01dd596a8a0e,llm_counterfactual,qwen36_27b_local,full,0.2,,2,0.8,0.8,-0.055649131833962716,0.12216991150742822,5,0
qt,FP,3981a1f440914e8108af3d854a1b01dd596a8a0e,llm_counterfactual,qwen36_27b_local,full,0.2,,3,1.0,0.75,-0.07811383510445066,0.144159969072288,4,0
qt,FP,3981a1f440914e8108af3d854a1b01dd596a8a0e,llm_counterfactual,qwen36_27b_local,full,0.2,,4,0.8,0.8,-0.05564913183396272,0.12216991150742823,5,0
qt,FP,3981a1f440914e8108af3d854a1b01dd596a8a0e,llm_counterfactual,qwen36_27b_local,full,0.2,,5,0.8,0.6,-0.08043127534542409,0.09738776799596684,5,0
qt,TN,4331ccd4b735d9d721a384193a3d42ee2ce6c805,llm_counterfactual,qwen36_27b_local,full,0.2,,1,0.8,0.8,-0.025071000179551484,0.05109339758739553,5,0
qt,TN,4331ccd4b735d9d721a384193a3d42ee2ce6c805,llm_counterfactual,qwen36_27b_local,full,0.2,,2,0.8,0.8,-0.02507100017955153,0.051093397587395575,5,0
qt,TN,4331ccd4b735d9d721a384193a3d42ee2ce6c805,llm_counterfactual,qwen36_27b_local,full,0.2,,3,0.8,0.8,-0.025071000179551484,0.05109339758739553,5,0
qt,TN,4331ccd4b735d9d721a384193a3d42ee2ce6c805,llm_counterfactual,qwen36_27b_local,full,0.2,,4,0.6,0.8,-0.029708840014911787,0.055731237422755965,5,0
qt,TN,4331ccd4b735d9d721a384193a3d42ee2ce6c805,llm_counterfactual,qwen36_27b_local,full,0.2,,5,0.8,0.8,-0.02507100017955146,0.05109339758739555,5,0
qt,TP,afbb57ae84ecbee5fab9eb6e58356b19d7995ea5,llm_counterfactual,qwen36_27b_local,full,0.2,,1,1.0,0.8,-0.14345345261537146,0.14585068395545997,5,0
qt,TP,afbb57ae84ecbee5fab9eb6e58356b19d7995ea5,llm_counterfactual,qwen36_27b_local,full,0.2,,2,0.8,0.8,-0.12113694778864348,0.12353417912873202,5,0
qt,TP,afbb57ae84ecbee5fab9eb6e58356b19d7995ea5,llm_counterfactual,qwen36_27b_local,full,0.2,,3,1.0,0.8,-0.14345345261537146,0.14585068395545994,5,0
qt,TP,afbb57ae84ecbee5fab9eb6e58356b19d7995ea5,llm_counterfactual,qwen36_27b_local,full,0.2,,4,1.0,0.8,-0.14345345261537146,0.14585068395545997,5,0
qt,TP,afbb57ae84ecbee5fab9eb6e58356b19d7995ea5,llm_counterfactual,qwen36_27b_local,full,0.2,,5,1.0,0.8,-0.14345345261537146,0.14585068395546,5,0
qt,TP,17513266b81e88b84fda250734f07c94a198fabc,llm_counterfactual,qwen36_27b_local,full,0.2,,1,1.0,0.8,-0.0869820085395356,0.0869820085395356,5,0
qt,TP,17513266b81e88b84fda250734f07c94a198fabc,llm_counterfactual,qwen36_27b_local,full,0.2,,2,1.0,0.8,-0.0869820085395356,0.0869820085395356,5,0
qt,TP,17513266b81e88b84fda250734f07c94a198fabc,llm_counterfactual,qwen36_27b_local,full,0.2,,3,0.8,0.8,-0.08441461496819466,0.08441461496819466,5,0
qt,TP,17513266b81e88b84fda250734f07c94a198fabc,llm_counterfactual,qwen36_27b_local,full,0.2,,4,1.0,0.8,-0.08698200853953558,0.08698200853953558,5,0
qt,TP,17513266b81e88b84fda250734f07c94a198fabc,llm_counterfactual,qwen36_27b_local,full,0.2,,5,1.0,0.8,-0.0869820085395356,0.0869820085395356,5,0
qt,FN,cdbc4b83d59e08189d6ece9ccd88a646be155c08,llm_counterfactual,qwen36_27b_local,full,0.2,,1,0.8,0.4,-0.03199958411842767,0.03571182901638681,5,0
qt,FN,cdbc4b83d59e08189d6ece9ccd88a646be155c08,llm_counterfactual,qwen36_27b_local,full,0.2,,2,0.8,0.4,-0.04237971979788335,0.046091964695842494,5,0
qt,FN,cdbc4b83d59e08189d6ece9ccd88a646be155c08,llm_counterfactual,qwen36_27b_local,full,0.2,,3,0.8,0.4,-0.03199958411842767,0.03571182901638681,5,0
qt,FN,cdbc4b83d59e08189d6ece9ccd88a646be155c08,llm_counterfactual,qwen36_27b_local,full,0.2,,4,0.8,0.4,-0.03199958411842765,0.03571182901638679,5,0
qt,FN,cdbc4b83d59e08189d6ece9ccd88a646be155c08,llm_counterfactual,qwen36_27b_local,full,0.2,,5,0.8,0.4,-0.03199958411842765,0.03571182901638679,5,0
qt,FP,753c744b23abfecad6463890dfdf6e97c7eeaa5c,llm_counterfactual,qwen36_27b_local,full,0.2,,1,1.0,0.8,-0.0249002390230733,0.10382299944517344,5,0
qt,FP,753c744b23abfecad6463890dfdf6e97c7eeaa5c,llm_counterfactual,qwen36_27b_local,full,0.2,,2,1.0,0.8,0.007899416235176265,0.11536559191413401,5,0
qt,FP,753c744b23abfecad6463890dfdf6e97c7eeaa5c,llm_counterfactual,qwen36_27b_local,full,0.2,,3,1.0,0.8,-0.02490023902307329,0.10382299944517345,5,0
qt,FP,753c744b23abfecad6463890dfdf6e97c7eeaa5c,llm_counterfactual,qwen36_27b_local,full,0.2,,4,1.0,0.6,-0.057569885733432066,0.07565791246080303,5,0
qt,FP,753c744b23abfecad6463890dfdf6e97c7eeaa5c,llm_counterfactual,qwen36_27b_local,full,0.2,,5,1.0,0.8,-0.024900239023073294,0.10382299944517343,5,0
qt,TP,a4f8b9ae6dfacf9ad5c190cde6098ebf13102f41,llm_counterfactual,qwen36_27b_local,full,0.2,,1,1.0,0.8,-0.01729908758065306,0.07948674301952947,5,0
qt,TP,a4f8b9ae6dfacf9ad5c190cde6098ebf13102f41,llm_counterfactual,qwen36_27b_local,full,0.2,,2,1.0,1.0,-0.002276940679934736,0.09450888992024782,5,0
qt,TP,a4f8b9ae6dfacf9ad5c190cde6098ebf13102f41,llm_counterfactual,qwen36_27b_local,full,0.2,,3,1.0,0.8,-0.017299087580653072,0.0794867430195295,5,0
qt,TP,a4f8b9ae6dfacf9ad5c190cde6098ebf13102f41,llm_counterfactual,qwen36_27b_local,full,0.2,,4,1.0,1.0,-0.0022769406799347247,0.09450888992024783,5,0
qt,TP,a4f8b9ae6dfacf9ad5c190cde6098ebf13102f41,llm_counterfactual,qwen36_27b_local,full,0.2,,5,1.0,0.8,-0.01729908758065306,0.07948674301952947,5,0
qt,TP,fca89004d75412dd378cc44ad79ed3c1e05c765b,llm_counterfactual,qwen36_27b_local,full,0.2,,1,1.0,0.8,-0.015182644340061401,0.09500988623104067,5,0
qt,TP,fca89004d75412dd378cc44ad79ed3c1e05c765b,llm_counterfactual,qwen36_27b_local,full,0.2,,2,1.0,0.8,-0.015182644340061424,0.09500988623104065,5,0
qt,TP,fca89004d75412dd378cc44ad79ed3c1e05c765b,llm_counterfactual,qwen36_27b_local,full,0.2,,3,1.0,0.8,-0.015182644340061424,0.09500988623104065,5,0
qt,TP,fca89004d75412dd378cc44ad79ed3c1e05c765b,llm_counterfactual,qwen36_27b_local,full,0.2,,4,1.0,0.8,-0.01518264434006138,0.0950098862310407,5,0
qt,TP,fca89004d75412dd378cc44ad79ed3c1e05c765b,llm_counterfactual,qwen36_27b_local,full,0.2,,5,1.0,0.8,-0.015182644340061374,0.09500988623104065,5,0
qt,FP,3d3ce2afe1937531f5fdc2af56697e93133e6d98,llm_kernelshap,qwen36_27b_local,full,0.2,,1,0.8,0.6,-0.030090563450260448,0.07178760926159199,5,0
qt,FP,3d3ce2afe1937531f5fdc2af56697e93133e6d98,llm_kernelshap,qwen36_27b_local,full,0.2,,2,1.0,0.8,-0.04583608697435537,0.07942685572940988,5,0
qt,FP,3d3ce2afe1937531f5fdc2af56697e93133e6d98,llm_kernelshap,qwen36_27b_local,full,0.2,,3,0.8,0.6,-0.030090563450260444,0.07178760926159197,5,0
qt,FP,3d3ce2afe1937531f5fdc2af56697e93133e6d98,llm_kernelshap,qwen36_27b_local,full,0.2,,4,1.0,0.8,-0.04750520357204343,0.07775773913172189,5,0
qt,FP,3d3ce2afe1937531f5fdc2af56697e93133e6d98,llm_kernelshap,qwen36_27b_local,full,0.2,,5,0.8,0.6,-0.030090563450260482,0.07178760926159197,5,0
qt,TN,eb5994df1307b2e17e729374e1f7ab1c8fe82750,llm_kernelshap,qwen36_27b_local,full,0.2,,1,0.8,0.8,-0.06359596114202215,0.06359596114202215,5,0
qt,TN,eb5994df1307b2e17e729374e1f7ab1c8fe82750,llm_kernelshap,qwen36_27b_local,full,0.2,,2,0.8,0.6,-0.04797922143286186,0.04797922143286186,5,0
qt,TN,eb5994df1307b2e17e729374e1f7ab1c8fe82750,llm_kernelshap,qwen36_27b_local,full,0.2,,3,0.8,0.6,-0.0479792214328618,0.0479792214328618,5,0
qt,TN,eb5994df1307b2e17e729374e1f7ab1c8fe82750,llm_kernelshap,qwen36_27b_local,full,0.2,,4,0.8,0.6,-0.05097927538453351,0.05097927538453351,5,0
qt,TN,eb5994df1307b2e17e729374e1f7ab1c8fe82750,llm_kernelshap,qwen36_27b_local,full,0.2,,5,0.8,0.6,-0.049305382343331663,0.049305382343331663,5,0
qt,FN,2ad213cc02094e003802530757fa4010720a22e6,llm_kernelshap,qwen36_27b_local,full,0.2,,1,0.4,0.4,-0.014668565195677007,0.022547994670816474,5,0
qt,FN,2ad213cc02094e003802530757fa4010720a22e6,llm_kernelshap,qwen36_27b_local,full,0.2,,2,0.4,0.2,-0.011481496941802028,0.019360926416941447,5,0
qt,FN,2ad213cc02094e003802530757fa4010720a22e6,llm_kernelshap,qwen36_27b_local,full,0.2,,3,0.4,0.4,-0.01466856519567703,0.022547994670816453,5,0
qt,FN,2ad213cc02094e003802530757fa4010720a22e6,llm_kernelshap,qwen36_27b_local,full,0.2,,4,0.2,0.2,-0.011481496941802028,0.019360926416941447,5,0
qt,FN,2ad213cc02094e003802530757fa4010720a22e6,llm_kernelshap,qwen36_27b_local,full,0.2,,5,0.2,0.2,-0.011481496941802028,0.019360926416941447,5,0
qt,TP,256bbc4f139036a780a63b80af8bb461a77d333a,llm_kernelshap,qwen36_27b_local,full,0.2,,1,1.0,1.0,-0.1595279925126436,0.1595279925126436,5,0
qt,TP,256bbc4f139036a780a63b80af8bb461a77d333a,llm_kernelshap,qwen36_27b_local,full,0.2,,2,1.0,1.0,-0.1595279925126436,0.1595279925126436,5,0
qt,TP,256bbc4f139036a780a63b80af8bb461a77d333a,llm_kernelshap,qwen36_27b_local,full,0.2,,3,1.0,1.0,-0.1595279925126436,0.1595279925126436,5,0
qt,TP,256bbc4f139036a780a63b80af8bb461a77d333a,llm_kernelshap,qwen36_27b_local,full,0.2,,4,1.0,1.0,-0.15403982465644991,0.15403982465644991,5,0
qt,TP,256bbc4f139036a780a63b80af8bb461a77d333a,llm_kernelshap,qwen36_27b_local,full,0.2,,5,1.0,1.0,-0.1540398246564499,0.1540398246564499,5,0
qt,TP,ae292be8690109940fdd9862321b2389a0957404,llm_kernelshap,qwen36_27b_local,full,0.2,,1,0.8,1.0,-0.1842344674132183,0.1842344674132183,5,0
qt,TP,ae292be8690109940fdd9862321b2389a0957404,llm_kernelshap,qwen36_27b_local,full,0.2,,2,0.8,1.0,-0.18423446741321833,0.18423446741321833,5,0
qt,TP,ae292be8690109940fdd9862321b2389a0957404,llm_kernelshap,qwen36_27b_local,full,0.2,,3,0.8,1.0,-0.1842344674132183,0.1842344674132183,5,0
qt,TP,ae292be8690109940fdd9862321b2389a0957404,llm_kernelshap,qwen36_27b_local,full,0.2,,4,1.0,1.0,-0.18423446741321833,0.18423446741321833,5,0
qt,TP,ae292be8690109940fdd9862321b2389a0957404,llm_kernelshap,qwen36_27b_local,full,0.2,,5,0.8,1.0,-0.1842344674132183,0.1842344674132183,5,0
qt,FN,3786411f7f8770f28ba2a97cb646a0eb7a5eaa99,llm_kernelshap,qwen36_27b_local,full,0.2,,1,1.0,0.4,-0.002212782398334001,0.037997735234438945,5,0
qt,FN,3786411f7f8770f28ba2a97cb646a0eb7a5eaa99,llm_kernelshap,qwen36_27b_local,full,0.2,,2,1.0,0.4,-0.0022127823983340454,0.03799773523443899,5,0
qt,FN,3786411f7f8770f28ba2a97cb646a0eb7a5eaa99,llm_kernelshap,qwen36_27b_local,full,0.2,,3,0.8,0.2,0.013702580369039397,0.033834076765266265,5,0
qt,FN,3786411f7f8770f28ba2a97cb646a0eb7a5eaa99,llm_kernelshap,qwen36_27b_local,full,0.2,,4,0.8,0.2,0.013702580369039397,0.033834076765266174,5,0
qt,FN,3786411f7f8770f28ba2a97cb646a0eb7a5eaa99,llm_kernelshap,qwen36_27b_local,full,0.2,,5,1.0,0.4,-0.0022127823983341343,0.03799773523443899,5,0
qt,FP,8835c0376befd009702b9a17c506639e31c842b9,llm_kernelshap,qwen36_27b_local,full,0.2,,1,0.8,1.0,-0.09495064058180892,0.16008227323487,5,0
qt,FP,8835c0376befd009702b9a17c506639e31c842b9,llm_kernelshap,qwen36_27b_local,full,0.2,,2,0.8,1.0,-0.09495064058180894,0.16008227323487,5,0
qt,FP,8835c0376befd009702b9a17c506639e31c842b9,llm_kernelshap,qwen36_27b_local,full,0.2,,3,0.8,1.0,-0.09495064058180894,0.16008227323487,5,0
qt,FP,8835c0376befd009702b9a17c506639e31c842b9,llm_kernelshap,qwen36_27b_local,full,0.2,,4,0.6,0.8,-0.07405594290715928,0.14694551711741005,5,0
qt,FP,8835c0376befd009702b9a17c506639e31c842b9,llm_kernelshap,qwen36_27b_local,full,0.2,,5,0.8,1.0,-0.09495064058180891,0.16008227323487006,5,0
qt,FN,9e99dba4a22bbf212b3e6d1e2607a16dbbd04d90,llm_kernelshap,qwen36_27b_local,full,0.2,,1,0.6,0.4,0.050903399842630814,0.061810325829809075,5,0
qt,FN,9e99dba4a22bbf212b3e6d1e2607a16dbbd04d90,llm_kernelshap,qwen36_27b_local,full,0.2,,2,0.6,0.4,0.050903399842630793,0.061810325829809054,5,0
qt,FN,9e99dba4a22bbf212b3e6d1e2607a16dbbd04d90,llm_kernelshap,qwen36_27b_local,full,0.2,,3,0.6,0.4,0.050903399842630814,0.061810325829809075,5,0
qt,FN,9e99dba4a22bbf212b3e6d1e2607a16dbbd04d90,llm_kernelshap,qwen36_27b_local,full,0.2,,4,0.6,0.6,0.06494338741743899,0.07227695385100556,5,0
qt,FN,9e99dba4a22bbf212b3e6d1e2607a16dbbd04d90,llm_kernelshap,qwen36_27b_local,full,0.2,,5,0.4,0.4,0.05328627627991904,0.06061984271348562,5,0
qt,FN,f506e01665c9bf689887ccf057a03588829efeea,llm_kernelshap,qwen36_27b_local,full,0.2,,1,0.8,0.6,-0.03945136774989706,0.04769112910898628,5,0
qt,FN,f506e01665c9bf689887ccf057a03588829efeea,llm_kernelshap,qwen36_27b_local,full,0.2,,2,0.8,0.6,-0.03945136774989706,0.04769112910898628,5,0
qt,FN,f506e01665c9bf689887ccf057a03588829efeea,llm_kernelshap,qwen36_27b_local,full,0.2,,3,0.6,0.6,-0.03887814372539551,0.047117905084484726,5,0
qt,FN,f506e01665c9bf689887ccf057a03588829efeea,llm_kernelshap,qwen36_27b_local,full,0.2,,4,0.8,0.6,-0.039451367749897014,0.04769112910898623,5,0
qt,FN,f506e01665c9bf689887ccf057a03588829efeea,llm_kernelshap,qwen36_27b_local,full,0.2,,5,0.8,0.6,-0.03945136774989706,0.04769112910898628,5,0
qt,TP,fa7626713b3a943609453459190e16c49d61dfd3,llm_kernelshap,qwen36_27b_local,full,0.2,,1,1.0,0.6,-0.0848263562878223,0.0848263562878223,5,0
qt,TP,fa7626713b3a943609453459190e16c49d61dfd3,llm_kernelshap,qwen36_27b_local,full,0.2,,2,1.0,0.6,-0.08482635628782229,0.08482635628782229,5,0
qt,TP,fa7626713b3a943609453459190e16c49d61dfd3,llm_kernelshap,qwen36_27b_local,full,0.2,,3,0.8,0.4,-0.07330078926467437,0.07487200986601922,5,0
qt,TP,fa7626713b3a943609453459190e16c49d61dfd3,llm_kernelshap,qwen36_27b_local,full,0.2,,4,0.6,0.4,-0.06133396204427581,0.06907014863201522,5,0
qt,TP,fa7626713b3a943609453459190e16c49d61dfd3,llm_kernelshap,qwen36_27b_local,full,0.2,,5,1.0,0.6,-0.08482635628782227,0.08482635628782227,5,0
qt,FP,093064fdeb6e777d2dc88dbb4f4adb8fddac3aa5,llm_kernelshap,qwen36_27b_local,full,0.2,,1,1.0,1.0,-0.21738610588941595,0.21738610588941595,5,0
qt,FP,093064fdeb6e777d2dc88dbb4f4adb8fddac3aa5,llm_kernelshap,qwen36_27b_local,full,0.2,,2,1.0,1.0,-0.27452576210155116,0.27452576210155116,5,0
qt,FP,093064fdeb6e777d2dc88dbb4f4adb8fddac3aa5,llm_kernelshap,qwen36_27b_local,full,0.2,,3,1.0,1.0,-0.2847268728955192,0.2847268728955192,5,0
qt,FP,093064fdeb6e777d2dc88dbb4f4adb8fddac3aa5,llm_kernelshap,qwen36_27b_local,full,0.2,,4,1.0,1.0,-0.21738610588941593,0.21738610588941593,5,0
qt,FP,093064fdeb6e777d2dc88dbb4f4adb8fddac3aa5,llm_kernelshap,qwen36_27b_local,full,0.2,,5,1.0,1.0,-0.21738610588941595,0.21738610588941595,5,0
qt,TP,da8ace713a19d2a8c9831ddf50d17607bc4856cc,llm_kernelshap,qwen36_27b_local,full,0.2,,1,1.0,1.0,-0.11186752816583248,0.14244191671723969,5,0
qt,TP,da8ace713a19d2a8c9831ddf50d17607bc4856cc,llm_kernelshap,qwen36_27b_local,full,0.2,,2,1.0,1.0,-0.11186752816583252,0.1424419167172397,5,0
qt,TP,da8ace713a19d2a8c9831ddf50d17607bc4856cc,llm_kernelshap,qwen36_27b_local,full,0.2,,3,1.0,1.0,-0.1118675281658325,0.1424419167172397,5,0
qt,TP,da8ace713a19d2a8c9831ddf50d17607bc4856cc,llm_kernelshap,qwen36_27b_local,full,0.2,,4,0.8,0.8,-0.12716084726908955,0.12716084726908955,5,0
qt,TP,da8ace713a19d2a8c9831ddf50d17607bc4856cc,llm_kernelshap,qwen36_27b_local,full,0.2,,5,0.8,1.0,-0.10527046692639067,0.13584485547779787,5,0
qt,FP,08cfd02312d21391c956b8bf50ab7d6caa0d8082,llm_kernelshap,qwen36_27b_local,full,0.2,,1,0.8,1.0,-0.050810730570476456,0.13589697385100516,5,0
qt,FP,08cfd02312d21391c956b8bf50ab7d6caa0d8082,llm_kernelshap,qwen36_27b_local,full,0.2,,2,0.8,0.8,-0.07972004555763804,0.11075905178950125,5,0
qt,FP,08cfd02312d21391c956b8bf50ab7d6caa0d8082,llm_kernelshap,qwen36_27b_local,full,0.2,,3,0.8,0.8,-0.07972004555763804,0.11075905178950127,5,0
qt,FP,08cfd02312d21391c956b8bf50ab7d6caa0d8082,llm_kernelshap,qwen36_27b_local,full,0.2,,4,0.8,0.8,-0.07972004555763804,0.11075905178950127,5,0
qt,FP,08cfd02312d21391c956b8bf50ab7d6caa0d8082,llm_kernelshap,qwen36_27b_local,full,0.2,,5,0.6,0.8,-0.07972004555763802,0.11075905178950124,5,0
qt,FP,a02b371eb2f34bf198c95cf0caa1fbad639f96bb,llm_kernelshap,qwen36_27b_local,full,0.2,,1,0.8,0.8,-0.06115796014762181,0.07919674041497345,5,0
qt,FP,a02b371eb2f34bf198c95cf0caa1fbad639f96bb,llm_kernelshap,qwen36_27b_local,full,0.2,,2,0.8,0.8,-0.061157960147621766,0.07919674041497345,5,0
qt,FP,a02b371eb2f34bf198c95cf0caa1fbad639f96bb,llm_kernelshap,qwen36_27b_local,full,0.2,,3,1.0,0.6,-0.05215048191157213,0.07018926217892377,5,0
qt,FP,a02b371eb2f34bf198c95cf0caa1fbad639f96bb,llm_kernelshap,qwen36_27b_local,full,0.2,,4,0.8,0.8,-0.061157960147621815,0.07919674041497346,5,0
qt,FP,a02b371eb2f34bf198c95cf0caa1fbad639f96bb,llm_kernelshap,qwen36_27b_local,full,0.2,,5,1.0,0.6,-0.052150481911572164,0.07018926217892375,5,0
qt,TN,5cb54cb5ebae99fab121061e25e26eec3056203a,llm_kernelshap,qwen36_27b_local,full,0.2,,1,1.0,1.0,0.054760161652944575,0.07224413594196084,5,0
qt,TN,5cb54cb5ebae99fab121061e25e26eec3056203a,llm_kernelshap,qwen36_27b_local,full,0.2,,2,1.0,1.0,0.054760161652944575,0.07224413594196084,5,0
qt,TN,5cb54cb5ebae99fab121061e25e26eec3056203a,llm_kernelshap,qwen36_27b_local,full,0.2,,3,1.0,1.0,0.05563319372049942,0.07311716800951569,5,0
qt,TN,5cb54cb5ebae99fab121061e25e26eec3056203a,llm_kernelshap,qwen36_27b_local,full,0.2,,4,1.0,1.0,0.05563319372049937,0.07311716800951569,5,0
qt,TN,5cb54cb5ebae99fab121061e25e26eec3056203a,llm_kernelshap,qwen36_27b_local,full,0.2,,5,1.0,1.0,0.055633193720499394,0.0731171680095157,5,0
qt,TN,9a50333dd03969abb3f09c0f90dcb4afd048e47a,llm_kernelshap,qwen36_27b_local,full,0.2,,1,0.4,0.6,-0.015576874057197454,0.03828353110208051,5,0
qt,TN,9a50333dd03969abb3f09c0f90dcb4afd048e47a,llm_kernelshap,qwen36_27b_local,full,0.2,,2,0.6,0.8,-0.04860881887644679,0.062158114619101014,5,0
qt,TN,9a50333dd03969abb3f09c0f90dcb4afd048e47a,llm_kernelshap,qwen36_27b_local,full,0.2,,3,0.6,0.8,-0.04860881887644679,0.062158114619100965,5,0
qt,TN,9a50333dd03969abb3f09c0f90dcb4afd048e47a,llm_kernelshap,qwen36_27b_local,full,0.2,,4,0.4,0.8,-0.04018336824223503,0.05373266398488925,5,0
qt,TN,9a50333dd03969abb3f09c0f90dcb4afd048e47a,llm_kernelshap,qwen36_27b_local,full,0.2,,5,0.6,0.8,-0.048608818876446726,0.06215811461910099,5,0
qt,FN,18f7e6dc9f59159b70cb7e6a8745738f42d4f46f,llm_kernelshap,qwen36_27b_local,full,0.2,,1,1.0,1.0,0.06357915517464337,0.09997886736721254,5,0
qt,FN,18f7e6dc9f59159b70cb7e6a8745738f42d4f46f,llm_kernelshap,qwen36_27b_local,full,0.2,,2,1.0,0.8,0.04491933449124976,0.0858757323540383,5,0
qt,FN,18f7e6dc9f59159b70cb7e6a8745738f42d4f46f,llm_kernelshap,qwen36_27b_local,full,0.2,,3,1.0,1.0,0.06357915517464338,0.09997886736721255,5,0
qt,FN,18f7e6dc9f59159b70cb7e6a8745738f42d4f46f,llm_kernelshap,qwen36_27b_local,full,0.2,,4,1.0,1.0,0.06357915517464337,0.09997886736721254,5,0
qt,FN,18f7e6dc9f59159b70cb7e6a8745738f42d4f46f,llm_kernelshap,qwen36_27b_local,full,0.2,,5,0.8,0.8,0.05032454807465871,0.08672426026722788,5,0
qt,TP,d31304eab9e7424edc20fb83a8a19cd979458029,llm_kernelshap,qwen36_27b_local,full,0.2,,1,0.4,0.4,-0.05000038000036773,0.05864633525916277,5,0
qt,TP,d31304eab9e7424edc20fb83a8a19cd979458029,llm_kernelshap,qwen36_27b_local,full,0.2,,2,0.6,0.6,-0.03206841019624644,0.07657830506328406,5,0
qt,TP,d31304eab9e7424edc20fb83a8a19cd979458029,llm_kernelshap,qwen36_27b_local,full,0.2,,3,0.4,0.6,-0.03632160807026246,0.07232510718926805,5,0
qt,TP,d31304eab9e7424edc20fb83a8a19cd979458029,llm_kernelshap,qwen36_27b_local,full,0.2,,4,0.8,0.8,-0.01308980534917405,0.09024345907547701,5,0
qt,TP,d31304eab9e7424edc20fb83a8a19cd979458029,llm_kernelshap,qwen36_27b_local,full,0.2,,5,0.6,0.6,-0.03206841019624644,0.07657830506328406,5,0
qt,TN,bd79c331f14e6cfab9e0b5815404c8194526e8f1,llm_kernelshap,qwen36_27b_local,full,0.2,,1,0.4,0.4,-0.003871715797796793,0.032598892523217925,5,0
qt,TN,bd79c331f14e6cfab9e0b5815404c8194526e8f1,llm_kernelshap,qwen36_27b_local,full,0.2,,2,0.8,0.6,-0.02273778478973416,0.04973693623216755,5,0
qt,TN,bd79c331f14e6cfab9e0b5815404c8194526e8f1,llm_kernelshap,qwen36_27b_local,full,0.2,,3,0.6,0.6,-0.010709209633864791,0.039019740173391604,5,0
qt,TN,bd79c331f14e6cfab9e0b5815404c8194526e8f1,llm_kernelshap,qwen36_27b_local,full,0.2,,4,0.4,0.4,-0.003871715797796793,0.032598892523217925,5,0
qt,TN,bd79c331f14e6cfab9e0b5815404c8194526e8f1,llm_kernelshap,qwen36_27b_local,full,0.2,,5,0.6,0.6,-0.010709209633864836,0.039019740173391604,5,0
qt,TN,67ee72f3145fd14b36af408918ed3420504d3035,llm_kernelshap,qwen36_27b_local,full,0.2,,1,1.0,0.4,0.0007350257331318888,0.03375549117293122,5,0
qt,TN,67ee72f3145fd14b36af408918ed3420504d3035,llm_kernelshap,qwen36_27b_local,full,0.2,,2,1.0,0.4,-0.0461168687707072,0.053775201415505916,5,0
qt,TN,67ee72f3145fd14b36af408918ed3420504d3035,llm_kernelshap,qwen36_27b_local,full,0.2,,3,0.8,0.6,-0.05700630987161237,0.05700630987161237,5,0
qt,TN,67ee72f3145fd14b36af408918ed3420504d3035,llm_kernelshap,qwen36_27b_local,full,0.2,,4,1.0,0.4,-0.04611686877070713,0.05377520141550585,5,0
qt,TN,67ee72f3145fd14b36af408918ed3420504d3035,llm_kernelshap,qwen36_27b_local,full,0.2,,5,1.0,0.4,-0.02206691095405151,0.05655742786011462,5,0
qt,FN,67ced4791ddabebfa19a2f101aa292b5eba60b90,llm_kernelshap,qwen36_27b_local,full,0.2,,1,0.4,0.4,0.03616338548963911,0.03616338548963911,5,0
qt,FN,67ced4791ddabebfa19a2f101aa292b5eba60b90,llm_kernelshap,qwen36_27b_local,full,0.2,,2,0.6,0.4,0.029128259194733986,0.04091542854904171,5,0
qt,FN,67ced4791ddabebfa19a2f101aa292b5eba60b90,llm_kernelshap,qwen36_27b_local,full,0.2,,3,0.6,0.4,0.029128259194733986,0.04091542854904175,5,0
qt,FN,67ced4791ddabebfa19a2f101aa292b5eba60b90,llm_kernelshap,qwen36_27b_local,full,0.2,,4,0.8,0.6,0.04677499316252063,0.05856216251682835,5,0
qt,FN,67ced4791ddabebfa19a2f101aa292b5eba60b90,llm_kernelshap,qwen36_27b_local,full,0.2,,5,0.6,0.6,0.01743232916501134,0.051124570089353207,5,0
qt,FP,86d91d2bf8e7ac7a75f88f0e4886140abc06fd4c,llm_kernelshap,qwen36_27b_local,full,0.2,,1,0.8,0.6,-0.13576338668004367,0.1460254354156218,5,0
qt,FP,86d91d2bf8e7ac7a75f88f0e4886140abc06fd4c,llm_kernelshap,qwen36_27b_local,full,0.2,,2,0.8,0.6,-0.13576338668004367,0.1460254354156218,5,0
qt,FP,86d91d2bf8e7ac7a75f88f0e4886140abc06fd4c,llm_kernelshap,qwen36_27b_local,full,0.2,,3,0.8,0.6,-0.13576338668004367,0.1460254354156218,5,0
qt,FP,86d91d2bf8e7ac7a75f88f0e4886140abc06fd4c,llm_kernelshap,qwen36_27b_local,full,0.2,,4,0.8,0.6,-0.13576338668004367,0.1460254354156218,5,0
qt,FP,86d91d2bf8e7ac7a75f88f0e4886140abc06fd4c,llm_kernelshap,qwen36_27b_local,full,0.2,,5,1.0,0.6,-0.09692370969036665,0.16885743011265403,5,0
qt,TN,121cdbdd30de1bee58e349859409dd08865c17f5,llm_kernelshap,qwen36_27b_local,full,0.2,,1,0.6,0.2,0.00886401970836186,0.01900547246097566,5,0
qt,TN,121cdbdd30de1bee58e349859409dd08865c17f5,llm_kernelshap,qwen36_27b_local,full,0.2,,2,0.8,0.4,0.002421848017823236,0.025447644151514105,5,0
qt,TN,121cdbdd30de1bee58e349859409dd08865c17f5,llm_kernelshap,qwen36_27b_local,full,0.2,,3,0.8,0.4,0.0024218480178232584,0.02544764415151417,5,0
qt,TN,121cdbdd30de1bee58e349859409dd08865c17f5,llm_kernelshap,qwen36_27b_local,full,0.2,,4,0.8,0.4,0.002421848017823125,0.025447644151514126,5,0
qt,TN,121cdbdd30de1bee58e349859409dd08865c17f5,llm_kernelshap,qwen36_27b_local,full,0.2,,5,0.6,0.4,0.001663922359521619,0.021679734241874905,5,0
qt,TP,9bd30943bae136d28d42b9a9188a8586c963d461,llm_kernelshap,qwen36_27b_local,full,0.2,,1,0.6,0.4,-0.047078026205944576,0.056093759970926506,5,0
qt,TP,9bd30943bae136d28d42b9a9188a8586c963d461,llm_kernelshap,qwen36_27b_local,full,0.2,,2,0.6,0.4,-0.047078026205944576,0.056093759970926506,5,0
qt,TP,9bd30943bae136d28d42b9a9188a8586c963d461,llm_kernelshap,qwen36_27b_local,full,0.2,,3,0.6,0.4,-0.047078026205944555,0.056093759970926485,5,0
qt,TP,9bd30943bae136d28d42b9a9188a8586c963d461,llm_kernelshap,qwen36_27b_local,full,0.2,,4,0.6,0.4,-0.038470845197501734,0.05790844331367134,5,0
qt,TP,9bd30943bae136d28d42b9a9188a8586c963d461,llm_kernelshap,qwen36_27b_local,full,0.2,,5,0.6,0.4,-0.024117893854493942,0.06497518130388676,5,0
qt,FN,ac48071b185d17022d48c6379a2549ac2736cb8c,llm_kernelshap,qwen36_27b_local,full,0.2,,1,0.8,0.6,-0.05739347723742492,0.058708118977177134,5,0
qt,FN,ac48071b185d17022d48c6379a2549ac2736cb8c,llm_kernelshap,qwen36_27b_local,full,0.2,,2,0.8,0.8,-0.07178141127786013,0.07178141127786013,5,0
qt,FN,ac48071b185d17022d48c6379a2549ac2736cb8c,llm_kernelshap,qwen36_27b_local,full,0.2,,3,1.0,0.8,-0.07178141127786011,0.07178141127786011,5,0
qt,FN,ac48071b185d17022d48c6379a2549ac2736cb8c,llm_kernelshap,qwen36_27b_local,full,0.2,,4,1.0,0.8,-0.06054347449069675,0.06054347449069675,5,0
qt,FN,ac48071b185d17022d48c6379a2549ac2736cb8c,llm_kernelshap,qwen36_27b_local,full,0.2,,5,0.8,0.8,-0.0736930798647892,0.0736930798647892,5,0
qt,TN,fc2f0fb39008f95133f6fd24662fe92195431808,llm_kernelshap,qwen36_27b_local,full,0.2,,1,0.6,0.4,-0.03957051820384165,0.05046662209994557,5,0
qt,TN,fc2f0fb39008f95133f6fd24662fe92195431808,llm_kernelshap,qwen36_27b_local,full,0.2,,2,0.8,0.6,-0.05250122321311803,0.05250122321311803,5,0
qt,TN,fc2f0fb39008f95133f6fd24662fe92195431808,llm_kernelshap,qwen36_27b_local,full,0.2,,3,0.6,0.4,-0.046095553595379465,0.046095553595379465,5,0
qt,TN,fc2f0fb39008f95133f6fd24662fe92195431808,llm_kernelshap,qwen36_27b_local,full,0.2,,4,0.6,0.4,-0.046095553595379465,0.046095553595379465,5,0
qt,TN,fc2f0fb39008f95133f6fd24662fe92195431808,llm_kernelshap,qwen36_27b_local,full,0.2,,5,0.6,0.4,-0.03957051820384165,0.05046662209994557,5,0
qt,FP,41ae544c40e0568bd627a992a23b8c8f8f5cc27d,llm_kernelshap,qwen36_27b_local,full,0.2,,1,1.0,1.0,-0.14216299683055475,0.15699279084606305,5,0
qt,FP,41ae544c40e0568bd627a992a23b8c8f8f5cc27d,llm_kernelshap,qwen36_27b_local,full,0.2,,2,1.0,1.0,-0.17535143431412004,0.17535143431412004,5,0
qt,FP,41ae544c40e0568bd627a992a23b8c8f8f5cc27d,llm_kernelshap,qwen36_27b_local,full,0.2,,3,0.8,1.0,-0.14216299683055475,0.15699279084606305,5,0
qt,FP,41ae544c40e0568bd627a992a23b8c8f8f5cc27d,llm_kernelshap,qwen36_27b_local,full,0.2,,4,1.0,1.0,-0.14216299683055475,0.15699279084606305,5,0
qt,FP,41ae544c40e0568bd627a992a23b8c8f8f5cc27d,llm_kernelshap,qwen36_27b_local,full,0.2,,5,1.0,1.0,-0.17535143431412004,0.17535143431412004,5,0
qt,FN,895cb4681ee78caaf9b99c88390a74ff1d79ae61,llm_kernelshap,qwen36_27b_local,full,0.2,,1,1.0,0.8,0.005775965045050691,0.0942406628791859,5,0
qt,FN,895cb4681ee78caaf9b99c88390a74ff1d79ae61,llm_kernelshap,qwen36_27b_local,full,0.2,,2,1.0,1.0,0.007499830119556639,0.09251679780467995,5,0
qt,FN,895cb4681ee78caaf9b99c88390a74ff1d79ae61,llm_kernelshap,qwen36_27b_local,full,0.2,,3,1.0,1.0,-0.0021663499228945283,0.10218297784713111,5,0
qt,FN,895cb4681ee78caaf9b99c88390a74ff1d79ae61,llm_kernelshap,qwen36_27b_local,full,0.2,,4,1.0,0.8,0.02327426034066975,0.07674236758356683,5,0
qt,FN,895cb4681ee78caaf9b99c88390a74ff1d79ae61,llm_kernelshap,qwen36_27b_local,full,0.2,,5,1.0,0.8,0.015442145087501857,0.08457448283673472,5,0
qt,TP,dfda6f14b3e210a33b71ef1c6fa3c75a9c866cce,llm_kernelshap,qwen36_27b_local,full,0.2,,1,1.0,0.6,-0.051462638958829264,0.06094006871657681,5,0
qt,TP,dfda6f14b3e210a33b71ef1c6fa3c75a9c866cce,llm_kernelshap,qwen36_27b_local,full,0.2,,2,1.0,0.6,-0.05146263895882924,0.06094006871657679,5,0
qt,TP,dfda6f14b3e210a33b71ef1c6fa3c75a9c866cce,llm_kernelshap,qwen36_27b_local,full,0.2,,3,1.0,0.6,-0.05146263895882924,0.06094006871657683,5,0
qt,TP,dfda6f14b3e210a33b71ef1c6fa3c75a9c866cce,llm_kernelshap,qwen36_27b_local,full,0.2,,4,1.0,0.6,-0.051462638958829264,0.06094006871657683,5,0
qt,TP,dfda6f14b3e210a33b71ef1c6fa3c75a9c866cce,llm_kernelshap,qwen36_27b_local,full,0.2,,5,1.0,0.6,-0.05146263895882928,0.0609400687165768,5,0
qt,TN,9b3d91237bf38492fd97457624d4cb5cd486bd56,llm_kernelshap,qwen36_27b_local,full,0.2,,1,0.8,0.6,-0.04515006260461467,0.04706954499007883,5,0
qt,TN,9b3d91237bf38492fd97457624d4cb5cd486bd56,llm_kernelshap,qwen36_27b_local,full,0.2,,2,0.8,0.6,-0.048454388090067524,0.050373870475531636,5,0
qt,TN,9b3d91237bf38492fd97457624d4cb5cd486bd56,llm_kernelshap,qwen36_27b_local,full,0.2,,3,0.8,0.8,-0.050515376349481375,0.05243485873494549,5,0
qt,TN,9b3d91237bf38492fd97457624d4cb5cd486bd56,llm_kernelshap,qwen36_27b_local,full,0.2,,4,0.8,0.4,-0.028210356450276676,0.03012983883574083,5,0
qt,TN,9b3d91237bf38492fd97457624d4cb5cd486bd56,llm_kernelshap,qwen36_27b_local,full,0.2,,5,0.6,0.4,-0.0302753532533377,0.04205978279560467,5,0
qt,TN,2831fa76655c614ed3df0816401514950e79b5e6,llm_kernelshap,qwen36_27b_local,full,0.2,,1,0.6,0.0,-1.752171199607133e-05,0.01292207416717157,5,0
qt,TN,2831fa76655c614ed3df0816401514950e79b5e6,llm_kernelshap,qwen36_27b_local,full,0.2,,2,0.6,0.0,-1.752171199600472e-05,0.01292207416717155,5,0
qt,TN,2831fa76655c614ed3df0816401514950e79b5e6,llm_kernelshap,qwen36_27b_local,full,0.2,,3,0.6,0.2,-0.01121343604440117,0.024117988499576627,5,0
qt,TN,2831fa76655c614ed3df0816401514950e79b5e6,llm_kernelshap,qwen36_27b_local,full,0.2,,4,0.6,0.2,-0.013013334583132119,0.024942499260818974,5,0
qt,TN,2831fa76655c614ed3df0816401514950e79b5e6,llm_kernelshap,qwen36_27b_local,full,0.2,,5,0.6,0.2,-0.013013334583132096,0.02494249926081895,5,0
qt,FN,d8782b0cc680f09d605133bd37a44d290894c01e,llm_kernelshap,qwen36_27b_local,full,0.2,,1,0.8,0.6,-0.0355636259134728,0.0355636259134728,5,0
qt,FN,d8782b0cc680f09d605133bd37a44d290894c01e,llm_kernelshap,qwen36_27b_local,full,0.2,,2,1.0,0.8,-0.04796944074420031,0.04796944074420031,5,0
qt,FN,d8782b0cc680f09d605133bd37a44d290894c01e,llm_kernelshap,qwen36_27b_local,full,0.2,,3,0.8,0.6,-0.038463074038130055,0.038463074038130055,5,0
qt,FN,d8782b0cc680f09d605133bd37a44d290894c01e,llm_kernelshap,qwen36_27b_local,full,0.2,,4,1.0,0.8,-0.04796944074420031,0.04796944074420031,5,0
qt,FN,d8782b0cc680f09d605133bd37a44d290894c01e,llm_kernelshap,qwen36_27b_local,full,0.2,,5,0.6,0.6,-0.0294212396289635,0.037273101231629614,5,0
qt,TP,5dd76ba31c3c7cb9c0d9d97cd62f0d2f535a23f7,llm_kernelshap,qwen36_27b_local,full,0.2,,1,0.8,0.8,-0.09616171507408551,0.10284768862434482,5,0
qt,TP,5dd76ba31c3c7cb9c0d9d97cd62f0d2f535a23f7,llm_kernelshap,qwen36_27b_local,full,0.2,,2,0.8,0.8,-0.09616171507408551,0.10284768862434482,5,0
qt,TP,5dd76ba31c3c7cb9c0d9d97cd62f0d2f535a23f7,llm_kernelshap,qwen36_27b_local,full,0.2,,3,0.8,0.8,-0.09616171507408552,0.10284768862434482,5,0
qt,TP,5dd76ba31c3c7cb9c0d9d97cd62f0d2f535a23f7,llm_kernelshap,qwen36_27b_local,full,0.2,,4,0.8,0.8,-0.09616171507408552,0.10284768862434479,5,0
qt,TP,5dd76ba31c3c7cb9c0d9d97cd62f0d2f535a23f7,llm_kernelshap,qwen36_27b_local,full,0.2,,5,0.8,0.8,-0.09616171507408551,0.10284768862434482,5,0
qt,FP,237c867a002c8035aac7ff8a870da717eb7b0878,llm_kernelshap,qwen36_27b_local,full,0.2,,1,1.0,0.8,-0.10052379743211234,0.10052379743211234,5,0
qt,FP,237c867a002c8035aac7ff8a870da717eb7b0878,llm_kernelshap,qwen36_27b_local,full,0.2,,2,1.0,0.8,-0.10052379743211234,0.10052379743211234,5,0
qt,FP,237c867a002c8035aac7ff8a870da717eb7b0878,llm_kernelshap,qwen36_27b_local,full,0.2,,3,1.0,0.8,-0.09584342251481207,0.09584342251481207,5,0
qt,FP,237c867a002c8035aac7ff8a870da717eb7b0878,llm_kernelshap,qwen36_27b_local,full,0.2,,4,1.0,0.8,-0.09584342251481207,0.09584342251481207,5,0
qt,FP,237c867a002c8035aac7ff8a870da717eb7b0878,llm_kernelshap,qwen36_27b_local,full,0.2,,5,1.0,0.8,-0.10052379743211232,0.10052379743211232,5,0
qt,TN,f3ca13f3d12f52c60f4cd41d0b336c24a8d3359d,llm_kernelshap,qwen36_27b_local,full,0.2,,1,1.0,0.8,-0.0545208852772721,0.06593387568677911,5,0
qt,TN,f3ca13f3d12f52c60f4cd41d0b336c24a8d3359d,llm_kernelshap,qwen36_27b_local,full,0.2,,2,0.8,0.6,-0.046870415765666903,0.046870415765666903,5,0
qt,TN,f3ca13f3d12f52c60f4cd41d0b336c24a8d3359d,llm_kernelshap,qwen36_27b_local,full,0.2,,3,1.0,0.8,-0.05963972149086925,0.06081503947318201,5,0
qt,TN,f3ca13f3d12f52c60f4cd41d0b336c24a8d3359d,llm_kernelshap,qwen36_27b_local,full,0.2,,4,0.6,0.8,-0.03553006099370091,0.056128041467013376,5,0
qt,TN,f3ca13f3d12f52c60f4cd41d0b336c24a8d3359d,llm_kernelshap,qwen36_27b_local,full,0.2,,5,1.0,0.8,-0.05963972149086923,0.06081503947318194,5,0
qt,TP,267edbec198a0cedbf7bed4c3c5fa93c1dbc86bd,llm_kernelshap,qwen36_27b_local,full,0.2,,1,0.8,0.8,-0.045199697092675954,0.07821568186715247,5,0
qt,TP,267edbec198a0cedbf7bed4c3c5fa93c1dbc86bd,llm_kernelshap,qwen36_27b_local,full,0.2,,2,0.8,0.8,-0.019602339688175645,0.0840211110318253,5,0
qt,TP,267edbec198a0cedbf7bed4c3c5fa93c1dbc86bd,llm_kernelshap,qwen36_27b_local,full,0.2,,3,0.8,0.8,-0.04519969709267595,0.07821568186715246,5,0
qt,TP,267edbec198a0cedbf7bed4c3c5fa93c1dbc86bd,llm_kernelshap,qwen36_27b_local,full,0.2,,4,0.8,0.8,-0.01960233968817566,0.08402111103182532,5,0
qt,TP,267edbec198a0cedbf7bed4c3c5fa93c1dbc86bd,llm_kernelshap,qwen36_27b_local,full,0.2,,5,0.8,0.8,-0.04519969709267595,0.07821568186715246,5,0
qt,TN,e3b7957d6552e88aa23bd0ecc474db5f14981707,llm_kernelshap,qwen36_27b_local,full,0.2,,1,0.8,0.6,-0.02588142089659897,0.03255199955660408,5,0
qt,TN,e3b7957d6552e88aa23bd0ecc474db5f14981707,llm_kernelshap,qwen36_27b_local,full,0.2,,2,0.6,0.4,-0.017035290712209307,0.02533850115273084,5,0
qt,TN,e3b7957d6552e88aa23bd0ecc474db5f14981707,llm_kernelshap,qwen36_27b_local,full,0.2,,3,0.8,0.6,-0.024298627726461276,0.028849324194788827,5,0
qt,TN,e3b7957d6552e88aa23bd0ecc474db5f14981707,llm_kernelshap,qwen36_27b_local,full,0.2,,4,0.8,0.6,-0.02429862772646123,0.028849324194788785,5,0
qt,TN,e3b7957d6552e88aa23bd0ecc474db5f14981707,llm_kernelshap,qwen36_27b_local,full,0.2,,5,0.8,0.6,-0.029095698172268713,0.029337722280934297,5,0
qt,FP,571b11d41c9dadd5ef11e4e954c16c5ca39d718e,llm_kernelshap,qwen36_27b_local,full,0.2,,1,1.0,1.0,-0.09687606810078096,0.09687606810078096,5,0
qt,FP,571b11d41c9dadd5ef11e4e954c16c5ca39d718e,llm_kernelshap,qwen36_27b_local,full,0.2,,2,0.8,0.8,-0.08190415650250889,0.08315809742793345,5,0
qt,FP,571b11d41c9dadd5ef11e4e954c16c5ca39d718e,llm_kernelshap,qwen36_27b_local,full,0.2,,3,0.8,0.8,-0.08370287301684748,0.08370287301684748,5,0
qt,FP,571b11d41c9dadd5ef11e4e954c16c5ca39d718e,llm_kernelshap,qwen36_27b_local,full,0.2,,4,1.0,1.0,-0.09687606810078095,0.09687606810078095,5,0
qt,FP,571b11d41c9dadd5ef11e4e954c16c5ca39d718e,llm_kernelshap,qwen36_27b_local,full,0.2,,5,0.8,0.8,-0.08370287301684745,0.08370287301684745,5,0
qt,FN,8cf186cc7c56144b02d5b40d8f4832ff3021e68a,llm_kernelshap,qwen36_27b_local,full,0.2,,1,1.0,1.0,-0.05724588652579195,0.05724588652579195,5,0
qt,FN,8cf186cc7c56144b02d5b40d8f4832ff3021e68a,llm_kernelshap,qwen36_27b_local,full,0.2,,2,1.0,0.8,-0.07389801415120748,0.07389801415120748,5,0
qt,FN,8cf186cc7c56144b02d5b40d8f4832ff3021e68a,llm_kernelshap,qwen36_27b_local,full,0.2,,3,0.8,0.8,-0.0695176191774322,0.07139224899312582,5,0
qt,FN,8cf186cc7c56144b02d5b40d8f4832ff3021e68a,llm_kernelshap,qwen36_27b_local,full,0.2,,4,0.8,0.8,-0.0695176191774322,0.07139224899312582,5,0
qt,FN,8cf186cc7c56144b02d5b40d8f4832ff3021e68a,llm_kernelshap,qwen36_27b_local,full,0.2,,5,1.0,1.0,-0.08455424761108132,0.08455424761108132,5,0
qt,FP,02b7ec05d5713aec67577cebc18e5906b5a98598,llm_kernelshap,qwen36_27b_local,full,0.2,,1,1.0,0.8,-0.047020463650293,0.0888862412794977,5,0
qt,FP,02b7ec05d5713aec67577cebc18e5906b5a98598,llm_kernelshap,qwen36_27b_local,full,0.2,,2,1.0,0.8,-0.047020463650293005,0.08888624127949768,5,0
qt,FP,02b7ec05d5713aec67577cebc18e5906b5a98598,llm_kernelshap,qwen36_27b_local,full,0.2,,3,1.0,0.8,-0.05906494087648374,0.07684176405330694,5,0
qt,FP,02b7ec05d5713aec67577cebc18e5906b5a98598,llm_kernelshap,qwen36_27b_local,full,0.2,,4,1.0,0.8,-0.10031690820739841,0.10031690820739841,5,0
qt,FP,02b7ec05d5713aec67577cebc18e5906b5a98598,llm_kernelshap,qwen36_27b_local,full,0.2,,5,1.0,0.8,-0.08378707826290682,0.08378707826290682,5,0
qt,TN,88a8deea86fe69448ca1586c2ee567a53dee1008,llm_kernelshap,qwen36_27b_local,full,0.2,,1,0.8,0.4,-0.04760446282732169,0.04760446282732169,5,0
qt,TN,88a8deea86fe69448ca1586c2ee567a53dee1008,llm_kernelshap,qwen36_27b_local,full,0.2,,2,0.6,0.2,-0.03540172208359367,0.03540172208359367,5,0
qt,TN,88a8deea86fe69448ca1586c2ee567a53dee1008,llm_kernelshap,qwen36_27b_local,full,0.2,,3,0.8,0.4,-0.04760446282732169,0.04760446282732169,5,0
qt,TN,88a8deea86fe69448ca1586c2ee567a53dee1008,llm_kernelshap,qwen36_27b_local,full,0.2,,4,0.8,0.4,-0.04760446282732167,0.04760446282732167,5,0
qt,TN,88a8deea86fe69448ca1586c2ee567a53dee1008,llm_kernelshap,qwen36_27b_local,full,0.2,,5,0.8,0.4,-0.04760446282732169,0.04760446282732169,5,0
qt,FP,1af927976ac953f922e35d71a16a32d328bb2efd,llm_kernelshap,qwen36_27b_local,full,0.2,,1,0.8,0.4,-0.03907604182220633,0.04090216569833022,5,0
qt,FP,1af927976ac953f922e35d71a16a32d328bb2efd,llm_kernelshap,qwen36_27b_local,full,0.2,,2,0.8,0.4,-0.03907604182220633,0.04090216569833022,5,0
qt,FP,1af927976ac953f922e35d71a16a32d328bb2efd,llm_kernelshap,qwen36_27b_local,full,0.2,,3,0.8,0.2,-0.037081527849760945,0.038907651725884826,5,0
qt,FP,1af927976ac953f922e35d71a16a32d328bb2efd,llm_kernelshap,qwen36_27b_local,full,0.2,,4,0.8,0.4,-0.03854369227951846,0.04036981615564232,5,0
qt,FP,1af927976ac953f922e35d71a16a32d328bb2efd,llm_kernelshap,qwen36_27b_local,full,0.2,,5,0.8,0.2,-0.01815177031259648,0.01997789418872037,5,0
qt,FN,eaa54a8f9884652513c7c3ab489f31ff1e5d712c,llm_kernelshap,qwen36_27b_local,full,0.2,,1,0.4,0.2,0.015474143444698552,0.03513541236865079,5,0
qt,FN,eaa54a8f9884652513c7c3ab489f31ff1e5d712c,llm_kernelshap,qwen36_27b_local,full,0.2,,2,0.4,0.2,0.013032867427968187,0.03269413635192038,5,0
qt,FN,eaa54a8f9884652513c7c3ab489f31ff1e5d712c,llm_kernelshap,qwen36_27b_local,full,0.2,,3,0.4,0.2,0.013032867427968164,0.0326941363519204,5,0
qt,FN,eaa54a8f9884652513c7c3ab489f31ff1e5d712c,llm_kernelshap,qwen36_27b_local,full,0.2,,4,0.4,0.2,0.013032867427968164,0.03269413635192035,5,0
qt,FN,eaa54a8f9884652513c7c3ab489f31ff1e5d712c,llm_kernelshap,qwen36_27b_local,full,0.2,,5,0.4,0.2,0.013032867427968142,0.03269413635192038,5,0
qt,TP,9d23aebb271ea534a66cb3aceb2e63d9a1c870d6,llm_kernelshap,qwen36_27b_local,full,0.2,,1,1.0,1.0,-0.2564140278833881,0.2564140278833881,5,0
qt,TP,9d23aebb271ea534a66cb3aceb2e63d9a1c870d6,llm_kernelshap,qwen36_27b_local,full,0.2,,2,1.0,1.0,-0.25641402788338813,0.25641402788338813,5,0
qt,TP,9d23aebb271ea534a66cb3aceb2e63d9a1c870d6,llm_kernelshap,qwen36_27b_local,full,0.2,,3,1.0,1.0,-0.22299965535115843,0.22299965535115843,5,0
qt,TP,9d23aebb271ea534a66cb3aceb2e63d9a1c870d6,llm_kernelshap,qwen36_27b_local,full,0.2,,4,1.0,1.0,-0.25641402788338813,0.25641402788338813,5,0
qt,TP,9d23aebb271ea534a66cb3aceb2e63d9a1c870d6,llm_kernelshap,qwen36_27b_local,full,0.2,,5,1.0,1.0,-0.25641402788338813,0.25641402788338813,5,0
qt,FN,4e3917587b11432d2d892f5146b367de2a3e4864,llm_kernelshap,qwen36_27b_local,full,0.2,,1,0.6,0.6,-0.07174394510652493,0.07554732848422789,5,0
qt,FN,4e3917587b11432d2d892f5146b367de2a3e4864,llm_kernelshap,qwen36_27b_local,full,0.2,,2,1.0,0.6,-0.0759176449797129,0.0759176449797129,5,0
qt,FN,4e3917587b11432d2d892f5146b367de2a3e4864,llm_kernelshap,qwen36_27b_local,full,0.2,,3,0.6,0.4,-0.056259613470767356,0.060062996848470315,5,0
qt,FN,4e3917587b11432d2d892f5146b367de2a3e4864,llm_kernelshap,qwen36_27b_local,full,0.2,,4,0.8,0.8,-0.08284685441927753,0.08665023779698058,5,0
qt,FN,4e3917587b11432d2d892f5146b367de2a3e4864,llm_kernelshap,qwen36_27b_local,full,0.2,,5,0.8,0.6,-0.07302290003189607,0.07682628340959911,5,0
qt,TN,bcf1167ccb52341d72e6e2921077d2244803ee8d,llm_kernelshap,qwen36_27b_local,full,0.2,,1,1.0,0.6,0.01770222245907398,0.05925173109858699,5,0
qt,TN,bcf1167ccb52341d72e6e2921077d2244803ee8d,llm_kernelshap,qwen36_27b_local,full,0.2,,2,0.8,0.4,-0.015088882767745337,0.02754657050357685,5,0
qt,TN,bcf1167ccb52341d72e6e2921077d2244803ee8d,llm_kernelshap,qwen36_27b_local,full,0.2,,3,1.0,0.6,0.017702222459074,0.05925173109858706,5,0
qt,TN,bcf1167ccb52341d72e6e2921077d2244803ee8d,llm_kernelshap,qwen36_27b_local,full,0.2,,4,1.0,0.4,-0.01508888276774536,0.027546570503576784,5,0
qt,TN,bcf1167ccb52341d72e6e2921077d2244803ee8d,llm_kernelshap,qwen36_27b_local,full,0.2,,5,1.0,0.6,0.013431665039158002,0.05606711831048019,5,0
qt,TN,3e379bcc799edb6a78bc8cea093a278dbe32f33c,llm_kernelshap,qwen36_27b_local,full,0.2,,1,0.8,0.6,-0.04787540212061547,0.051398559845243705,5,0
qt,TN,3e379bcc799edb6a78bc8cea093a278dbe32f33c,llm_kernelshap,qwen36_27b_local,full,0.2,,2,0.8,0.6,-0.051630737376276034,0.051630737376276034,5,0
qt,TN,3e379bcc799edb6a78bc8cea093a278dbe32f33c,llm_kernelshap,qwen36_27b_local,full,0.2,,3,0.8,0.6,-0.04787540212061543,0.05139855984524366,5,0
qt,TN,3e379bcc799edb6a78bc8cea093a278dbe32f33c,llm_kernelshap,qwen36_27b_local,full,0.2,,4,0.8,0.6,-0.04787540212061543,0.05139855984524366,5,0
qt,TN,3e379bcc799edb6a78bc8cea093a278dbe32f33c,llm_kernelshap,qwen36_27b_local,full,0.2,,5,0.8,0.6,-0.05163073737627606,0.05163073737627606,5,0
qt,TN,4ebc2cf74e557b65a8ce1dc518ca92f399ce89e8,llm_kernelshap,qwen36_27b_local,full,0.2,,1,0.6,0.8,0.02567136231877898,0.04253002581412892,5,0
qt,TN,4ebc2cf74e557b65a8ce1dc518ca92f399ce89e8,llm_kernelshap,qwen36_27b_local,full,0.2,,2,0.6,0.8,0.025671362318779,0.042530025814128944,5,0
qt,TN,4ebc2cf74e557b65a8ce1dc518ca92f399ce89e8,llm_kernelshap,qwen36_27b_local,full,0.2,,3,0.6,0.8,0.025671362318779024,0.04253002581412897,5,0
qt,TN,4ebc2cf74e557b65a8ce1dc518ca92f399ce89e8,llm_kernelshap,qwen36_27b_local,full,0.2,,4,0.8,0.8,0.01936018888437039,0.047472259699473864,5,0
qt,TN,4ebc2cf74e557b65a8ce1dc518ca92f399ce89e8,llm_kernelshap,qwen36_27b_local,full,0.2,,5,0.6,0.8,0.025671362318779024,0.04253002581412897,5,0
qt,FN,7e298e2f2ceeee1a2d1a81238ca019d9a0c9519f,llm_kernelshap,qwen36_27b_local,full,0.2,,1,1.0,0.6,-0.019838970138178945,0.05160342563128617,5,0
qt,FN,7e298e2f2ceeee1a2d1a81238ca019d9a0c9519f,llm_kernelshap,qwen36_27b_local,full,0.2,,2,0.8,0.4,0.004749928744890641,0.027014526748216538,5,0
qt,FN,7e298e2f2ceeee1a2d1a81238ca019d9a0c9519f,llm_kernelshap,qwen36_27b_local,full,0.2,,3,1.0,0.6,-0.019838970138178924,0.05160342563128619,5,0
qt,FN,7e298e2f2ceeee1a2d1a81238ca019d9a0c9519f,llm_kernelshap,qwen36_27b_local,full,0.2,,4,1.0,0.6,-0.01983897013817899,0.05160342563128613,5,0
qt,FN,7e298e2f2ceeee1a2d1a81238ca019d9a0c9519f,llm_kernelshap,qwen36_27b_local,full,0.2,,5,1.0,0.6,-0.01983897013817899,0.05160342563128608,5,0
qt,FN,93dabeba9dc5f6cbab60e65b3cc8df5fe48745a9,llm_kernelshap,qwen36_27b_local,full,0.2,,1,1.0,0.6,0.049207980093767256,0.05761325020475616,5,0
qt,FN,93dabeba9dc5f6cbab60e65b3cc8df5fe48745a9,llm_kernelshap,qwen36_27b_local,full,0.2,,2,1.0,0.6,0.049207980093767235,0.05761325020475618,5,0
qt,FN,93dabeba9dc5f6cbab60e65b3cc8df5fe48745a9,llm_kernelshap,qwen36_27b_local,full,0.2,,3,1.0,0.6,0.0492079800937673,0.0576132502047562,5,0
qt,FN,93dabeba9dc5f6cbab60e65b3cc8df5fe48745a9,llm_kernelshap,qwen36_27b_local,full,0.2,,4,0.8,0.4,0.03578792900450571,0.044193199115494665,5,0
qt,FN,93dabeba9dc5f6cbab60e65b3cc8df5fe48745a9,llm_kernelshap,qwen36_27b_local,full,0.2,,5,1.0,0.6,0.049207980093767256,0.05761325020475616,5,0
qt,TN,0234e5c96417f451f8de279b8ff92734836badd4,llm_kernelshap,qwen36_27b_local,full,0.2,,1,0.4,0.2,0.013862239144467913,0.019152438922213834,5,0
qt,TN,0234e5c96417f451f8de279b8ff92734836badd4,llm_kernelshap,qwen36_27b_local,full,0.2,,2,0.2,0.2,0.01386223914446787,0.019152438922213876,5,0
qt,TN,0234e5c96417f451f8de279b8ff92734836badd4,llm_kernelshap,qwen36_27b_local,full,0.2,,3,0.6,0.2,0.008954222280917978,0.020292520018955162,5,0
qt,TN,0234e5c96417f451f8de279b8ff92734836badd4,llm_kernelshap,qwen36_27b_local,full,0.2,,4,0.6,0.4,0.019211961392006715,0.02856398953199122,5,0
qt,TN,0234e5c96417f451f8de279b8ff92734836badd4,llm_kernelshap,qwen36_27b_local,full,0.2,,5,0.4,0.2,0.008502707903463792,0.019841005641500885,5,0
qt,FP,eb93d7b51773b43e6a3e41961898a6033bcd9479,llm_kernelshap,qwen36_27b_local,full,0.2,,1,0.8,0.6,-0.05755640487501231,0.07098677038890275,5,0
qt,FP,eb93d7b51773b43e6a3e41961898a6033bcd9479,llm_kernelshap,qwen36_27b_local,full,0.2,,2,0.6,0.6,-0.058006837657568956,0.0705363376063461,5,0
qt,FP,eb93d7b51773b43e6a3e41961898a6033bcd9479,llm_kernelshap,qwen36_27b_local,full,0.2,,3,0.6,0.6,-0.05800683765756894,0.07053633760634609,5,0
qt,FP,eb93d7b51773b43e6a3e41961898a6033bcd9479,llm_kernelshap,qwen36_27b_local,full,0.2,,4,0.6,0.6,-0.05800683765756894,0.07053633760634609,5,0
qt,FP,eb93d7b51773b43e6a3e41961898a6033bcd9479,llm_kernelshap,qwen36_27b_local,full,0.2,,5,0.6,0.6,-0.058006837657568956,0.07053633760634608,5,0
qt,FN,e6d17c8691bfafa033b82a4d81a9caf4a2fd1b85,llm_kernelshap,qwen36_27b_local,full,0.2,,1,0.4,0.4,0.015426661468783198,0.04263419315278534,5,0
qt,FN,e6d17c8691bfafa033b82a4d81a9caf4a2fd1b85,llm_kernelshap,qwen36_27b_local,full,0.2,,2,0.4,0.4,0.015426661468783288,0.042634193152785424,5,0
qt,FN,e6d17c8691bfafa033b82a4d81a9caf4a2fd1b85,llm_kernelshap,qwen36_27b_local,full,0.2,,3,0.4,0.4,0.01542666146878322,0.0426341931527854,5,0
qt,FN,e6d17c8691bfafa033b82a4d81a9caf4a2fd1b85,llm_kernelshap,qwen36_27b_local,full,0.2,,4,0.4,0.4,0.015426661468783198,0.042634193152785424,5,0
qt,FN,e6d17c8691bfafa033b82a4d81a9caf4a2fd1b85,llm_kernelshap,qwen36_27b_local,full,0.2,,5,0.4,0.4,0.015426661468783243,0.04263419315278547,5,0
qt,FN,5303225aef739c534714c1ac1d4dd096f0cc38d0,llm_kernelshap,qwen36_27b_local,full,0.2,,1,1.0,0.6,0.008958342703961408,0.05955800669457774,5,0
qt,FN,5303225aef739c534714c1ac1d4dd096f0cc38d0,llm_kernelshap,qwen36_27b_local,full,0.2,,2,0.8,0.8,0.020361028010370076,0.0628668310366052,5,0
qt,FN,5303225aef739c534714c1ac1d4dd096f0cc38d0,llm_kernelshap,qwen36_27b_local,full,0.2,,3,0.8,0.8,0.0033666015212100663,0.065149747877329,5,0
qt,FN,5303225aef739c534714c1ac1d4dd096f0cc38d0,llm_kernelshap,qwen36_27b_local,full,0.2,,4,0.8,0.8,0.003366601521210022,0.065149747877329,5,0
qt,FN,5303225aef739c534714c1ac1d4dd096f0cc38d0,llm_kernelshap,qwen36_27b_local,full,0.2,,5,0.6,1.0,0.008580687557330723,0.07036383391344969,5,0
qt,FN,a69edf01cb0a2a06282dc7b89724ffa542f6546d,llm_kernelshap,qwen36_27b_local,full,0.2,,1,0.8,0.6,-0.012884292971007705,0.052959646489957456,5,0
qt,FN,a69edf01cb0a2a06282dc7b89724ffa542f6546d,llm_kernelshap,qwen36_27b_local,full,0.2,,2,0.6,0.6,-0.0072211409790350345,0.05379946509061066,5,0
qt,FN,a69edf01cb0a2a06282dc7b89724ffa542f6546d,llm_kernelshap,qwen36_27b_local,full,0.2,,3,0.6,0.6,-0.007221140979035079,0.05379946509061071,5,0
qt,FN,a69edf01cb0a2a06282dc7b89724ffa542f6546d,llm_kernelshap,qwen36_27b_local,full,0.2,,4,0.8,0.6,-0.013523284931428181,0.05232065452953698,5,0
qt,FN,a69edf01cb0a2a06282dc7b89724ffa542f6546d,llm_kernelshap,qwen36_27b_local,full,0.2,,5,0.8,0.6,-0.013523284931428181,0.05232065452953698,5,0
qt,FP,e58fdbaeb033a801ac7b5dd1f63657b36d6e1305,llm_kernelshap,qwen36_27b_local,full,0.2,,1,0.8,0.8,-0.13048057645141597,0.13048057645141597,5,0
qt,FP,e58fdbaeb033a801ac7b5dd1f63657b36d6e1305,llm_kernelshap,qwen36_27b_local,full,0.2,,2,0.8,1.0,-0.13388099218475089,0.13388099218475089,5,0
qt,FP,e58fdbaeb033a801ac7b5dd1f63657b36d6e1305,llm_kernelshap,qwen36_27b_local,full,0.2,,3,0.8,0.8,-0.15557118925716729,0.15557118925716729,5,0
qt,FP,e58fdbaeb033a801ac7b5dd1f63657b36d6e1305,llm_kernelshap,qwen36_27b_local,full,0.2,,4,0.8,0.8,-0.1555711892571673,0.1555711892571673,5,0
qt,FP,e58fdbaeb033a801ac7b5dd1f63657b36d6e1305,llm_kernelshap,qwen36_27b_local,full,0.2,,5,0.8,0.8,-0.15557118925716737,0.15557118925716737,5,0
qt,TP,d3393ce25833c0afd7f0fa6b85fd6f3bd7ad520a,llm_kernelshap,qwen36_27b_local,full,0.2,,1,1.0,0.8,-0.09609389458531384,0.09609389458531384,5,0
qt,TP,d3393ce25833c0afd7f0fa6b85fd6f3bd7ad520a,llm_kernelshap,qwen36_27b_local,full,0.2,,2,1.0,1.0,-0.10293746047320743,0.10293746047320743,5,0
qt,TP,d3393ce25833c0afd7f0fa6b85fd6f3bd7ad520a,llm_kernelshap,qwen36_27b_local,full,0.2,,3,1.0,1.0,-0.10293746047320748,0.10293746047320748,5,0
qt,TP,d3393ce25833c0afd7f0fa6b85fd6f3bd7ad520a,llm_kernelshap,qwen36_27b_local,full,0.2,,4,1.0,0.8,-0.0960938945853139,0.0960938945853139,5,0
qt,TP,d3393ce25833c0afd7f0fa6b85fd6f3bd7ad520a,llm_kernelshap,qwen36_27b_local,full,0.2,,5,0.8,0.8,-0.08992361937782126,0.08992361937782126,5,0
qt,FN,6486a4bd196ca2bf0047ae80e78eee06e5e18e18,llm_kernelshap,qwen36_27b_local,full,0.2,,1,0.8,0.8,0.0039038373906795875,0.05990128943737947,5,0
qt,FN,6486a4bd196ca2bf0047ae80e78eee06e5e18e18,llm_kernelshap,qwen36_27b_local,full,0.2,,2,0.8,0.8,0.003903837390679632,0.05990128943737951,5,0
qt,FN,6486a4bd196ca2bf0047ae80e78eee06e5e18e18,llm_kernelshap,qwen36_27b_local,full,0.2,,3,0.8,0.8,0.0039038373906796096,0.05990128943737949,5,0
qt,FN,6486a4bd196ca2bf0047ae80e78eee06e5e18e18,llm_kernelshap,qwen36_27b_local,full,0.2,,4,0.6,0.6,-0.0003502335383912536,0.05564721850830863,5,0
qt,FN,6486a4bd196ca2bf0047ae80e78eee06e5e18e18,llm_kernelshap,qwen36_27b_local,full,0.2,,5,0.8,0.8,0.0039038373906795875,0.05990128943737956,5,0
qt,FP,ddb4fb4c60987ce6e0b9e50de9a5f3a7ff0e8757,llm_kernelshap,qwen36_27b_local,full,0.2,,1,0.4,0.8,-0.021059589760918714,0.07683002475674135,5,0
qt,FP,ddb4fb4c60987ce6e0b9e50de9a5f3a7ff0e8757,llm_kernelshap,qwen36_27b_local,full,0.2,,2,0.4,0.8,-0.021059589760918714,0.07683002475674135,5,0
qt,FP,ddb4fb4c60987ce6e0b9e50de9a5f3a7ff0e8757,llm_kernelshap,qwen36_27b_local,full,0.2,,3,0.4,0.8,-0.021059589760918724,0.07683002475674133,5,0
qt,FP,ddb4fb4c60987ce6e0b9e50de9a5f3a7ff0e8757,llm_kernelshap,qwen36_27b_local,full,0.2,,4,0.4,0.8,-0.021059589760918724,0.07683002475674133,5,0
qt,FP,ddb4fb4c60987ce6e0b9e50de9a5f3a7ff0e8757,llm_kernelshap,qwen36_27b_local,full,0.2,,5,0.4,0.8,-0.021059589760918727,0.07683002475674135,5,0
qt,TP,03a1675eac4baf8c7a6e0602102bbafa3176771c,llm_kernelshap,qwen36_27b_local,full,0.2,,1,0.4,0.4,0.002083082642700118,0.04244363724510782,5,0
qt,TP,03a1675eac4baf8c7a6e0602102bbafa3176771c,llm_kernelshap,qwen36_27b_local,full,0.2,,2,0.6,0.6,-0.027302330330884278,0.06780219038384915,5,0
qt,TP,03a1675eac4baf8c7a6e0602102bbafa3176771c,llm_kernelshap,qwen36_27b_local,full,0.2,,3,0.6,0.6,-0.027302330330884278,0.06780219038384915,5,0
qt,TP,03a1675eac4baf8c7a6e0602102bbafa3176771c,llm_kernelshap,qwen36_27b_local,full,0.2,,4,0.4,0.4,0.002083082642700096,0.0424436372451078,5,0
qt,TP,03a1675eac4baf8c7a6e0602102bbafa3176771c,llm_kernelshap,qwen36_27b_local,full,0.2,,5,0.4,0.4,0.002083082642700118,0.04244363724510782,5,0
qt,FP,36997810d9fec492635152be89efaa55208e224a,llm_kernelshap,qwen36_27b_local,full,0.2,,1,1.0,0.4,-0.054321855582005356,0.054321855582005356,5,0
qt,FP,36997810d9fec492635152be89efaa55208e224a,llm_kernelshap,qwen36_27b_local,full,0.2,,2,1.0,0.4,-0.05231429682157311,0.05411550206423962,5,0
qt,FP,36997810d9fec492635152be89efaa55208e224a,llm_kernelshap,qwen36_27b_local,full,0.2,,3,1.0,0.6,-0.08829104353690762,0.08829104353690762,5,0
qt,FP,36997810d9fec492635152be89efaa55208e224a,llm_kernelshap,qwen36_27b_local,full,0.2,,4,1.0,0.4,-0.048986073854064456,0.05078727909673095,5,0
qt,FP,36997810d9fec492635152be89efaa55208e224a,llm_kernelshap,qwen36_27b_local,full,0.2,,5,1.0,0.4,-0.05432185558200538,0.05432185558200538,5,0
qt,TN,4f4ad7c262ce4723417efa14c4d3fdb875be53d0,llm_kernelshap,qwen36_27b_local,full,0.2,,1,0.8,0.8,-0.04695605971873986,0.04695605971873986,5,0
qt,TN,4f4ad7c262ce4723417efa14c4d3fdb875be53d0,llm_kernelshap,qwen36_27b_local,full,0.2,,2,0.8,0.8,-0.04695605971873986,0.04695605971873986,5,0
qt,TN,4f4ad7c262ce4723417efa14c4d3fdb875be53d0,llm_kernelshap,qwen36_27b_local,full,0.2,,3,0.4,0.4,-0.018107295782305678,0.03023947655172008,5,0
qt,TN,4f4ad7c262ce4723417efa14c4d3fdb875be53d0,llm_kernelshap,qwen36_27b_local,full,0.2,,4,0.6,0.6,-0.031980818418686496,0.041210131962285866,5,0
qt,TN,4f4ad7c262ce4723417efa14c4d3fdb875be53d0,llm_kernelshap,qwen36_27b_local,full,0.2,,5,0.4,0.4,-0.02134588653007099,0.033478067299485395,5,0
qt,TP,a50911bc0bfca1185e99ce6638fbf03cf592789d,llm_kernelshap,qwen36_27b_local,full,0.2,,1,1.0,0.8,-0.039849152277174636,0.061309567346408834,5,0
qt,TP,a50911bc0bfca1185e99ce6638fbf03cf592789d,llm_kernelshap,qwen36_27b_local,full,0.2,,2,0.8,0.6,-0.04731117674276014,0.05384754288082331,5,0
qt,TP,a50911bc0bfca1185e99ce6638fbf03cf592789d,llm_kernelshap,qwen36_27b_local,full,0.2,,3,1.0,0.8,-0.039849152277174615,0.061309567346408814,5,0
qt,TP,a50911bc0bfca1185e99ce6638fbf03cf592789d,llm_kernelshap,qwen36_27b_local,full,0.2,,4,1.0,0.8,-0.03984915227717461,0.06130956734640881,5,0
qt,TP,a50911bc0bfca1185e99ce6638fbf03cf592789d,llm_kernelshap,qwen36_27b_local,full,0.2,,5,0.8,0.8,-0.03446427914351281,0.06246106035081018,5,0
qt,TP,bb199cc8ad4111808260f6255312b08c7d81dcbc,llm_kernelshap,qwen36_27b_local,full,0.2,,1,0.6,0.6,-0.07486936501659114,0.08374897347241372,5,0
qt,TP,bb199cc8ad4111808260f6255312b08c7d81dcbc,llm_kernelshap,qwen36_27b_local,full,0.2,,2,0.8,0.6,-0.06863236414778576,0.08316000557314507,5,0
qt,TP,bb199cc8ad4111808260f6255312b08c7d81dcbc,llm_kernelshap,qwen36_27b_local,full,0.2,,3,0.8,0.6,-0.06863236414778576,0.08316000557314507,5,0
qt,TP,bb199cc8ad4111808260f6255312b08c7d81dcbc,llm_kernelshap,qwen36_27b_local,full,0.2,,4,0.8,0.6,-0.06863236414778576,0.08316000557314507,5,0
qt,TP,bb199cc8ad4111808260f6255312b08c7d81dcbc,llm_kernelshap,qwen36_27b_local,full,0.2,,5,0.8,0.6,-0.06863236414778573,0.0831600055731451,5,0
qt,FP,6a91dcba2e4fa85dc345c2d403c757ab7676e28c,llm_kernelshap,qwen36_27b_local,full,0.2,,1,0.8,0.8,-0.059783049319713885,0.06864372650655329,5,0
qt,FP,6a91dcba2e4fa85dc345c2d403c757ab7676e28c,llm_kernelshap,qwen36_27b_local,full,0.2,,2,0.8,0.8,-0.05978304931971391,0.06864372650655332,5,0
qt,FP,6a91dcba2e4fa85dc345c2d403c757ab7676e28c,llm_kernelshap,qwen36_27b_local,full,0.2,,3,0.8,0.8,-0.0597830493197139,0.06864372650655333,5,0
qt,FP,6a91dcba2e4fa85dc345c2d403c757ab7676e28c,llm_kernelshap,qwen36_27b_local,full,0.2,,4,0.8,0.8,-0.05978304931971389,0.06864372650655332,5,0
qt,FP,6a91dcba2e4fa85dc345c2d403c757ab7676e28c,llm_kernelshap,qwen36_27b_local,full,0.2,,5,0.8,0.8,-0.059783049319713906,0.06864372650655332,5,0
qt,TN,e38a98ad4453974b2848eeed02d81e0c408ce0c6,llm_kernelshap,qwen36_27b_local,full,0.2,,1,0.6,0.4,0.0020609352201352406,0.03266372326947318,5,0
qt,TN,e38a98ad4453974b2848eeed02d81e0c408ce0c6,llm_kernelshap,qwen36_27b_local,full,0.2,,2,0.8,0.4,0.0020609352201352406,0.03266372326947318,5,0
qt,TN,e38a98ad4453974b2848eeed02d81e0c408ce0c6,llm_kernelshap,qwen36_27b_local,full,0.2,,3,0.6,0.4,-0.018695418910343674,0.024032960833161688,5,0
qt,TN,e38a98ad4453974b2848eeed02d81e0c408ce0c6,llm_kernelshap,qwen36_27b_local,full,0.2,,4,0.8,0.4,-0.046546268419509686,0.0590431332378367,5,0
qt,TN,e38a98ad4453974b2848eeed02d81e0c408ce0c6,llm_kernelshap,qwen36_27b_local,full,0.2,,5,0.6,0.4,-0.018695418910343698,0.024032960833161664,5,0
qt,FP,1c6d5b0696f324495e95a12f7718ae7593c9b58a,llm_kernelshap,qwen36_27b_local,full,0.2,,1,0.8,0.8,-0.09803268253700519,0.09974156525092985,5,0
qt,FP,1c6d5b0696f324495e95a12f7718ae7593c9b58a,llm_kernelshap,qwen36_27b_local,full,0.2,,2,0.8,0.8,-0.12831416396284753,0.13002304667677222,5,0
qt,FP,1c6d5b0696f324495e95a12f7718ae7593c9b58a,llm_kernelshap,qwen36_27b_local,full,0.2,,3,1.0,0.8,-0.09915362049260697,0.09915362049260697,5,0
qt,FP,1c6d5b0696f324495e95a12f7718ae7593c9b58a,llm_kernelshap,qwen36_27b_local,full,0.2,,4,0.8,0.8,-0.11811065501283323,0.1198195377267579,5,0
qt,FP,1c6d5b0696f324495e95a12f7718ae7593c9b58a,llm_kernelshap,qwen36_27b_local,full,0.2,,5,0.8,0.8,-0.11811065501283323,0.1198195377267579,5,0
qt,FP,cd542a82b0c2d5c9a4ea167a84e5ea8a25c5d969,llm_kernelshap,qwen36_27b_local,full,0.2,,1,1.0,0.8,-0.08089070488838224,0.08089070488838224,5,0
qt,FP,cd542a82b0c2d5c9a4ea167a84e5ea8a25c5d969,llm_kernelshap,qwen36_27b_local,full,0.2,,2,1.0,0.8,-0.08089070488838225,0.08089070488838225,5,0
qt,FP,cd542a82b0c2d5c9a4ea167a84e5ea8a25c5d969,llm_kernelshap,qwen36_27b_local,full,0.2,,3,1.0,0.8,-0.08089070488838224,0.08089070488838224,5,0
qt,FP,cd542a82b0c2d5c9a4ea167a84e5ea8a25c5d969,llm_kernelshap,qwen36_27b_local,full,0.2,,4,1.0,0.8,-0.08089070488838224,0.08089070488838224,5,0
qt,FP,cd542a82b0c2d5c9a4ea167a84e5ea8a25c5d969,llm_kernelshap,qwen36_27b_local,full,0.2,,5,1.0,0.8,-0.08089070488838222,0.08089070488838222,5,0
qt,TP,b254b03dc3b1cfcfc5f17158d2470e0a9a946a0e,llm_kernelshap,qwen36_27b_local,full,0.2,,1,1.0,1.0,-0.1251944822035041,0.1251944822035041,5,0
qt,TP,b254b03dc3b1cfcfc5f17158d2470e0a9a946a0e,llm_kernelshap,qwen36_27b_local,full,0.2,,2,1.0,1.0,-0.12519448220350415,0.12519448220350415,5,0
qt,TP,b254b03dc3b1cfcfc5f17158d2470e0a9a946a0e,llm_kernelshap,qwen36_27b_local,full,0.2,,3,1.0,1.0,-0.12519448220350413,0.12519448220350413,5,0
qt,TP,b254b03dc3b1cfcfc5f17158d2470e0a9a946a0e,llm_kernelshap,qwen36_27b_local,full,0.2,,4,1.0,1.0,-0.12519448220350415,0.12519448220350415,5,0
qt,TP,b254b03dc3b1cfcfc5f17158d2470e0a9a946a0e,llm_kernelshap,qwen36_27b_local,full,0.2,,5,1.0,0.8,-0.10436725322947067,0.10624472575694317,5,0
qt,TP,1a7bc520c5df4da80b7e65acbec1f546f9c87870,llm_kernelshap,qwen36_27b_local,full,0.2,,1,1.0,0.8,-0.10665940521299713,0.10665940521299713,5,0
qt,TP,1a7bc520c5df4da80b7e65acbec1f546f9c87870,llm_kernelshap,qwen36_27b_local,full,0.2,,2,1.0,0.8,-0.10665940521299715,0.10665940521299715,5,0
qt,TP,1a7bc520c5df4da80b7e65acbec1f546f9c87870,llm_kernelshap,qwen36_27b_local,full,0.2,,3,1.0,0.6,-0.09926737516962726,0.09926737516962726,5,0
qt,TP,1a7bc520c5df4da80b7e65acbec1f546f9c87870,llm_kernelshap,qwen36_27b_local,full,0.2,,4,1.0,0.8,-0.10665940521299713,0.10665940521299713,5,0
qt,TP,1a7bc520c5df4da80b7e65acbec1f546f9c87870,llm_kernelshap,qwen36_27b_local,full,0.2,,5,1.0,0.6,-0.09926737516962722,0.09926737516962722,5,0
qt,FN,5629823b05ca7d24924ac879b5a0469a3cb03e78,llm_kernelshap,qwen36_27b_local,full,0.2,,1,0.6,0.4,-0.02440825733926135,0.03863548361488407,5,0
qt,FN,5629823b05ca7d24924ac879b5a0469a3cb03e78,llm_kernelshap,qwen36_27b_local,full,0.2,,2,0.6,0.4,-0.03414166085162369,0.04836888712724641,5,0
qt,FN,5629823b05ca7d24924ac879b5a0469a3cb03e78,llm_kernelshap,qwen36_27b_local,full,0.2,,3,0.8,0.6,-0.05292268839776022,0.06602563361534108,5,0
qt,FN,5629823b05ca7d24924ac879b5a0469a3cb03e78,llm_kernelshap,qwen36_27b_local,full,0.2,,4,0.8,0.6,-0.05578423651482445,0.06316408549827704,5,0
qt,FN,5629823b05ca7d24924ac879b5a0469a3cb03e78,llm_kernelshap,qwen36_27b_local,full,0.2,,5,0.8,0.6,-0.05578423651482443,0.06316408549827697,5,0
qt,TN,9b54447e453e2cb7b7375e2c6104b2595ab1594e,llm_kernelshap,qwen36_27b_local,full,0.2,,1,0.8,0.6,-0.037966494492152766,0.047430948584426466,5,0
qt,TN,9b54447e453e2cb7b7375e2c6104b2595ab1594e,llm_kernelshap,qwen36_27b_local,full,0.2,,2,0.8,0.6,-0.037966494492152766,0.047430948584426466,5,0
qt,TN,9b54447e453e2cb7b7375e2c6104b2595ab1594e,llm_kernelshap,qwen36_27b_local,full,0.2,,3,0.6,0.6,-0.045640536303999404,0.045640536303999404,5,0
qt,TN,9b54447e453e2cb7b7375e2c6104b2595ab1594e,llm_kernelshap,qwen36_27b_local,full,0.2,,4,0.8,0.6,-0.04393175822776638,0.05339621232004008,5,0
qt,TN,9b54447e453e2cb7b7375e2c6104b2595ab1594e,llm_kernelshap,qwen36_27b_local,full,0.2,,5,0.8,0.6,-0.037966494492152746,0.047430948584426445,5,0
qt,FP,3981a1f440914e8108af3d854a1b01dd596a8a0e,llm_kernelshap,qwen36_27b_local,full,0.2,,1,0.8,0.6,-0.07142951324915675,0.10638953009223419,5,0
qt,FP,3981a1f440914e8108af3d854a1b01dd596a8a0e,llm_kernelshap,qwen36_27b_local,full,0.2,,2,0.8,0.8,-0.04664736973769537,0.13117167360369558,5,0
qt,FP,3981a1f440914e8108af3d854a1b01dd596a8a0e,llm_kernelshap,qwen36_27b_local,full,0.2,,3,0.8,0.6,-0.07142951324915675,0.10638953009223419,5,0
qt,FP,3981a1f440914e8108af3d854a1b01dd596a8a0e,llm_kernelshap,qwen36_27b_local,full,0.2,,4,0.6,0.6,-0.07142951324915674,0.10638953009223417,5,0
qt,FP,3981a1f440914e8108af3d854a1b01dd596a8a0e,llm_kernelshap,qwen36_27b_local,full,0.2,,5,0.8,0.6,-0.07142951324915675,0.10638953009223419,5,0
qt,TN,4331ccd4b735d9d721a384193a3d42ee2ce6c805,llm_kernelshap,qwen36_27b_local,full,0.2,,1,0.8,0.6,-0.012866946519868172,0.040764923169786235,5,0
qt,TN,4331ccd4b735d9d721a384193a3d42ee2ce6c805,llm_kernelshap,qwen36_27b_local,full,0.2,,2,0.8,0.6,-0.0021400841518732783,0.030038060801791434,5,0
qt,TN,4331ccd4b735d9d721a384193a3d42ee2ce6c805,llm_kernelshap,qwen36_27b_local,full,0.2,,3,0.8,0.6,-0.002140084151873234,0.03003806080179139,5,0
qt,TN,4331ccd4b735d9d721a384193a3d42ee2ce6c805,llm_kernelshap,qwen36_27b_local,full,0.2,,4,0.8,0.6,0.030010975138493268,0.030380912344144684,5,0
qt,TN,4331ccd4b735d9d721a384193a3d42ee2ce6c805,llm_kernelshap,qwen36_27b_local,full,0.2,,5,0.8,0.6,-0.002140084151873345,0.030038060801791368,5,0
qt,TP,afbb57ae84ecbee5fab9eb6e58356b19d7995ea5,llm_kernelshap,qwen36_27b_local,full,0.2,,1,1.0,1.0,-0.1758491378824853,0.1758491378824853,5,0
qt,TP,afbb57ae84ecbee5fab9eb6e58356b19d7995ea5,llm_kernelshap,qwen36_27b_local,full,0.2,,2,1.0,1.0,-0.17584913788248532,0.17584913788248532,5,0
qt,TP,afbb57ae84ecbee5fab9eb6e58356b19d7995ea5,llm_kernelshap,qwen36_27b_local,full,0.2,,3,1.0,1.0,-0.1758491378824853,0.1758491378824853,5,0
qt,TP,afbb57ae84ecbee5fab9eb6e58356b19d7995ea5,llm_kernelshap,qwen36_27b_local,full,0.2,,4,1.0,1.0,-0.17584913788248532,0.17584913788248532,5,0
qt,TP,afbb57ae84ecbee5fab9eb6e58356b19d7995ea5,llm_kernelshap,qwen36_27b_local,full,0.2,,5,1.0,1.0,-0.1758491378824853,0.1758491378824853,5,0
qt,TP,17513266b81e88b84fda250734f07c94a198fabc,llm_kernelshap,qwen36_27b_local,full,0.2,,1,0.8,0.8,-0.0869820085395356,0.0869820085395356,5,0
qt,TP,17513266b81e88b84fda250734f07c94a198fabc,llm_kernelshap,qwen36_27b_local,full,0.2,,2,0.8,0.8,-0.08698200853953558,0.08698200853953558,5,0
qt,TP,17513266b81e88b84fda250734f07c94a198fabc,llm_kernelshap,qwen36_27b_local,full,0.2,,3,1.0,1.0,-0.10180705528408819,0.10180705528408819,5,0
qt,TP,17513266b81e88b84fda250734f07c94a198fabc,llm_kernelshap,qwen36_27b_local,full,0.2,,4,0.8,0.8,-0.08698200853953555,0.08698200853953555,5,0
qt,TP,17513266b81e88b84fda250734f07c94a198fabc,llm_kernelshap,qwen36_27b_local,full,0.2,,5,1.0,1.0,-0.10180705528408819,0.10180705528408819,5,0
qt,FN,cdbc4b83d59e08189d6ece9ccd88a646be155c08,llm_kernelshap,qwen36_27b_local,full,0.2,,1,0.4,0.8,-0.04508339911295693,0.04508339911295693,5,0
qt,FN,cdbc4b83d59e08189d6ece9ccd88a646be155c08,llm_kernelshap,qwen36_27b_local,full,0.2,,2,0.2,0.6,-0.028380999702052455,0.032093244600011596,5,0
qt,FN,cdbc4b83d59e08189d6ece9ccd88a646be155c08,llm_kernelshap,qwen36_27b_local,full,0.2,,3,0.4,0.4,-0.03199958411842765,0.03571182901638679,5,0
qt,FN,cdbc4b83d59e08189d6ece9ccd88a646be155c08,llm_kernelshap,qwen36_27b_local,full,0.2,,4,0.6,0.6,-0.050899517856967204,0.05461176275492634,5,0
qt,FN,cdbc4b83d59e08189d6ece9ccd88a646be155c08,llm_kernelshap,qwen36_27b_local,full,0.2,,5,0.2,0.6,-0.03656360105387315,0.03656360105387315,5,0
qt,FP,753c744b23abfecad6463890dfdf6e97c7eeaa5c,llm_kernelshap,qwen36_27b_local,full,0.2,,1,0.8,0.8,-0.0249002390230733,0.10382299944517344,5,0
qt,FP,753c744b23abfecad6463890dfdf6e97c7eeaa5c,llm_kernelshap,qwen36_27b_local,full,0.2,,2,0.8,0.6,-0.01028438423753399,0.09718179144142375,5,0
qt,FP,753c744b23abfecad6463890dfdf6e97c7eeaa5c,llm_kernelshap,qwen36_27b_local,full,0.2,,3,0.8,0.6,-0.01028438423753399,0.09718179144142375,5,0
qt,FP,753c744b23abfecad6463890dfdf6e97c7eeaa5c,llm_kernelshap,qwen36_27b_local,full,0.2,,4,0.8,0.6,-0.05756988573343206,0.07565791246080303,5,0
qt,FP,753c744b23abfecad6463890dfdf6e97c7eeaa5c,llm_kernelshap,qwen36_27b_local,full,0.2,,5,0.8,0.6,-0.01028438423753399,0.09718179144142375,5,0
qt,TP,a4f8b9ae6dfacf9ad5c190cde6098ebf13102f41,llm_kernelshap,qwen36_27b_local,full,0.2,,1,0.6,0.6,-0.027560621193637468,0.06922520940654509,5,0
qt,TP,a4f8b9ae6dfacf9ad5c190cde6098ebf13102f41,llm_kernelshap,qwen36_27b_local,full,0.2,,2,0.6,0.8,-0.018649273109410038,0.07813655749077252,5,0
qt,TP,a4f8b9ae6dfacf9ad5c190cde6098ebf13102f41,llm_kernelshap,qwen36_27b_local,full,0.2,,3,0.6,0.8,-0.018649273109410048,0.0781365574907725,5,0
qt,TP,a4f8b9ae6dfacf9ad5c190cde6098ebf13102f41,llm_kernelshap,qwen36_27b_local,full,0.2,,4,0.6,0.8,-0.01864927310941007,0.07813655749077249,5,0
qt,TP,a4f8b9ae6dfacf9ad5c190cde6098ebf13102f41,llm_kernelshap,qwen36_27b_local,full,0.2,,5,0.6,0.8,-0.01864927310941007,0.07813655749077249,5,0
qt,TP,fca89004d75412dd378cc44ad79ed3c1e05c765b,llm_kernelshap,qwen36_27b_local,full,0.2,,1,0.8,0.8,-0.04115310126408973,0.08509987124602574,5,0
qt,TP,fca89004d75412dd378cc44ad79ed3c1e05c765b,llm_kernelshap,qwen36_27b_local,full,0.2,,2,0.8,0.8,-0.041153101264089754,0.08509987124602576,5,0
qt,TP,fca89004d75412dd378cc44ad79ed3c1e05c765b,llm_kernelshap,qwen36_27b_local,full,0.2,,3,0.8,0.8,-0.041153101264089775,0.08509987124602574,5,0
qt,TP,fca89004d75412dd378cc44ad79ed3c1e05c765b,llm_kernelshap,qwen36_27b_local,full,0.2,,4,0.6,0.6,-0.059081619846956146,0.06717135266315939,5,0
qt,TP,fca89004d75412dd378cc44ad79ed3c1e05c765b,llm_kernelshap,qwen36_27b_local,full,0.2,,5,0.8,0.8,-0.04115310126408977,0.08509987124602574,5,0
qt,FP,3d3ce2afe1937531f5fdc2af56697e93133e6d98,llm_lime,qwen36_27b_local,full,0.2,,1,0.8,0.6,-0.0585783328237441,0.06668460988002117,5,0
qt,FP,3d3ce2afe1937531f5fdc2af56697e93133e6d98,llm_lime,qwen36_27b_local,full,0.2,,2,0.8,0.8,-0.025885616820766493,0.07599255589108599,5,0
qt,FP,3d3ce2afe1937531f5fdc2af56697e93133e6d98,llm_lime,qwen36_27b_local,full,0.2,,3,0.8,0.6,-0.03175968004794845,0.07011849266390398,5,0
qt,FP,3d3ce2afe1937531f5fdc2af56697e93133e6d98,llm_lime,qwen36_27b_local,full,0.2,,4,0.8,0.6,-0.03175968004794845,0.07011849266390398,5,0
qt,FP,3d3ce2afe1937531f5fdc2af56697e93133e6d98,llm_lime,qwen36_27b_local,full,0.2,,5,0.8,0.6,-0.03175968004794848,0.07011849266390396,5,0
qt,TN,eb5994df1307b2e17e729374e1f7ab1c8fe82750,llm_lime,qwen36_27b_local,full,0.2,,1,1.0,0.6,-0.050979275384533486,0.050979275384533486,5,0
qt,TN,eb5994df1307b2e17e729374e1f7ab1c8fe82750,llm_lime,qwen36_27b_local,full,0.2,,2,0.8,0.6,-0.049305382343331705,0.049305382343331705,5,0
qt,TN,eb5994df1307b2e17e729374e1f7ab1c8fe82750,llm_lime,qwen36_27b_local,full,0.2,,3,0.8,0.6,-0.052266091378174354,0.052266091378174354,5,0
qt,TN,eb5994df1307b2e17e729374e1f7ab1c8fe82750,llm_lime,qwen36_27b_local,full,0.2,,4,0.8,0.8,-0.05713788366583339,0.05713788366583339,5,0
qt,TN,eb5994df1307b2e17e729374e1f7ab1c8fe82750,llm_lime,qwen36_27b_local,full,0.2,,5,0.8,0.6,-0.04797922143286184,0.04797922143286184,5,0
qt,FN,2ad213cc02094e003802530757fa4010720a22e6,llm_lime,qwen36_27b_local,full,0.2,,1,0.6,0.4,-0.01570768622870562,0.02358711570384504,5,0
qt,FN,2ad213cc02094e003802530757fa4010720a22e6,llm_lime,qwen36_27b_local,full,0.2,,2,1.0,0.4,-0.015707686228705598,0.023587115703845064,5,0
qt,FN,2ad213cc02094e003802530757fa4010720a22e6,llm_lime,qwen36_27b_local,full,0.2,,3,1.0,0.6,-0.010885917521222633,0.02840888441132803,5,0
qt,FN,2ad213cc02094e003802530757fa4010720a22e6,llm_lime,qwen36_27b_local,full,0.2,,4,0.4,0.4,-0.014668565195677007,0.02254799467081643,5,0
qt,FN,2ad213cc02094e003802530757fa4010720a22e6,llm_lime,qwen36_27b_local,full,0.2,,5,0.6,0.4,-0.01570768622870562,0.02358711570384504,5,0
qt,TP,256bbc4f139036a780a63b80af8bb461a77d333a,llm_lime,qwen36_27b_local,full,0.2,,1,1.0,1.0,-0.09120732952000739,0.12745248912230994,5,0
qt,TP,256bbc4f139036a780a63b80af8bb461a77d333a,llm_lime,qwen36_27b_local,full,0.2,,2,1.0,1.0,-0.09669549737620106,0.13294065697850363,5,0
qt,TP,256bbc4f139036a780a63b80af8bb461a77d333a,llm_lime,qwen36_27b_local,full,0.2,,3,1.0,1.0,-0.1540398246564499,0.1540398246564499,5,0
qt,TP,256bbc4f139036a780a63b80af8bb461a77d333a,llm_lime,qwen36_27b_local,full,0.2,,4,0.8,1.0,-0.1540398246564499,0.1540398246564499,5,0
qt,TP,256bbc4f139036a780a63b80af8bb461a77d333a,llm_lime,qwen36_27b_local,full,0.2,,5,1.0,1.0,-0.12269938302689118,0.15894454262919375,5,0
qt,TP,ae292be8690109940fdd9862321b2389a0957404,llm_lime,qwen36_27b_local,full,0.2,,1,1.0,1.0,-0.18423446741321833,0.18423446741321833,5,0
qt,TP,ae292be8690109940fdd9862321b2389a0957404,llm_lime,qwen36_27b_local,full,0.2,,2,1.0,1.0,-0.18423446741321836,0.18423446741321836,5,0
qt,TP,ae292be8690109940fdd9862321b2389a0957404,llm_lime,qwen36_27b_local,full,0.2,,3,1.0,0.8,-0.16452187678256044,0.1718344618165741,5,0
qt,TP,ae292be8690109940fdd9862321b2389a0957404,llm_lime,qwen36_27b_local,full,0.2,,4,1.0,1.0,-0.1842344674132183,0.1842344674132183,5,0
qt,TP,ae292be8690109940fdd9862321b2389a0957404,llm_lime,qwen36_27b_local,full,0.2,,5,1.0,1.0,-0.18423446741321833,0.18423446741321833,5,0
qt,FN,3786411f7f8770f28ba2a97cb646a0eb7a5eaa99,llm_lime,qwen36_27b_local,full,0.2,,1,1.0,0.2,0.013702580369039397,0.033834076765266174,5,0
qt,FN,3786411f7f8770f28ba2a97cb646a0eb7a5eaa99,llm_lime,qwen36_27b_local,full,0.2,,2,1.0,0.2,0.01370258036903942,0.033834076765266154,5,0
qt,FN,3786411f7f8770f28ba2a97cb646a0eb7a5eaa99,llm_lime,qwen36_27b_local,full,0.2,,3,1.0,0.4,-0.00221278239833409,0.037997735234439035,5,0
qt,FN,3786411f7f8770f28ba2a97cb646a0eb7a5eaa99,llm_lime,qwen36_27b_local,full,0.2,,4,1.0,0.2,0.01370258036903933,0.033834076765266244,5,0
qt,FN,3786411f7f8770f28ba2a97cb646a0eb7a5eaa99,llm_lime,qwen36_27b_local,full,0.2,,5,1.0,0.2,0.013702580369039463,0.033834076765266195,5,0
qt,FP,8835c0376befd009702b9a17c506639e31c842b9,llm_lime,qwen36_27b_local,full,0.2,,1,0.8,1.0,-0.0949506405818089,0.16008227323487,5,0
qt,FP,8835c0376befd009702b9a17c506639e31c842b9,llm_lime,qwen36_27b_local,full,0.2,,2,0.8,1.0,-0.09495064058180894,0.16008227323487,5,0
qt,FP,8835c0376befd009702b9a17c506639e31c842b9,llm_lime,qwen36_27b_local,full,0.2,,3,0.8,1.0,-0.09495064058180894,0.16008227323487,5,0
qt,FP,8835c0376befd009702b9a17c506639e31c842b9,llm_lime,qwen36_27b_local,full,0.2,,4,0.8,1.0,-0.09495064058180894,0.16008227323487,5,0
qt,FP,8835c0376befd009702b9a17c506639e31c842b9,llm_lime,qwen36_27b_local,full,0.2,,5,0.8,1.0,-0.09495064058180894,0.16008227323487,5,0
qt,FN,9e99dba4a22bbf212b3e6d1e2607a16dbbd04d90,llm_lime,qwen36_27b_local,full,0.2,,1,0.2,0.6,0.06230583180534932,0.06230583180534932,5,0
qt,FN,9e99dba4a22bbf212b3e6d1e2607a16dbbd04d90,llm_lime,qwen36_27b_local,full,0.2,,2,0.6,0.4,0.055166379719896484,0.058739739273508174,5,0
qt,FN,9e99dba4a22bbf212b3e6d1e2607a16dbbd04d90,llm_lime,qwen36_27b_local,full,0.2,,3,0.2,0.6,0.06230583180534932,0.06230583180534932,5,0
qt,FN,9e99dba4a22bbf212b3e6d1e2607a16dbbd04d90,llm_lime,qwen36_27b_local,full,0.2,,4,0.2,0.8,0.07904502615441764,0.07904502615441764,5,0
qt,FN,9e99dba4a22bbf212b3e6d1e2607a16dbbd04d90,llm_lime,qwen36_27b_local,full,0.2,,5,0.8,0.4,0.05419122294389942,0.05852250272854047,5,0
qt,FN,f506e01665c9bf689887ccf057a03588829efeea,llm_lime,qwen36_27b_local,full,0.2,,1,0.8,0.8,-0.0468911063834236,0.0468911063834236,5,0
qt,FN,f506e01665c9bf689887ccf057a03588829efeea,llm_lime,qwen36_27b_local,full,0.2,,2,0.8,0.6,-0.03297853743976213,0.04121829879885135,5,0
qt,FN,f506e01665c9bf689887ccf057a03588829efeea,llm_lime,qwen36_27b_local,full,0.2,,3,0.6,0.6,-0.0367635079906087,0.045003269349697915,5,0
qt,FN,f506e01665c9bf689887ccf057a03588829efeea,llm_lime,qwen36_27b_local,full,0.2,,4,0.8,0.8,-0.0468911063834236,0.0468911063834236,5,0
qt,FN,f506e01665c9bf689887ccf057a03588829efeea,llm_lime,qwen36_27b_local,full,0.2,,5,0.4,0.4,-0.031078512663806658,0.03931827402289587,5,0
qt,TP,fa7626713b3a943609453459190e16c49d61dfd3,llm_lime,qwen36_27b_local,full,0.2,,1,0.8,0.6,-0.0848263562878223,0.0848263562878223,5,0
qt,TP,fa7626713b3a943609453459190e16c49d61dfd3,llm_lime,qwen36_27b_local,full,0.2,,2,0.8,0.6,-0.08482635628782224,0.08482635628782224,5,0
qt,TP,fa7626713b3a943609453459190e16c49d61dfd3,llm_lime,qwen36_27b_local,full,0.2,,3,0.8,0.6,-0.08482635628782233,0.08482635628782233,5,0
qt,TP,fa7626713b3a943609453459190e16c49d61dfd3,llm_lime,qwen36_27b_local,full,0.2,,4,0.8,0.6,-0.08482635628782227,0.08482635628782227,5,0
qt,TP,fa7626713b3a943609453459190e16c49d61dfd3,llm_lime,qwen36_27b_local,full,0.2,,5,0.8,0.6,-0.08482635628782226,0.08482635628782226,5,0
qt,FP,093064fdeb6e777d2dc88dbb4f4adb8fddac3aa5,llm_lime,qwen36_27b_local,full,0.2,,1,1.0,1.0,-0.2847268728955192,0.2847268728955192,5,0
qt,FP,093064fdeb6e777d2dc88dbb4f4adb8fddac3aa5,llm_lime,qwen36_27b_local,full,0.2,,2,1.0,1.0,-0.21813528710036184,0.21813528710036184,5,0
qt,FP,093064fdeb6e777d2dc88dbb4f4adb8fddac3aa5,llm_lime,qwen36_27b_local,full,0.2,,3,1.0,1.0,-0.2847268728955191,0.2847268728955191,5,0
qt,FP,093064fdeb6e777d2dc88dbb4f4adb8fddac3aa5,llm_lime,qwen36_27b_local,full,0.2,,4,1.0,1.0,-0.20095314520232122,0.20095314520232122,5,0
qt,FP,093064fdeb6e777d2dc88dbb4f4adb8fddac3aa5,llm_lime,qwen36_27b_local,full,0.2,,5,1.0,1.0,-0.21813528710036179,0.21813528710036179,5,0
qt,TP,da8ace713a19d2a8c9831ddf50d17607bc4856cc,llm_lime,qwen36_27b_local,full,0.2,,1,1.0,1.0,-0.11113147429376449,0.1417058628451717,5,0
qt,TP,da8ace713a19d2a8c9831ddf50d17607bc4856cc,llm_lime,qwen36_27b_local,full,0.2,,2,0.4,1.0,-0.11113147429376452,0.14170586284517173,5,0
qt,TP,da8ace713a19d2a8c9831ddf50d17607bc4856cc,llm_lime,qwen36_27b_local,full,0.2,,3,1.0,1.0,-0.1111314742937645,0.14170586284517173,5,0
qt,TP,da8ace713a19d2a8c9831ddf50d17607bc4856cc,llm_lime,qwen36_27b_local,full,0.2,,4,0.4,1.0,-0.1111314742937645,0.14170586284517173,5,0
qt,TP,da8ace713a19d2a8c9831ddf50d17607bc4856cc,llm_lime,qwen36_27b_local,full,0.2,,5,1.0,1.0,-0.11113147429376452,0.14170586284517173,5,0
qt,FP,08cfd02312d21391c956b8bf50ab7d6caa0d8082,llm_lime,qwen36_27b_local,full,0.2,,1,0.8,0.8,-0.04275690164272948,0.12784314492325813,5,0
qt,FP,08cfd02312d21391c956b8bf50ab7d6caa0d8082,llm_lime,qwen36_27b_local,full,0.2,,2,0.8,0.8,-0.04275690164272948,0.12784314492325813,5,0
qt,FP,08cfd02312d21391c956b8bf50ab7d6caa0d8082,llm_lime,qwen36_27b_local,full,0.2,,3,0.8,0.8,-0.042756901642729495,0.12784314492325816,5,0
qt,FP,08cfd02312d21391c956b8bf50ab7d6caa0d8082,llm_lime,qwen36_27b_local,full,0.2,,4,1.0,0.8,-0.044610997546825334,0.1259890490191623,5,0
qt,FP,08cfd02312d21391c956b8bf50ab7d6caa0d8082,llm_lime,qwen36_27b_local,full,0.2,,5,0.6,1.0,-0.05081073057047649,0.13589697385100513,5,0
qt,FP,a02b371eb2f34bf198c95cf0caa1fbad639f96bb,llm_lime,qwen36_27b_local,full,0.2,,1,1.0,0.6,-0.0521504819115722,0.0701892621789238,5,0
qt,FP,a02b371eb2f34bf198c95cf0caa1fbad639f96bb,llm_lime,qwen36_27b_local,full,0.2,,2,0.8,0.6,-0.05220445594873946,0.07024323621609105,5,0
qt,FP,a02b371eb2f34bf198c95cf0caa1fbad639f96bb,llm_lime,qwen36_27b_local,full,0.2,,3,1.0,0.8,-0.061157960147621815,0.07919674041497346,5,0
qt,FP,a02b371eb2f34bf198c95cf0caa1fbad639f96bb,llm_lime,qwen36_27b_local,full,0.2,,4,1.0,0.6,-0.05215048191157218,0.07018926217892375,5,0
qt,FP,a02b371eb2f34bf198c95cf0caa1fbad639f96bb,llm_lime,qwen36_27b_local,full,0.2,,5,1.0,0.6,-0.07491541459793336,0.07491541459793336,5,0
qt,TN,5cb54cb5ebae99fab121061e25e26eec3056203a,llm_lime,qwen36_27b_local,full,0.2,,1,1.0,1.0,0.055633193720499394,0.07311716800951566,5,0
qt,TN,5cb54cb5ebae99fab121061e25e26eec3056203a,llm_lime,qwen36_27b_local,full,0.2,,2,0.4,1.0,0.05563319372049942,0.07311716800951569,5,0
qt,TN,5cb54cb5ebae99fab121061e25e26eec3056203a,llm_lime,qwen36_27b_local,full,0.2,,3,1.0,1.0,0.05476016165294462,0.07224413594196084,5,0
qt,TN,5cb54cb5ebae99fab121061e25e26eec3056203a,llm_lime,qwen36_27b_local,full,0.2,,4,0.6,0.8,0.07204290684892511,0.07204290684892511,5,0
qt,TN,5cb54cb5ebae99fab121061e25e26eec3056203a,llm_lime,qwen36_27b_local,full,0.2,,5,1.0,1.0,0.05563319372049937,0.07311716800951569,5,0
qt,TN,9a50333dd03969abb3f09c0f90dcb4afd048e47a,llm_lime,qwen36_27b_local,full,0.2,,1,0.8,0.6,-0.018567867402699022,0.035292537756579034,5,0
qt,TN,9a50333dd03969abb3f09c0f90dcb4afd048e47a,llm_lime,qwen36_27b_local,full,0.2,,2,0.8,0.6,-0.018567867402699022,0.035292537756579034,5,0
qt,TN,9a50333dd03969abb3f09c0f90dcb4afd048e47a,llm_lime,qwen36_27b_local,full,0.2,,3,0.8,0.8,-0.04860881887644677,0.062158114619100945,5,0
qt,TN,9a50333dd03969abb3f09c0f90dcb4afd048e47a,llm_lime,qwen36_27b_local,full,0.2,,4,0.8,0.4,0.0005159441403032927,0.025366087515805557,5,0
qt,TN,9a50333dd03969abb3f09c0f90dcb4afd048e47a,llm_lime,qwen36_27b_local,full,0.2,,5,0.8,0.8,-0.048608818876446816,0.06215811461910099,5,0
qt,FN,18f7e6dc9f59159b70cb7e6a8745738f42d4f46f,llm_lime,qwen36_27b_local,full,0.2,,1,0.6,1.0,0.06357915517464341,0.09997886736721258,5,0
qt,FN,18f7e6dc9f59159b70cb7e6a8745738f42d4f46f,llm_lime,qwen36_27b_local,full,0.2,,2,0.75,0.75,0.05016030578134492,0.09565994602205638,4,0
qt,FN,18f7e6dc9f59159b70cb7e6a8745738f42d4f46f,llm_lime,qwen36_27b_local,full,0.2,,3,0.6,1.0,0.06357915517464337,0.09997886736721254,5,0
qt,FN,18f7e6dc9f59159b70cb7e6a8745738f42d4f46f,llm_lime,qwen36_27b_local,full,0.2,,4,0.6,1.0,0.06357915517464341,0.09997886736721258,5,0
qt,FN,18f7e6dc9f59159b70cb7e6a8745738f42d4f46f,llm_lime,qwen36_27b_local,full,0.2,,5,0.6,0.8,0.05938862227027804,0.09578833446284721,5,0
qt,TP,d31304eab9e7424edc20fb83a8a19cd979458029,llm_lime,qwen36_27b_local,full,0.2,,1,1.0,0.8,0.0015255517941441144,0.10485881621879516,5,0
qt,TP,d31304eab9e7424edc20fb83a8a19cd979458029,llm_lime,qwen36_27b_local,full,0.2,,2,1.0,0.8,0.0015255517941441033,0.10485881621879517,5,0
qt,TP,d31304eab9e7424edc20fb83a8a19cd979458029,llm_lime,qwen36_27b_local,full,0.2,,3,1.0,0.8,0.0015255517941441033,0.10485881621879517,5,0
qt,TP,d31304eab9e7424edc20fb83a8a19cd979458029,llm_lime,qwen36_27b_local,full,0.2,,4,1.0,0.8,-0.013089805349174038,0.09024345907547703,5,0
qt,TP,d31304eab9e7424edc20fb83a8a19cd979458029,llm_lime,qwen36_27b_local,full,0.2,,5,1.0,0.8,0.0015255517941441033,0.10485881621879517,5,0
qt,TN,bd79c331f14e6cfab9e0b5815404c8194526e8f1,llm_lime,qwen36_27b_local,full,0.2,,1,1.0,0.4,-0.024000462262134325,0.02572848754512207,5,0
qt,TN,bd79c331f14e6cfab9e0b5815404c8194526e8f1,llm_lime,qwen36_27b_local,full,0.2,,2,1.0,0.4,-0.024474794822669742,0.025786173919763167,5,0
qt,TN,bd79c331f14e6cfab9e0b5815404c8194526e8f1,llm_lime,qwen36_27b_local,full,0.2,,3,0.8,0.6,0.012127538786961312,0.041129709412691805,5,0
qt,TN,bd79c331f14e6cfab9e0b5815404c8194526e8f1,llm_lime,qwen36_27b_local,full,0.2,,4,1.0,0.4,-0.02400046226213435,0.025728487545122046,5,0
qt,TN,bd79c331f14e6cfab9e0b5815404c8194526e8f1,llm_lime,qwen36_27b_local,full,0.2,,5,1.0,0.4,-0.019742679305908006,0.0299862705013483,5,0
qt,TN,67ee72f3145fd14b36af408918ed3420504d3035,llm_lime,qwen36_27b_local,full,0.2,,1,0.8,0.4,-0.046116868770707156,0.05377520141550587,5,0
qt,TN,67ee72f3145fd14b36af408918ed3420504d3035,llm_lime,qwen36_27b_local,full,0.2,,2,0.8,0.4,-0.046116868770707156,0.05377520141550587,5,0
qt,TN,67ee72f3145fd14b36af408918ed3420504d3035,llm_lime,qwen36_27b_local,full,0.2,,3,0.8,0.4,-0.046116868770707156,0.05377520141550587,5,0
qt,TN,67ee72f3145fd14b36af408918ed3420504d3035,llm_lime,qwen36_27b_local,full,0.2,,4,0.8,0.4,-0.046116868770707156,0.05377520141550587,5,0
qt,TN,67ee72f3145fd14b36af408918ed3420504d3035,llm_lime,qwen36_27b_local,full,0.2,,5,0.8,0.4,-0.04611686877070711,0.053775201415505826,5,0
qt,FN,67ced4791ddabebfa19a2f101aa292b5eba60b90,llm_lime,qwen36_27b_local,full,0.2,,1,0.6,0.4,0.0039513166900913225,0.037643557614433186,5,0
qt,FN,67ced4791ddabebfa19a2f101aa292b5eba60b90,llm_lime,qwen36_27b_local,full,0.2,,2,0.6,0.4,0.002843412380041954,0.03653565330438382,5,0
qt,FN,67ced4791ddabebfa19a2f101aa292b5eba60b90,llm_lime,qwen36_27b_local,full,0.2,,3,0.6,0.4,0.0028434123800419988,0.03653565330438387,5,0
qt,FN,67ced4791ddabebfa19a2f101aa292b5eba60b90,llm_lime,qwen36_27b_local,full,0.2,,4,0.8,0.4,-0.004191713914863127,0.041287696363786416,5,0
qt,FN,67ced4791ddabebfa19a2f101aa292b5eba60b90,llm_lime,qwen36_27b_local,full,0.2,,5,0.4,0.4,0.002843412380042021,0.03653565330438384,5,0
qt,FP,86d91d2bf8e7ac7a75f88f0e4886140abc06fd4c,llm_lime,qwen36_27b_local,full,0.2,,1,0.8,0.4,-0.12591332961069035,0.1398678101923303,5,0
qt,FP,86d91d2bf8e7ac7a75f88f0e4886140abc06fd4c,llm_lime,qwen36_27b_local,full,0.2,,2,0.6,0.6,-0.13576338668004367,0.1460254354156218,5,0
qt,FP,86d91d2bf8e7ac7a75f88f0e4886140abc06fd4c,llm_lime,qwen36_27b_local,full,0.2,,3,0.6,0.6,-0.13576338668004367,0.14602543541562182,5,0
qt,FP,86d91d2bf8e7ac7a75f88f0e4886140abc06fd4c,llm_lime,qwen36_27b_local,full,0.2,,4,0.8,0.8,-0.07927460046625737,0.18044876377898766,5,0
qt,FP,86d91d2bf8e7ac7a75f88f0e4886140abc06fd4c,llm_lime,qwen36_27b_local,full,0.2,,5,1.0,0.6,-0.09204860598844793,0.16767475825679717,5,0
qt,TN,121cdbdd30de1bee58e349859409dd08865c17f5,llm_lime,qwen36_27b_local,full,0.2,,1,1.0,0.6,-0.005852827557228268,0.029196484158624792,5,0
qt,TN,121cdbdd30de1bee58e349859409dd08865c17f5,llm_lime,qwen36_27b_local,full,0.2,,2,1.0,0.6,-0.005852827557228291,0.029196484158624858,5,0
qt,TN,121cdbdd30de1bee58e349859409dd08865c17f5,llm_lime,qwen36_27b_local,full,0.2,,3,1.0,0.6,-0.005852827557228313,0.029196484158624837,5,0
qt,TN,121cdbdd30de1bee58e349859409dd08865c17f5,llm_lime,qwen36_27b_local,full,0.2,,4,1.0,0.4,0.006281164641049508,0.0215883275282877,5,0
qt,TN,121cdbdd30de1bee58e349859409dd08865c17f5,llm_lime,qwen36_27b_local,full,0.2,,5,1.0,0.4,0.006281164641049575,0.021588327528287675,5,0
qt,TP,9bd30943bae136d28d42b9a9188a8586c963d461,llm_lime,qwen36_27b_local,full,0.2,,1,0.6,0.4,-0.024117893854493942,0.06497518130388677,5,0
qt,TP,9bd30943bae136d28d42b9a9188a8586c963d461,llm_lime,qwen36_27b_local,full,0.2,,2,1.0,0.4,-0.024117893854493942,0.06497518130388677,5,0
qt,TP,9bd30943bae136d28d42b9a9188a8586c963d461,llm_lime,qwen36_27b_local,full,0.2,,3,0.8,0.6,-0.03272448688811952,0.07044729928875157,5,0
qt,TP,9bd30943bae136d28d42b9a9188a8586c963d461,llm_lime,qwen36_27b_local,full,0.2,,4,1.0,0.4,-0.021269596662963665,0.06782347849541706,5,0
qt,TP,9bd30943bae136d28d42b9a9188a8586c963d461,llm_lime,qwen36_27b_local,full,0.2,,5,0.6,0.4,-0.024117893854493956,0.06497518130388677,5,0
qt,FN,ac48071b185d17022d48c6379a2549ac2736cb8c,llm_lime,qwen36_27b_local,full,0.2,,1,1.0,0.8,-0.07178141127786011,0.07178141127786011,5,0
qt,FN,ac48071b185d17022d48c6379a2549ac2736cb8c,llm_lime,qwen36_27b_local,full,0.2,,2,1.0,0.8,-0.07178141127786011,0.07178141127786011,5,0
qt,FN,ac48071b185d17022d48c6379a2549ac2736cb8c,llm_lime,qwen36_27b_local,full,0.2,,3,1.0,0.8,-0.07178141127786011,0.07178141127786011,5,0
qt,FN,ac48071b185d17022d48c6379a2549ac2736cb8c,llm_lime,qwen36_27b_local,full,0.2,,4,1.0,0.8,-0.07178141127786006,0.07178141127786006,5,0
qt,FN,ac48071b185d17022d48c6379a2549ac2736cb8c,llm_lime,qwen36_27b_local,full,0.2,,5,1.0,0.8,-0.060543474490696726,0.060543474490696726,5,0
qt,TN,fc2f0fb39008f95133f6fd24662fe92195431808,llm_lime,qwen36_27b_local,full,0.2,,1,1.0,0.6,-0.05250122321311803,0.05250122321311803,5,0
qt,TN,fc2f0fb39008f95133f6fd24662fe92195431808,llm_lime,qwen36_27b_local,full,0.2,,2,0.6,0.4,-0.03957051820384165,0.05046662209994557,5,0
qt,TN,fc2f0fb39008f95133f6fd24662fe92195431808,llm_lime,qwen36_27b_local,full,0.2,,3,1.0,0.4,-0.046095553595379465,0.046095553595379465,5,0
qt,TN,fc2f0fb39008f95133f6fd24662fe92195431808,llm_lime,qwen36_27b_local,full,0.2,,4,0.6,0.4,-0.03957051820384165,0.05046662209994557,5,0
qt,TN,fc2f0fb39008f95133f6fd24662fe92195431808,llm_lime,qwen36_27b_local,full,0.2,,5,1.0,0.6,-0.05250122321311803,0.05250122321311803,5,0
qt,FP,41ae544c40e0568bd627a992a23b8c8f8f5cc27d,llm_lime,qwen36_27b_local,full,0.2,,1,1.0,1.0,-0.14216299683055475,0.15699279084606305,5,0
qt,FP,41ae544c40e0568bd627a992a23b8c8f8f5cc27d,llm_lime,qwen36_27b_local,full,0.2,,2,1.0,1.0,-0.14216299683055472,0.15699279084606305,5,0
qt,FP,41ae544c40e0568bd627a992a23b8c8f8f5cc27d,llm_lime,qwen36_27b_local,full,0.2,,3,1.0,1.0,-0.14216299683055475,0.15699279084606305,5,0
qt,FP,41ae544c40e0568bd627a992a23b8c8f8f5cc27d,llm_lime,qwen36_27b_local,full,0.2,,4,1.0,1.0,-0.14216299683055475,0.15699279084606305,5,0
qt,FP,41ae544c40e0568bd627a992a23b8c8f8f5cc27d,llm_lime,qwen36_27b_local,full,0.2,,5,1.0,1.0,-0.14216299683055475,0.15699279084606305,5,0
qt,FN,895cb4681ee78caaf9b99c88390a74ff1d79ae61,llm_lime,qwen36_27b_local,full,0.2,,1,0.8,0.8,0.005775965045050691,0.0942406628791859,5,0
qt,FN,895cb4681ee78caaf9b99c88390a74ff1d79ae61,llm_lime,qwen36_27b_local,full,0.2,,2,0.8,0.8,0.01889252843354918,0.0811240994906874,5,0
qt,FN,895cb4681ee78caaf9b99c88390a74ff1d79ae61,llm_lime,qwen36_27b_local,full,0.2,,3,0.8,1.0,-0.009998465176062444,0.11001509310029903,5,0
qt,FN,895cb4681ee78caaf9b99c88390a74ff1d79ae61,llm_lime,qwen36_27b_local,full,0.2,,4,0.6,0.8,0.018892528433549206,0.08112409949068737,5,0
qt,FN,895cb4681ee78caaf9b99c88390a74ff1d79ae61,llm_lime,qwen36_27b_local,full,0.2,,5,0.8,0.6,0.025622143496357518,0.07439448442787906,5,0
qt,TP,dfda6f14b3e210a33b71ef1c6fa3c75a9c866cce,llm_lime,qwen36_27b_local,full,0.2,,1,1.0,0.6,-0.052983624782625825,0.06246105454037337,5,0
qt,TP,dfda6f14b3e210a33b71ef1c6fa3c75a9c866cce,llm_lime,qwen36_27b_local,full,0.2,,2,1.0,0.6,-0.05146263895882928,0.0609400687165768,5,0
qt,TP,dfda6f14b3e210a33b71ef1c6fa3c75a9c866cce,llm_lime,qwen36_27b_local,full,0.2,,3,1.0,0.6,-0.051462638958829264,0.06094006871657681,5,0
qt,TP,dfda6f14b3e210a33b71ef1c6fa3c75a9c866cce,llm_lime,qwen36_27b_local,full,0.2,,4,1.0,0.6,-0.05298362478262582,0.06246105454037339,5,0
qt,TP,dfda6f14b3e210a33b71ef1c6fa3c75a9c866cce,llm_lime,qwen36_27b_local,full,0.2,,5,1.0,0.6,-0.05298362478262582,0.06246105454037339,5,0
qt,TN,9b3d91237bf38492fd97457624d4cb5cd486bd56,llm_lime,qwen36_27b_local,full,0.2,,1,1.0,0.6,-0.04845438809006748,0.05037387047553159,5,0
qt,TN,9b3d91237bf38492fd97457624d4cb5cd486bd56,llm_lime,qwen36_27b_local,full,0.2,,2,1.0,0.6,-0.04515006260461465,0.0470695449900788,5,0
qt,TN,9b3d91237bf38492fd97457624d4cb5cd486bd56,llm_lime,qwen36_27b_local,full,0.2,,3,1.0,0.6,-0.03357567019514329,0.035495152580607446,5,0
qt,TN,9b3d91237bf38492fd97457624d4cb5cd486bd56,llm_lime,qwen36_27b_local,full,0.2,,4,1.0,0.6,-0.04515006260461463,0.04706954499007878,5,0
qt,TN,9b3d91237bf38492fd97457624d4cb5cd486bd56,llm_lime,qwen36_27b_local,full,0.2,,5,1.0,0.6,-0.04515006260461467,0.04706954499007883,5,0
qt,TN,2831fa76655c614ed3df0816401514950e79b5e6,llm_lime,qwen36_27b_local,full,0.2,,1,0.6,0.2,-0.006638796535836655,0.02869262800814123,5,0
qt,TN,2831fa76655c614ed3df0816401514950e79b5e6,llm_lime,qwen36_27b_local,full,0.2,,2,0.8,0.2,-0.009036210598236139,0.024297903531980802,5,0
qt,TN,2831fa76655c614ed3df0816401514950e79b5e6,llm_lime,qwen36_27b_local,full,0.2,,3,0.6,0.2,-0.011213436044401236,0.024117988499576692,5,0
qt,TN,2831fa76655c614ed3df0816401514950e79b5e6,llm_lime,qwen36_27b_local,full,0.2,,4,0.6,0.2,-0.006638796535836655,0.028692628008141142,5,0
qt,TN,2831fa76655c614ed3df0816401514950e79b5e6,llm_lime,qwen36_27b_local,full,0.2,,5,0.6,0.4,-0.023662466795027946,0.0355916314727148,5,0
qt,FN,d8782b0cc680f09d605133bd37a44d290894c01e,llm_lime,qwen36_27b_local,full,0.2,,1,1.0,0.6,-0.041048966032180535,0.041048966032180535,5,0
qt,FN,d8782b0cc680f09d605133bd37a44d290894c01e,llm_lime,qwen36_27b_local,full,0.2,,2,1.0,0.6,-0.041048966032180556,0.041048966032180556,5,0
qt,FN,d8782b0cc680f09d605133bd37a44d290894c01e,llm_lime,qwen36_27b_local,full,0.2,,3,1.0,0.8,-0.043232751942844774,0.043232751942844774,5,0
qt,FN,d8782b0cc680f09d605133bd37a44d290894c01e,llm_lime,qwen36_27b_local,full,0.2,,4,1.0,0.6,-0.03846307403813003,0.03846307403813003,5,0
qt,FN,d8782b0cc680f09d605133bd37a44d290894c01e,llm_lime,qwen36_27b_local,full,0.2,,5,1.0,0.6,-0.041048966032180556,0.041048966032180556,5,0
qt,TP,5dd76ba31c3c7cb9c0d9d97cd62f0d2f535a23f7,llm_lime,qwen36_27b_local,full,0.2,,1,1.0,0.8,-0.10335991568300042,0.10335991568300042,5,0
qt,TP,5dd76ba31c3c7cb9c0d9d97cd62f0d2f535a23f7,llm_lime,qwen36_27b_local,full,0.2,,2,1.0,0.8,-0.10335991568300042,0.10335991568300042,5,0
qt,TP,5dd76ba31c3c7cb9c0d9d97cd62f0d2f535a23f7,llm_lime,qwen36_27b_local,full,0.2,,3,1.0,0.8,-0.10335991568300042,0.10335991568300042,5,0
qt,TP,5dd76ba31c3c7cb9c0d9d97cd62f0d2f535a23f7,llm_lime,qwen36_27b_local,full,0.2,,4,1.0,1.0,-0.08184149006100341,0.11716791363742692,5,0
qt,TP,5dd76ba31c3c7cb9c0d9d97cd62f0d2f535a23f7,llm_lime,qwen36_27b_local,full,0.2,,5,1.0,1.0,-0.09308760966821321,0.10592179403021713,5,0
qt,FP,237c867a002c8035aac7ff8a870da717eb7b0878,llm_lime,qwen36_27b_local,full,0.2,,1,0.8,1.0,-0.08730160589815611,0.10294125084704472,5,0
qt,FP,237c867a002c8035aac7ff8a870da717eb7b0878,llm_lime,qwen36_27b_local,full,0.2,,2,0.8,1.0,-0.08730160589815611,0.10294125084704472,5,0
qt,FP,237c867a002c8035aac7ff8a870da717eb7b0878,llm_lime,qwen36_27b_local,full,0.2,,3,0.6,0.8,-0.09584342251481205,0.09584342251481205,5,0
qt,FP,237c867a002c8035aac7ff8a870da717eb7b0878,llm_lime,qwen36_27b_local,full,0.2,,4,0.6,0.8,-0.10052379743211236,0.10052379743211236,5,0
qt,FP,237c867a002c8035aac7ff8a870da717eb7b0878,llm_lime,qwen36_27b_local,full,0.2,,5,0.6,0.8,-0.10052379743211234,0.10052379743211234,5,0
qt,TN,f3ca13f3d12f52c60f4cd41d0b336c24a8d3359d,llm_lime,qwen36_27b_local,full,0.2,,1,1.0,0.4,-0.025385426137997304,0.036798416547504306,5,0
qt,TN,f3ca13f3d12f52c60f4cd41d0b336c24a8d3359d,llm_lime,qwen36_27b_local,full,0.2,,2,1.0,0.6,-0.020792931106094592,0.041390911579407066,5,0
qt,TN,f3ca13f3d12f52c60f4cd41d0b336c24a8d3359d,llm_lime,qwen36_27b_local,full,0.2,,3,1.0,0.8,-0.06144192617713555,0.06144192617713555,5,0
qt,TN,f3ca13f3d12f52c60f4cd41d0b336c24a8d3359d,llm_lime,qwen36_27b_local,full,0.2,,4,0.8,0.8,-0.03553006099370086,0.056128041467013334,5,0
qt,TN,f3ca13f3d12f52c60f4cd41d0b336c24a8d3359d,llm_lime,qwen36_27b_local,full,0.2,,5,1.0,0.6,-0.046870415765666903,0.046870415765666903,5,0
qt,TP,267edbec198a0cedbf7bed4c3c5fa93c1dbc86bd,llm_lime,qwen36_27b_local,full,0.2,,1,1.0,0.8,-0.04600629619532764,0.07740908276450079,5,0
qt,TP,267edbec198a0cedbf7bed4c3c5fa93c1dbc86bd,llm_lime,qwen36_27b_local,full,0.2,,2,1.0,0.8,-0.04600629619532764,0.07740908276450079,5,0
qt,TP,267edbec198a0cedbf7bed4c3c5fa93c1dbc86bd,llm_lime,qwen36_27b_local,full,0.2,,3,1.0,0.8,-0.019602339688175662,0.08402111103182533,5,0
qt,TP,267edbec198a0cedbf7bed4c3c5fa93c1dbc86bd,llm_lime,qwen36_27b_local,full,0.2,,4,1.0,0.8,-0.04600629619532764,0.07740908276450076,5,0
qt,TP,267edbec198a0cedbf7bed4c3c5fa93c1dbc86bd,llm_lime,qwen36_27b_local,full,0.2,,5,1.0,0.8,-0.04600629619532764,0.07740908276450079,5,0
qt,TN,e3b7957d6552e88aa23bd0ecc474db5f14981707,llm_lime,qwen36_27b_local,full,0.2,,1,1.0,0.8,-0.03825203752006752,0.03825203752006752,5,0
qt,TN,e3b7957d6552e88aa23bd0ecc474db5f14981707,llm_lime,qwen36_27b_local,full,0.2,,2,1.0,0.8,-0.03825203752006756,0.03825203752006756,5,0
qt,TN,e3b7957d6552e88aa23bd0ecc474db5f14981707,llm_lime,qwen36_27b_local,full,0.2,,3,1.0,0.6,-0.023238686630622542,0.02990926529062756,5,0
qt,TN,e3b7957d6552e88aa23bd0ecc474db5f14981707,llm_lime,qwen36_27b_local,full,0.2,,4,1.0,0.6,-0.027340453240504492,0.031092967212698476,5,0
qt,TN,e3b7957d6552e88aa23bd0ecc474db5f14981707,llm_lime,qwen36_27b_local,full,0.2,,5,1.0,0.6,-0.023238686630622542,0.02990926529062756,5,0
qt,FP,571b11d41c9dadd5ef11e4e954c16c5ca39d718e,llm_lime,qwen36_27b_local,full,0.2,,1,1.0,1.0,-0.09687606810078096,0.09687606810078096,5,0
qt,FP,571b11d41c9dadd5ef11e4e954c16c5ca39d718e,llm_lime,qwen36_27b_local,full,0.2,,2,0.8,0.8,-0.08444266494358789,0.08444266494358789,5,0
qt,FP,571b11d41c9dadd5ef11e4e954c16c5ca39d718e,llm_lime,qwen36_27b_local,full,0.2,,3,0.6,0.8,-0.06702737299755337,0.06702737299755337,5,0
qt,FP,571b11d41c9dadd5ef11e4e954c16c5ca39d718e,llm_lime,qwen36_27b_local,full,0.2,,4,1.0,1.0,-0.09687606810078096,0.09687606810078096,5,0
qt,FP,571b11d41c9dadd5ef11e4e954c16c5ca39d718e,llm_lime,qwen36_27b_local,full,0.2,,5,0.6,0.8,-0.06702737299755337,0.06702737299755337,5,0
qt,FN,8cf186cc7c56144b02d5b40d8f4832ff3021e68a,llm_lime,qwen36_27b_local,full,0.2,,1,1.0,1.0,-0.08362259912120633,0.08362259912120633,5,0
qt,FN,8cf186cc7c56144b02d5b40d8f4832ff3021e68a,llm_lime,qwen36_27b_local,full,0.2,,2,1.0,1.0,-0.08362259912120629,0.08362259912120629,5,0
qt,FN,8cf186cc7c56144b02d5b40d8f4832ff3021e68a,llm_lime,qwen36_27b_local,full,0.2,,3,1.0,1.0,-0.08362259912120631,0.08362259912120631,5,0
qt,FN,8cf186cc7c56144b02d5b40d8f4832ff3021e68a,llm_lime,qwen36_27b_local,full,0.2,,4,1.0,1.0,-0.08362259912120626,0.08362259912120626,5,0
qt,FN,8cf186cc7c56144b02d5b40d8f4832ff3021e68a,llm_lime,qwen36_27b_local,full,0.2,,5,1.0,1.0,-0.08455424761108128,0.08455424761108128,5,0
qt,FP,02b7ec05d5713aec67577cebc18e5906b5a98598,llm_lime,qwen36_27b_local,full,0.2,,1,1.0,0.8,-0.07292303898138636,0.09069986215820952,5,0
qt,FP,02b7ec05d5713aec67577cebc18e5906b5a98598,llm_lime,qwen36_27b_local,full,0.2,,2,1.0,0.6,-0.059822722631070024,0.07759954580789322,5,0
qt,FP,02b7ec05d5713aec67577cebc18e5906b5a98598,llm_lime,qwen36_27b_local,full,0.2,,3,1.0,0.8,-0.05906494087648377,0.07684176405330694,5,0
qt,FP,02b7ec05d5713aec67577cebc18e5906b5a98598,llm_lime,qwen36_27b_local,full,0.2,,4,1.0,0.8,-0.05906494087648375,0.07684176405330692,5,0
qt,FP,02b7ec05d5713aec67577cebc18e5906b5a98598,llm_lime,qwen36_27b_local,full,0.2,,5,1.0,0.8,-0.08378707826290684,0.08378707826290684,5,0
qt,TN,88a8deea86fe69448ca1586c2ee567a53dee1008,llm_lime,qwen36_27b_local,full,0.2,,1,0.8,0.4,-0.04760446282732167,0.04760446282732167,5,0
qt,TN,88a8deea86fe69448ca1586c2ee567a53dee1008,llm_lime,qwen36_27b_local,full,0.2,,2,0.8,0.4,-0.04760446282732171,0.04760446282732171,5,0
qt,TN,88a8deea86fe69448ca1586c2ee567a53dee1008,llm_lime,qwen36_27b_local,full,0.2,,3,0.8,0.2,-0.033352939868138295,0.033352939868138295,5,0
qt,TN,88a8deea86fe69448ca1586c2ee567a53dee1008,llm_lime,qwen36_27b_local,full,0.2,,4,0.8,0.4,-0.04760446282732171,0.04760446282732171,5,0
qt,TN,88a8deea86fe69448ca1586c2ee567a53dee1008,llm_lime,qwen36_27b_local,full,0.2,,5,1.0,0.4,-0.04730657485390259,0.04730657485390259,5,0
qt,FP,1af927976ac953f922e35d71a16a32d328bb2efd,llm_lime,qwen36_27b_local,full,0.2,,1,1.0,0.4,-0.03854369227951846,0.04036981615564235,5,0
qt,FP,1af927976ac953f922e35d71a16a32d328bb2efd,llm_lime,qwen36_27b_local,full,0.2,,2,1.0,0.4,-0.03854369227951847,0.040369816155642335,5,0
qt,FP,1af927976ac953f922e35d71a16a32d328bb2efd,llm_lime,qwen36_27b_local,full,0.2,,3,1.0,0.4,-0.03854369227951846,0.04036981615564235,5,0
qt,FP,1af927976ac953f922e35d71a16a32d328bb2efd,llm_lime,qwen36_27b_local,full,0.2,,4,1.0,0.4,-0.03854369227951846,0.04036981615564232,5,0
qt,FP,1af927976ac953f922e35d71a16a32d328bb2efd,llm_lime,qwen36_27b_local,full,0.2,,5,1.0,0.4,-0.03450644356332237,0.03633256743944624,5,0
qt,FN,eaa54a8f9884652513c7c3ab489f31ff1e5d712c,llm_lime,qwen36_27b_local,full,0.2,,1,0.4,0.0,-0.008667568071463827,0.016677854153900752,5,0
qt,FN,eaa54a8f9884652513c7c3ab489f31ff1e5d712c,llm_lime,qwen36_27b_local,full,0.2,,2,0.4,0.0,-0.00866756807146385,0.016677854153900728,5,0
qt,FN,eaa54a8f9884652513c7c3ab489f31ff1e5d712c,llm_lime,qwen36_27b_local,full,0.2,,3,0.4,0.0,-0.00866756807146385,0.016677854153900773,5,0
qt,FN,eaa54a8f9884652513c7c3ab489f31ff1e5d712c,llm_lime,qwen36_27b_local,full,0.2,,4,0.8,0.2,-0.01199990544131797,0.020010191523754894,5,0
qt,FN,eaa54a8f9884652513c7c3ab489f31ff1e5d712c,llm_lime,qwen36_27b_local,full,0.2,,5,0.2,0.0,-0.00036630326514819345,0.019294965658804043,5,0
qt,TP,9d23aebb271ea534a66cb3aceb2e63d9a1c870d6,llm_lime,qwen36_27b_local,full,0.2,,1,1.0,1.0,-0.19695154750662208,0.19695154750662208,5,0
qt,TP,9d23aebb271ea534a66cb3aceb2e63d9a1c870d6,llm_lime,qwen36_27b_local,full,0.2,,2,1.0,0.8,-0.2142383488005662,0.2181963883800343,5,0
qt,TP,9d23aebb271ea534a66cb3aceb2e63d9a1c870d6,llm_lime,qwen36_27b_local,full,0.2,,3,1.0,1.0,-0.25641402788338813,0.25641402788338813,5,0
qt,TP,9d23aebb271ea534a66cb3aceb2e63d9a1c870d6,llm_lime,qwen36_27b_local,full,0.2,,4,1.0,1.0,-0.196951547506622,0.196951547506622,5,0
qt,TP,9d23aebb271ea534a66cb3aceb2e63d9a1c870d6,llm_lime,qwen36_27b_local,full,0.2,,5,1.0,1.0,-0.19695154750662203,0.19695154750662203,5,0
qt,FN,4e3917587b11432d2d892f5146b367de2a3e4864,llm_lime,qwen36_27b_local,full,0.2,,1,1.0,0.6,-0.058934243202226025,0.06273762657992907,5,0
qt,FN,4e3917587b11432d2d892f5146b367de2a3e4864,llm_lime,qwen36_27b_local,full,0.2,,2,1.0,0.6,-0.05893424320222609,0.0627376265799291,5,0
qt,FN,4e3917587b11432d2d892f5146b367de2a3e4864,llm_lime,qwen36_27b_local,full,0.2,,3,1.0,0.6,-0.05893424320222609,0.0627376265799291,5,0
qt,FN,4e3917587b11432d2d892f5146b367de2a3e4864,llm_lime,qwen36_27b_local,full,0.2,,4,1.0,0.6,-0.058934243202226066,0.06273762657992912,5,0
qt,FN,4e3917587b11432d2d892f5146b367de2a3e4864,llm_lime,qwen36_27b_local,full,0.2,,5,1.0,0.8,-0.08205650487009689,0.08205650487009689,5,0
qt,TN,bcf1167ccb52341d72e6e2921077d2244803ee8d,llm_lime,qwen36_27b_local,full,0.2,,1,1.0,0.6,0.017702222459074025,0.05925173109858708,5,0
qt,TN,bcf1167ccb52341d72e6e2921077d2244803ee8d,llm_lime,qwen36_27b_local,full,0.2,,2,1.0,0.4,-0.015088882767745315,0.02754657050357683,5,0
qt,TN,bcf1167ccb52341d72e6e2921077d2244803ee8d,llm_lime,qwen36_27b_local,full,0.2,,3,1.0,0.4,-0.015088882767745471,0.027546570503576805,5,0
qt,TN,bcf1167ccb52341d72e6e2921077d2244803ee8d,llm_lime,qwen36_27b_local,full,0.2,,4,1.0,0.4,-0.016099383674033473,0.02653606959728867,5,0
qt,TN,bcf1167ccb52341d72e6e2921077d2244803ee8d,llm_lime,qwen36_27b_local,full,0.2,,5,1.0,0.4,-0.011828826254117453,0.029720682385395603,5,0
qt,TN,3e379bcc799edb6a78bc8cea093a278dbe32f33c,llm_lime,qwen36_27b_local,full,0.2,,1,0.8,0.6,-0.05163073737627606,0.05163073737627606,5,0
qt,TN,3e379bcc799edb6a78bc8cea093a278dbe32f33c,llm_lime,qwen36_27b_local,full,0.2,,2,0.8,0.6,-0.051630737376276103,0.051630737376276103,5,0
qt,TN,3e379bcc799edb6a78bc8cea093a278dbe32f33c,llm_lime,qwen36_27b_local,full,0.2,,3,0.8,0.6,-0.05163073737627608,0.05163073737627608,5,0
qt,TN,3e379bcc799edb6a78bc8cea093a278dbe32f33c,llm_lime,qwen36_27b_local,full,0.2,,4,0.8,0.6,-0.05163073737627606,0.05163073737627606,5,0
qt,TN,3e379bcc799edb6a78bc8cea093a278dbe32f33c,llm_lime,qwen36_27b_local,full,0.2,,5,1.0,0.6,-0.051630737376276103,0.051630737376276103,5,0
qt,TN,4ebc2cf74e557b65a8ce1dc518ca92f399ce89e8,llm_lime,qwen36_27b_local,full,0.2,,1,0.8,0.8,0.025671362318779024,0.04253002581412897,5,0
qt,TN,4ebc2cf74e557b65a8ce1dc518ca92f399ce89e8,llm_lime,qwen36_27b_local,full,0.2,,2,0.6,0.8,0.024595968932832647,0.04415190896117331,5,0
qt,TN,4ebc2cf74e557b65a8ce1dc518ca92f399ce89e8,llm_lime,qwen36_27b_local,full,0.2,,3,0.8,0.8,0.025671362318779044,0.04253002581412899,5,0
qt,TN,4ebc2cf74e557b65a8ce1dc518ca92f399ce89e8,llm_lime,qwen36_27b_local,full,0.2,,4,0.8,0.8,0.025671362318779044,0.04253002581412899,5,0
qt,TN,4ebc2cf74e557b65a8ce1dc518ca92f399ce89e8,llm_lime,qwen36_27b_local,full,0.2,,5,0.8,0.8,0.025671362318779,0.042530025814128944,5,0
qt,FN,7e298e2f2ceeee1a2d1a81238ca019d9a0c9519f,llm_lime,qwen36_27b_local,full,0.2,,1,0.8,0.2,-0.020791977243568426,0.03831831009786062,5,0
qt,FN,7e298e2f2ceeee1a2d1a81238ca019d9a0c9519f,llm_lime,qwen36_27b_local,full,0.2,,2,1.0,0.6,-0.032778484818305496,0.0603013990843724,5,0
qt,FN,7e298e2f2ceeee1a2d1a81238ca019d9a0c9519f,llm_lime,qwen36_27b_local,full,0.2,,3,0.8,0.4,-0.0066166297611606195,0.04502348106789358,5,0
qt,FN,7e298e2f2ceeee1a2d1a81238ca019d9a0c9519f,llm_lime,qwen36_27b_local,full,0.2,,4,0.8,0.4,-0.003360410272484171,0.0461149871619053,5,0
qt,FN,7e298e2f2ceeee1a2d1a81238ca019d9a0c9519f,llm_lime,qwen36_27b_local,full,0.2,,5,1.0,0.6,-0.06355707827255422,0.07019947408618017,5,0
qt,FN,93dabeba9dc5f6cbab60e65b3cc8df5fe48745a9,llm_lime,qwen36_27b_local,full,0.2,,1,1.0,0.6,0.04920798009376728,0.05761325020475618,5,0
qt,FN,93dabeba9dc5f6cbab60e65b3cc8df5fe48745a9,llm_lime,qwen36_27b_local,full,0.2,,2,1.0,0.6,0.049207980093767256,0.05761325020475616,5,0
qt,FN,93dabeba9dc5f6cbab60e65b3cc8df5fe48745a9,llm_lime,qwen36_27b_local,full,0.2,,3,0.8,0.6,0.04920798009376728,0.05761325020475618,5,0
qt,FN,93dabeba9dc5f6cbab60e65b3cc8df5fe48745a9,llm_lime,qwen36_27b_local,full,0.2,,4,1.0,0.6,0.04920798009376719,0.05761325020475614,5,0
qt,FN,93dabeba9dc5f6cbab60e65b3cc8df5fe48745a9,llm_lime,qwen36_27b_local,full,0.2,,5,1.0,0.6,0.049207980093767256,0.0576132502047562,5,0
qt,TN,0234e5c96417f451f8de279b8ff92734836badd4,llm_lime,qwen36_27b_local,full,0.2,,1,0.8,0.2,0.008954222280917978,0.020292520018955075,5,0
qt,TN,0234e5c96417f451f8de279b8ff92734836badd4,llm_lime,qwen36_27b_local,full,0.2,,2,0.8,0.2,0.015370216410974824,0.024722244550959328,5,0
qt,TN,0234e5c96417f451f8de279b8ff92734836badd4,llm_lime,qwen36_27b_local,full,0.2,,3,0.8,0.2,0.01386223914446787,0.019152438922213876,5,0
qt,TN,0234e5c96417f451f8de279b8ff92734836badd4,llm_lime,qwen36_27b_local,full,0.2,,4,0.8,0.2,0.008954222280918,0.020292520018955096,5,0
qt,TN,0234e5c96417f451f8de279b8ff92734836badd4,llm_lime,qwen36_27b_local,full,0.2,,5,0.8,0.2,0.008954222280918068,0.020292520018955075,5,0
qt,FP,eb93d7b51773b43e6a3e41961898a6033bcd9479,llm_lime,qwen36_27b_local,full,0.2,,1,1.0,0.6,-0.057556404875012304,0.07098677038890275,5,0
qt,FP,eb93d7b51773b43e6a3e41961898a6033bcd9479,llm_lime,qwen36_27b_local,full,0.2,,2,1.0,0.6,-0.057556404875012304,0.07098677038890273,5,0
qt,FP,eb93d7b51773b43e6a3e41961898a6033bcd9479,llm_lime,qwen36_27b_local,full,0.2,,3,1.0,0.6,-0.05755640487501231,0.07098677038890275,5,0
qt,FP,eb93d7b51773b43e6a3e41961898a6033bcd9479,llm_lime,qwen36_27b_local,full,0.2,,4,1.0,0.6,-0.05800683765756896,0.07053633760634609,5,0
qt,FP,eb93d7b51773b43e6a3e41961898a6033bcd9479,llm_lime,qwen36_27b_local,full,0.2,,5,1.0,0.6,-0.057556404875012304,0.07098677038890275,5,0
qt,FN,e6d17c8691bfafa033b82a4d81a9caf4a2fd1b85,llm_lime,qwen36_27b_local,full,0.2,,1,0.6,0.4,0.015426661468783132,0.04263419315278536,5,0
qt,FN,e6d17c8691bfafa033b82a4d81a9caf4a2fd1b85,llm_lime,qwen36_27b_local,full,0.2,,2,0.8,0.6,0.004806015448137168,0.04876881567312234,5,0
qt,FN,e6d17c8691bfafa033b82a4d81a9caf4a2fd1b85,llm_lime,qwen36_27b_local,full,0.2,,3,0.8,0.6,-0.0029323477483551796,0.05650717886961461,5,0
qt,FN,e6d17c8691bfafa033b82a4d81a9caf4a2fd1b85,llm_lime,qwen36_27b_local,full,0.2,,4,0.6,0.4,0.015426661468783154,0.04263419315278547,5,0
qt,FN,e6d17c8691bfafa033b82a4d81a9caf4a2fd1b85,llm_lime,qwen36_27b_local,full,0.2,,5,0.8,0.6,-0.0029323477483552017,0.05650717886961458,5,0
qt,FN,5303225aef739c534714c1ac1d4dd096f0cc38d0,llm_lime,qwen36_27b_local,full,0.2,,1,0.6,0.8,0.02036102801037003,0.06286683103660515,5,0
qt,FN,5303225aef739c534714c1ac1d4dd096f0cc38d0,llm_lime,qwen36_27b_local,full,0.2,,2,0.6,0.8,0.003366601521210111,0.06514974787732904,5,0
qt,FN,5303225aef739c534714c1ac1d4dd096f0cc38d0,llm_lime,qwen36_27b_local,full,0.2,,3,0.6,0.8,-0.002979037912727489,0.058804108443391435,5,0
qt,FN,5303225aef739c534714c1ac1d4dd096f0cc38d0,llm_lime,qwen36_27b_local,full,0.2,,4,0.6,0.8,0.020361028010370097,0.06286683103660522,5,0
qt,FN,5303225aef739c534714c1ac1d4dd096f0cc38d0,llm_lime,qwen36_27b_local,full,0.2,,5,0.4,1.0,0.008580687557330768,0.07036383391344969,5,0
qt,FN,a69edf01cb0a2a06282dc7b89724ffa542f6546d,llm_lime,qwen36_27b_local,full,0.2,,1,0.6,0.6,-0.006581469832990461,0.054439136236655326,5,0
qt,FN,a69edf01cb0a2a06282dc7b89724ffa542f6546d,llm_lime,qwen36_27b_local,full,0.2,,2,0.8,0.4,-0.018838192078998506,0.04218241399064728,5,0
qt,FN,a69edf01cb0a2a06282dc7b89724ffa542f6546d,llm_lime,qwen36_27b_local,full,0.2,,3,0.8,0.6,-0.005942477872569985,0.055078128197075804,5,0
qt,FN,a69edf01cb0a2a06282dc7b89724ffa542f6546d,llm_lime,qwen36_27b_local,full,0.2,,4,1.0,0.6,-0.012884292971007705,0.052959646489957456,5,0
qt,FN,a69edf01cb0a2a06282dc7b89724ffa542f6546d,llm_lime,qwen36_27b_local,full,0.2,,5,0.8,0.4,-0.01883819207899846,0.04218241399064724,5,0
qt,FP,e58fdbaeb033a801ac7b5dd1f63657b36d6e1305,llm_lime,qwen36_27b_local,full,0.2,,1,1.0,1.0,-0.18988578159701933,0.18988578159701933,5,0
qt,FP,e58fdbaeb033a801ac7b5dd1f63657b36d6e1305,llm_lime,qwen36_27b_local,full,0.2,,2,1.0,1.0,-0.18988578159701924,0.18988578159701924,5,0
qt,FP,e58fdbaeb033a801ac7b5dd1f63657b36d6e1305,llm_lime,qwen36_27b_local,full,0.2,,3,1.0,0.8,-0.13082955604325266,0.13082955604325266,5,0
qt,FP,e58fdbaeb033a801ac7b5dd1f63657b36d6e1305,llm_lime,qwen36_27b_local,full,0.2,,4,1.0,0.8,-0.1308295560432527,0.1308295560432527,5,0
qt,FP,e58fdbaeb033a801ac7b5dd1f63657b36d6e1305,llm_lime,qwen36_27b_local,full,0.2,,5,1.0,1.0,-0.18988578159701933,0.18988578159701933,5,0
qt,TP,d3393ce25833c0afd7f0fa6b85fd6f3bd7ad520a,llm_lime,qwen36_27b_local,full,0.2,,1,1.0,1.0,-0.08405333245186197,0.096997547760363,5,0
qt,TP,d3393ce25833c0afd7f0fa6b85fd6f3bd7ad520a,llm_lime,qwen36_27b_local,full,0.2,,2,1.0,0.8,-0.09476756884572023,0.09476756884572023,5,0
qt,TP,d3393ce25833c0afd7f0fa6b85fd6f3bd7ad520a,llm_lime,qwen36_27b_local,full,0.2,,3,1.0,1.0,-0.10293746047320748,0.10293746047320748,5,0
qt,TP,d3393ce25833c0afd7f0fa6b85fd6f3bd7ad520a,llm_lime,qwen36_27b_local,full,0.2,,4,1.0,0.8,-0.09609389458531385,0.09609389458531385,5,0
qt,TP,d3393ce25833c0afd7f0fa6b85fd6f3bd7ad520a,llm_lime,qwen36_27b_local,full,0.2,,5,0.6,1.0,-0.084053332451862,0.09699754776036303,5,0
qt,FN,6486a4bd196ca2bf0047ae80e78eee06e5e18e18,llm_lime,qwen36_27b_local,full,0.2,,1,0.8,0.6,0.026369092886738964,0.040003582206942355,5,0
qt,FN,6486a4bd196ca2bf0047ae80e78eee06e5e18e18,llm_lime,qwen36_27b_local,full,0.2,,2,1.0,1.0,-0.005314771631876769,0.06285392345749467,5,0
qt,FN,6486a4bd196ca2bf0047ae80e78eee06e5e18e18,llm_lime,qwen36_27b_local,full,0.2,,3,0.8,0.6,0.026369092886738988,0.040003582206942376,5,0
qt,FN,6486a4bd196ca2bf0047ae80e78eee06e5e18e18,llm_lime,qwen36_27b_local,full,0.2,,4,0.8,0.6,0.02578651237201559,0.03942100169221898,5,0
qt,FN,6486a4bd196ca2bf0047ae80e78eee06e5e18e18,llm_lime,qwen36_27b_local,full,0.2,,5,0.8,0.6,0.026369092886739054,0.040003582206942445,5,0
qt,FP,ddb4fb4c60987ce6e0b9e50de9a5f3a7ff0e8757,llm_lime,qwen36_27b_local,full,0.2,,1,1.0,0.8,-0.005876636123520301,0.09201297839413976,5,0
qt,FP,ddb4fb4c60987ce6e0b9e50de9a5f3a7ff0e8757,llm_lime,qwen36_27b_local,full,0.2,,2,1.0,0.8,-0.021059589760918717,0.07683002475674136,5,0
qt,FP,ddb4fb4c60987ce6e0b9e50de9a5f3a7ff0e8757,llm_lime,qwen36_27b_local,full,0.2,,3,1.0,0.8,-0.00587663612352034,0.09201297839413973,5,0
qt,FP,ddb4fb4c60987ce6e0b9e50de9a5f3a7ff0e8757,llm_lime,qwen36_27b_local,full,0.2,,4,0.8,1.0,-0.014233991445307664,0.09605733768939724,5,0
qt,FP,ddb4fb4c60987ce6e0b9e50de9a5f3a7ff0e8757,llm_lime,qwen36_27b_local,full,0.2,,5,1.0,0.8,-0.021059589760918714,0.07683002475674135,5,0
qt,TP,03a1675eac4baf8c7a6e0602102bbafa3176771c,llm_lime,qwen36_27b_local,full,0.2,,1,0.8,0.6,-0.024218201364612453,0.06874492125242035,5,0
qt,TP,03a1675eac4baf8c7a6e0602102bbafa3176771c,llm_lime,qwen36_27b_local,full,0.2,,2,1.0,0.4,0.002083082642700085,0.04244363724510779,5,0
qt,TP,03a1675eac4baf8c7a6e0602102bbafa3176771c,llm_lime,qwen36_27b_local,full,0.2,,3,0.8,0.4,0.002083082642700085,0.042443637245107815,5,0
qt,TP,03a1675eac4baf8c7a6e0602102bbafa3176771c,llm_lime,qwen36_27b_local,full,0.2,,4,1.0,0.6,-0.024218201364612453,0.06874492125242035,5,0
qt,TP,03a1675eac4baf8c7a6e0602102bbafa3176771c,llm_lime,qwen36_27b_local,full,0.2,,5,0.8,0.6,-0.024218201364612463,0.06874492125242036,5,0
qt,FP,36997810d9fec492635152be89efaa55208e224a,llm_lime,qwen36_27b_local,full,0.2,,1,0.6,0.4,-0.021432572555581637,0.03803375232818999,5,0
qt,FP,36997810d9fec492635152be89efaa55208e224a,llm_lime,qwen36_27b_local,full,0.2,,2,0.6,0.4,-0.05432185558200532,0.05432185558200532,5,0
qt,FP,36997810d9fec492635152be89efaa55208e224a,llm_lime,qwen36_27b_local,full,0.2,,3,0.6,0.4,-0.023411729742932107,0.040012909515540464,5,0
qt,FP,36997810d9fec492635152be89efaa55208e224a,llm_lime,qwen36_27b_local,full,0.2,,4,0.8,0.8,-0.07888349751150442,0.09548467728411278,5,0
qt,FP,36997810d9fec492635152be89efaa55208e224a,llm_lime,qwen36_27b_local,full,0.2,,5,0.6,0.6,-0.041586086589093546,0.05818726636170188,5,0
qt,TN,4f4ad7c262ce4723417efa14c4d3fdb875be53d0,llm_lime,qwen36_27b_local,full,0.2,,1,0.6,0.8,-0.03749358388750752,0.04485173056081091,5,0
qt,TN,4f4ad7c262ce4723417efa14c4d3fdb875be53d0,llm_lime,qwen36_27b_local,full,0.2,,2,0.8,0.6,-0.024051251029000853,0.03757289436281044,5,0
qt,TN,4f4ad7c262ce4723417efa14c4d3fdb875be53d0,llm_lime,qwen36_27b_local,full,0.2,,3,0.6,0.8,-0.04695605971873986,0.04695605971873986,5,0
qt,TN,4f4ad7c262ce4723417efa14c4d3fdb875be53d0,llm_lime,qwen36_27b_local,full,0.2,,4,0.6,0.8,-0.04695605971873982,0.04695605971873982,5,0
qt,TN,4f4ad7c262ce4723417efa14c4d3fdb875be53d0,llm_lime,qwen36_27b_local,full,0.2,,5,1.0,0.6,-0.031980818418686455,0.041210131962285734,5,0
qt,TP,a50911bc0bfca1185e99ce6638fbf03cf592789d,llm_lime,qwen36_27b_local,full,0.2,,1,1.0,0.8,-0.02707925415953976,0.07407946546404368,5,0
qt,TP,a50911bc0bfca1185e99ce6638fbf03cf592789d,llm_lime,qwen36_27b_local,full,0.2,,2,1.0,0.8,-0.03984915227717461,0.06130956734640885,5,0
qt,TP,a50911bc0bfca1185e99ce6638fbf03cf592789d,llm_lime,qwen36_27b_local,full,0.2,,3,1.0,0.8,-0.03984915227717462,0.061309567346408814,5,0
qt,TP,a50911bc0bfca1185e99ce6638fbf03cf592789d,llm_lime,qwen36_27b_local,full,0.2,,4,1.0,0.8,-0.027079254159539757,0.07407946546404368,5,0
qt,TP,a50911bc0bfca1185e99ce6638fbf03cf592789d,llm_lime,qwen36_27b_local,full,0.2,,5,1.0,0.8,-0.03446427914351279,0.0624610603508102,5,0
qt,TP,bb199cc8ad4111808260f6255312b08c7d81dcbc,llm_lime,qwen36_27b_local,full,0.2,,1,0.8,0.6,-0.06863236414778577,0.0831600055731451,5,0
qt,TP,bb199cc8ad4111808260f6255312b08c7d81dcbc,llm_lime,qwen36_27b_local,full,0.2,,2,0.8,0.6,-0.06863236414778573,0.0831600055731451,5,0
qt,TP,bb199cc8ad4111808260f6255312b08c7d81dcbc,llm_lime,qwen36_27b_local,full,0.2,,3,0.8,0.6,-0.06863236414778576,0.08316000557314507,5,0
qt,TP,bb199cc8ad4111808260f6255312b08c7d81dcbc,llm_lime,qwen36_27b_local,full,0.2,,4,0.8,0.6,-0.06863236414778573,0.0831600055731451,5,0
qt,TP,bb199cc8ad4111808260f6255312b08c7d81dcbc,llm_lime,qwen36_27b_local,full,0.2,,5,0.8,0.6,-0.06863236414778574,0.08316000557314511,5,0
qt,FP,6a91dcba2e4fa85dc345c2d403c757ab7676e28c,llm_lime,qwen36_27b_local,full,0.2,,1,1.0,0.6,-0.04834249407663767,0.060266593555470774,5,0
qt,FP,6a91dcba2e4fa85dc345c2d403c757ab7676e28c,llm_lime,qwen36_27b_local,full,0.2,,2,1.0,0.6,-0.04834249407663766,0.06026659355547077,5,0
qt,FP,6a91dcba2e4fa85dc345c2d403c757ab7676e28c,llm_lime,qwen36_27b_local,full,0.2,,3,1.0,0.6,-0.048342494076637675,0.06026659355547078,5,0
qt,FP,6a91dcba2e4fa85dc345c2d403c757ab7676e28c,llm_lime,qwen36_27b_local,full,0.2,,4,1.0,0.6,-0.048342494076637675,0.06026659355547078,5,0
qt,FP,6a91dcba2e4fa85dc345c2d403c757ab7676e28c,llm_lime,qwen36_27b_local,full,0.2,,5,1.0,0.6,-0.048342494076637654,0.0602665935554708,5,0
qt,TN,e38a98ad4453974b2848eeed02d81e0c408ce0c6,llm_lime,qwen36_27b_local,full,0.2,,1,1.0,0.4,0.002060935220135285,0.03266372326947313,5,0
qt,TN,e38a98ad4453974b2848eeed02d81e0c408ce0c6,llm_lime,qwen36_27b_local,full,0.2,,2,1.0,0.4,0.002060935220135285,0.03266372326947313,5,0
qt,TN,e38a98ad4453974b2848eeed02d81e0c408ce0c6,llm_lime,qwen36_27b_local,full,0.2,,3,1.0,0.4,0.0020609352201352406,0.03266372326947318,5,0
qt,TN,e38a98ad4453974b2848eeed02d81e0c408ce0c6,llm_lime,qwen36_27b_local,full,0.2,,4,1.0,0.4,0.0020609352201352406,0.03266372326947318,5,0
qt,TN,e38a98ad4453974b2848eeed02d81e0c408ce0c6,llm_lime,qwen36_27b_local,full,0.2,,5,1.0,0.4,0.0020609352201352627,0.0326637232694732,5,0
qt,FP,1c6d5b0696f324495e95a12f7718ae7593c9b58a,llm_lime,qwen36_27b_local,full,0.2,,1,1.0,0.8,-0.12831416396284756,0.13002304667677222,5,0
qt,FP,1c6d5b0696f324495e95a12f7718ae7593c9b58a,llm_lime,qwen36_27b_local,full,0.2,,2,0.8,0.8,-0.09711240050074574,0.0988212832146704,5,0
qt,FP,1c6d5b0696f324495e95a12f7718ae7593c9b58a,llm_lime,qwen36_27b_local,full,0.2,,3,1.0,0.8,-0.12831416396284756,0.13002304667677222,5,0
qt,FP,1c6d5b0696f324495e95a12f7718ae7593c9b58a,llm_lime,qwen36_27b_local,full,0.2,,4,0.8,0.8,-0.1266427544200094,0.12835163713393408,5,0
qt,FP,1c6d5b0696f324495e95a12f7718ae7593c9b58a,llm_lime,qwen36_27b_local,full,0.2,,5,1.0,0.8,-0.12831416396284756,0.13002304667677222,5,0
qt,FP,cd542a82b0c2d5c9a4ea167a84e5ea8a25c5d969,llm_lime,qwen36_27b_local,full,0.2,,1,1.0,0.6,-0.05579068679870249,0.057079017515604645,5,0
qt,FP,cd542a82b0c2d5c9a4ea167a84e5ea8a25c5d969,llm_lime,qwen36_27b_local,full,0.2,,2,1.0,0.6,-0.05287049564531808,0.05999920866898908,5,0
qt,FP,cd542a82b0c2d5c9a4ea167a84e5ea8a25c5d969,llm_lime,qwen36_27b_local,full,0.2,,3,1.0,0.6,-0.05287049564531808,0.05999920866898908,5,0
qt,FP,cd542a82b0c2d5c9a4ea167a84e5ea8a25c5d969,llm_lime,qwen36_27b_local,full,0.2,,4,1.0,0.8,-0.07450455952114446,0.07579289023804661,5,0
qt,FP,cd542a82b0c2d5c9a4ea167a84e5ea8a25c5d969,llm_lime,qwen36_27b_local,full,0.2,,5,1.0,0.6,-0.055790686798702485,0.05707901751560464,5,0
qt,TP,b254b03dc3b1cfcfc5f17158d2470e0a9a946a0e,llm_lime,qwen36_27b_local,full,0.2,,1,1.0,1.0,-0.12519448220350413,0.12519448220350413,5,0
qt,TP,b254b03dc3b1cfcfc5f17158d2470e0a9a946a0e,llm_lime,qwen36_27b_local,full,0.2,,2,1.0,0.8,-0.10436725322947067,0.10624472575694317,5,0
qt,TP,b254b03dc3b1cfcfc5f17158d2470e0a9a946a0e,llm_lime,qwen36_27b_local,full,0.2,,3,0.8,0.8,-0.09984572661993688,0.10172319914740938,5,0
qt,TP,b254b03dc3b1cfcfc5f17158d2470e0a9a946a0e,llm_lime,qwen36_27b_local,full,0.2,,4,0.8,0.8,-0.10874021122385717,0.10874021122385717,5,0
qt,TP,b254b03dc3b1cfcfc5f17158d2470e0a9a946a0e,llm_lime,qwen36_27b_local,full,0.2,,5,1.0,0.8,-0.11147011014698924,0.11334758267446174,5,0
qt,TP,1a7bc520c5df4da80b7e65acbec1f546f9c87870,llm_lime,qwen36_27b_local,full,0.2,,1,0.8,0.6,-0.0992673751696272,0.0992673751696272,5,0
qt,TP,1a7bc520c5df4da80b7e65acbec1f546f9c87870,llm_lime,qwen36_27b_local,full,0.2,,2,0.8,0.6,-0.09794543640354916,0.09794543640354916,5,0
qt,TP,1a7bc520c5df4da80b7e65acbec1f546f9c87870,llm_lime,qwen36_27b_local,full,0.2,,3,0.8,0.6,-0.09926737516962725,0.09926737516962725,5,0
qt,TP,1a7bc520c5df4da80b7e65acbec1f546f9c87870,llm_lime,qwen36_27b_local,full,0.2,,4,0.8,0.6,-0.08790444286409285,0.08790444286409285,5,0
qt,TP,1a7bc520c5df4da80b7e65acbec1f546f9c87870,llm_lime,qwen36_27b_local,full,0.2,,5,0.8,0.6,-0.09794543640354916,0.09794543640354916,5,0
qt,FN,5629823b05ca7d24924ac879b5a0469a3cb03e78,llm_lime,qwen36_27b_local,full,0.2,,1,1.0,0.6,-0.051682774425777,0.06726554758732439,5,0
qt,FN,5629823b05ca7d24924ac879b5a0469a3cb03e78,llm_lime,qwen36_27b_local,full,0.2,,2,1.0,0.6,-0.051682774425777046,0.06726554758732439,5,0
qt,FN,5629823b05ca7d24924ac879b5a0469a3cb03e78,llm_lime,qwen36_27b_local,full,0.2,,3,1.0,0.6,-0.06320977396721061,0.06433405502525251,5,0
qt,FN,5629823b05ca7d24924ac879b5a0469a3cb03e78,llm_lime,qwen36_27b_local,full,0.2,,4,1.0,0.6,-0.051682774425777026,0.06726554758732436,5,0
qt,FN,5629823b05ca7d24924ac879b5a0469a3cb03e78,llm_lime,qwen36_27b_local,full,0.2,,5,1.0,0.6,-0.051682774425777,0.06726554758732439,5,0
qt,TN,9b54447e453e2cb7b7375e2c6104b2595ab1594e,llm_lime,qwen36_27b_local,full,0.2,,1,0.8,0.6,-0.04940010828516581,0.04940010828516581,5,0
qt,TN,9b54447e453e2cb7b7375e2c6104b2595ab1594e,llm_lime,qwen36_27b_local,full,0.2,,2,0.8,0.6,-0.04564053630399938,0.04564053630399938,5,0
qt,TN,9b54447e453e2cb7b7375e2c6104b2595ab1594e,llm_lime,qwen36_27b_local,full,0.2,,3,0.8,0.6,-0.05572593976608349,0.05572593976608349,5,0
qt,TN,9b54447e453e2cb7b7375e2c6104b2595ab1594e,llm_lime,qwen36_27b_local,full,0.2,,4,1.0,0.4,-0.034811378637988555,0.044275832730262255,5,0
qt,TN,9b54447e453e2cb7b7375e2c6104b2595ab1594e,llm_lime,qwen36_27b_local,full,0.2,,5,0.8,0.6,-0.05572593976608349,0.05572593976608349,5,0
qt,FP,3981a1f440914e8108af3d854a1b01dd596a8a0e,llm_lime,qwen36_27b_local,full,0.2,,1,0.8,0.6,-0.06085475800788693,0.11696428533350402,5,0
qt,FP,3981a1f440914e8108af3d854a1b01dd596a8a0e,llm_lime,qwen36_27b_local,full,0.2,,2,0.8,0.6,-0.06085475800788695,0.116964285333504,5,0
qt,FP,3981a1f440914e8108af3d854a1b01dd596a8a0e,llm_lime,qwen36_27b_local,full,0.2,,3,0.8,0.8,-0.05564913183396272,0.12216991150742823,5,0
qt,FP,3981a1f440914e8108af3d854a1b01dd596a8a0e,llm_lime,qwen36_27b_local,full,0.2,,4,0.8,0.6,-0.06085475800788693,0.11696428533350402,5,0
qt,FP,3981a1f440914e8108af3d854a1b01dd596a8a0e,llm_lime,qwen36_27b_local,full,0.2,,5,1.0,0.6,-0.06085475800788693,0.11696428533350402,5,0
qt,TN,4331ccd4b735d9d721a384193a3d42ee2ce6c805,llm_lime,qwen36_27b_local,full,0.2,,1,0.8,0.8,-0.020673966291339663,0.04857194294125768,5,0
qt,TN,4331ccd4b735d9d721a384193a3d42ee2ce6c805,llm_lime,qwen36_27b_local,full,0.2,,2,0.8,0.8,-0.020673966291339642,0.04857194294125757,5,0
qt,TN,4331ccd4b735d9d721a384193a3d42ee2ce6c805,llm_lime,qwen36_27b_local,full,0.2,,3,1.0,0.6,-0.030593637655363957,0.04557076011158301,5,0
qt,TN,4331ccd4b735d9d721a384193a3d42ee2ce6c805,llm_lime,qwen36_27b_local,full,0.2,,4,0.8,0.6,-0.030593637655364048,0.0455707601115831,5,0
qt,TN,4331ccd4b735d9d721a384193a3d42ee2ce6c805,llm_lime,qwen36_27b_local,full,0.2,,5,0.8,0.8,-0.020673966291339642,0.04857194294125762,5,0
qt,TP,afbb57ae84ecbee5fab9eb6e58356b19d7995ea5,llm_lime,qwen36_27b_local,full,0.2,,1,1.0,0.8,-0.14100631760752216,0.1434035489476107,5,0
qt,TP,afbb57ae84ecbee5fab9eb6e58356b19d7995ea5,llm_lime,qwen36_27b_local,full,0.2,,2,1.0,0.8,-0.14100631760752216,0.1434035489476107,5,0
qt,TP,afbb57ae84ecbee5fab9eb6e58356b19d7995ea5,llm_lime,qwen36_27b_local,full,0.2,,3,1.0,1.0,-0.1758491378824853,0.1758491378824853,5,0
qt,TP,afbb57ae84ecbee5fab9eb6e58356b19d7995ea5,llm_lime,qwen36_27b_local,full,0.2,,4,1.0,0.8,-0.14100631760752216,0.1434035489476107,5,0
qt,TP,afbb57ae84ecbee5fab9eb6e58356b19d7995ea5,llm_lime,qwen36_27b_local,full,0.2,,5,1.0,0.8,-0.1410063176075222,0.1434035489476107,5,0
qt,TP,17513266b81e88b84fda250734f07c94a198fabc,llm_lime,qwen36_27b_local,full,0.2,,1,0.8,0.8,-0.0869820085395356,0.0869820085395356,5,0
qt,TP,17513266b81e88b84fda250734f07c94a198fabc,llm_lime,qwen36_27b_local,full,0.2,,2,1.0,0.8,-0.08698200853953561,0.08698200853953561,5,0
qt,TP,17513266b81e88b84fda250734f07c94a198fabc,llm_lime,qwen36_27b_local,full,0.2,,3,0.8,0.8,-0.0869820085395356,0.0869820085395356,5,0
qt,TP,17513266b81e88b84fda250734f07c94a198fabc,llm_lime,qwen36_27b_local,full,0.2,,4,0.8,0.8,-0.08698200853953558,0.08698200853953558,5,0
qt,TP,17513266b81e88b84fda250734f07c94a198fabc,llm_lime,qwen36_27b_local,full,0.2,,5,0.8,0.8,-0.0869820085395356,0.0869820085395356,5,0
qt,FN,cdbc4b83d59e08189d6ece9ccd88a646be155c08,llm_lime,qwen36_27b_local,full,0.2,,1,1.0,0.6,-0.04089807729192083,0.04089807729192083,5,0
qt,FN,cdbc4b83d59e08189d6ece9ccd88a646be155c08,llm_lime,qwen36_27b_local,full,0.2,,2,1.0,0.6,-0.04089807729192081,0.04089807729192081,5,0
qt,FN,cdbc4b83d59e08189d6ece9ccd88a646be155c08,llm_lime,qwen36_27b_local,full,0.2,,3,0.8,0.6,-0.028380999702052455,0.032093244600011596,5,0
qt,FN,cdbc4b83d59e08189d6ece9ccd88a646be155c08,llm_lime,qwen36_27b_local,full,0.2,,4,0.8,0.4,-0.03199958411842765,0.03571182901638679,5,0
qt,FN,cdbc4b83d59e08189d6ece9ccd88a646be155c08,llm_lime,qwen36_27b_local,full,0.2,,5,1.0,0.6,-0.03504096830487815,0.03504096830487815,5,0
qt,FP,753c744b23abfecad6463890dfdf6e97c7eeaa5c,llm_lime,qwen36_27b_local,full,0.2,,1,1.0,0.8,0.007899416235176242,0.11536559191413398,5,0
qt,FP,753c744b23abfecad6463890dfdf6e97c7eeaa5c,llm_lime,qwen36_27b_local,full,0.2,,2,1.0,0.8,0.007899416235176277,0.11536559191413402,5,0
qt,FP,753c744b23abfecad6463890dfdf6e97c7eeaa5c,llm_lime,qwen36_27b_local,full,0.2,,3,1.0,0.8,0.00789941623517625,0.11536559191413401,5,0
qt,FP,753c744b23abfecad6463890dfdf6e97c7eeaa5c,llm_lime,qwen36_27b_local,full,0.2,,4,1.0,0.8,0.00789941623517625,0.11536559191413401,5,0
qt,FP,753c744b23abfecad6463890dfdf6e97c7eeaa5c,llm_lime,qwen36_27b_local,full,0.2,,5,1.0,0.8,0.00789941623517626,0.11536559191413401,5,0
qt,TP,a4f8b9ae6dfacf9ad5c190cde6098ebf13102f41,llm_lime,qwen36_27b_local,full,0.2,,1,1.0,0.8,-0.018649273109410048,0.0781365574907725,5,0
qt,TP,a4f8b9ae6dfacf9ad5c190cde6098ebf13102f41,llm_lime,qwen36_27b_local,full,0.2,,2,1.0,0.6,-0.021061037444053722,0.07572479315612883,5,0
qt,TP,a4f8b9ae6dfacf9ad5c190cde6098ebf13102f41,llm_lime,qwen36_27b_local,full,0.2,,3,1.0,0.6,-0.021061037444053722,0.07572479315612883,5,0
qt,TP,a4f8b9ae6dfacf9ad5c190cde6098ebf13102f41,llm_lime,qwen36_27b_local,full,0.2,,4,1.0,0.8,-0.017299087580653117,0.07948674301952949,5,0
qt,TP,a4f8b9ae6dfacf9ad5c190cde6098ebf13102f41,llm_lime,qwen36_27b_local,full,0.2,,5,1.0,0.8,-0.01864927310941007,0.07813655749077249,5,0
qt,TP,fca89004d75412dd378cc44ad79ed3c1e05c765b,llm_lime,qwen36_27b_local,full,0.2,,1,1.0,0.8,-0.04265097192345109,0.08360200058666442,5,0
qt,TP,fca89004d75412dd378cc44ad79ed3c1e05c765b,llm_lime,qwen36_27b_local,full,0.2,,2,1.0,0.8,-0.01518264434006138,0.0950098862310407,5,0
qt,TP,fca89004d75412dd378cc44ad79ed3c1e05c765b,llm_lime,qwen36_27b_local,full,0.2,,3,1.0,0.8,-0.015182644340061413,0.09500988623104062,5,0
qt,TP,fca89004d75412dd378cc44ad79ed3c1e05c765b,llm_lime,qwen36_27b_local,full,0.2,,4,1.0,0.8,-0.04265097192345109,0.08360200058666442,5,0
qt,TP,fca89004d75412dd378cc44ad79ed3c1e05c765b,llm_lime,qwen36_27b_local,full,0.2,,5,1.0,0.8,-0.04265097192345109,0.08360200058666442,5,0
qt,FP,3d3ce2afe1937531f5fdc2af56697e93133e6d98,llm_lofo,qwen36_27b_local,full,0.2,,1,0.8,0.8,-0.019017434198559707,0.08286073851329273,5,0
qt,FP,3d3ce2afe1937531f5fdc2af56697e93133e6d98,llm_lofo,qwen36_27b_local,full,0.2,,2,0.8,0.8,-0.019017434198559703,0.08286073851329272,5,0
qt,FP,3d3ce2afe1937531f5fdc2af56697e93133e6d98,llm_lofo,qwen36_27b_local,full,0.2,,3,0.8,0.8,-0.04583608697435537,0.07942685572940988,5,0
qt,FP,3d3ce2afe1937531f5fdc2af56697e93133e6d98,llm_lofo,qwen36_27b_local,full,0.2,,4,0.8,0.8,-0.019017434198559703,0.08286073851329272,5,0
qt,FP,3d3ce2afe1937531f5fdc2af56697e93133e6d98,llm_lofo,qwen36_27b_local,full,0.2,,5,0.8,0.8,-0.019017434198559707,0.08286073851329273,5,0
qt,TN,eb5994df1307b2e17e729374e1f7ab1c8fe82750,llm_lofo,qwen36_27b_local,full,0.2,,1,0.8,0.6,-0.04797922143286182,0.04797922143286182,5,0
qt,TN,eb5994df1307b2e17e729374e1f7ab1c8fe82750,llm_lofo,qwen36_27b_local,full,0.2,,2,0.8,0.6,-0.04797922143286184,0.04797922143286184,5,0
qt,TN,eb5994df1307b2e17e729374e1f7ab1c8fe82750,llm_lofo,qwen36_27b_local,full,0.2,,3,0.8,0.6,-0.04797922143286182,0.04797922143286182,5,0
qt,TN,eb5994df1307b2e17e729374e1f7ab1c8fe82750,llm_lofo,qwen36_27b_local,full,0.2,,4,0.8,0.6,-0.04797922143286182,0.04797922143286182,5,0
qt,TN,eb5994df1307b2e17e729374e1f7ab1c8fe82750,llm_lofo,qwen36_27b_local,full,0.2,,5,0.8,0.6,-0.04797922143286182,0.04797922143286182,5,0
qt,FN,2ad213cc02094e003802530757fa4010720a22e6,llm_lofo,qwen36_27b_local,full,0.2,,1,1.0,0.4,-0.01466856519567703,0.022547994670816453,5,0
qt,FN,2ad213cc02094e003802530757fa4010720a22e6,llm_lofo,qwen36_27b_local,full,0.2,,2,1.0,0.4,-0.00665972823431904,0.024182695124424437,5,0
qt,FN,2ad213cc02094e003802530757fa4010720a22e6,llm_lofo,qwen36_27b_local,full,0.2,,3,1.0,0.2,0.004937431306714845,0.016821204676202538,5,0
qt,FN,2ad213cc02094e003802530757fa4010720a22e6,llm_lofo,qwen36_27b_local,full,0.2,,4,1.0,0.4,-0.001431112802132195,0.023189748785049535,5,0
qt,FN,2ad213cc02094e003802530757fa4010720a22e6,llm_lofo,qwen36_27b_local,full,0.2,,5,1.0,0.2,-0.008300021086830034,0.016179450561969455,5,0
qt,TP,256bbc4f139036a780a63b80af8bb461a77d333a,llm_lofo,qwen36_27b_local,full,0.2,,1,1.0,1.0,-0.15952799251264363,0.15952799251264363,5,0
qt,TP,256bbc4f139036a780a63b80af8bb461a77d333a,llm_lofo,qwen36_27b_local,full,0.2,,2,1.0,1.0,-0.1595279925126436,0.1595279925126436,5,0
qt,TP,256bbc4f139036a780a63b80af8bb461a77d333a,llm_lofo,qwen36_27b_local,full,0.2,,3,1.0,1.0,-0.1595279925126436,0.1595279925126436,5,0
qt,TP,256bbc4f139036a780a63b80af8bb461a77d333a,llm_lofo,qwen36_27b_local,full,0.2,,4,1.0,1.0,-0.12269938302689118,0.15894454262919375,5,0
qt,TP,256bbc4f139036a780a63b80af8bb461a77d333a,llm_lofo,qwen36_27b_local,full,0.2,,5,1.0,1.0,-0.1226993830268912,0.15894454262919377,5,0
qt,TP,ae292be8690109940fdd9862321b2389a0957404,llm_lofo,qwen36_27b_local,full,0.2,,1,1.0,1.0,-0.1842344674132183,0.1842344674132183,5,0
qt,TP,ae292be8690109940fdd9862321b2389a0957404,llm_lofo,qwen36_27b_local,full,0.2,,2,1.0,1.0,-0.1842344674132183,0.1842344674132183,5,0
qt,TP,ae292be8690109940fdd9862321b2389a0957404,llm_lofo,qwen36_27b_local,full,0.2,,3,1.0,1.0,-0.18423446741321833,0.18423446741321833,5,0
qt,TP,ae292be8690109940fdd9862321b2389a0957404,llm_lofo,qwen36_27b_local,full,0.2,,4,1.0,1.0,-0.18423446741321833,0.18423446741321833,5,0
qt,TP,ae292be8690109940fdd9862321b2389a0957404,llm_lofo,qwen36_27b_local,full,0.2,,5,1.0,1.0,-0.1842344674132183,0.1842344674132183,5,0
qt,FN,3786411f7f8770f28ba2a97cb646a0eb7a5eaa99,llm_lofo,qwen36_27b_local,full,0.2,,1,0.6,0.4,0.0004509816574493009,0.03535935440676128,5,0
qt,FN,3786411f7f8770f28ba2a97cb646a0eb7a5eaa99,llm_lofo,qwen36_27b_local,full,0.2,,2,0.6,0.4,0.00045098165744923425,0.03535935440676134,5,0
qt,FN,3786411f7f8770f28ba2a97cb646a0eb7a5eaa99,llm_lofo,qwen36_27b_local,full,0.2,,3,0.6,0.6,0.008334892465746835,0.043243265215058904,5,0
qt,FN,3786411f7f8770f28ba2a97cb646a0eb7a5eaa99,llm_lofo,qwen36_27b_local,full,0.2,,4,0.8,0.4,-0.0022127823983340233,0.037997735234438966,5,0
qt,FN,3786411f7f8770f28ba2a97cb646a0eb7a5eaa99,llm_lofo,qwen36_27b_local,full,0.2,,5,0.8,0.4,0.009593193060553817,0.03794346407375184,5,0
qt,FP,8835c0376befd009702b9a17c506639e31c842b9,llm_lofo,qwen36_27b_local,full,0.2,,1,0.8,1.0,-0.09495064058180894,0.16008227323487004,5,0
qt,FP,8835c0376befd009702b9a17c506639e31c842b9,llm_lofo,qwen36_27b_local,full,0.2,,2,0.8,0.8,-0.11319632966715966,0.14183658414951927,5,0
qt,FP,8835c0376befd009702b9a17c506639e31c842b9,llm_lofo,qwen36_27b_local,full,0.2,,3,0.8,1.0,-0.09495064058180892,0.16008227323486998,5,0
qt,FP,8835c0376befd009702b9a17c506639e31c842b9,llm_lofo,qwen36_27b_local,full,0.2,,4,0.8,0.8,-0.11319632966715965,0.1418365841495193,5,0
qt,FP,8835c0376befd009702b9a17c506639e31c842b9,llm_lofo,qwen36_27b_local,full,0.2,,5,0.8,0.8,-0.12226697400605971,0.1431492869312297,5,0
qt,FN,9e99dba4a22bbf212b3e6d1e2607a16dbbd04d90,llm_lofo,qwen36_27b_local,full,0.2,,1,0.8,0.4,0.050903399842630884,0.061810325829809096,5,0
qt,FN,9e99dba4a22bbf212b3e6d1e2607a16dbbd04d90,llm_lofo,qwen36_27b_local,full,0.2,,2,1.0,0.6,0.06494338741743903,0.0722769538510056,5,0
qt,FN,9e99dba4a22bbf212b3e6d1e2607a16dbbd04d90,llm_lofo,qwen36_27b_local,full,0.2,,3,0.8,0.4,0.050903399842630835,0.061810325829809054,5,0
qt,FN,9e99dba4a22bbf212b3e6d1e2607a16dbbd04d90,llm_lofo,qwen36_27b_local,full,0.2,,4,0.8,0.4,0.05328627627991904,0.06061984271348562,5,0
qt,FN,9e99dba4a22bbf212b3e6d1e2607a16dbbd04d90,llm_lofo,qwen36_27b_local,full,0.2,,5,0.75,0.25,0.04084048176110669,0.05447413924507946,4,0
qt,FN,f506e01665c9bf689887ccf057a03588829efeea,llm_lofo,qwen36_27b_local,full,0.2,,1,0.8,0.4,-0.024945356283845886,0.0331851176429351,5,0
qt,FN,f506e01665c9bf689887ccf057a03588829efeea,llm_lofo,qwen36_27b_local,full,0.2,,2,0.8,0.8,-0.0533639366935585,0.0533639366935585,5,0
qt,FN,f506e01665c9bf689887ccf057a03588829efeea,llm_lofo,qwen36_27b_local,full,0.2,,3,0.8,0.8,-0.053363936693558454,0.053363936693558454,5,0
qt,FN,f506e01665c9bf689887ccf057a03588829efeea,llm_lofo,qwen36_27b_local,full,0.2,,4,0.8,0.4,-0.02364098089732767,0.031880742256416884,5,0
qt,FN,f506e01665c9bf689887ccf057a03588829efeea,llm_lofo,qwen36_27b_local,full,0.2,,5,0.8,0.4,-0.024945356283845886,0.0331851176429351,5,0
qt,TP,fa7626713b3a943609453459190e16c49d61dfd3,llm_lofo,qwen36_27b_local,full,0.2,,1,0.8,0.4,-0.06699780916207021,0.06856902976341506,5,0
qt,TP,fa7626713b3a943609453459190e16c49d61dfd3,llm_lofo,qwen36_27b_local,full,0.2,,2,0.8,0.4,-0.07330078926467436,0.07487200986601923,5,0
qt,TP,fa7626713b3a943609453459190e16c49d61dfd3,llm_lofo,qwen36_27b_local,full,0.2,,3,0.8,0.6,-0.08482635628782229,0.08482635628782229,5,0
qt,TP,fa7626713b3a943609453459190e16c49d61dfd3,llm_lofo,qwen36_27b_local,full,0.2,,4,1.0,0.6,-0.014183289803618538,0.03731510798543671,5,0
qt,TP,fa7626713b3a943609453459190e16c49d61dfd3,llm_lofo,qwen36_27b_local,full,0.2,,5,0.8,0.6,-0.0848263562878223,0.0848263562878223,5,0
qt,FP,093064fdeb6e777d2dc88dbb4f4adb8fddac3aa5,llm_lofo,qwen36_27b_local,full,0.2,,1,1.0,1.0,-0.2489962160173832,0.2489962160173832,5,0
qt,FP,093064fdeb6e777d2dc88dbb4f4adb8fddac3aa5,llm_lofo,qwen36_27b_local,full,0.2,,2,1.0,1.0,-0.2173861058894159,0.2173861058894159,5,0
qt,FP,093064fdeb6e777d2dc88dbb4f4adb8fddac3aa5,llm_lofo,qwen36_27b_local,full,0.2,,3,1.0,1.0,-0.2489962160173832,0.2489962160173832,5,0
qt,FP,093064fdeb6e777d2dc88dbb4f4adb8fddac3aa5,llm_lofo,qwen36_27b_local,full,0.2,,4,1.0,1.0,-0.21813528710036187,0.21813528710036187,5,0
qt,FP,093064fdeb6e777d2dc88dbb4f4adb8fddac3aa5,llm_lofo,qwen36_27b_local,full,0.2,,5,1.0,1.0,-0.2489962160173832,0.2489962160173832,5,0
qt,TP,da8ace713a19d2a8c9831ddf50d17607bc4856cc,llm_lofo,qwen36_27b_local,full,0.2,,1,1.0,0.8,-0.08388266803849122,0.11445705658989841,5,0
qt,TP,da8ace713a19d2a8c9831ddf50d17607bc4856cc,llm_lofo,qwen36_27b_local,full,0.2,,2,1.0,0.8,-0.08388266803849119,0.11445705658989841,5,0
qt,TP,da8ace713a19d2a8c9831ddf50d17607bc4856cc,llm_lofo,qwen36_27b_local,full,0.2,,3,1.0,0.8,-0.08388266803849122,0.11445705658989841,5,0
qt,TP,da8ace713a19d2a8c9831ddf50d17607bc4856cc,llm_lofo,qwen36_27b_local,full,0.2,,4,1.0,1.0,-0.10527046692639067,0.13584485547779787,5,0
qt,TP,da8ace713a19d2a8c9831ddf50d17607bc4856cc,llm_lofo,qwen36_27b_local,full,0.2,,5,1.0,0.8,-0.12716084726908955,0.12716084726908955,5,0
qt,FP,08cfd02312d21391c956b8bf50ab7d6caa0d8082,llm_lofo,qwen36_27b_local,full,0.2,,1,0.6,0.8,-0.08014632283535439,0.1111853290672176,5,0
qt,FP,08cfd02312d21391c956b8bf50ab7d6caa0d8082,llm_lofo,qwen36_27b_local,full,0.2,,2,0.6,1.0,-0.05081073057047649,0.13589697385100513,5,0
qt,FP,08cfd02312d21391c956b8bf50ab7d6caa0d8082,llm_lofo,qwen36_27b_local,full,0.2,,3,0.8,0.8,-0.06821593014923691,0.12226316719790238,5,0
qt,FP,08cfd02312d21391c956b8bf50ab7d6caa0d8082,llm_lofo,qwen36_27b_local,full,0.2,,4,0.6,0.8,-0.07972004555763804,0.11075905178950125,5,0
qt,FP,08cfd02312d21391c956b8bf50ab7d6caa0d8082,llm_lofo,qwen36_27b_local,full,0.2,,5,0.6,0.8,-0.07972004555763804,0.11075905178950127,5,0
qt,FP,a02b371eb2f34bf198c95cf0caa1fbad639f96bb,llm_lofo,qwen36_27b_local,full,0.2,,1,1.0,0.6,-0.05215048191157216,0.07018926217892377,5,0
qt,FP,a02b371eb2f34bf198c95cf0caa1fbad639f96bb,llm_lofo,qwen36_27b_local,full,0.2,,2,1.0,0.6,-0.05215048191157216,0.07018926217892375,5,0
qt,FP,a02b371eb2f34bf198c95cf0caa1fbad639f96bb,llm_lofo,qwen36_27b_local,full,0.2,,3,1.0,0.6,-0.052150481911572164,0.07018926217892381,5,0
qt,FP,a02b371eb2f34bf198c95cf0caa1fbad639f96bb,llm_lofo,qwen36_27b_local,full,0.2,,4,0.8,0.6,-0.052204455948739494,0.07024323621609109,5,0
qt,FP,a02b371eb2f34bf198c95cf0caa1fbad639f96bb,llm_lofo,qwen36_27b_local,full,0.2,,5,1.0,0.6,-0.05215048191157217,0.07018926217892377,5,0
qt,TN,5cb54cb5ebae99fab121061e25e26eec3056203a,llm_lofo,qwen36_27b_local,full,0.2,,1,0.8,0.8,0.0644948709656881,0.0644948709656881,5,0
qt,TN,5cb54cb5ebae99fab121061e25e26eec3056203a,llm_lofo,qwen36_27b_local,full,0.2,,2,1.0,0.8,0.07017536664414073,0.07017536664414073,5,0
qt,TN,5cb54cb5ebae99fab121061e25e26eec3056203a,llm_lofo,qwen36_27b_local,full,0.2,,3,1.0,1.0,0.054760161652944596,0.07224413594196086,5,0
qt,TN,5cb54cb5ebae99fab121061e25e26eec3056203a,llm_lofo,qwen36_27b_local,full,0.2,,4,1.0,0.8,0.07017536664414074,0.07017536664414074,5,0
qt,TN,5cb54cb5ebae99fab121061e25e26eec3056203a,llm_lofo,qwen36_27b_local,full,0.2,,5,0.8,0.8,0.06449487096568811,0.06449487096568811,5,0
qt,TN,9a50333dd03969abb3f09c0f90dcb4afd048e47a,llm_lofo,qwen36_27b_local,full,0.2,,1,0.75,0.5,-0.023273141281311166,0.028188886592598578,4,0
qt,TN,9a50333dd03969abb3f09c0f90dcb4afd048e47a,llm_lofo,qwen36_27b_local,full,0.2,,2,0.5,0.5,-0.018023053991045646,0.03343897388286393,4,0
qt,TN,9a50333dd03969abb3f09c0f90dcb4afd048e47a,llm_lofo,qwen36_27b_local,full,0.2,,3,0.75,0.5,-0.023273141281311055,0.028188886592598467,4,0
qt,TN,9a50333dd03969abb3f09c0f90dcb4afd048e47a,llm_lofo,qwen36_27b_local,full,0.2,,4,0.8,0.6,-0.012222475972623803,0.028947146326503814,5,0
qt,TN,9a50333dd03969abb3f09c0f90dcb4afd048e47a,llm_lofo,qwen36_27b_local,full,0.2,,5,0.5,0.5,-0.03545822058635448,0.05087414047817282,4,0
qt,FN,18f7e6dc9f59159b70cb7e6a8745738f42d4f46f,llm_lofo,qwen36_27b_local,full,0.2,,1,1.0,0.6,0.018329783378202347,0.0443187344021156,5,0
qt,FN,18f7e6dc9f59159b70cb7e6a8745738f42d4f46f,llm_lofo,qwen36_27b_local,full,0.2,,2,1.0,0.6,0.018329783378202368,0.044318734402115624,5,0
qt,FN,18f7e6dc9f59159b70cb7e6a8745738f42d4f46f,llm_lofo,qwen36_27b_local,full,0.2,,3,1.0,0.6,0.018329783378202326,0.044318734402115624,5,0
qt,FN,18f7e6dc9f59159b70cb7e6a8745738f42d4f46f,llm_lofo,qwen36_27b_local,full,0.2,,4,1.0,0.8,-0.0019077563340388127,0.057836051479848404,5,0
qt,FN,18f7e6dc9f59159b70cb7e6a8745738f42d4f46f,llm_lofo,qwen36_27b_local,full,0.2,,5,1.0,0.8,-0.0019077563340388127,0.057836051479848404,5,0
qt,TP,d31304eab9e7424edc20fb83a8a19cd979458029,llm_lofo,qwen36_27b_local,full,0.2,,1,1.0,0.8,-0.004661035428157395,0.09867222899649367,5,0
qt,TP,d31304eab9e7424edc20fb83a8a19cd979458029,llm_lofo,qwen36_27b_local,full,0.2,,2,1.0,0.8,0.0015255517941441033,0.10485881621879517,5,0
qt,TP,d31304eab9e7424edc20fb83a8a19cd979458029,llm_lofo,qwen36_27b_local,full,0.2,,3,1.0,0.8,-0.004661035428157395,0.09867222899649367,5,0
qt,TP,d31304eab9e7424edc20fb83a8a19cd979458029,llm_lofo,qwen36_27b_local,full,0.2,,4,1.0,0.8,-0.004661035428157384,0.09867222899649368,5,0
qt,TP,d31304eab9e7424edc20fb83a8a19cd979458029,llm_lofo,qwen36_27b_local,full,0.2,,5,1.0,0.8,-0.004661035428157384,0.09867222899649368,5,0
qt,TN,bd79c331f14e6cfab9e0b5815404c8194526e8f1,llm_lofo,qwen36_27b_local,full,0.2,,1,0.75,0.5,-0.005659256682929353,0.039929003718338935,4,0
qt,TN,bd79c331f14e6cfab9e0b5815404c8194526e8f1,llm_lofo,qwen36_27b_local,full,0.2,,2,0.75,0.5,-0.005659256682929353,0.039929003718338935,4,0
qt,TN,bd79c331f14e6cfab9e0b5815404c8194526e8f1,llm_lofo,qwen36_27b_local,full,0.2,,3,0.75,0.5,-0.005659256682929381,0.03992900371833902,4,0
qt,TN,bd79c331f14e6cfab9e0b5815404c8194526e8f1,llm_lofo,qwen36_27b_local,full,0.2,,4,1.0,0.5,-0.006252172383598681,0.04000111168664042,4,0
qt,TN,bd79c331f14e6cfab9e0b5815404c8194526e8f1,llm_lofo,qwen36_27b_local,full,0.2,,5,1.0,0.5,-0.006252172383598625,0.04000111168664036,4,0
qt,TN,67ee72f3145fd14b36af408918ed3420504d3035,llm_lofo,qwen36_27b_local,full,0.2,,1,0.6,0.4,-0.0006663559938762331,0.035156872899939386,5,0
qt,TN,67ee72f3145fd14b36af408918ed3420504d3035,llm_lofo,qwen36_27b_local,full,0.2,,2,0.6,0.4,-0.0006663559938762775,0.03515687289993934,5,0
qt,TN,67ee72f3145fd14b36af408918ed3420504d3035,llm_lofo,qwen36_27b_local,full,0.2,,3,0.6,0.4,-0.0006663559938762997,0.035156872899939365,5,0
qt,TN,67ee72f3145fd14b36af408918ed3420504d3035,llm_lofo,qwen36_27b_local,full,0.2,,4,0.6,0.4,-0.0006663559938762554,0.035156872899939365,5,0
qt,TN,67ee72f3145fd14b36af408918ed3420504d3035,llm_lofo,qwen36_27b_local,full,0.2,,5,0.6,0.4,-0.0006663559938762331,0.035156872899939295,5,0
qt,FN,67ced4791ddabebfa19a2f101aa292b5eba60b90,llm_lofo,qwen36_27b_local,full,0.2,,1,0.6,0.6,0.04034581782657838,0.0521329871808861,5,0
qt,FN,67ced4791ddabebfa19a2f101aa292b5eba60b90,llm_lofo,qwen36_27b_local,full,0.2,,2,0.6,0.6,0.04677499316252058,0.05856216251682835,5,0
qt,FN,67ced4791ddabebfa19a2f101aa292b5eba60b90,llm_lofo,qwen36_27b_local,full,0.2,,3,0.6,0.6,0.04677499316252061,0.05856216251682837,5,0
qt,FN,67ced4791ddabebfa19a2f101aa292b5eba60b90,llm_lofo,qwen36_27b_local,full,0.2,,4,0.6,0.6,0.04677499316252056,0.05856216251682829,5,0
qt,FN,67ced4791ddabebfa19a2f101aa292b5eba60b90,llm_lofo,qwen36_27b_local,full,0.2,,5,0.6,0.6,0.04677499316252054,0.05856216251682831,5,0
qt,FP,86d91d2bf8e7ac7a75f88f0e4886140abc06fd4c,llm_lofo,qwen36_27b_local,full,0.2,,1,0.8,0.4,-0.1310464179345035,0.14130846667008162,5,0
qt,FP,86d91d2bf8e7ac7a75f88f0e4886140abc06fd4c,llm_lofo,qwen36_27b_local,full,0.2,,2,0.8,0.4,-0.13104641793450347,0.1413084666700816,5,0
qt,FP,86d91d2bf8e7ac7a75f88f0e4886140abc06fd4c,llm_lofo,qwen36_27b_local,full,0.2,,3,0.4,0.8,-0.12627418960261128,0.15551463249305422,5,0
qt,FP,86d91d2bf8e7ac7a75f88f0e4886140abc06fd4c,llm_lofo,qwen36_27b_local,full,0.2,,4,0.6,0.8,-0.1181142774559344,0.15761676908195552,5,0
qt,FP,86d91d2bf8e7ac7a75f88f0e4886140abc06fd4c,llm_lofo,qwen36_27b_local,full,0.2,,5,0.4,0.8,-0.12627418960261128,0.15551463249305422,5,0
qt,TN,121cdbdd30de1bee58e349859409dd08865c17f5,llm_lofo,qwen36_27b_local,full,0.2,,1,1.0,0.4,0.00628116464104953,0.02158832752828772,5,0
qt,TN,121cdbdd30de1bee58e349859409dd08865c17f5,llm_lofo,qwen36_27b_local,full,0.2,,2,1.0,0.6,-0.005852827557228224,0.029196484158624747,5,0
qt,TN,121cdbdd30de1bee58e349859409dd08865c17f5,llm_lofo,qwen36_27b_local,full,0.2,,3,1.0,0.4,-0.010086703835012156,0.024962607880841037,5,0
qt,TN,121cdbdd30de1bee58e349859409dd08865c17f5,llm_lofo,qwen36_27b_local,full,0.2,,4,1.0,0.6,-0.005852827557228313,0.029196484158624837,5,0
qt,TN,121cdbdd30de1bee58e349859409dd08865c17f5,llm_lofo,qwen36_27b_local,full,0.2,,5,1.0,0.4,-0.01008670383501209,0.024962607880841016,5,0
qt,TP,9bd30943bae136d28d42b9a9188a8586c963d461,llm_lofo,qwen36_27b_local,full,0.2,,1,0.8,0.6,-0.04167748019547125,0.07940029259610329,5,0
qt,TP,9bd30943bae136d28d42b9a9188a8586c963d461,llm_lofo,qwen36_27b_local,full,0.2,,2,0.8,0.6,-0.04167748019547125,0.07940029259610329,5,0
qt,TP,9bd30943bae136d28d42b9a9188a8586c963d461,llm_lofo,qwen36_27b_local,full,0.2,,3,0.6,0.4,-0.05603101951329632,0.06504675327827822,5,0
qt,TP,9bd30943bae136d28d42b9a9188a8586c963d461,llm_lofo,qwen36_27b_local,full,0.2,,4,0.6,0.4,-0.04707802620594459,0.05609375997092649,5,0
qt,TP,9bd30943bae136d28d42b9a9188a8586c963d461,llm_lofo,qwen36_27b_local,full,0.2,,5,1.0,0.5,0.00191138507435612,0.03789055703115751,4,0
qt,FN,ac48071b185d17022d48c6379a2549ac2736cb8c,llm_lofo,qwen36_27b_local,full,0.2,,1,1.0,0.6,-0.049877578283198054,0.049877578283198054,5,0
qt,FN,ac48071b185d17022d48c6379a2549ac2736cb8c,llm_lofo,qwen36_27b_local,full,0.2,,2,0.8,0.6,-0.04570071934869553,0.047015361088447796,5,0
qt,FN,ac48071b185d17022d48c6379a2549ac2736cb8c,llm_lofo,qwen36_27b_local,full,0.2,,3,1.0,0.75,-0.06534611970182333,0.06534611970182333,4,0
qt,FN,ac48071b185d17022d48c6379a2549ac2736cb8c,llm_lofo,qwen36_27b_local,full,0.2,,4,1.0,0.6,-0.049877578283198054,0.049877578283198054,5,0
qt,FN,ac48071b185d17022d48c6379a2549ac2736cb8c,llm_lofo,qwen36_27b_local,full,0.2,,5,1.0,0.6,-0.04987757828319801,0.04987757828319801,5,0
qt,TN,fc2f0fb39008f95133f6fd24662fe92195431808,llm_lofo,qwen36_27b_local,full,0.2,,1,0.8,0.6,-0.05505922202082405,0.06595532591692796,5,0
qt,TN,fc2f0fb39008f95133f6fd24662fe92195431808,llm_lofo,qwen36_27b_local,full,0.2,,2,0.8,0.6,-0.05505922202082407,0.06595532591692799,5,0
qt,TN,fc2f0fb39008f95133f6fd24662fe92195431808,llm_lofo,qwen36_27b_local,full,0.2,,3,0.8,0.6,-0.05505922202082405,0.06595532591692796,5,0
qt,TN,fc2f0fb39008f95133f6fd24662fe92195431808,llm_lofo,qwen36_27b_local,full,0.2,,4,0.8,0.6,-0.05505922202082403,0.06595532591692795,5,0
qt,TN,fc2f0fb39008f95133f6fd24662fe92195431808,llm_lofo,qwen36_27b_local,full,0.2,,5,0.8,0.6,-0.05505922202082405,0.06595532591692796,5,0
qt,FP,41ae544c40e0568bd627a992a23b8c8f8f5cc27d,llm_lofo,qwen36_27b_local,full,0.2,,1,1.0,0.8,-0.10241092177528419,0.10241092177528419,5,0
qt,FP,41ae544c40e0568bd627a992a23b8c8f8f5cc27d,llm_lofo,qwen36_27b_local,full,0.2,,2,1.0,1.0,-0.17535143431412004,0.17535143431412004,5,0
qt,FP,41ae544c40e0568bd627a992a23b8c8f8f5cc27d,llm_lofo,qwen36_27b_local,full,0.2,,3,1.0,0.8,-0.14582597213845488,0.1533298155381629,5,0
qt,FP,41ae544c40e0568bd627a992a23b8c8f8f5cc27d,llm_lofo,qwen36_27b_local,full,0.2,,4,1.0,0.8,-0.14582597213845488,0.15332981553816288,5,0
qt,FP,41ae544c40e0568bd627a992a23b8c8f8f5cc27d,llm_lofo,qwen36_27b_local,full,0.2,,5,1.0,1.0,-0.16205999350924097,0.16205999350924097,5,0
qt,FN,895cb4681ee78caaf9b99c88390a74ff1d79ae61,llm_lofo,qwen36_27b_local,full,0.2,,1,1.0,0.8,0.0057759650450506465,0.09424066287918594,5,0
qt,FN,895cb4681ee78caaf9b99c88390a74ff1d79ae61,llm_lofo,qwen36_27b_local,full,0.2,,2,1.0,0.8,0.02327426034066975,0.07674236758356683,5,0
qt,FN,895cb4681ee78caaf9b99c88390a74ff1d79ae61,llm_lofo,qwen36_27b_local,full,0.2,,3,1.0,0.8,0.005775965045050691,0.0942406628791859,5,0
qt,FN,895cb4681ee78caaf9b99c88390a74ff1d79ae61,llm_lofo,qwen36_27b_local,full,0.2,,4,1.0,0.8,0.005775965045050668,0.09424066287918591,5,0
qt,FN,895cb4681ee78caaf9b99c88390a74ff1d79ae61,llm_lofo,qwen36_27b_local,full,0.2,,5,1.0,1.0,-0.0021663499228945504,0.10218297784713112,5,0
qt,TP,dfda6f14b3e210a33b71ef1c6fa3c75a9c866cce,llm_lofo,qwen36_27b_local,full,0.2,,1,1.0,0.8,-0.0564332387731454,0.06591066853089297,5,0
qt,TP,dfda6f14b3e210a33b71ef1c6fa3c75a9c866cce,llm_lofo,qwen36_27b_local,full,0.2,,2,1.0,0.6,-0.051462638958829264,0.06094006871657679,5,0
qt,TP,dfda6f14b3e210a33b71ef1c6fa3c75a9c866cce,llm_lofo,qwen36_27b_local,full,0.2,,3,1.0,0.6,-0.0459063830707037,0.05538381282845123,5,0
qt,TP,dfda6f14b3e210a33b71ef1c6fa3c75a9c866cce,llm_lofo,qwen36_27b_local,full,0.2,,4,0.8,0.6,-0.04388590924133575,0.060450057365807976,5,0
qt,TP,dfda6f14b3e210a33b71ef1c6fa3c75a9c866cce,llm_lofo,qwen36_27b_local,full,0.2,,5,0.8,0.4,-0.03183806771509741,0.04840221583956963,5,0
qt,TN,9b3d91237bf38492fd97457624d4cb5cd486bd56,llm_lofo,qwen36_27b_local,full,0.2,,1,0.8,0.4,-0.015396635358413535,0.027181064900680552,5,0
qt,TN,9b3d91237bf38492fd97457624d4cb5cd486bd56,llm_lofo,qwen36_27b_local,full,0.2,,2,0.8,0.4,-0.03524544130502507,0.04511038846182793,5,0
qt,TN,9b3d91237bf38492fd97457624d4cb5cd486bd56,llm_lofo,qwen36_27b_local,full,0.2,,3,0.8,0.4,-0.03524544130502512,0.04511038846182793,5,0
qt,TN,9b3d91237bf38492fd97457624d4cb5cd486bd56,llm_lofo,qwen36_27b_local,full,0.2,,4,0.8,0.4,-0.03524544130502505,0.04511038846182787,5,0
qt,TN,9b3d91237bf38492fd97457624d4cb5cd486bd56,llm_lofo,qwen36_27b_local,full,0.2,,5,0.8,0.4,-0.03524544130502505,0.04511038846182791,5,0
qt,TN,2831fa76655c614ed3df0816401514950e79b5e6,llm_lofo,qwen36_27b_local,full,0.2,,1,0.8,0.0,0.006112417834672845,0.016427604413867192,5,0
qt,TN,2831fa76655c614ed3df0816401514950e79b5e6,llm_lofo,qwen36_27b_local,full,0.2,,2,0.6,0.2,-0.007273138370652332,0.020177690825827876,5,0
qt,TN,2831fa76655c614ed3df0816401514950e79b5e6,llm_lofo,qwen36_27b_local,full,0.2,,3,0.6,0.2,-0.007273138370652399,0.020177690825827856,5,0
qt,TN,2831fa76655c614ed3df0816401514950e79b5e6,llm_lofo,qwen36_27b_local,full,0.2,,4,0.8,0.0,0.006112417834672779,0.016427604413867168,5,0
qt,TN,2831fa76655c614ed3df0816401514950e79b5e6,llm_lofo,qwen36_27b_local,full,0.2,,5,0.8,0.0,0.006112417834672801,0.016427604413867192,5,0
qt,FN,d8782b0cc680f09d605133bd37a44d290894c01e,llm_lofo,qwen36_27b_local,full,0.2,,1,0.8,0.6,-0.03275253410934113,0.040604395712007246,5,0
qt,FN,d8782b0cc680f09d605133bd37a44d290894c01e,llm_lofo,qwen36_27b_local,full,0.2,,2,0.6,0.4,-0.013002876381266005,0.02087187077135457,5,0
qt,FN,d8782b0cc680f09d605133bd37a44d290894c01e,llm_lofo,qwen36_27b_local,full,0.2,,3,0.6,0.2,-0.0020575752190314044,0.012046008908492788,5,0
qt,FN,d8782b0cc680f09d605133bd37a44d290894c01e,llm_lofo,qwen36_27b_local,full,0.2,,4,0.6,0.4,-0.013002876381265982,0.020871870771354595,5,0
qt,FN,d8782b0cc680f09d605133bd37a44d290894c01e,llm_lofo,qwen36_27b_local,full,0.2,,5,0.6,0.4,-0.013002876381265982,0.020871870771354595,5,0
qt,TP,5dd76ba31c3c7cb9c0d9d97cd62f0d2f535a23f7,llm_lofo,qwen36_27b_local,full,0.2,,1,1.0,1.0,-0.1111696753848595,0.1111696753848595,5,0
qt,TP,5dd76ba31c3c7cb9c0d9d97cd62f0d2f535a23f7,llm_lofo,qwen36_27b_local,full,0.2,,2,0.8,0.8,-0.09616171507408551,0.10284768862434476,5,0
qt,TP,5dd76ba31c3c7cb9c0d9d97cd62f0d2f535a23f7,llm_lofo,qwen36_27b_local,full,0.2,,3,0.8,0.8,-0.09616171507408551,0.10284768862434482,5,0
qt,TP,5dd76ba31c3c7cb9c0d9d97cd62f0d2f535a23f7,llm_lofo,qwen36_27b_local,full,0.2,,4,1.0,1.0,-0.08184149006100339,0.11716791363742693,5,0
qt,TP,5dd76ba31c3c7cb9c0d9d97cd62f0d2f535a23f7,llm_lofo,qwen36_27b_local,full,0.2,,5,1.0,1.0,-0.0930876096682132,0.10592179403021712,5,0
qt,FP,237c867a002c8035aac7ff8a870da717eb7b0878,llm_lofo,qwen36_27b_local,full,0.2,,1,1.0,0.8,-0.09584342251481207,0.09584342251481207,5,0
qt,FP,237c867a002c8035aac7ff8a870da717eb7b0878,llm_lofo,qwen36_27b_local,full,0.2,,2,0.8,1.0,-0.10245014251560026,0.10245014251560026,5,0
qt,FP,237c867a002c8035aac7ff8a870da717eb7b0878,llm_lofo,qwen36_27b_local,full,0.2,,3,0.8,1.0,-0.10245014251560026,0.10245014251560026,5,0
qt,FP,237c867a002c8035aac7ff8a870da717eb7b0878,llm_lofo,qwen36_27b_local,full,0.2,,4,1.0,0.8,-0.09584342251481207,0.09584342251481207,5,0
qt,FP,237c867a002c8035aac7ff8a870da717eb7b0878,llm_lofo,qwen36_27b_local,full,0.2,,5,0.8,1.0,-0.10245014251560024,0.10245014251560024,5,0
qt,TN,f3ca13f3d12f52c60f4cd41d0b336c24a8d3359d,llm_lofo,qwen36_27b_local,full,0.2,,1,0.8,0.6,-0.04506821107940062,0.04624352906171338,5,0
qt,TN,f3ca13f3d12f52c60f4cd41d0b336c24a8d3359d,llm_lofo,qwen36_27b_local,full,0.2,,2,0.8,0.4,-0.019753310166485516,0.04022642038526003,5,0
qt,TN,f3ca13f3d12f52c60f4cd41d0b336c24a8d3359d,llm_lofo,qwen36_27b_local,full,0.2,,3,0.8,0.6,-0.03947420550287899,0.05206251389469876,5,0
qt,TN,f3ca13f3d12f52c60f4cd41d0b336c24a8d3359d,llm_lofo,qwen36_27b_local,full,0.2,,4,0.8,0.2,-0.009475001657908688,0.029948111876683205,5,0
qt,TN,f3ca13f3d12f52c60f4cd41d0b336c24a8d3359d,llm_lofo,qwen36_27b_local,full,0.2,,5,0.8,0.4,-0.019753310166485516,0.04022642038525999,5,0
qt,TP,267edbec198a0cedbf7bed4c3c5fa93c1dbc86bd,llm_lofo,qwen36_27b_local,full,0.2,,1,0.8,0.6,-0.0676976227259399,0.0676976227259399,5,0
qt,TP,267edbec198a0cedbf7bed4c3c5fa93c1dbc86bd,llm_lofo,qwen36_27b_local,full,0.2,,2,1.0,0.8,-0.04519969709267596,0.07821568186715247,5,0
qt,TP,267edbec198a0cedbf7bed4c3c5fa93c1dbc86bd,llm_lofo,qwen36_27b_local,full,0.2,,3,1.0,0.8,-0.046006296195327645,0.07740908276450079,5,0
qt,TP,267edbec198a0cedbf7bed4c3c5fa93c1dbc86bd,llm_lofo,qwen36_27b_local,full,0.2,,4,1.0,0.8,-0.07745803794097696,0.07745803794097696,5,0
qt,TP,267edbec198a0cedbf7bed4c3c5fa93c1dbc86bd,llm_lofo,qwen36_27b_local,full,0.2,,5,1.0,0.8,-0.06837728654951125,0.06837728654951125,5,0
qt,TN,e3b7957d6552e88aa23bd0ecc474db5f14981707,llm_lofo,qwen36_27b_local,full,0.2,,1,0.8,0.6,-0.027136631777736574,0.03129678867546639,5,0
qt,TN,e3b7957d6552e88aa23bd0ecc474db5f14981707,llm_lofo,qwen36_27b_local,full,0.2,,2,0.6,0.6,-0.02047411476050167,0.027144693420506693,5,0
qt,TN,e3b7957d6552e88aa23bd0ecc474db5f14981707,llm_lofo,qwen36_27b_local,full,0.2,,3,0.6,0.4,-0.01318322198413031,0.02189407535018768,5,0
qt,TN,e3b7957d6552e88aa23bd0ecc474db5f14981707,llm_lofo,qwen36_27b_local,full,0.2,,4,0.6,0.4,-0.016831469249441344,0.025542322615498714,5,0
qt,TN,e3b7957d6552e88aa23bd0ecc474db5f14981707,llm_lofo,qwen36_27b_local,full,0.2,,5,0.6,0.6,-0.025377572906950308,0.029537729804680123,5,0
qt,FP,571b11d41c9dadd5ef11e4e954c16c5ca39d718e,llm_lofo,qwen36_27b_local,full,0.2,,1,0.8,1.0,-0.09687606810078096,0.09687606810078096,5,0
qt,FP,571b11d41c9dadd5ef11e4e954c16c5ca39d718e,llm_lofo,qwen36_27b_local,full,0.2,,2,0.8,1.0,-0.09687606810078095,0.09687606810078095,5,0
qt,FP,571b11d41c9dadd5ef11e4e954c16c5ca39d718e,llm_lofo,qwen36_27b_local,full,0.2,,3,0.8,1.0,-0.09687606810078095,0.09687606810078095,5,0
qt,FP,571b11d41c9dadd5ef11e4e954c16c5ca39d718e,llm_lofo,qwen36_27b_local,full,0.2,,4,0.6,0.6,-0.05826934519628377,0.05952328612170833,5,0
qt,FP,571b11d41c9dadd5ef11e4e954c16c5ca39d718e,llm_lofo,qwen36_27b_local,full,0.2,,5,0.8,1.0,-0.09687606810078096,0.09687606810078096,5,0
qt,FN,8cf186cc7c56144b02d5b40d8f4832ff3021e68a,llm_lofo,qwen36_27b_local,full,0.2,,1,0.8,0.8,-0.08028435318812452,0.08028435318812452,5,0
qt,FN,8cf186cc7c56144b02d5b40d8f4832ff3021e68a,llm_lofo,qwen36_27b_local,full,0.2,,2,0.6,0.6,-0.03887101215906115,0.04074564197475476,5,0
qt,FN,8cf186cc7c56144b02d5b40d8f4832ff3021e68a,llm_lofo,qwen36_27b_local,full,0.2,,3,0.8,0.8,-0.07288239177460418,0.08080015446978808,5,0
qt,FN,8cf186cc7c56144b02d5b40d8f4832ff3021e68a,llm_lofo,qwen36_27b_local,full,0.2,,4,0.8,0.8,-0.08028435318812455,0.08028435318812455,5,0
qt,FN,8cf186cc7c56144b02d5b40d8f4832ff3021e68a,llm_lofo,qwen36_27b_local,full,0.2,,5,0.8,0.8,-0.08028435318812452,0.08028435318812452,5,0
qt,FP,02b7ec05d5713aec67577cebc18e5906b5a98598,llm_lofo,qwen36_27b_local,full,0.2,,1,1.0,0.8,-0.04702046365029301,0.08888624127949768,5,0
qt,FP,02b7ec05d5713aec67577cebc18e5906b5a98598,llm_lofo,qwen36_27b_local,full,0.2,,2,1.0,0.8,-0.08378707826290684,0.08378707826290684,5,0
qt,FP,02b7ec05d5713aec67577cebc18e5906b5a98598,llm_lofo,qwen36_27b_local,full,0.2,,3,1.0,0.8,-0.10031690820739843,0.10031690820739843,5,0
qt,FP,02b7ec05d5713aec67577cebc18e5906b5a98598,llm_lofo,qwen36_27b_local,full,0.2,,4,1.0,0.8,-0.10031690820739844,0.10031690820739844,5,0
qt,FP,02b7ec05d5713aec67577cebc18e5906b5a98598,llm_lofo,qwen36_27b_local,full,0.2,,5,1.0,0.8,-0.08378707826290682,0.08378707826290682,5,0
qt,TN,88a8deea86fe69448ca1586c2ee567a53dee1008,llm_lofo,qwen36_27b_local,full,0.2,,1,0.8,0.0,-0.012147186721457181,0.012147186721457181,5,0
qt,TN,88a8deea86fe69448ca1586c2ee567a53dee1008,llm_lofo,qwen36_27b_local,full,0.2,,2,0.8,0.2,-0.03590047003609764,0.03590047003609764,5,0
qt,TN,88a8deea86fe69448ca1586c2ee567a53dee1008,llm_lofo,qwen36_27b_local,full,0.2,,3,0.6,0.0,-0.012989168645085725,0.012989168645085725,5,0
qt,TN,88a8deea86fe69448ca1586c2ee567a53dee1008,llm_lofo,qwen36_27b_local,full,0.2,,4,0.8,0.2,-0.03590047003609764,0.03590047003609764,5,0
qt,TN,88a8deea86fe69448ca1586c2ee567a53dee1008,llm_lofo,qwen36_27b_local,full,0.2,,5,0.8,0.2,-0.033699011584888014,0.033699011584888014,5,0
qt,FP,1af927976ac953f922e35d71a16a32d328bb2efd,llm_lofo,qwen36_27b_local,full,0.2,,1,0.8,0.0,-0.007075161993395062,0.010523777162686954,5,0
qt,FP,1af927976ac953f922e35d71a16a32d328bb2efd,llm_lofo,qwen36_27b_local,full,0.2,,2,0.8,0.4,-0.034506443563322366,0.03633256743944625,5,0
qt,FP,1af927976ac953f922e35d71a16a32d328bb2efd,llm_lofo,qwen36_27b_local,full,0.2,,3,0.8,0.4,-0.03450644356332235,0.03633256743944624,5,0
qt,FP,1af927976ac953f922e35d71a16a32d328bb2efd,llm_lofo,qwen36_27b_local,full,0.2,,4,1.0,0.4,-0.03854369227951846,0.04036981615564235,5,0
qt,FP,1af927976ac953f922e35d71a16a32d328bb2efd,llm_lofo,qwen36_27b_local,full,0.2,,5,0.8,0.4,-0.03450644356332237,0.03633256743944626,5,0
qt,FN,eaa54a8f9884652513c7c3ab489f31ff1e5d712c,llm_lofo,qwen36_27b_local,full,0.2,,1,0.8,0.2,0.008418749835010874,0.03376417206037545,5,0
qt,FN,eaa54a8f9884652513c7c3ab489f31ff1e5d712c,llm_lofo,qwen36_27b_local,full,0.2,,2,0.8,0.2,0.008418749835010874,0.03376417206037545,5,0
qt,FN,eaa54a8f9884652513c7c3ab489f31ff1e5d712c,llm_lofo,qwen36_27b_local,full,0.2,,3,0.8,0.2,0.015474143444698529,0.03513541236865072,5,0
qt,FN,eaa54a8f9884652513c7c3ab489f31ff1e5d712c,llm_lofo,qwen36_27b_local,full,0.2,,4,0.8,0.2,0.00841874983501092,0.03376417206037545,5,0
qt,FN,eaa54a8f9884652513c7c3ab489f31ff1e5d712c,llm_lofo,qwen36_27b_local,full,0.2,,5,0.6,0.2,0.011287109373610837,0.030948378297562897,5,0
qt,TP,9d23aebb271ea534a66cb3aceb2e63d9a1c870d6,llm_lofo,qwen36_27b_local,full,0.2,,1,1.0,1.0,-0.19695154750662205,0.19695154750662205,5,0
qt,TP,9d23aebb271ea534a66cb3aceb2e63d9a1c870d6,llm_lofo,qwen36_27b_local,full,0.2,,2,1.0,1.0,-0.2524858578041676,0.2524858578041676,5,0
qt,TP,9d23aebb271ea534a66cb3aceb2e63d9a1c870d6,llm_lofo,qwen36_27b_local,full,0.2,,3,1.0,1.0,-0.19695154750662205,0.19695154750662205,5,0
qt,TP,9d23aebb271ea534a66cb3aceb2e63d9a1c870d6,llm_lofo,qwen36_27b_local,full,0.2,,4,1.0,1.0,-0.19695154750662203,0.19695154750662203,5,0
qt,TP,9d23aebb271ea534a66cb3aceb2e63d9a1c870d6,llm_lofo,qwen36_27b_local,full,0.2,,5,1.0,1.0,-0.25641402788338813,0.25641402788338813,5,0
qt,FN,4e3917587b11432d2d892f5146b367de2a3e4864,llm_lofo,qwen36_27b_local,full,0.2,,1,1.0,0.6,-0.04918830579575142,0.057178264458564,5,0
qt,FN,4e3917587b11432d2d892f5146b367de2a3e4864,llm_lofo,qwen36_27b_local,full,0.2,,2,1.0,0.6,-0.04918830579575151,0.057178264458564,5,0
qt,FN,4e3917587b11432d2d892f5146b367de2a3e4864,llm_lofo,qwen36_27b_local,full,0.2,,3,1.0,0.6,-0.05214217323490424,0.06013213189771673,5,0
qt,FN,4e3917587b11432d2d892f5146b367de2a3e4864,llm_lofo,qwen36_27b_local,full,0.2,,4,1.0,0.6,-0.05214217323490415,0.0601321318977166,5,0
qt,FN,4e3917587b11432d2d892f5146b367de2a3e4864,llm_lofo,qwen36_27b_local,full,0.2,,5,1.0,0.4,-0.026391927343801025,0.034381886006613516,5,0
qt,TN,bcf1167ccb52341d72e6e2921077d2244803ee8d,llm_lofo,qwen36_27b_local,full,0.2,,1,1.0,0.6,-0.0005374681111190993,0.04209798516020313,5,0
qt,TN,bcf1167ccb52341d72e6e2921077d2244803ee8d,llm_lofo,qwen36_27b_local,full,0.2,,2,1.0,0.8,0.027983079695784195,0.07061853296710634,5,0
qt,TN,bcf1167ccb52341d72e6e2921077d2244803ee8d,llm_lofo,qwen36_27b_local,full,0.2,,3,1.0,0.6,-0.0005374681111192326,0.04209798516020309,5,0
qt,TN,bcf1167ccb52341d72e6e2921077d2244803ee8d,llm_lofo,qwen36_27b_local,full,0.2,,4,1.0,0.6,-0.0005374681111192103,0.04209798516020302,5,0
qt,TN,bcf1167ccb52341d72e6e2921077d2244803ee8d,llm_lofo,qwen36_27b_local,full,0.2,,5,1.0,0.6,-0.0005374681111191659,0.04209798516020302,5,0
qt,TN,3e379bcc799edb6a78bc8cea093a278dbe32f33c,llm_lofo,qwen36_27b_local,full,0.2,,1,0.4,0.4,-0.026405767574724504,0.04041992829524284,5,0
qt,TN,3e379bcc799edb6a78bc8cea093a278dbe32f33c,llm_lofo,qwen36_27b_local,full,0.2,,2,0.4,0.4,-0.02640576757472448,0.0404199282952429,5,0
qt,TN,3e379bcc799edb6a78bc8cea093a278dbe32f33c,llm_lofo,qwen36_27b_local,full,0.2,,3,0.6,0.2,0.0009011254579318839,0.02238137281843844,5,0
qt,TN,3e379bcc799edb6a78bc8cea093a278dbe32f33c,llm_lofo,qwen36_27b_local,full,0.2,,4,0.4,0.4,-0.02640576757472455,0.04041992829524288,5,0
qt,TN,3e379bcc799edb6a78bc8cea093a278dbe32f33c,llm_lofo,qwen36_27b_local,full,0.2,,5,0.4,0.4,-0.02640576757472444,0.04041992829524268,5,0
qt,TN,4ebc2cf74e557b65a8ce1dc518ca92f399ce89e8,llm_lofo,qwen36_27b_local,full,0.2,,1,0.4,0.4,0.004058330578785662,0.029896090019241272,5,0
qt,TN,4ebc2cf74e557b65a8ce1dc518ca92f399ce89e8,llm_lofo,qwen36_27b_local,full,0.2,,2,0.6,0.8,0.020497344571694366,0.04633510401214998,5,0
qt,TN,4ebc2cf74e557b65a8ce1dc518ca92f399ce89e8,llm_lofo,qwen36_27b_local,full,0.2,,3,0.4,0.4,0.004058330578785641,0.029896090019241296,5,0
qt,TN,4ebc2cf74e557b65a8ce1dc518ca92f399ce89e8,llm_lofo,qwen36_27b_local,full,0.2,,4,0.4,0.4,-0.0021494699126483052,0.026385566060798026,5,0
qt,TN,4ebc2cf74e557b65a8ce1dc518ca92f399ce89e8,llm_lofo,qwen36_27b_local,full,0.2,,5,0.4,0.4,0.004058330578785685,0.029896090019241296,5,0
qt,FN,7e298e2f2ceeee1a2d1a81238ca019d9a0c9519f,llm_lofo,qwen36_27b_local,full,0.2,,1,0.6,0.6,-0.021959740751699087,0.049482655017765984,5,0
qt,FN,7e298e2f2ceeee1a2d1a81238ca019d9a0c9519f,llm_lofo,qwen36_27b_local,full,0.2,,2,0.6,0.4,0.004749928744890597,0.027014526748216583,5,0
qt,FN,7e298e2f2ceeee1a2d1a81238ca019d9a0c9519f,llm_lofo,qwen36_27b_local,full,0.2,,3,0.6,0.4,0.004749928744890575,0.027014526748216517,5,0
qt,FN,7e298e2f2ceeee1a2d1a81238ca019d9a0c9519f,llm_lofo,qwen36_27b_local,full,0.2,,4,0.8,0.4,0.004749928744890508,0.027014526748216583,5,0
qt,FN,7e298e2f2ceeee1a2d1a81238ca019d9a0c9519f,llm_lofo,qwen36_27b_local,full,0.2,,5,0.8,0.4,-0.010086627502098766,0.04185108299520586,5,0
qt,FN,93dabeba9dc5f6cbab60e65b3cc8df5fe48745a9,llm_lofo,qwen36_27b_local,full,0.2,,1,1.0,0.6,0.04177631595958216,0.05018158607057106,5,0
qt,FN,93dabeba9dc5f6cbab60e65b3cc8df5fe48745a9,llm_lofo,qwen36_27b_local,full,0.2,,2,1.0,0.6,0.049207980093767256,0.05761325020475616,5,0
qt,FN,93dabeba9dc5f6cbab60e65b3cc8df5fe48745a9,llm_lofo,qwen36_27b_local,full,0.2,,3,1.0,0.5,0.05021895102538604,0.060725538664122225,4,0
qt,FN,93dabeba9dc5f6cbab60e65b3cc8df5fe48745a9,llm_lofo,qwen36_27b_local,full,0.2,,4,1.0,0.4,0.02894359758772842,0.044948665895508076,5,0
qt,FN,93dabeba9dc5f6cbab60e65b3cc8df5fe48745a9,llm_lofo,qwen36_27b_local,full,0.2,,5,1.0,0.6,0.04177631595958213,0.050181586070571035,5,0
qt,TN,0234e5c96417f451f8de279b8ff92734836badd4,llm_lofo,qwen36_27b_local,full,0.2,,1,0.8,0.6,0.03815389222250596,0.04750592036249037,5,0
qt,TN,0234e5c96417f451f8de279b8ff92734836badd4,llm_lofo,qwen36_27b_local,full,0.2,,2,0.6,0.4,0.034312147241474064,0.04366417538145848,5,0
qt,TN,0234e5c96417f451f8de279b8ff92734836badd4,llm_lofo,qwen36_27b_local,full,0.2,,3,0.8,0.6,0.03815389222250594,0.04750592036249035,5,0
qt,TN,0234e5c96417f451f8de279b8ff92734836badd4,llm_lofo,qwen36_27b_local,full,0.2,,4,0.8,0.6,0.03815389222250594,0.04750592036249035,5,0
qt,TN,0234e5c96417f451f8de279b8ff92734836badd4,llm_lofo,qwen36_27b_local,full,0.2,,5,0.8,0.6,0.03815389222250589,0.04750592036249039,5,0
qt,FP,eb93d7b51773b43e6a3e41961898a6033bcd9479,llm_lofo,qwen36_27b_local,full,0.2,,1,1.0,0.6,-0.06168654591192022,0.07057394123073968,5,0
qt,FP,eb93d7b51773b43e6a3e41961898a6033bcd9479,llm_lofo,qwen36_27b_local,full,0.2,,2,1.0,0.8,-0.0783773470280973,0.08726474234691674,5,0
qt,FP,eb93d7b51773b43e6a3e41961898a6033bcd9479,llm_lofo,qwen36_27b_local,full,0.2,,3,1.0,0.8,-0.07837734702809729,0.08726474234691672,5,0
qt,FP,eb93d7b51773b43e6a3e41961898a6033bcd9479,llm_lofo,qwen36_27b_local,full,0.2,,4,1.0,0.6,-0.06168654591192024,0.07057394123073968,5,0
qt,FP,eb93d7b51773b43e6a3e41961898a6033bcd9479,llm_lofo,qwen36_27b_local,full,0.2,,5,1.0,0.8,-0.08054955958997151,0.08509252978504252,5,0
qt,FN,e6d17c8691bfafa033b82a4d81a9caf4a2fd1b85,llm_lofo,qwen36_27b_local,full,0.2,,1,0.8,0.4,0.011577909851187961,0.04648294477038049,5,0
qt,FN,e6d17c8691bfafa033b82a4d81a9caf4a2fd1b85,llm_lofo,qwen36_27b_local,full,0.2,,2,1.0,0.6,-0.007414002741565118,0.06547485736313374,5,0
qt,FN,e6d17c8691bfafa033b82a4d81a9caf4a2fd1b85,llm_lofo,qwen36_27b_local,full,0.2,,3,0.8,0.6,-0.009875918766716363,0.06345074988797575,5,0
qt,FN,e6d17c8691bfafa033b82a4d81a9caf4a2fd1b85,llm_lofo,qwen36_27b_local,full,0.2,,4,0.8,0.6,-0.009875918766716252,0.06345074988797564,5,0
qt,FN,e6d17c8691bfafa033b82a4d81a9caf4a2fd1b85,llm_lofo,qwen36_27b_local,full,0.2,,5,0.8,0.6,-0.009875918766716164,0.06345074988797568,5,0
qt,FN,5303225aef739c534714c1ac1d4dd096f0cc38d0,llm_lofo,qwen36_27b_local,full,0.2,,1,0.6,0.6,0.020648289016687048,0.04786806038185214,5,0
qt,FN,5303225aef739c534714c1ac1d4dd096f0cc38d0,llm_lofo,qwen36_27b_local,full,0.2,,2,0.6,0.6,0.020648289016687027,0.047868060381852116,5,0
qt,FN,5303225aef739c534714c1ac1d4dd096f0cc38d0,llm_lofo,qwen36_27b_local,full,0.2,,3,0.6,0.6,0.020648289016686982,0.047868060381852026,5,0
qt,FN,5303225aef739c534714c1ac1d4dd096f0cc38d0,llm_lofo,qwen36_27b_local,full,0.2,,4,0.6,0.6,0.020648289016686937,0.047868060381851985,5,0
qt,FN,5303225aef739c534714c1ac1d4dd096f0cc38d0,llm_lofo,qwen36_27b_local,full,0.2,,5,0.6,0.6,0.010288523502136803,0.058227825896402206,5,0
qt,FN,a69edf01cb0a2a06282dc7b89724ffa542f6546d,llm_lofo,qwen36_27b_local,full,0.2,,1,1.0,0.2,0.010033525802256072,0.02980308456429579,5,0
qt,FN,a69edf01cb0a2a06282dc7b89724ffa542f6546d,llm_lofo,qwen36_27b_local,full,0.2,,2,1.0,0.4,-0.0015643793065583944,0.04036174890466719,5,0
qt,FN,a69edf01cb0a2a06282dc7b89724ffa542f6546d,llm_lofo,qwen36_27b_local,full,0.2,,3,1.0,0.4,0.020359245342268982,0.0318709170039406,5,0
qt,FN,a69edf01cb0a2a06282dc7b89724ffa542f6546d,llm_lofo,qwen36_27b_local,full,0.2,,4,1.0,0.4,0.021986137622920697,0.03024402472328889,5,0
qt,FN,a69edf01cb0a2a06282dc7b89724ffa542f6546d,llm_lofo,qwen36_27b_local,full,0.2,,5,1.0,0.4,0.020359245342269027,0.031870917003940555,5,0
qt,FP,e58fdbaeb033a801ac7b5dd1f63657b36d6e1305,llm_lofo,qwen36_27b_local,full,0.2,,1,1.0,0.8,-0.130480576451416,0.130480576451416,5,0
qt,FP,e58fdbaeb033a801ac7b5dd1f63657b36d6e1305,llm_lofo,qwen36_27b_local,full,0.2,,2,1.0,1.0,-0.16187485711681135,0.16187485711681135,5,0
qt,FP,e58fdbaeb033a801ac7b5dd1f63657b36d6e1305,llm_lofo,qwen36_27b_local,full,0.2,,3,1.0,0.8,-0.1555711892571673,0.1555711892571673,5,0
qt,FP,e58fdbaeb033a801ac7b5dd1f63657b36d6e1305,llm_lofo,qwen36_27b_local,full,0.2,,4,1.0,0.8,-0.18648536586368433,0.18648536586368433,5,0
qt,FP,e58fdbaeb033a801ac7b5dd1f63657b36d6e1305,llm_lofo,qwen36_27b_local,full,0.2,,5,1.0,1.0,-0.09890942894865493,0.09890942894865493,4,0
qt,TP,d3393ce25833c0afd7f0fa6b85fd6f3bd7ad520a,llm_lofo,qwen36_27b_local,full,0.2,,1,0.8,0.8,-0.08992361937782123,0.08992361937782123,5,0
qt,TP,d3393ce25833c0afd7f0fa6b85fd6f3bd7ad520a,llm_lofo,qwen36_27b_local,full,0.2,,2,0.8,0.8,-0.08992361937782119,0.08992361937782119,5,0
qt,TP,d3393ce25833c0afd7f0fa6b85fd6f3bd7ad520a,llm_lofo,qwen36_27b_local,full,0.2,,3,1.0,0.8,-0.09476756884572027,0.09476756884572027,5,0
qt,TP,d3393ce25833c0afd7f0fa6b85fd6f3bd7ad520a,llm_lofo,qwen36_27b_local,full,0.2,,4,1.0,0.8,-0.09476756884572027,0.09476756884572027,5,0
qt,TP,d3393ce25833c0afd7f0fa6b85fd6f3bd7ad520a,llm_lofo,qwen36_27b_local,full,0.2,,5,1.0,0.8,-0.09476756884572027,0.09476756884572027,5,0
qt,FN,6486a4bd196ca2bf0047ae80e78eee06e5e18e18,llm_lofo,qwen36_27b_local,full,0.2,,1,0.6,0.8,0.021309725119344747,0.0475581421085179,5,0
qt,FN,6486a4bd196ca2bf0047ae80e78eee06e5e18e18,llm_lofo,qwen36_27b_local,full,0.2,,2,0.8,0.8,0.04376543055941562,0.05739991987961901,5,0
qt,FN,6486a4bd196ca2bf0047ae80e78eee06e5e18e18,llm_lofo,qwen36_27b_local,full,0.2,,3,0.8,0.8,0.0437654305594156,0.05739991987961899,5,0
qt,FN,6486a4bd196ca2bf0047ae80e78eee06e5e18e18,llm_lofo,qwen36_27b_local,full,0.2,,4,0.8,0.8,0.04376543055941555,0.05739991987961894,5,0
qt,FN,6486a4bd196ca2bf0047ae80e78eee06e5e18e18,llm_lofo,qwen36_27b_local,full,0.2,,5,0.8,0.8,0.0437654305594156,0.05739991987961899,5,0
qt,FP,ddb4fb4c60987ce6e0b9e50de9a5f3a7ff0e8757,llm_lofo,qwen36_27b_local,full,0.2,,1,1.0,0.8,-0.021059589760918727,0.07683002475674135,5,0
qt,FP,ddb4fb4c60987ce6e0b9e50de9a5f3a7ff0e8757,llm_lofo,qwen36_27b_local,full,0.2,,2,1.0,0.8,-0.021059589760918727,0.07683002475674135,5,0
qt,FP,ddb4fb4c60987ce6e0b9e50de9a5f3a7ff0e8757,llm_lofo,qwen36_27b_local,full,0.2,,3,1.0,0.8,-0.021059589760918724,0.07683002475674133,5,0
qt,FP,ddb4fb4c60987ce6e0b9e50de9a5f3a7ff0e8757,llm_lofo,qwen36_27b_local,full,0.2,,4,1.0,0.8,-0.0210595897609187,0.07683002475674136,5,0
qt,FP,ddb4fb4c60987ce6e0b9e50de9a5f3a7ff0e8757,llm_lofo,qwen36_27b_local,full,0.2,,5,1.0,1.0,-0.010276842974451033,0.08761277154320903,5,0
qt,TP,03a1675eac4baf8c7a6e0602102bbafa3176771c,llm_lofo,qwen36_27b_local,full,0.2,,1,1.0,0.6,-0.008612387363484186,0.049112247416449054,5,0
qt,TP,03a1675eac4baf8c7a6e0602102bbafa3176771c,llm_lofo,qwen36_27b_local,full,0.2,,2,1.0,0.8,-0.04010274206348312,0.08060260211644799,5,0
qt,TP,03a1675eac4baf8c7a6e0602102bbafa3176771c,llm_lofo,qwen36_27b_local,full,0.2,,3,1.0,0.6,-0.013801458056170557,0.054301318109135424,5,0
qt,TP,03a1675eac4baf8c7a6e0602102bbafa3176771c,llm_lofo,qwen36_27b_local,full,0.2,,4,1.0,0.6,-0.02421820136461243,0.06874492125242038,5,0
qt,TP,03a1675eac4baf8c7a6e0602102bbafa3176771c,llm_lofo,qwen36_27b_local,full,0.2,,5,1.0,0.6,-0.024218201364612453,0.06874492125242035,5,0
qt,FP,36997810d9fec492635152be89efaa55208e224a,llm_lofo,qwen36_27b_local,full,0.2,,1,1.0,0.4,-0.05432185558200535,0.05432185558200535,5,0
qt,FP,36997810d9fec492635152be89efaa55208e224a,llm_lofo,qwen36_27b_local,full,0.2,,2,1.0,0.4,-0.05432185558200535,0.05432185558200535,5,0
qt,FP,36997810d9fec492635152be89efaa55208e224a,llm_lofo,qwen36_27b_local,full,0.2,,3,1.0,0.6,-0.08628348477647532,0.08808469001914185,5,0
qt,FP,36997810d9fec492635152be89efaa55208e224a,llm_lofo,qwen36_27b_local,full,0.2,,4,1.0,0.4,-0.05432185558200537,0.05432185558200537,5,0
qt,FP,36997810d9fec492635152be89efaa55208e224a,llm_lofo,qwen36_27b_local,full,0.2,,5,1.0,0.4,-0.05432185558200535,0.05432185558200535,5,0
qt,TN,4f4ad7c262ce4723417efa14c4d3fdb875be53d0,llm_lofo,qwen36_27b_local,full,0.2,,1,1.0,0.4,0.008588778253741403,0.02700174904719037,5,0
qt,TN,4f4ad7c262ce4723417efa14c4d3fdb875be53d0,llm_lofo,qwen36_27b_local,full,0.2,,2,1.0,0.5,0.006137131146361968,0.02915334463817318,4,0
qt,TN,4f4ad7c262ce4723417efa14c4d3fdb875be53d0,llm_lofo,qwen36_27b_local,full,0.2,,3,1.0,0.25,0.0006733479057932368,0.023689561397604447,4,0
qt,TN,4f4ad7c262ce4723417efa14c4d3fdb875be53d0,llm_lofo,qwen36_27b_local,full,0.2,,4,1.0,0.5,0.006137131146362135,0.029153344638173234,4,0
qt,TN,4f4ad7c262ce4723417efa14c4d3fdb875be53d0,llm_lofo,qwen36_27b_local,full,0.2,,5,1.0,0.5,0.006137131146362024,0.029153344638173123,4,0
qt,TP,a50911bc0bfca1185e99ce6638fbf03cf592789d,llm_lofo,qwen36_27b_local,full,0.2,,1,1.0,0.6,-0.04731117674276013,0.053847542880823294,5,0
qt,TP,a50911bc0bfca1185e99ce6638fbf03cf592789d,llm_lofo,qwen36_27b_local,full,0.2,,2,1.0,0.6,-0.04731117674276014,0.05384754288082331,5,0
qt,TP,a50911bc0bfca1185e99ce6638fbf03cf592789d,llm_lofo,qwen36_27b_local,full,0.2,,3,1.0,0.6,-0.04731117674276014,0.05384754288082331,5,0
qt,TP,a50911bc0bfca1185e99ce6638fbf03cf592789d,llm_lofo,qwen36_27b_local,full,0.2,,4,1.0,0.6,-0.04731117674276014,0.05384754288082331,5,0
qt,TP,a50911bc0bfca1185e99ce6638fbf03cf592789d,llm_lofo,qwen36_27b_local,full,0.2,,5,1.0,0.6,-0.04731117674276014,0.05384754288082331,5,0
qt,TP,bb199cc8ad4111808260f6255312b08c7d81dcbc,llm_lofo,qwen36_27b_local,full,0.2,,1,0.8,0.6,-0.06863236414778576,0.08316000557314507,5,0
qt,TP,bb199cc8ad4111808260f6255312b08c7d81dcbc,llm_lofo,qwen36_27b_local,full,0.2,,2,0.8,0.6,-0.06863236414778574,0.08316000557314511,5,0
qt,TP,bb199cc8ad4111808260f6255312b08c7d81dcbc,llm_lofo,qwen36_27b_local,full,0.2,,3,0.8,0.6,-0.06863236414778576,0.08316000557314507,5,0
qt,TP,bb199cc8ad4111808260f6255312b08c7d81dcbc,llm_lofo,qwen36_27b_local,full,0.2,,4,0.8,0.6,-0.06863236414778573,0.0831600055731451,5,0
qt,TP,bb199cc8ad4111808260f6255312b08c7d81dcbc,llm_lofo,qwen36_27b_local,full,0.2,,5,0.8,0.6,-0.06863236414778573,0.0831600055731451,5,0
qt,FP,6a91dcba2e4fa85dc345c2d403c757ab7676e28c,llm_lofo,qwen36_27b_local,full,0.2,,1,1.0,0.8,-0.0597830493197139,0.0686437265065533,5,0
qt,FP,6a91dcba2e4fa85dc345c2d403c757ab7676e28c,llm_lofo,qwen36_27b_local,full,0.2,,2,1.0,0.8,-0.0597830493197139,0.06864372650655333,5,0
qt,FP,6a91dcba2e4fa85dc345c2d403c757ab7676e28c,llm_lofo,qwen36_27b_local,full,0.2,,3,1.0,0.8,-0.03850875813470846,0.0701003294974,5,0
qt,FP,6a91dcba2e4fa85dc345c2d403c757ab7676e28c,llm_lofo,qwen36_27b_local,full,0.2,,4,1.0,0.8,-0.05978304931971391,0.06864372650655332,5,0
qt,FP,6a91dcba2e4fa85dc345c2d403c757ab7676e28c,llm_lofo,qwen36_27b_local,full,0.2,,5,1.0,0.8,-0.0597830493197139,0.0686437265065533,5,0
qt,TN,e38a98ad4453974b2848eeed02d81e0c408ce0c6,llm_lofo,qwen36_27b_local,full,0.2,,1,1.0,0.4,-0.016647828402853438,0.02914469322118045,5,0
qt,TN,e38a98ad4453974b2848eeed02d81e0c408ce0c6,llm_lofo,qwen36_27b_local,full,0.2,,2,1.0,0.4,-0.016647828402853393,0.029144693221180407,5,0
qt,TN,e38a98ad4453974b2848eeed02d81e0c408ce0c6,llm_lofo,qwen36_27b_local,full,0.2,,3,1.0,0.4,0.0020609352201352406,0.03266372326947318,5,0
qt,TN,e38a98ad4453974b2848eeed02d81e0c408ce0c6,llm_lofo,qwen36_27b_local,full,0.2,,4,1.0,0.4,0.002060935220135285,0.03266372326947313,5,0
qt,TN,e38a98ad4453974b2848eeed02d81e0c408ce0c6,llm_lofo,qwen36_27b_local,full,0.2,,5,1.0,0.4,-0.04654626841950964,0.05904313323783665,5,0
qt,FP,1c6d5b0696f324495e95a12f7718ae7593c9b58a,llm_lofo,qwen36_27b_local,full,0.2,,1,1.0,0.6,-0.04985217171578785,0.05156105442971252,5,0
qt,FP,1c6d5b0696f324495e95a12f7718ae7593c9b58a,llm_lofo,qwen36_27b_local,full,0.2,,2,1.0,0.6,-0.04985217171578784,0.051561054429712525,5,0
qt,FP,1c6d5b0696f324495e95a12f7718ae7593c9b58a,llm_lofo,qwen36_27b_local,full,0.2,,3,1.0,0.6,-0.04985217171578785,0.05156105442971252,5,0
qt,FP,1c6d5b0696f324495e95a12f7718ae7593c9b58a,llm_lofo,qwen36_27b_local,full,0.2,,4,1.0,0.6,-0.04985217171578786,0.051561054429712525,5,0
qt,FP,1c6d5b0696f324495e95a12f7718ae7593c9b58a,llm_lofo,qwen36_27b_local,full,0.2,,5,1.0,0.6,-0.04985217171578786,0.051561054429712525,5,0
qt,FP,cd542a82b0c2d5c9a4ea167a84e5ea8a25c5d969,llm_lofo,qwen36_27b_local,full,0.2,,1,1.0,0.8,-0.08089070488838221,0.08089070488838221,5,0
qt,FP,cd542a82b0c2d5c9a4ea167a84e5ea8a25c5d969,llm_lofo,qwen36_27b_local,full,0.2,,2,1.0,0.8,-0.08089070488838222,0.08089070488838222,5,0
qt,FP,cd542a82b0c2d5c9a4ea167a84e5ea8a25c5d969,llm_lofo,qwen36_27b_local,full,0.2,,3,1.0,0.8,-0.08089070488838225,0.08089070488838225,5,0
qt,FP,cd542a82b0c2d5c9a4ea167a84e5ea8a25c5d969,llm_lofo,qwen36_27b_local,full,0.2,,4,1.0,0.6,-0.05287049564531807,0.05999920866898907,5,0
qt,FP,cd542a82b0c2d5c9a4ea167a84e5ea8a25c5d969,llm_lofo,qwen36_27b_local,full,0.2,,5,1.0,0.8,-0.08089070488838224,0.08089070488838224,5,0
qt,TP,b254b03dc3b1cfcfc5f17158d2470e0a9a946a0e,llm_lofo,qwen36_27b_local,full,0.2,,1,0.8,0.8,-0.11584306814137574,0.11584306814137574,5,0
qt,TP,b254b03dc3b1cfcfc5f17158d2470e0a9a946a0e,llm_lofo,qwen36_27b_local,full,0.2,,2,1.0,1.0,-0.1251944822035041,0.1251944822035041,5,0
qt,TP,b254b03dc3b1cfcfc5f17158d2470e0a9a946a0e,llm_lofo,qwen36_27b_local,full,0.2,,3,0.8,0.8,-0.11091351292817454,0.11091351292817454,5,0
qt,TP,b254b03dc3b1cfcfc5f17158d2470e0a9a946a0e,llm_lofo,qwen36_27b_local,full,0.2,,4,1.0,0.8,-0.10595953686983732,0.1125005839180272,5,0
qt,TP,b254b03dc3b1cfcfc5f17158d2470e0a9a946a0e,llm_lofo,qwen36_27b_local,full,0.2,,5,1.0,1.0,-0.12519448220350413,0.12519448220350413,5,0
qt,TP,1a7bc520c5df4da80b7e65acbec1f546f9c87870,llm_lofo,qwen36_27b_local,full,0.2,,1,1.0,0.8,-0.10665940521299717,0.10665940521299717,5,0
qt,TP,1a7bc520c5df4da80b7e65acbec1f546f9c87870,llm_lofo,qwen36_27b_local,full,0.2,,2,1.0,0.8,-0.10665940521299715,0.10665940521299715,5,0
qt,TP,1a7bc520c5df4da80b7e65acbec1f546f9c87870,llm_lofo,qwen36_27b_local,full,0.2,,3,1.0,0.8,-0.1066594052129971,0.1066594052129971,5,0
qt,TP,1a7bc520c5df4da80b7e65acbec1f546f9c87870,llm_lofo,qwen36_27b_local,full,0.2,,4,1.0,0.8,-0.10665940521299713,0.10665940521299713,5,0
qt,TP,1a7bc520c5df4da80b7e65acbec1f546f9c87870,llm_lofo,qwen36_27b_local,full,0.2,,5,0.8,0.6,-0.09926737516962725,0.09926737516962725,5,0
qt,FN,5629823b05ca7d24924ac879b5a0469a3cb03e78,llm_lofo,qwen36_27b_local,full,0.2,,1,0.6,0.2,-0.017098962381911866,0.02447881136536432,5,0
qt,FN,5629823b05ca7d24924ac879b5a0469a3cb03e78,llm_lofo,qwen36_27b_local,full,0.2,,2,0.6,0.6,-0.06064413053352626,0.06689969845893691,5,0
qt,FN,5629823b05ca7d24924ac879b5a0469a3cb03e78,llm_lofo,qwen36_27b_local,full,0.2,,3,0.8,0.2,-0.022014865939070427,0.02939471492252301,5,0
qt,FN,5629823b05ca7d24924ac879b5a0469a3cb03e78,llm_lofo,qwen36_27b_local,full,0.2,,4,0.6,0.2,-0.01709896238191184,0.024478811365364384,5,0
qt,FN,5629823b05ca7d24924ac879b5a0469a3cb03e78,llm_lofo,qwen36_27b_local,full,0.2,,5,0.6,0.2,-0.01709896238191184,0.024478811365364384,5,0
qt,TN,9b54447e453e2cb7b7375e2c6104b2595ab1594e,llm_lofo,qwen36_27b_local,full,0.2,,1,1.0,0.6,-0.04393175822776638,0.05339621232004008,5,0
qt,TN,9b54447e453e2cb7b7375e2c6104b2595ab1594e,llm_lofo,qwen36_27b_local,full,0.2,,2,1.0,0.6,-0.049002190630655716,0.049002190630655716,5,0
qt,TN,9b54447e453e2cb7b7375e2c6104b2595ab1594e,llm_lofo,qwen36_27b_local,full,0.2,,3,1.0,0.4,-0.03441346098347846,0.04387791507575216,5,0
qt,TN,9b54447e453e2cb7b7375e2c6104b2595ab1594e,llm_lofo,qwen36_27b_local,full,0.2,,4,1.0,0.6,-0.04742023151549886,0.05688468560777256,5,0
qt,TN,9b54447e453e2cb7b7375e2c6104b2595ab1594e,llm_lofo,qwen36_27b_local,full,0.2,,5,1.0,0.6,-0.04742023151549886,0.05688468560777256,5,0
qt,FP,3981a1f440914e8108af3d854a1b01dd596a8a0e,llm_lofo,qwen36_27b_local,full,0.2,,1,0.8,0.8,-0.05564913183396272,0.1221699115074282,5,0
qt,FP,3981a1f440914e8108af3d854a1b01dd596a8a0e,llm_lofo,qwen36_27b_local,full,0.2,,2,0.8,0.6,-0.0804312753454241,0.09738776799596685,5,0
qt,FP,3981a1f440914e8108af3d854a1b01dd596a8a0e,llm_lofo,qwen36_27b_local,full,0.2,,3,0.8,0.6,-0.07142951324915675,0.10638953009223419,5,0
qt,FP,3981a1f440914e8108af3d854a1b01dd596a8a0e,llm_lofo,qwen36_27b_local,full,0.2,,4,0.8,0.8,-0.06622388707523258,0.11159515626615836,5,0
qt,FP,3981a1f440914e8108af3d854a1b01dd596a8a0e,llm_lofo,qwen36_27b_local,full,0.2,,5,0.8,0.6,-0.07142951324915678,0.10638953009223417,5,0
qt,TN,4331ccd4b735d9d721a384193a3d42ee2ce6c805,llm_lofo,qwen36_27b_local,full,0.2,,1,1.0,0.6,-0.0021400841518733225,0.030038060801791434,5,0
qt,TN,4331ccd4b735d9d721a384193a3d42ee2ce6c805,llm_lofo,qwen36_27b_local,full,0.2,,2,1.0,0.6,-0.0021400841518733225,0.030038060801791343,5,0
qt,TN,4331ccd4b735d9d721a384193a3d42ee2ce6c805,llm_lofo,qwen36_27b_local,full,0.2,,3,1.0,0.6,-0.002140084151873234,0.030038060801791434,5,0
qt,TN,4331ccd4b735d9d721a384193a3d42ee2ce6c805,llm_lofo,qwen36_27b_local,full,0.2,,4,1.0,0.6,-0.0021400841518733004,0.030038060801791455,5,0
qt,TN,4331ccd4b735d9d721a384193a3d42ee2ce6c805,llm_lofo,qwen36_27b_local,full,0.2,,5,1.0,0.6,-0.0021400841518732783,0.030038060801791434,5,0
qt,TP,afbb57ae84ecbee5fab9eb6e58356b19d7995ea5,llm_lofo,qwen36_27b_local,full,0.2,,1,1.0,1.0,-0.1558346036072368,0.1558346036072368,5,0
qt,TP,afbb57ae84ecbee5fab9eb6e58356b19d7995ea5,llm_lofo,qwen36_27b_local,full,0.2,,2,1.0,1.0,-0.1558346036072368,0.1558346036072368,5,0
qt,TP,afbb57ae84ecbee5fab9eb6e58356b19d7995ea5,llm_lofo,qwen36_27b_local,full,0.2,,3,1.0,1.0,-0.1758491378824853,0.1758491378824853,5,0
qt,TP,afbb57ae84ecbee5fab9eb6e58356b19d7995ea5,llm_lofo,qwen36_27b_local,full,0.2,,4,1.0,1.0,-0.1758491378824853,0.1758491378824853,5,0
qt,TP,afbb57ae84ecbee5fab9eb6e58356b19d7995ea5,llm_lofo,qwen36_27b_local,full,0.2,,5,1.0,0.8,-0.14100631760752216,0.1434035489476107,5,0
qt,TP,17513266b81e88b84fda250734f07c94a198fabc,llm_lofo,qwen36_27b_local,full,0.2,,1,1.0,0.8,-0.08722505771724862,0.08722505771724862,5,0
qt,TP,17513266b81e88b84fda250734f07c94a198fabc,llm_lofo,qwen36_27b_local,full,0.2,,2,1.0,1.0,-0.09041108096718166,0.09041108096718166,5,0
qt,TP,17513266b81e88b84fda250734f07c94a198fabc,llm_lofo,qwen36_27b_local,full,0.2,,3,1.0,1.0,-0.09041108096718166,0.09041108096718166,5,0
qt,TP,17513266b81e88b84fda250734f07c94a198fabc,llm_lofo,qwen36_27b_local,full,0.2,,4,1.0,0.8,-0.08722505771724863,0.08722505771724863,5,0
qt,TP,17513266b81e88b84fda250734f07c94a198fabc,llm_lofo,qwen36_27b_local,full,0.2,,5,1.0,0.8,-0.08722505771724862,0.08722505771724862,5,0
qt,FN,cdbc4b83d59e08189d6ece9ccd88a646be155c08,llm_lofo,qwen36_27b_local,full,0.2,,1,0.8,0.6,-0.029903632451047456,0.0336158773490066,5,0
qt,FN,cdbc4b83d59e08189d6ece9ccd88a646be155c08,llm_lofo,qwen36_27b_local,full,0.2,,2,0.8,0.6,-0.03017995907601183,0.03389220397397097,5,0
qt,FN,cdbc4b83d59e08189d6ece9ccd88a646be155c08,llm_lofo,qwen36_27b_local,full,0.2,,3,0.8,0.6,-0.029903632451047414,0.03361587734900655,5,0
qt,FN,cdbc4b83d59e08189d6ece9ccd88a646be155c08,llm_lofo,qwen36_27b_local,full,0.2,,4,0.8,0.6,-0.03017995907601183,0.03389220397397097,5,0
qt,FN,cdbc4b83d59e08189d6ece9ccd88a646be155c08,llm_lofo,qwen36_27b_local,full,0.2,,5,0.8,0.4,-0.027665107880379992,0.031377352778339127,5,0
qt,FP,753c744b23abfecad6463890dfdf6e97c7eeaa5c,llm_lofo,qwen36_27b_local,full,0.2,,1,1.0,0.6,-0.010284384237533977,0.09718179144142372,5,0
qt,FP,753c744b23abfecad6463890dfdf6e97c7eeaa5c,llm_lofo,qwen36_27b_local,full,0.2,,2,1.0,0.6,-0.01028438423753399,0.09718179144142375,5,0
qt,FP,753c744b23abfecad6463890dfdf6e97c7eeaa5c,llm_lofo,qwen36_27b_local,full,0.2,,3,1.0,0.6,-0.010284384237533995,0.09718179144142376,5,0
qt,FP,753c744b23abfecad6463890dfdf6e97c7eeaa5c,llm_lofo,qwen36_27b_local,full,0.2,,4,1.0,0.6,-0.010284384237534,0.09718179144142375,5,0
qt,FP,753c744b23abfecad6463890dfdf6e97c7eeaa5c,llm_lofo,qwen36_27b_local,full,0.2,,5,1.0,0.6,-0.010284384237533995,0.09718179144142376,5,0
qt,TP,a4f8b9ae6dfacf9ad5c190cde6098ebf13102f41,llm_lofo,qwen36_27b_local,full,0.2,,1,1.0,0.6,-0.021061037444053687,0.07572479315612887,5,0
qt,TP,a4f8b9ae6dfacf9ad5c190cde6098ebf13102f41,llm_lofo,qwen36_27b_local,full,0.2,,2,1.0,0.8,-0.018649273109410038,0.0781365574907725,5,0
qt,TP,a4f8b9ae6dfacf9ad5c190cde6098ebf13102f41,llm_lofo,qwen36_27b_local,full,0.2,,3,1.0,0.8,-0.018649273109410048,0.07813655749077249,5,0
qt,TP,a4f8b9ae6dfacf9ad5c190cde6098ebf13102f41,llm_lofo,qwen36_27b_local,full,0.2,,4,1.0,0.6,-0.021061037444053732,0.07572479315612882,5,0
qt,TP,a4f8b9ae6dfacf9ad5c190cde6098ebf13102f41,llm_lofo,qwen36_27b_local,full,0.2,,5,1.0,0.8,-0.01214968935982631,0.08463614124035622,5,0
qt,TP,fca89004d75412dd378cc44ad79ed3c1e05c765b,llm_lofo,qwen36_27b_local,full,0.2,,1,1.0,0.8,-0.015182644340061401,0.09500988623104067,5,0
qt,TP,fca89004d75412dd378cc44ad79ed3c1e05c765b,llm_lofo,qwen36_27b_local,full,0.2,,2,1.0,0.8,-0.04115310126408979,0.08509987124602572,5,0
qt,TP,fca89004d75412dd378cc44ad79ed3c1e05c765b,llm_lofo,qwen36_27b_local,full,0.2,,3,1.0,0.8,-0.041153101264089754,0.08509987124602576,5,0
qt,TP,fca89004d75412dd378cc44ad79ed3c1e05c765b,llm_lofo,qwen36_27b_local,full,0.2,,4,1.0,0.8,-0.04265097192345108,0.08360200058666442,5,0
qt,TP,fca89004d75412dd378cc44ad79ed3c1e05c765b,llm_lofo,qwen36_27b_local,full,0.2,,5,1.0,0.8,-0.041153101264089754,0.08509987124602576,5,0
